{"type":"FeatureCollection","features":[{"type":"Feature","geometry":{"type":"Polygon","coordinates":[[[10.50985,46.0949],[10.51009,46.09383],[10.5093,46.09308],[10.50805,46.09316],[10.50659,46.09238],[10.50732,46.09147],[10.50549,46.09126],[10.50577,46.09055],[10.50558,46.09001],[10.50428,46.08892],[10.50298,46.08849],[10.50271,46.08832],[10.50268,46.08781],[10.50182,46.08681],[10.50143,46.08659],[10.50074,46.08566],[10.49997,46.08536],[10.4995,46.08486],[10.49895,46.08414],[10.49937,46.08413],[10.49913,46.0831],[10.49828,46.08277],[10.49789,46.08236],[10.49691,46.08337],[10.49866,46.08519],[10.49951,46.08639],[10.49989,46.08662],[10.50022,46.08717],[10.50032,46.08766],[10.50108,46.0879],[10.5013,46.08823],[10.50159,46.08845],[10.5018,46.08904],[10.50228,46.08934],[10.50237,46.0896],[10.50272,46.08986],[10.50261,46.09009],[10.50359,46.09096],[10.50985,46.0949]]]},"properties":{"kind":"land","cls":"scree"}},{"type":"Feature","geometry":{"type":"Polygon","coordinates":[[[10.52143,46.06336],[10.52041,46.06326],[10.5198,46.06378],[10.52151,46.06426],[10.52245,46.0636],[10.52279,46.06383],[10.5218,46.06482],[10.52233,46.06517],[10.5235,46.06438],[10.52374,46.06578],[10.52513,46.06593],[10.52439,46.06674],[10.52477,46.06721],[10.52618,46.06706],[10.52677,46.06667],[10.52727,46.066],[10.5269,46.06558],[10.52616,46.065],[10.52576,46.06512],[10.5247,46.06456],[10.52205,46.06272],[10.52177,46.0626],[10.52133,46.06279],[10.52119,46.06296],[10.52143,46.06336]]]},"properties":{"kind":"land","cls":"forest"}},{"type":"Feature","geometry":{"type":"Polygon","coordinates":[[[10.53618,46.0245],[10.53587,46.02452],[10.53624,46.025],[10.53642,46.02499],[10.53667,46.02552],[10.53676,46.02556],[10.53666,46.02545],[10.53679,46.02541],[10.53691,46.02562],[10.53688,46.02574],[10.5372,46.02614],[10.5374,46.02609],[10.53767,46.02642],[10.53772,46.0263],[10.53751,46.02602],[10.53804,46.02614],[10.53816,46.02605],[10.53835,46.02608],[10.53817,46.02578],[10.53807,46.02575],[10.53801,46.02537],[10.53788,46.02536],[10.53762,46.02511],[10.53773,46.025],[10.53671,46.02469],[10.5363,46.02422],[10.53629,46.0243],[10.53598,46.02416],[10.53569,46.02418],[10.5358,46.02435],[10.53618,46.0245]]]},"properties":{"kind":"land","cls":"bare_rock"}},{"type":"Feature","geometry":{"type":"Polygon","coordinates":[[[10.53604,46.08168],[10.53517,46.0821],[10.53475,46.08219],[10.53423,46.08212],[10.53349,46.08221],[10.53343,46.08256],[10.53382,46.08281],[10.53577,46.08229],[10.53624,46.0821],[10.53635,46.08141],[10.53604,46.08168]]]},"properties":{"kind":"land","cls":"scree"}},{"type":"Feature","geometry":{"type":"Polygon","coordinates":[[[10.54945,46.07887],[10.55017,46.0792],[10.55077,46.07922],[10.55096,46.07896],[10.55083,46.07864],[10.54977,46.07757],[10.54869,46.07736],[10.54848,46.07752],[10.54851,46.07783],[10.54915,46.07839],[10.54945,46.07841],[10.54955,46.07859],[10.54932,46.07872],[10.54945,46.07887]]]},"properties":{"kind":"land","cls":"wetland"}},{"type":"Feature","geometry":{"type":"Polygon","coordinates":[[[10.57997,46.07627],[10.58055,46.07653],[10.58148,46.07617],[10.58431,46.07762],[10.58608,46.07824],[10.58746,46.07914],[10.59073,46.08046],[10.59171,46.08175],[10.59167,46.08201],[10.59203,46.0827],[10.59205,46.08304],[10.59144,46.0836],[10.59132,46.08383],[10.59155,46.08419],[10.59137,46.08461],[10.59155,46.08474],[10.59291,46.08521],[10.59319,46.08488],[10.59356,46.0848],[10.5939,46.08432],[10.59315,46.08396],[10.59301,46.08344],[10.59344,46.08185],[10.59417,46.08157],[10.59519,46.0814],[10.59534,46.08117],[10.59588,46.08088],[10.59622,46.08084],[10.59638,46.08068],[10.59563,46.08069],[10.59514,46.08049],[10.59427,46.08039],[10.59355,46.0808],[10.59334,46.08069],[10.59311,46.08038],[10.5929,46.07993],[10.59295,46.07967],[10.59271,46.07949],[10.59225,46.0793],[10.59154,46.0792],[10.59072,46.07894],[10.59008,46.07894],[10.58886,46.0782],[10.5888,46.07776],[10.58704,46.07671],[10.58641,46.07623],[10.58575,46.07596],[10.58549,46.07574],[10.58566,46.07558],[10.58545,46.07552],[10.5853,46.07533],[10.58509,46.07529],[10.5849,46.07502],[10.58487,46.07453],[10.58474,46.07437],[10.58484,46.07415],[10.58454,46.07388],[10.58489,46.07363],[10.58476,46.07349],[10.58433,46.07337],[10.58466,46.0731],[10.58457,46.07282],[10.58429,46.07272],[10.58571,46.07275],[10.58628,46.07245],[10.58634,46.07228],[10.58605,46.07195],[10.58473,46.07152],[10.58398,46.07148],[10.58376,46.07314],[10.5835,46.07317],[10.5834,46.07333],[10.5835,46.07349],[10.58335,46.07389],[10.58403,46.07513],[10.58364,46.07552],[10.58196,46.07546],[10.58154,46.07562],[10.58065,46.07566],[10.57962,46.07589],[10.57753,46.0768],[10.57768,46.07685],[10.57818,46.07665],[10.57869,46.07675],[10.579,46.07692],[10.57956,46.07639],[10.57997,46.07627]]]},"properties":{"kind":"land","cls":"bare_rock"}},{"type":"Feature","geometry":{"type":"Polygon","coordinates":[[[10.49931,46.01104],[10.49911,46.01108],[10.49874,46.0114],[10.49851,46.01143],[10.4983,46.01173],[10.4979,46.01167],[10.49791,46.01216],[10.49756,46.01259],[10.498,46.01237],[10.4983,46.01198],[10.49851,46.01194],[10.49853,46.01177],[10.49925,46.0115],[10.49931,46.01104]]]},"properties":{"kind":"land","cls":"scree"}},{"type":"Feature","geometry":{"type":"Polygon","coordinates":[[[10.48204,45.99969],[10.48185,45.99954],[10.48138,45.99964],[10.48136,45.99975],[10.48193,45.99978],[10.48204,45.99969]]]},"properties":{"kind":"land","cls":"bare_rock"}},{"type":"Feature","geometry":{"type":"Polygon","coordinates":[[[10.5079,46.03565],[10.50917,46.03605],[10.50888,46.03614],[10.50888,46.03623],[10.50997,46.03595],[10.50935,46.03593],[10.50911,46.03579],[10.50862,46.03574],[10.50745,46.03536],[10.5079,46.03565]]]},"properties":{"kind":"land","cls":"bare_rock"}},{"type":"Feature","geometry":{"type":"Polygon","coordinates":[[[10.48442,46.01637],[10.48464,46.01618],[10.48419,46.01629],[10.48404,46.01647],[10.48442,46.01637]]]},"properties":{"kind":"land","cls":"bare_rock"}},{"type":"Feature","geometry":{"type":"Polygon","coordinates":[[[10.51555,46.02755],[10.51571,46.02742],[10.51562,46.02719],[10.51525,46.02715],[10.51513,46.02726],[10.51527,46.02751],[10.51555,46.02755]]]},"properties":{"kind":"land","cls":"bare_rock"}},{"type":"Feature","geometry":{"type":"MultiPolygon","coordinates":[[[[10.47043,45.99886],[10.47061,45.99842],[10.47152,45.99828],[10.47151,45.9981],[10.47023,45.99778],[10.46997,45.99755],[10.46997,45.99836],[10.47016,45.99846],[10.4701,45.99875],[10.46997,45.99884],[10.46997,45.99914],[10.47043,45.99886]]],[[[10.47001,46.01845],[10.47029,46.0192],[10.47063,46.01942],[10.47122,46.01953],[10.47161,46.01915],[10.47258,46.0195],[10.47288,46.01915],[10.47281,46.01891],[10.47319,46.01879],[10.47578,46.019],[10.47607,46.01944],[10.47664,46.01938],[10.47705,46.02007],[10.47768,46.0202],[10.47909,46.01966],[10.48007,46.01908],[10.48155,46.01693],[10.48206,46.01587],[10.4825,46.01567],[10.48287,46.01538],[10.48302,46.01511],[10.48343,46.01494],[10.48384,46.01421],[10.48393,46.01388],[10.48438,46.01365],[10.48529,46.01284],[10.4845,46.01207],[10.48405,46.01132],[10.48353,46.01095],[10.48343,46.01151],[10.48346,46.01204],[10.48312,46.01242],[10.48336,46.01277],[10.48322,46.01307],[10.4833,46.01364],[10.48292,46.01374],[10.4828,46.01417],[10.48233,46.01465],[10.4819,46.01559],[10.48048,46.01562],[10.4775,46.0148],[10.47304,46.01323],[10.46997,46.01121],[10.47001,46.01845]]]]},"properties":{"kind":"land","cls":"scree"}},{"type":"Feature","geometry":{"type":"Polygon","coordinates":[[[10.59742,46.08064],[10.598,46.08041],[10.59809,46.08061],[10.59851,46.08051],[10.59861,46.08033],[10.59904,46.08014],[10.59904,46.08001],[10.59889,46.07988],[10.59852,46.07988],[10.59803,46.08011],[10.59828,46.0798],[10.59714,46.08029],[10.59676,46.08056],[10.59742,46.08064]]]},"properties":{"kind":"land","cls":"bare_rock"}},{"type":"Feature","geometry":{"type":"Polygon","coordinates":[[[10.50916,45.99075],[10.50885,45.99078],[10.50931,45.99112],[10.50947,45.99116],[10.50967,45.99106],[10.50937,45.99092],[10.50927,45.99061],[10.5091,45.99044],[10.50888,45.99041],[10.50891,45.99059],[10.50916,45.99075]]]},"properties":{"kind":"land","cls":"bare_rock"}},{"type":"Feature","geometry":{"type":"Polygon","coordinates":[[[10.47589,45.98507],[10.47604,45.98562],[10.47591,45.98586],[10.47624,45.98647],[10.47614,45.98683],[10.47618,45.98784],[10.47716,45.98836],[10.47738,45.98898],[10.4775,45.98909],[10.4781,45.98938],[10.47878,45.98951],[10.47952,45.9898],[10.47985,45.98983],[10.48006,45.98974],[10.4796,45.98875],[10.47969,45.98856],[10.48007,45.98837],[10.4798,45.98795],[10.47989,45.98788],[10.48016,45.98801],[10.48026,45.98797],[10.48087,45.98714],[10.48113,45.98658],[10.48174,45.986],[10.48177,45.98588],[10.48161,45.98559],[10.48173,45.98549],[10.48176,45.98522],[10.48137,45.98492],[10.47926,45.98492],[10.47868,45.98531],[10.47831,45.9852],[10.47806,45.98525],[10.47809,45.98514],[10.47695,45.98541],[10.47628,45.98519],[10.47621,45.98492],[10.47595,45.98492],[10.47589,45.98507]]]},"properties":{"kind":"land","cls":"forest"}},{"type":"Feature","geometry":{"type":"Polygon","coordinates":[[[10.57179,46.09626],[10.5729,46.09631],[10.57317,46.09616],[10.57324,46.09603],[10.57291,46.0956],[10.57239,46.0958],[10.57236,46.09601],[10.57187,46.09614],[10.57179,46.09626]]]},"properties":{"kind":"land","cls":"scrub"}},{"type":"Feature","geometry":{"type":"MultiPolygon","coordinates":[[[[10.4856,45.98492],[10.4859,45.98527],[10.48574,45.98546],[10.48433,45.98579],[10.48385,45.9862],[10.48333,45.98632],[10.48295,45.98678],[10.48238,45.98691],[10.48208,45.98721],[10.48181,45.98773],[10.48187,45.98806],[10.48206,45.98822],[10.48238,45.98824],[10.48282,45.98794],[10.48392,45.9879],[10.48511,45.98757],[10.48695,45.98742],[10.48733,45.9875],[10.48704,45.98774],[10.48587,45.98813],[10.48556,45.98808],[10.48534,45.98821],[10.48508,45.98817],[10.48513,45.98804],[10.48567,45.98781],[10.48448,45.98805],[10.48436,45.98836],[10.48397,45.98846],[10.48355,45.98901],[10.48292,45.98934],[10.48283,45.98928],[10.48296,45.98903],[10.48279,45.98877],[10.4828,45.98843],[10.48262,45.98832],[10.48234,45.98852],[10.48239,45.9888],[10.48227,45.98906],[10.4821,45.98913],[10.48179,45.98905],[10.481,45.98965],[10.48108,45.98984],[10.48151,45.99001],[10.48172,45.99027],[10.48166,45.99086],[10.48193,45.99169],[10.48208,45.99192],[10.48232,45.99202],[10.48256,45.9924],[10.48323,45.99274],[10.48373,45.99372],[10.48409,45.99383],[10.48383,45.99339],[10.48424,45.99319],[10.48429,45.99294],[10.48445,45.99276],[10.48478,45.99274],[10.48502,45.99291],[10.48514,45.99341],[10.48451,45.99408],[10.4844,45.99443],[10.48452,45.99457],[10.4853,45.99467],[10.48544,45.99478],[10.48579,45.99549],[10.48632,45.99582],[10.48751,45.99583],[10.4881,45.9961],[10.48835,45.9963],[10.48874,45.997],[10.48987,45.99706],[10.4904,45.99723],[10.49103,45.9976],[10.49173,45.99776],[10.49264,45.99764],[10.49281,45.99775],[10.49259,45.99793],[10.49325,45.99789],[10.49326,45.99807],[10.49235,45.99821],[10.49235,45.99853],[10.49259,45.99869],[10.49364,45.99864],[10.49456,45.99883],[10.49516,45.99879],[10.49505,45.99806],[10.49487,45.99792],[10.49507,45.99722],[10.49493,45.99679],[10.49511,45.99669],[10.4954,45.99677],[10.49568,45.99773],[10.49564,45.99831],[10.49576,45.99858],[10.4955,45.99876],[10.49624,45.99889],[10.49628,45.9988],[10.49612,45.99859],[10.49616,45.99836],[10.49593,45.99809],[10.49606,45.998],[10.49642,45.99831],[10.49675,45.99902],[10.49748,45.99914],[10.49769,45.99906],[10.49737,45.9988],[10.49734,45.99831],[10.49671,45.99797],[10.49678,45.99788],[10.49711,45.99784],[10.49712,45.99773],[10.49669,45.99768],[10.49661,45.99754],[10.4969,45.99727],[10.49692,45.99705],[10.49722,45.99718],[10.49738,45.99712],[10.49739,45.99639],[10.49788,45.99577],[10.49783,45.9951],[10.49798,45.99494],[10.49815,45.99496],[10.49856,45.99563],[10.49818,45.99573],[10.49815,45.996],[10.49878,45.99615],[10.49916,45.99609],[10.49946,45.99653],[10.4993,45.99675],[10.49936,45.99699],[10.49922,45.99733],[10.4983,45.99818],[10.49809,45.9988],[10.4981,45.99909],[10.49819,45.99924],[10.49937,45.99949],[10.50013,45.99987],[10.50097,45.99995],[10.50185,46.00038],[10.5021,46.00071],[10.50277,46.0011],[10.50364,46.00127],[10.50461,46.00172],[10.50557,46.00196],[10.50627,46.00257],[10.50689,46.00289],[10.50754,46.00305],[10.50841,46.00298],[10.50891,46.00323],[10.50926,46.00327],[10.50968,46.0031],[10.50994,46.00319],[10.51166,46.00324],[10.51234,46.00254],[10.51297,46.00253],[10.51367,46.00272],[10.51432,46.00263],[10.51544,46.00159],[10.51583,46.00098],[10.516,45.99929],[10.51617,45.99895],[10.51674,45.99847],[10.51727,45.99765],[10.51781,45.9975],[10.51848,45.99685],[10.5192,45.99687],[10.52001,45.99675],[10.52067,45.99646],[10.5219,45.99538],[10.52169,45.99538],[10.52095,45.99572],[10.52057,45.99559],[10.52052,45.99548],[10.52068,45.99522],[10.52103,45.99514],[10.5213,45.99496],[10.52132,45.99463],[10.5219,45.99463],[10.5221,45.99442],[10.52222,45.99444],[10.52226,45.99477],[10.52269,45.99518],[10.52316,45.99535],[10.5237,45.99523],[10.52412,45.99564],[10.52465,45.99547],[10.5249,45.99526],[10.52489,45.99494],[10.52524,45.99473],[10.52505,45.99461],[10.52502,45.99425],[10.52441,45.99403],[10.52413,45.9937],[10.52388,45.99357],[10.52379,45.99335],[10.52362,45.99321],[10.52143,45.99223],[10.52065,45.992],[10.52036,45.99215],[10.51993,45.99205],[10.51928,45.99217],[10.51927,45.9921],[10.5196,45.99186],[10.51959,45.99167],[10.51945,45.99161],[10.5187,45.99194],[10.51858,45.99213],[10.51842,45.99217],[10.51819,45.99206],[10.51799,45.99182],[10.51869,45.9918],[10.51873,45.99173],[10.51864,45.99163],[10.51873,45.99153],[10.5184,45.9914],[10.51782,45.99158],[10.51772,45.99149],[10.51754,45.99153],[10.51744,45.99168],[10.51758,45.99185],[10.51746,45.99187],[10.5171,45.99158],[10.51759,45.99137],[10.51762,45.99122],[10.51732,45.991],[10.51678,45.99087],[10.51575,45.99089],[10.51476,45.99046],[10.51438,45.99051],[10.5142,45.99043],[10.51355,45.9906],[10.51343,45.99039],[10.51317,45.99031],[10.51273,45.99042],[10.51101,45.9905],[10.51093,45.99056],[10.51126,45.9906],[10.51123,45.99068],[10.51065,45.99077],[10.51175,45.99078],[10.51162,45.99095],[10.5111,45.99095],[10.51114,45.99107],[10.51167,45.99108],[10.51206,45.99095],[10.51173,45.9912],[10.51163,45.99159],[10.51146,45.99176],[10.51093,45.99174],[10.51075,45.99185],[10.51089,45.99212],[10.51127,45.99234],[10.5111,45.99238],[10.50982,45.99206],[10.50949,45.99165],[10.50947,45.99154],[10.50961,45.99145],[10.51033,45.9917],[10.51033,45.99158],[10.51073,45.9914],[10.51055,45.99125],[10.51003,45.99112],[10.50998,45.99098],[10.51032,45.99103],[10.51005,45.9908],[10.50981,45.99093],[10.50959,45.99082],[10.50967,45.99106],[10.50947,45.99116],[10.50885,45.99078],[10.50916,45.99075],[10.5091,45.9907],[10.50857,45.9907],[10.50837,45.99099],[10.50851,45.99143],[10.50891,45.99123],[10.50924,45.99124],[10.50932,45.99138],[10.50918,45.99157],[10.50919,45.99186],[10.50998,45.99228],[10.50959,45.9923],[10.50818,45.99191],[10.50772,45.99151],[10.50713,45.99136],[10.50747,45.99166],[10.50777,45.99213],[10.50788,45.99285],[10.5084,45.99279],[10.50801,45.99332],[10.50799,45.99365],[10.50826,45.99383],[10.50798,45.99418],[10.50792,45.99451],[10.50803,45.9946],[10.50867,45.99462],[10.50902,45.99482],[10.50854,45.99557],[10.50817,45.99586],[10.50813,45.99621],[10.50847,45.99632],[10.5088,45.99628],[10.50916,45.99605],[10.50941,45.99615],[10.50934,45.99639],[10.50901,45.99664],[10.50905,45.99679],[10.50982,45.99765],[10.51,45.99797],[10.51047,45.99799],[10.51041,45.9985],[10.51074,45.99852],[10.51086,45.99905],[10.51125,45.99948],[10.51136,45.99976],[10.51215,46.00035],[10.51268,46.00097],[10.51242,46.00091],[10.51166,46.00032],[10.51123,46.00012],[10.51093,45.99975],[10.51067,45.99965],[10.51042,45.99971],[10.51043,45.99954],[10.51025,45.99945],[10.51016,45.99948],[10.50995,45.99991],[10.50916,46.00021],[10.50944,45.99999],[10.50938,45.99989],[10.50957,45.99973],[10.50919,45.99973],[10.50925,45.99963],[10.50913,45.99954],[10.5093,45.99932],[10.50929,45.99917],[10.50893,45.99921],[10.50885,45.99911],[10.50901,45.99893],[10.50851,45.99876],[10.5084,45.99858],[10.50845,45.99851],[10.5083,45.9984],[10.50837,45.99835],[10.50833,45.99827],[10.50749,45.99803],[10.50744,45.9978],[10.50783,45.99753],[10.50686,45.99695],[10.50688,45.99689],[10.50721,45.99689],[10.50722,45.99663],[10.50675,45.99679],[10.50668,45.99665],[10.50699,45.99651],[10.5067,45.99624],[10.50656,45.99631],[10.50668,45.99644],[10.5066,45.9965],[10.50624,45.99643],[10.50579,45.99571],[10.50618,45.99565],[10.50654,45.99585],[10.50639,45.99557],[10.50524,45.99507],[10.50506,45.99446],[10.50522,45.99385],[10.50519,45.99263],[10.50529,45.99215],[10.50519,45.99211],[10.50507,45.99228],[10.50451,45.99254],[10.50424,45.99324],[10.50381,45.99338],[10.5036,45.99367],[10.50348,45.99361],[10.5035,45.99394],[10.50333,45.99399],[10.50322,45.99327],[10.503,45.99316],[10.50272,45.99338],[10.50188,45.99258],[10.50169,45.99223],[10.50154,45.99224],[10.50139,45.99244],[10.50124,45.99245],[10.50094,45.99211],[10.5007,45.99155],[10.50028,45.99155],[10.49997,45.99199],[10.49981,45.99176],[10.49998,45.99148],[10.49991,45.9913],[10.49925,45.99107],[10.49823,45.99097],[10.49777,45.99083],[10.49754,45.99034],[10.49727,45.99039],[10.49725,45.9911],[10.49695,45.99165],[10.4968,45.99081],[10.49695,45.99042],[10.49676,45.99021],[10.49633,45.99031],[10.49642,45.99007],[10.49636,45.98993],[10.49685,45.98967],[10.49692,45.98948],[10.49683,45.98931],[10.49648,45.98925],[10.49636,45.98889],[10.49622,45.98877],[10.49594,45.9887],[10.49563,45.98876],[10.49537,45.98911],[10.49489,45.98898],[10.49469,45.98902],[10.4943,45.98954],[10.49448,45.99025],[10.49323,45.98954],[10.49329,45.98932],[10.49413,45.98904],[10.49429,45.98851],[10.49419,45.98823],[10.49374,45.98812],[10.49373,45.98796],[10.49296,45.98782],[10.49324,45.98764],[10.49316,45.98749],[10.49265,45.98766],[10.49254,45.98757],[10.49252,45.98732],[10.49201,45.98732],[10.4918,45.9872],[10.49157,45.98746],[10.49151,45.98772],[10.4907,45.98818],[10.48991,45.98805],[10.49036,45.98794],[10.49125,45.98713],[10.4912,45.98695],[10.49078,45.98678],[10.49075,45.9865],[10.49038,45.98627],[10.49028,45.9861],[10.49028,45.9857],[10.48992,45.98559],[10.48943,45.98569],[10.48942,45.98524],[10.48906,45.98492],[10.48848,45.98492],[10.48789,45.98521],[10.48768,45.98518],[10.48759,45.98492],[10.4856,45.98492]],[[10.48799,45.98597],[10.48814,45.98629],[10.48775,45.98639],[10.48733,45.98614],[10.48704,45.98566],[10.48727,45.98561],[10.48777,45.98575],[10.48818,45.98555],[10.4884,45.98559],[10.48842,45.98565],[10.48799,45.98597]],[[10.51531,45.99176],[10.51545,45.99158],[10.51564,45.9917],[10.5155,45.99184],[10.51531,45.99176]],[[10.5134,45.99197],[10.51341,45.99205],[10.51321,45.99215],[10.51326,45.99223],[10.51356,45.99211],[10.514,45.99221],[10.51417,45.99238],[10.51422,45.99224],[10.5146,45.99222],[10.51431,45.99201],[10.51429,45.99187],[10.51367,45.9916],[10.51349,45.99159],[10.51357,45.99183],[10.51344,45.99183],[10.5131,45.99141],[10.51316,45.99132],[10.51333,45.99128],[10.51383,45.99143],[10.51439,45.99174],[10.5146,45.99196],[10.51507,45.99214],[10.51493,45.99235],[10.51511,45.99252],[10.51492,45.99258],[10.51456,45.99238],[10.51409,45.99254],[10.51267,45.99222],[10.51244,45.99207],[10.51253,45.992],[10.51309,45.99206],[10.5134,45.99197]],[[10.51763,45.99203],[10.51811,45.99222],[10.51837,45.99245],[10.51834,45.9926],[10.51808,45.99269],[10.5179,45.99237],[10.51727,45.99217],[10.51731,45.99205],[10.51763,45.99203]],[[10.51591,45.99224],[10.51595,45.99237],[10.51644,45.99254],[10.51617,45.99258],[10.51566,45.99236],[10.51567,45.99229],[10.51591,45.99224]],[[10.51865,45.9939],[10.51829,45.99401],[10.51825,45.99399],[10.51857,45.99377],[10.51865,45.9939]],[[10.51925,45.99255],[10.51933,45.99248],[10.51946,45.99271],[10.51947,45.993],[10.51957,45.99313],[10.51929,45.99316],[10.51937,45.99289],[10.51925,45.99255]],[[10.52046,45.9927],[10.52109,45.99289],[10.52103,45.99301],[10.52155,45.99302],[10.52156,45.9931],[10.52125,45.99314],[10.52164,45.99323],[10.52167,45.99333],[10.52138,45.9933],[10.52123,45.99338],[10.52119,45.99323],[10.52089,45.9932],[10.52093,45.99306],[10.52066,45.99314],[10.52035,45.99292],[10.52046,45.9927]],[[10.52197,45.9935],[10.52189,45.9932],[10.52237,45.99334],[10.52208,45.99334],[10.52197,45.9935]],[[10.52268,45.99415],[10.52264,45.99406],[10.52296,45.99381],[10.52315,45.99373],[10.52323,45.99379],[10.52312,45.99395],[10.52268,45.99415]],[[10.51966,45.99527],[10.51972,45.99546],[10.51966,45.99565],[10.51932,45.9961],[10.51878,45.99592],[10.51874,45.99545],[10.5186,45.99565],[10.51837,45.99552],[10.51843,45.99518],[10.51864,45.995],[10.51888,45.99497],[10.51966,45.99527]]],[[[10.4988,45.99644],[10.4987,45.9963],[10.49816,45.99667],[10.49803,45.99663],[10.49816,45.9963],[10.49767,45.99667],[10.49781,45.99686],[10.49785,45.99714],[10.49775,45.998],[10.4988,45.99644]]]]},"properties":{"kind":"land","cls":"forest"}},{"type":"Feature","geometry":{"type":"Polygon","coordinates":[[[10.48174,46.08052],[10.48157,46.08043],[10.48106,46.0804],[10.48172,46.08083],[10.48187,46.08077],[10.48174,46.08052]]]},"properties":{"kind":"land","cls":"forest"}},{"type":"Feature","geometry":{"type":"Polygon","coordinates":[[[10.48348,46.08083],[10.48337,46.08096],[10.48344,46.08116],[10.48389,46.08161],[10.48399,46.08157],[10.4839,46.08116],[10.48348,46.08083]]]},"properties":{"kind":"land","cls":"forest"}},{"type":"Feature","geometry":{"type":"Polygon","coordinates":[[[10.479,46.00382],[10.47982,46.00403],[10.47996,46.00397],[10.48013,46.0037],[10.47963,46.00374],[10.47939,46.00385],[10.479,46.00382]]]},"properties":{"kind":"land","cls":"bare_rock"}},{"type":"Feature","geometry":{"type":"Polygon","coordinates":[[[10.53647,46.02752],[10.53692,46.027],[10.53693,46.02712],[10.53679,46.02726],[10.537,46.02736],[10.53677,46.02739],[10.53681,46.0277],[10.53666,46.02788],[10.53694,46.02789],[10.53711,46.02777],[10.53717,46.02794],[10.53747,46.0281],[10.53743,46.0282],[10.53729,46.02811],[10.53731,46.02828],[10.53721,46.02819],[10.53712,46.02839],[10.53724,46.02844],[10.53715,46.02849],[10.53735,46.02847],[10.53739,46.02856],[10.53758,46.02849],[10.53752,46.02827],[10.53763,46.0281],[10.53767,46.02842],[10.53802,46.02823],[10.53795,46.02808],[10.53811,46.02798],[10.53825,46.02806],[10.53817,46.02815],[10.53846,46.02845],[10.53846,46.02817],[10.5382,46.02786],[10.53847,46.02807],[10.53848,46.02795],[10.53834,46.02779],[10.53853,46.02779],[10.53855,46.02764],[10.53881,46.02743],[10.5386,46.02685],[10.53864,46.02639],[10.53819,46.0264],[10.53843,46.02684],[10.53827,46.02685],[10.53832,46.02698],[10.53801,46.0272],[10.53802,46.0273],[10.53808,46.02735],[10.53812,46.02723],[10.53825,46.02738],[10.53821,46.02724],[10.53844,46.02721],[10.5385,46.02696],[10.53864,46.02717],[10.5384,46.02726],[10.53833,46.02748],[10.53804,46.02769],[10.53773,46.02692],[10.537,46.02599],[10.53682,46.02605],[10.53665,46.02591],[10.53662,46.02604],[10.53642,46.02591],[10.53637,46.02613],[10.53664,46.02623],[10.53646,46.02625],[10.53683,46.02635],[10.53697,46.02659],[10.53724,46.0267],[10.53713,46.02676],[10.53729,46.02704],[10.53751,46.02713],[10.53746,46.02717],[10.53792,46.02781],[10.53783,46.02795],[10.53767,46.02777],[10.53772,46.02763],[10.53742,46.02737],[10.5375,46.02732],[10.53729,46.0271],[10.53719,46.02726],[10.53721,46.02704],[10.53707,46.02681],[10.53665,46.02643],[10.53638,46.0265],[10.53612,46.02699],[10.53629,46.02712],[10.53625,46.02736],[10.53633,46.02751],[10.53647,46.02752]]]},"properties":{"kind":"land","cls":"bare_rock"}},{"type":"Feature","geometry":{"type":"Polygon","coordinates":[[[10.50599,46.01156],[10.50584,46.01129],[10.5059,46.01108],[10.50542,46.01104],[10.50519,46.01083],[10.50478,46.01089],[10.50541,46.01127],[10.50554,46.01154],[10.50578,46.0117],[10.50534,46.01199],[10.50598,46.01174],[10.5063,46.01179],[10.50599,46.01156]]]},"properties":{"kind":"land","cls":"scree"}},{"type":"Feature","geometry":{"type":"Polygon","coordinates":[[[10.50033,46.04444],[10.50142,46.04467],[10.50213,46.04429],[10.50214,46.04384],[10.50138,46.04374],[10.49952,46.04425],[10.49949,46.04458],[10.50033,46.04444]]]},"properties":{"kind":"land","cls":"scree"}},{"type":"Feature","geometry":{"type":"Polygon","coordinates":[[[10.51393,46.05624],[10.51409,46.056],[10.51402,46.0557],[10.51384,46.05578],[10.5139,46.056],[10.51379,46.05614],[10.51393,46.05624]]]},"properties":{"kind":"land","cls":"forest"}},{"type":"Feature","geometry":{"type":"Polygon","coordinates":[[[10.58039,46.06766],[10.58104,46.06793],[10.58243,46.06807],[10.58298,46.06846],[10.58335,46.0685],[10.58302,46.06811],[10.58269,46.06791],[10.582,46.06772],[10.58035,46.06751],[10.57978,46.06755],[10.58039,46.06766]]]},"properties":{"kind":"land","cls":"glacier","name":"Ex Ghiacciaio del Cop di Casa"}},{"type":"Feature","geometry":{"type":"Polygon","coordinates":[[[10.5052,46.00484],[10.50537,46.00485],[10.50533,46.00471],[10.50515,46.00458],[10.50492,46.00458],[10.5052,46.00484]]]},"properties":{"kind":"land","cls":"bare_rock"}},{"type":"Feature","geometry":{"type":"MultiPolygon","coordinates":[[[[10.51112,46.0169],[10.51067,46.01689],[10.51023,46.01723],[10.51016,46.01734],[10.51023,46.01738],[10.50996,46.01749],[10.5098,46.01768],[10.51054,46.01765],[10.5097,46.01822],[10.50944,46.01821],[10.50948,46.01794],[10.50971,46.01779],[10.50954,46.01767],[10.5097,46.01744],[10.51017,46.01712],[10.51018,46.017],[10.50998,46.01675],[10.50992,46.01705],[10.50984,46.01693],[10.50928,46.01707],[10.50908,46.01722],[10.50904,46.0174],[10.50869,46.01758],[10.50794,46.01773],[10.5068,46.01778],[10.50678,46.01794],[10.50699,46.01802],[10.50715,46.01824],[10.50681,46.01837],[10.50593,46.01862],[10.50551,46.01859],[10.50527,46.01874],[10.50449,46.01871],[10.50419,46.01879],[10.5041,46.01888],[10.50412,46.0191],[10.50394,46.01927],[10.50489,46.01909],[10.50589,46.01912],[10.50604,46.01918],[10.50618,46.01946],[10.50669,46.01955],[10.50684,46.01976],[10.50716,46.01978],[10.50702,46.01952],[10.50726,46.01948],[10.50717,46.01938],[10.50728,46.01916],[10.50672,46.01911],[10.50681,46.01897],[10.50663,46.01875],[10.50717,46.01867],[10.50749,46.0184],[10.50782,46.01835],[10.50813,46.01871],[10.50793,46.01896],[10.50793,46.01911],[10.50874,46.0192],[10.50873,46.01896],[10.50832,46.01866],[10.50829,46.01854],[10.50857,46.01856],[10.5087,46.01832],[10.50825,46.01781],[10.5086,46.01776],[10.50865,46.01781],[10.50854,46.01798],[10.50875,46.01798],[10.50891,46.01792],[10.50879,46.01777],[10.50886,46.01769],[10.50918,46.01793],[10.50894,46.01812],[10.50888,46.01832],[10.50905,46.01851],[10.50906,46.01862],[10.50895,46.01864],[10.50917,46.01882],[10.50909,46.01897],[10.50937,46.01919],[10.50876,46.01927],[10.5087,46.01938],[10.50903,46.01939],[10.50914,46.01954],[10.50938,46.01946],[10.50967,46.01963],[10.51031,46.01957],[10.51042,46.0197],[10.51034,46.01976],[10.50972,46.01972],[10.50981,46.01991],[10.50967,46.02021],[10.5092,46.02044],[10.50725,46.02023],[10.50601,46.02071],[10.50584,46.02079],[10.5061,46.02164],[10.50597,46.02176],[10.50565,46.02189],[10.50535,46.02184],[10.50473,46.02207],[10.50441,46.02197],[10.50424,46.02222],[10.50397,46.02231],[10.5039,46.02229],[10.504,46.02206],[10.50387,46.02201],[10.50319,46.02232],[10.50305,46.02259],[10.5032,46.02278],[10.50342,46.02278],[10.5034,46.0229],[10.50306,46.02303],[10.5038,46.02303],[10.50404,46.02325],[10.50291,46.02316],[10.50237,46.0233],[10.50246,46.02347],[10.50328,46.0233],[10.5032,46.02345],[10.50329,46.02362],[10.50363,46.02376],[10.50388,46.02373],[10.50413,46.02354],[10.50484,46.0235],[10.50495,46.02338],[10.50487,46.02318],[10.50491,46.02295],[10.50459,46.02243],[10.50538,46.02284],[10.5058,46.02286],[10.50592,46.02297],[10.50595,46.0233],[10.50608,46.02335],[10.50767,46.02319],[10.50759,46.02332],[10.50781,46.02348],[10.5076,46.0236],[10.50773,46.02383],[10.5077,46.02423],[10.50778,46.02448],[10.50797,46.02461],[10.50804,46.02493],[10.50773,46.02513],[10.50774,46.02474],[10.50758,46.02451],[10.50746,46.02403],[10.50729,46.02412],[10.50671,46.0237],[10.50655,46.02393],[10.50611,46.02375],[10.50598,46.02384],[10.50606,46.02428],[10.50556,46.02498],[10.50547,46.02538],[10.50567,46.02563],[10.50611,46.02578],[10.50724,46.0258],[10.50751,46.02545],[10.50776,46.02543],[10.50862,46.02605],[10.5098,46.02609],[10.51155,46.02576],[10.5119,46.02556],[10.51243,46.02548],[10.51251,46.02482],[10.5116,46.02497],[10.5105,46.0253],[10.51009,46.02528],[10.50999,46.02506],[10.51046,46.02484],[10.51083,46.02501],[10.51091,46.0248],[10.51127,46.0245],[10.51121,46.02431],[10.5113,46.0239],[10.51145,46.02399],[10.51153,46.02423],[10.5114,46.02493],[10.51244,46.02465],[10.5125,46.02437],[10.51234,46.02416],[10.51226,46.02359],[10.51184,46.02326],[10.51007,46.02332],[10.51034,46.02345],[10.51041,46.02384],[10.5103,46.02418],[10.51038,46.0245],[10.51026,46.02464],[10.51015,46.02461],[10.50995,46.02429],[10.50995,46.02358],[10.51002,46.02348],[10.50983,46.02332],[10.50921,46.02332],[10.50951,46.02343],[10.50965,46.02382],[10.50957,46.02387],[10.5089,46.02333],[10.50852,46.02323],[10.50821,46.02298],[10.50767,46.02287],[10.50785,46.02266],[10.5082,46.02248],[10.50835,46.02253],[10.50843,46.02284],[10.50857,46.02299],[10.50961,46.02294],[10.5109,46.02305],[10.51094,46.023],[10.51071,46.02282],[10.51069,46.02265],[10.51095,46.02207],[10.51106,46.02197],[10.51131,46.02196],[10.51193,46.02225],[10.51148,46.02254],[10.51106,46.02248],[10.51117,46.02299],[10.51155,46.02296],[10.51184,46.0226],[10.51211,46.02259],[10.51217,46.02275],[10.51226,46.02275],[10.51244,46.02254],[10.51254,46.02288],[10.51263,46.02287],[10.51279,46.02215],[10.51308,46.02169],[10.51313,46.02121],[10.51294,46.02067],[10.51246,46.01996],[10.5125,46.01965],[10.51242,46.01927],[10.51237,46.01919],[10.51203,46.01934],[10.51189,46.01895],[10.51201,46.0189],[10.51211,46.01905],[10.51245,46.01884],[10.5121,46.01787],[10.51248,46.01725],[10.51305,46.01678],[10.51281,46.01652],[10.51266,46.01606],[10.51245,46.01598],[10.51193,46.01623],[10.51113,46.01628],[10.51093,46.01648],[10.51112,46.0169]],[[10.51128,46.01813],[10.51146,46.01828],[10.5112,46.0184],[10.51108,46.0182],[10.51128,46.01813]],[[10.5106,46.0189],[10.51077,46.01885],[10.51075,46.0194],[10.51065,46.01938],[10.51055,46.01902],[10.5106,46.0189]],[[10.51136,46.0202],[10.51141,46.01973],[10.51103,46.01968],[10.51106,46.01958],[10.51157,46.01936],[10.51169,46.01951],[10.51206,46.01955],[10.51149,46.01987],[10.51162,46.02023],[10.51136,46.0202]],[[10.50987,46.0225],[10.50976,46.0224],[10.50977,46.02214],[10.50984,46.02211],[10.51005,46.02225],[10.50988,46.02231],[10.50996,46.02241],[10.50987,46.0225]],[[10.50854,46.02168],[10.50811,46.02187],[10.50868,46.02197],[10.50788,46.02198],[10.50774,46.02186],[10.50788,46.02162],[10.508,46.0216],[10.50854,46.02168]],[[10.50717,46.0217],[10.50733,46.02181],[10.50709,46.02211],[10.5068,46.02196],[10.5068,46.02186],[10.50717,46.0217]],[[10.50753,46.02243],[10.50766,46.02258],[10.5072,46.02289],[10.50701,46.02289],[10.50661,46.02252],[10.5069,46.02226],[10.50707,46.02223],[10.50753,46.02243]],[[10.50981,46.02285],[10.50977,46.02269],[10.50989,46.02261],[10.50991,46.02278],[10.50981,46.02285]],[[10.50948,46.02528],[10.50891,46.02519],[10.50893,46.02493],[10.50928,46.02482],[10.5094,46.02487],[10.50953,46.02513],[10.50948,46.02528]]],[[[10.50599,46.02629],[10.50666,46.02644],[10.50688,46.02624],[10.50722,46.02635],[10.50725,46.02661],[10.50785,46.02659],[10.50761,46.02683],[10.50708,46.02692],[10.50716,46.02721],[10.50702,46.02739],[10.50751,46.02764],[10.50956,46.02746],[10.51103,46.02758],[10.5118,46.02725],[10.51261,46.0274],[10.51242,46.02714],[10.5126,46.02695],[10.51262,46.02674],[10.51287,46.0265],[10.5128,46.02628],[10.51297,46.02608],[10.51293,46.02579],[10.51262,46.02609],[10.51239,46.02606],[10.5123,46.02596],[10.51246,46.02575],[10.51183,46.02579],[10.5108,46.02606],[10.50973,46.02618],[10.50905,46.02614],[10.5085,46.02628],[10.50833,46.02607],[10.5078,46.02593],[10.50659,46.02607],[10.50582,46.02594],[10.50599,46.02629]],[[10.50928,46.02646],[10.50962,46.02652],[10.5094,46.02676],[10.50919,46.02675],[10.50928,46.02646]],[[10.51104,46.02722],[10.51106,46.02684],[10.511,46.02673],[10.51077,46.02668],[10.51077,46.02645],[10.51105,46.02643],[10.51122,46.02671],[10.51112,46.02726],[10.51104,46.02722]]],[[[10.50597,46.03045],[10.50598,46.03106],[10.50577,46.03113],[10.50539,46.03078],[10.50513,46.03089],[10.50518,46.03104],[10.50506,46.03111],[10.50482,46.03096],[10.50405,46.03081],[10.50409,46.03071],[10.50424,46.03072],[10.50419,46.03063],[10.50296,46.03031],[10.50216,46.03047],[10.50097,46.0311],[10.50172,46.03154],[10.50177,46.03169],[10.50158,46.0318],[10.50158,46.03189],[10.50202,46.0322],[10.50208,46.03251],[10.5023,46.03267],[10.50427,46.03278],[10.50511,46.03293],[10.50488,46.03308],[10.50489,46.03331],[10.50573,46.03344],[10.506,46.03404],[10.50627,46.03419],[10.50729,46.03402],[10.50781,46.03405],[10.50809,46.0339],[10.50888,46.03407],[10.50916,46.03471],[10.50918,46.03516],[10.50902,46.03522],[10.50901,46.035],[10.50883,46.03476],[10.50852,46.03458],[10.50571,46.03445],[10.50525,46.03435],[10.50509,46.03423],[10.50496,46.03428],[10.50512,46.0345],[10.50438,46.0346],[10.50438,46.03471],[10.50498,46.03478],[10.50511,46.03468],[10.50576,46.03472],[10.50613,46.03465],[10.50621,46.03475],[10.50716,46.03511],[10.50745,46.03536],[10.50949,46.03596],[10.50985,46.03589],[10.51003,46.03563],[10.51,46.03537],[10.51011,46.03512],[10.51055,46.03466],[10.51027,46.03477],[10.50953,46.03448],[10.50983,46.03417],[10.51018,46.03444],[10.51038,46.03445],[10.51102,46.03382],[10.51139,46.03304],[10.51162,46.03278],[10.51159,46.03187],[10.5117,46.0316],[10.51187,46.03151],[10.51253,46.03146],[10.51272,46.03131],[10.51277,46.0307],[10.51243,46.03064],[10.51214,46.03044],[10.5116,46.03057],[10.51171,46.03069],[10.51145,46.03089],[10.51159,46.03101],[10.51153,46.0311],[10.51116,46.03121],[10.51069,46.03105],[10.51078,46.0307],[10.51139,46.03043],[10.51131,46.0302],[10.51118,46.03027],[10.51088,46.03021],[10.51151,46.03004],[10.51217,46.03014],[10.51205,46.02959],[10.51188,46.02949],[10.51196,46.02917],[10.51158,46.02897],[10.51164,46.02839],[10.51212,46.02862],[10.51242,46.02809],[10.51153,46.02779],[10.51005,46.02758],[10.50941,46.02757],[10.50813,46.02774],[10.50852,46.02786],[10.5084,46.02799],[10.5079,46.02801],[10.50801,46.02822],[10.50786,46.0282],[10.50761,46.02841],[10.50782,46.02852],[10.5077,46.02865],[10.50785,46.02884],[10.50756,46.02912],[10.5076,46.02932],[10.50784,46.02939],[10.50807,46.0296],[10.50859,46.02973],[10.50858,46.02952],[10.50843,46.02927],[10.50849,46.02902],[10.50842,46.02884],[10.50872,46.02891],[10.50886,46.02919],[10.50917,46.02939],[10.50908,46.02955],[10.50875,46.02967],[10.5093,46.02973],[10.50931,46.02989],[10.50919,46.02996],[10.50944,46.03001],[10.50944,46.03025],[10.5091,46.03029],[10.50868,46.0299],[10.50836,46.02988],[10.50776,46.03022],[10.50713,46.03012],[10.50635,46.03022],[10.50597,46.03045]],[[10.51079,46.02929],[10.51113,46.02911],[10.51116,46.02937],[10.51146,46.02971],[10.5106,46.02959],[10.51083,46.02989],[10.51058,46.02996],[10.50986,46.02942],[10.51015,46.02934],[10.51038,46.0295],[10.51042,46.0293],[10.51056,46.02927],[10.51069,46.02944],[10.51081,46.02941],[10.51079,46.02929]],[[10.50286,46.03217],[10.50343,46.03185],[10.5037,46.03186],[10.5041,46.03167],[10.5046,46.03167],[10.50488,46.03178],[10.50455,46.03203],[10.50404,46.03223],[10.50393,46.03239],[10.50364,46.03234],[10.50356,46.03228],[10.50359,46.03213],[10.50325,46.03221],[10.50315,46.03233],[10.50286,46.03217]],[[10.50626,46.0326],[10.50633,46.03227],[10.50655,46.03267],[10.5068,46.03278],[10.50681,46.03287],[10.5065,46.03282],[10.50626,46.0326]]]]},"properties":{"kind":"land","cls":"forest"}},{"type":"Feature","geometry":{"type":"MultiPolygon","coordinates":[[[[10.48498,45.99723],[10.48375,45.99744],[10.48328,45.99758],[10.48306,45.99775],[10.4832,45.99807],[10.48342,45.99815],[10.48368,45.99797],[10.48391,45.99794],[10.48498,45.99723]]],[[[10.48454,46.00017],[10.48522,45.99979],[10.48536,45.99934],[10.48574,45.99888],[10.48774,45.99752],[10.487,45.99758],[10.48638,45.99793],[10.48604,45.99799],[10.4858,45.99829],[10.48484,45.99901],[10.48419,45.99927],[10.48364,45.99973],[10.48241,46.00009],[10.48263,46.00022],[10.48274,46.00042],[10.48228,46.00061],[10.48226,46.00072],[10.4824,46.00078],[10.48302,46.00061],[10.48325,46.00065],[10.4837,46.00038],[10.48454,46.00017]]]]},"properties":{"kind":"land","cls":"scrub"}},{"type":"Feature","geometry":{"type":"Polygon","coordinates":[[[10.48204,45.99927],[10.48198,45.99904],[10.48182,45.99903],[10.48177,45.99919],[10.48189,45.9993],[10.48204,45.99927]]]},"properties":{"kind":"land","cls":"bare_rock"}},{"type":"Feature","geometry":{"type":"MultiPolygon","coordinates":[[[[10.47962,46.00211],[10.48011,46.00212],[10.48101,46.00166],[10.48105,46.00156],[10.48087,46.00151],[10.47994,46.00188],[10.47962,46.00211]]],[[[10.48139,46.00171],[10.48123,46.00166],[10.48085,46.00178],[10.48043,46.00209],[10.48139,46.00171]]],[[[10.48265,46.00286],[10.48311,46.00252],[10.48293,46.0025],[10.48289,46.00226],[10.48273,46.00226],[10.4822,46.00252],[10.48263,46.00218],[10.48244,46.00198],[10.48144,46.00174],[10.48051,46.00222],[10.48085,46.00245],[10.48074,46.00264],[10.48099,46.00279],[10.48191,46.00287],[10.48219,46.00297],[10.48213,46.00285],[10.48239,46.00293],[10.48265,46.00286]]],[[[10.51019,46.00367],[10.51024,46.00384],[10.50996,46.00392],[10.50984,46.00385],[10.50979,46.00357],[10.50882,46.00339],[10.50822,46.00315],[10.50737,46.00319],[10.5068,46.00309],[10.50632,46.0029],[10.50585,46.00238],[10.50545,46.00211],[10.50482,46.002],[10.50362,46.00142],[10.50308,46.00128],[10.50248,46.00131],[10.50201,46.00104],[10.50155,46.00043],[10.50105,46.00026],[10.50051,46.00039],[10.49968,45.99998],[10.49955,46.00008],[10.49964,46.00017],[10.50022,46.00033],[10.50038,46.00049],[10.50009,46.0005],[10.49927,46.00022],[10.49901,46.00024],[10.49901,46.00037],[10.49846,46.00052],[10.49851,46.00039],[10.49825,46.00028],[10.49809,45.99992],[10.49748,46.00004],[10.49737,46.00034],[10.49714,46.00043],[10.49663,46.00044],[10.4963,46.00023],[10.4959,46.00019],[10.49546,46.00031],[10.49459,46.00122],[10.49432,46.00079],[10.49437,46.00045],[10.49483,45.99995],[10.49505,45.99991],[10.49519,46.00008],[10.49557,46.00011],[10.49595,45.99984],[10.49581,45.99949],[10.49554,45.99935],[10.49685,45.99924],[10.49581,45.99894],[10.49552,45.99911],[10.49512,45.99917],[10.49502,45.9993],[10.49493,45.99929],[10.49491,45.99912],[10.49455,45.99926],[10.49433,45.99909],[10.49444,45.99896],[10.49404,45.99883],[10.49326,45.99877],[10.49275,45.99889],[10.49231,45.9988],[10.49213,45.99861],[10.49205,45.99816],[10.4919,45.99803],[10.49105,45.9978],[10.4907,45.99767],[10.49033,45.99736],[10.48968,45.99718],[10.48873,45.99716],[10.48821,45.99659],[10.48802,45.99623],[10.48714,45.99599],[10.4864,45.99593],[10.48533,45.99655],[10.48612,45.99644],[10.48604,45.99663],[10.48635,45.9966],[10.48624,45.99686],[10.48595,45.99701],[10.48498,45.99723],[10.48405,45.99787],[10.48344,45.99811],[10.48354,45.99831],[10.48335,45.99849],[10.48294,45.99854],[10.48291,45.99871],[10.482,45.99863],[10.48123,45.99871],[10.48022,45.99917],[10.47996,45.99937],[10.47991,45.99955],[10.48011,45.99967],[10.48001,45.99994],[10.48009,46.00018],[10.47981,46.0003],[10.47917,46.00029],[10.47898,46.0004],[10.47891,46.00058],[10.47917,46.00062],[10.4804,46.00017],[10.48054,46.00027],[10.4804,46.0004],[10.48043,46.00054],[10.48029,46.00059],[10.48001,46.0005],[10.47985,46.00071],[10.47931,46.00094],[10.47933,46.00126],[10.47899,46.0015],[10.47905,46.00185],[10.47885,46.00214],[10.47892,46.00225],[10.47858,46.00254],[10.47888,46.00262],[10.47911,46.00252],[10.47947,46.00207],[10.4808,46.00143],[10.48096,46.00113],[10.48083,46.00089],[10.48121,45.99999],[10.48169,46.00024],[10.48364,45.99973],[10.48419,45.99927],[10.48484,45.99901],[10.4858,45.99829],[10.48604,45.99799],[10.48638,45.99793],[10.487,45.99758],[10.48774,45.99752],[10.48574,45.99888],[10.48536,45.99934],[10.48515,45.99986],[10.48454,46.00017],[10.4837,46.00038],[10.48325,46.00065],[10.48336,46.00069],[10.48326,46.00082],[10.48284,46.00089],[10.4826,46.00117],[10.48228,46.00129],[10.48244,46.00145],[10.48317,46.00152],[10.48339,46.00135],[10.48323,46.00109],[10.48345,46.00103],[10.48381,46.00145],[10.48386,46.00168],[10.48406,46.00174],[10.48414,46.00161],[10.48399,46.00113],[10.48422,46.00075],[10.48537,45.99998],[10.48563,45.99948],[10.48653,45.99902],[10.48675,45.99853],[10.48763,45.99814],[10.48821,45.99765],[10.48861,45.99752],[10.48862,45.99763],[10.48809,45.99822],[10.48763,45.9984],[10.48754,45.9986],[10.48715,45.99886],[10.48668,45.9994],[10.48664,45.99969],[10.48633,45.99967],[10.4864,45.9998],[10.48614,45.99983],[10.48605,46.00011],[10.48571,46.00045],[10.48556,46.00103],[10.4848,46.0012],[10.48448,46.00192],[10.48467,46.002],[10.48479,46.00193],[10.48493,46.00146],[10.48503,46.0017],[10.48528,46.00172],[10.48551,46.00196],[10.48607,46.00184],[10.48676,46.00191],[10.48673,46.00178],[10.48643,46.00167],[10.4864,46.00152],[10.4865,46.00135],[10.48676,46.00122],[10.4869,46.00143],[10.48711,46.00154],[10.48681,46.00169],[10.48724,46.002],[10.48785,46.00189],[10.48763,46.00156],[10.48773,46.00149],[10.48787,46.00155],[10.48792,46.00179],[10.48802,46.00183],[10.4884,46.00179],[10.48837,46.00165],[10.48881,46.00153],[10.48894,46.00161],[10.48905,46.00196],[10.48886,46.00194],[10.48872,46.00175],[10.48838,46.00191],[10.48848,46.00209],[10.48828,46.00212],[10.48864,46.0022],[10.48863,46.00229],[10.48799,46.00224],[10.48748,46.00233],[10.48688,46.0022],[10.48637,46.00227],[10.48637,46.00239],[10.48626,46.00243],[10.48615,46.00243],[10.48607,46.0023],[10.48579,46.00239],[10.4856,46.00264],[10.48501,46.00238],[10.48481,46.00254],[10.48489,46.00277],[10.48469,46.00295],[10.48469,46.00326],[10.4848,46.00341],[10.48472,46.00377],[10.48498,46.00404],[10.48489,46.00425],[10.48513,46.00451],[10.48548,46.004],[10.48593,46.00409],[10.48625,46.00433],[10.48638,46.00397],[10.48664,46.00391],[10.48672,46.00355],[10.48727,46.00415],[10.48761,46.00397],[10.48771,46.00405],[10.48759,46.00426],[10.48784,46.00418],[10.48826,46.00433],[10.48827,46.00442],[10.48789,46.00444],[10.48796,46.00455],[10.48782,46.00473],[10.488,46.00489],[10.48858,46.0051],[10.48849,46.005],[10.48863,46.00493],[10.4889,46.00509],[10.48905,46.00502],[10.4888,46.00483],[10.48887,46.00459],[10.48927,46.00442],[10.48973,46.00437],[10.48972,46.00416],[10.48992,46.00405],[10.49045,46.00408],[10.49076,46.00423],[10.4913,46.00331],[10.49099,46.00299],[10.49036,46.00288],[10.48994,46.00269],[10.48937,46.00276],[10.48912,46.00262],[10.48944,46.0026],[10.48959,46.00249],[10.49099,46.0028],[10.49149,46.00304],[10.49174,46.00287],[10.49224,46.00276],[10.49347,46.00284],[10.49368,46.00315],[10.49414,46.00323],[10.49425,46.00343],[10.49365,46.00354],[10.49343,46.00394],[10.4931,46.00403],[10.49296,46.004],[10.49291,46.00384],[10.49246,46.00383],[10.49205,46.00353],[10.49182,46.00352],[10.49159,46.0042],[10.49174,46.0043],[10.49182,46.00455],[10.49204,46.00467],[10.49188,46.00481],[10.49193,46.00491],[10.4922,46.00483],[10.49223,46.00468],[10.49213,46.00461],[10.49222,46.00453],[10.49243,46.00455],[10.49262,46.0047],[10.49365,46.0045],[10.49457,46.0047],[10.49477,46.00502],[10.49429,46.00536],[10.49423,46.00555],[10.49375,46.00582],[10.49377,46.00602],[10.49339,46.00623],[10.49343,46.00637],[10.49407,46.00606],[10.49459,46.006],[10.49493,46.00571],[10.49508,46.00578],[10.49496,46.00599],[10.49502,46.00607],[10.49533,46.00584],[10.49573,46.00584],[10.49562,46.00604],[10.49571,46.00617],[10.4965,46.00584],[10.4966,46.00585],[10.49659,46.00598],[10.49737,46.00572],[10.49768,46.00576],[10.49776,46.00582],[10.49774,46.00602],[10.49728,46.0067],[10.49731,46.00684],[10.49763,46.00713],[10.49769,46.00755],[10.49797,46.00766],[10.49846,46.00752],[10.49974,46.00757],[10.50006,46.00776],[10.50039,46.00774],[10.50041,46.00815],[10.50084,46.00773],[10.50077,46.00754],[10.50061,46.00748],[10.50023,46.00757],[10.49992,46.00724],[10.49952,46.00727],[10.49874,46.00714],[10.49856,46.00698],[10.49858,46.00684],[10.49872,46.00672],[10.49922,46.00664],[10.4995,46.00673],[10.4998,46.00702],[10.50053,46.00693],[10.50085,46.00675],[10.5009,46.00639],[10.50139,46.00628],[10.50258,46.00661],[10.50307,46.00687],[10.50307,46.00694],[10.50272,46.00707],[10.50259,46.00698],[10.5023,46.007],[10.50146,46.00735],[10.5023,46.00726],[10.50317,46.0073],[10.50342,46.00744],[10.50389,46.00795],[10.50422,46.00808],[10.5044,46.00813],[10.50433,46.00784],[10.50455,46.00816],[10.50744,46.00873],[10.50914,46.00921],[10.50992,46.00953],[10.51026,46.00948],[10.51018,46.00867],[10.51041,46.0087],[10.51058,46.00886],[10.5105,46.00927],[10.51095,46.00915],[10.51095,46.00899],[10.51122,46.00888],[10.51141,46.00894],[10.51153,46.00916],[10.51189,46.00916],[10.51181,46.00875],[10.51141,46.00849],[10.5115,46.00828],[10.51181,46.00828],[10.51255,46.00876],[10.51287,46.0087],[10.51248,46.00852],[10.51209,46.00812],[10.51182,46.00804],[10.51165,46.00776],[10.5117,46.00745],[10.5116,46.00732],[10.51173,46.00726],[10.51179,46.0067],[10.51201,46.00672],[10.51207,46.00626],[10.51236,46.0061],[10.51174,46.00476],[10.51177,46.00381],[10.51166,46.00343],[10.5113,46.00346],[10.51092,46.00365],[10.51042,46.0036],[10.51019,46.00367]],[[10.49876,46.00149],[10.4982,46.0024],[10.49809,46.00238],[10.49816,46.00215],[10.49856,46.00157],[10.49876,46.00149]],[[10.49618,46.00207],[10.49531,46.00224],[10.49529,46.00219],[10.49547,46.00187],[10.49618,46.00207]],[[10.49434,46.00297],[10.49441,46.00292],[10.49505,46.00332],[10.49672,46.00214],[10.49715,46.00144],[10.49729,46.00063],[10.49744,46.00066],[10.49744,46.00101],[10.49769,46.001],[10.49701,46.00205],[10.49666,46.00244],[10.49506,46.00355],[10.49496,46.00357],[10.49495,46.00345],[10.49448,46.00321],[10.49434,46.00297]],[[10.48804,46.003],[10.48766,46.00307],[10.48753,46.00331],[10.4873,46.00326],[10.48713,46.00307],[10.48755,46.00305],[10.48763,46.00283],[10.4879,46.00272],[10.48825,46.00265],[10.48846,46.00272],[10.48804,46.003]],[[10.50088,46.00073],[10.50137,46.00072],[10.50149,46.00095],[10.50123,46.0011],[10.50097,46.00105],[10.50084,46.00084],[10.50088,46.00073]],[[10.50162,46.00164],[10.50176,46.00153],[10.50269,46.00146],[10.50273,46.0016],[10.50312,46.00162],[10.50325,46.00174],[10.5028,46.002],[10.50271,46.00184],[10.5023,46.00161],[10.50162,46.00164]],[[10.50407,46.00211],[10.50428,46.00207],[10.50444,46.00215],[10.50437,46.00248],[10.50415,46.00251],[10.50403,46.00238],[10.50407,46.00211]],[[10.5043,46.00404],[10.50408,46.00402],[10.50421,46.00388],[10.5043,46.00404]],[[10.49726,46.00335],[10.49718,46.00326],[10.49667,46.00314],[10.49704,46.00305],[10.49758,46.00326],[10.49728,46.00346],[10.49756,46.00355],[10.4976,46.00392],[10.49717,46.00391],[10.49666,46.00347],[10.49726,46.00335]],[[10.49862,46.00435],[10.49825,46.00442],[10.4981,46.00435],[10.49805,46.00412],[10.49779,46.00384],[10.49793,46.00377],[10.49823,46.00384],[10.49862,46.00435]],[[10.49622,46.00468],[10.49634,46.00438],[10.49623,46.00419],[10.49648,46.00417],[10.49668,46.00428],[10.49672,46.00445],[10.49643,46.00451],[10.49622,46.00468]],[[10.49968,46.00551],[10.49997,46.00552],[10.50001,46.00573],[10.49991,46.00581],[10.49947,46.00583],[10.49946,46.00567],[10.49924,46.00556],[10.49925,46.00532],[10.49915,46.00522],[10.49862,46.0051],[10.49826,46.00513],[10.49814,46.00502],[10.49846,46.00476],[10.49889,46.0048],[10.49923,46.00497],[10.49949,46.00484],[10.49973,46.00518],[10.49968,46.00551]],[[10.50507,46.00455],[10.50533,46.00471],[10.50534,46.00491],[10.50469,46.00471],[10.50507,46.00455]],[[10.50898,46.00534],[10.50932,46.00514],[10.50933,46.00533],[10.50996,46.00535],[10.50953,46.00539],[10.50943,46.00559],[10.509,46.00557],[10.50898,46.00534]],[[10.50927,46.00604],[10.51054,46.00614],[10.51024,46.00622],[10.50847,46.00616],[10.50728,46.00596],[10.50683,46.00578],[10.50666,46.00559],[10.50704,46.00561],[10.50737,46.00577],[10.50794,46.00574],[10.50927,46.00604]]],[[[10.50967,46.00955],[10.50846,46.00912],[10.50696,46.0088],[10.50664,46.00906],[10.50688,46.00913],[10.50724,46.00907],[10.50744,46.00941],[10.50714,46.00954],[10.50739,46.0099],[10.50734,46.01018],[10.50795,46.01065],[10.50737,46.01073],[10.50692,46.0105],[10.50634,46.01076],[10.50595,46.01028],[10.50614,46.00953],[10.5061,46.00942],[10.50574,46.0094],[10.5053,46.0088],[10.50502,46.00869],[10.50472,46.00871],[10.50444,46.00839],[10.50413,46.00835],[10.50385,46.00849],[10.50404,46.00884],[10.50396,46.00901],[10.50319,46.00862],[10.50321,46.00813],[10.50314,46.00804],[10.50282,46.00803],[10.50259,46.00787],[10.50194,46.00777],[10.5014,46.00782],[10.50122,46.00797],[10.50117,46.0082],[10.50132,46.00839],[10.50161,46.00844],[10.50189,46.00864],[10.50219,46.00849],[10.50229,46.00858],[10.50157,46.00884],[10.50161,46.00896],[10.50152,46.00907],[10.5011,46.00901],[10.49985,46.00952],[10.49985,46.00985],[10.49963,46.00998],[10.49933,46.01045],[10.49923,46.01175],[10.4993,46.01183],[10.49956,46.0116],[10.49976,46.01126],[10.49993,46.01065],[10.50029,46.01034],[10.50039,46.01002],[10.50054,46.00994],[10.50144,46.00988],[10.50312,46.01024],[10.50397,46.01029],[10.50397,46.01049],[10.50436,46.01085],[10.50519,46.01083],[10.50542,46.01104],[10.5059,46.01108],[10.50665,46.01087],[10.50784,46.01079],[10.50827,46.01063],[10.50859,46.01036],[10.50893,46.01034],[10.50915,46.01014],[10.50866,46.00999],[10.50851,46.0094],[10.50916,46.00949],[10.50949,46.00994],[10.50967,46.00955]]],[[[10.51164,46.00839],[10.51161,46.00849],[10.5121,46.00889],[10.51204,46.00954],[10.51215,46.01016],[10.51191,46.01025],[10.51167,46.01015],[10.51167,46.00976],[10.51137,46.00918],[10.51117,46.00904],[10.5111,46.00914],[10.51194,46.01187],[10.51213,46.01188],[10.51221,46.0117],[10.51246,46.01154],[10.51249,46.01137],[10.51205,46.01068],[10.51303,46.01024],[10.51317,46.00999],[10.51276,46.00978],[10.51236,46.00885],[10.51164,46.00839]]],[[[10.51061,46.00927],[10.51051,46.00944],[10.51006,46.00966],[10.50917,46.01056],[10.50928,46.01074],[10.51006,46.01076],[10.50998,46.01051],[10.51007,46.01036],[10.51093,46.0102],[10.51113,46.01061],[10.51112,46.011],[10.51151,46.01141],[10.51167,46.0121],[10.51181,46.01212],[10.51101,46.00929],[10.51061,46.00927]]],[[[10.50976,46.01139],[10.50927,46.01152],[10.50994,46.01152],[10.51014,46.0114],[10.51043,46.01149],[10.51066,46.01138],[10.51061,46.01113],[10.51041,46.01109],[10.51009,46.01111],[10.50976,46.01139]]],[[[10.506,46.01222],[10.50601,46.01237],[10.50619,46.01259],[10.50674,46.01293],[10.50692,46.01323],[10.50725,46.0135],[10.50728,46.01393],[10.50708,46.01416],[10.50645,46.01427],[10.50592,46.01424],[10.50578,46.01462],[10.50534,46.01431],[10.50548,46.01408],[10.50461,46.01383],[10.50436,46.014],[10.50382,46.01403],[10.50369,46.0143],[10.5033,46.01436],[10.50311,46.01495],[10.50294,46.01498],[10.50283,46.01513],[10.50351,46.01523],[10.50382,46.01495],[10.50409,46.0149],[10.50421,46.01511],[10.50418,46.0154],[10.50428,46.01545],[10.50595,46.01505],[10.50624,46.01544],[10.50627,46.01566],[10.50619,46.01592],[10.5059,46.01606],[10.50466,46.01577],[10.50421,46.01591],[10.50372,46.0164],[10.50328,46.0166],[10.50319,46.01691],[10.50348,46.01713],[10.50344,46.01726],[10.503,46.01757],[10.50294,46.01772],[10.50302,46.01782],[10.50592,46.01743],[10.50702,46.01701],[10.5071,46.01691],[10.50705,46.01673],[10.50762,46.01702],[10.50795,46.01682],[10.50857,46.01675],[10.50891,46.01644],[10.50876,46.01618],[10.5088,46.01602],[10.50917,46.01648],[10.5095,46.01645],[10.50969,46.01628],[10.50982,46.01589],[10.51098,46.01545],[10.51143,46.01509],[10.51092,46.01465],[10.51084,46.01404],[10.51124,46.01406],[10.51165,46.01446],[10.51181,46.01442],[10.51186,46.01429],[10.51197,46.01431],[10.51202,46.01454],[10.51217,46.01455],[10.51266,46.01414],[10.5127,46.01394],[10.5125,46.01346],[10.51198,46.01266],[10.51195,46.01226],[10.51162,46.01228],[10.51154,46.01219],[10.51143,46.01157],[10.51096,46.01103],[10.51078,46.01106],[10.51091,46.01148],[10.51042,46.01172],[10.50826,46.01212],[10.50661,46.01192],[10.50637,46.01197],[10.506,46.01222]]]]},"properties":{"kind":"land","cls":"forest"}},{"type":"Feature","geometry":{"type":"Polygon","coordinates":[[[10.52312,45.99395],[10.52323,45.99379],[10.52315,45.99373],[10.52264,45.99406],[10.52268,45.99415],[10.52312,45.99395]]]},"properties":{"kind":"land","cls":"bare_rock"}},{"type":"Feature","geometry":{"type":"Polygon","coordinates":[[[10.56354,46.07628],[10.56409,46.0753],[10.56403,46.07509],[10.56346,46.07495],[10.56345,46.07484],[10.5637,46.07468],[10.56424,46.07476],[10.5641,46.07454],[10.56358,46.07449],[10.56417,46.07425],[10.56449,46.07432],[10.5645,46.07403],[10.56385,46.07366],[10.56399,46.07346],[10.56457,46.07372],[10.56497,46.07357],[10.56528,46.07265],[10.56575,46.07249],[10.56516,46.07243],[10.56471,46.07312],[10.5643,46.07333],[10.56405,46.07292],[10.56381,46.07283],[10.56352,46.07301],[10.56325,46.07303],[10.56288,46.07286],[10.56277,46.07301],[10.56289,46.0732],[10.56259,46.07333],[10.56276,46.07355],[10.56256,46.07376],[10.56228,46.07372],[10.56223,46.07405],[10.56157,46.07453],[10.56212,46.07456],[10.5618,46.07491],[10.56117,46.07594],[10.56149,46.07595],[10.56181,46.07574],[10.56192,46.07527],[10.56268,46.07595],[10.56354,46.07628]]]},"properties":{"kind":"land","cls":"scrub"}},{"type":"Feature","geometry":{"type":"Polygon","coordinates":[[[10.48065,45.99772],[10.48092,45.99759],[10.48172,45.99746],[10.48051,45.99741],[10.48047,45.9977],[10.48065,45.99772]]]},"properties":{"kind":"land","cls":"forest"}},{"type":"Feature","geometry":{"type":"Polygon","coordinates":[[[10.56406,46.09133],[10.56437,46.09139],[10.5642,46.09115],[10.56429,46.09095],[10.56464,46.09125],[10.56484,46.09114],[10.56467,46.09099],[10.56445,46.09044],[10.56448,46.09024],[10.56436,46.09019],[10.56418,46.09025],[10.5643,46.0905],[10.5641,46.09082],[10.56406,46.09133]]]},"properties":{"kind":"land","cls":"wetland"}},{"type":"Feature","geometry":{"type":"Polygon","coordinates":[[[10.47995,46.08972],[10.47901,46.08853],[10.47803,46.08922],[10.47728,46.08905],[10.47667,46.08923],[10.47626,46.09005],[10.47614,46.09058],[10.47654,46.0914],[10.4782,46.09086],[10.47894,46.09143],[10.48079,46.09099],[10.48206,46.09052],[10.47995,46.08972]]]},"properties":{"kind":"land","cls":"scree"}},{"type":"Feature","geometry":{"type":"Polygon","coordinates":[[[10.54415,46.07278],[10.54365,46.07282],[10.543,46.07308],[10.54307,46.07321],[10.54349,46.07335],[10.54374,46.07319],[10.5439,46.07288],[10.54415,46.07278]]]},"properties":{"kind":"land","cls":"grassland"}},{"type":"Feature","geometry":{"type":"Polygon","coordinates":[[[10.48185,46.02874],[10.4821,46.02863],[10.48249,46.02863],[10.48212,46.02851],[10.4817,46.0287],[10.48185,46.02874]]]},"properties":{"kind":"land","cls":"bare_rock"}},{"type":"Feature","geometry":{"type":"Polygon","coordinates":[[[10.51339,46.05529],[10.51375,46.05492],[10.51379,46.05454],[10.51346,46.05466],[10.51324,46.05515],[10.51328,46.05533],[10.51348,46.05548],[10.51339,46.05529]]]},"properties":{"kind":"land","cls":"forest"}},{"type":"Feature","geometry":{"type":"Polygon","coordinates":[[[10.48753,46.01898],[10.48757,46.01856],[10.48797,46.01861],[10.4879,46.01822],[10.4877,46.01813],[10.48759,46.01825],[10.48744,46.01825],[10.48761,46.01798],[10.48747,46.01789],[10.48748,46.01775],[10.4873,46.01758],[10.48707,46.01759],[10.48697,46.01741],[10.48681,46.01743],[10.4867,46.01722],[10.48592,46.01653],[10.48586,46.01658],[10.48619,46.01703],[10.48639,46.01709],[10.4868,46.01767],[10.48587,46.01674],[10.48579,46.01677],[10.4859,46.017],[10.48567,46.01681],[10.48553,46.01688],[10.48555,46.01704],[10.48533,46.01694],[10.48528,46.01687],[10.48541,46.01664],[10.48512,46.0163],[10.48497,46.01646],[10.48481,46.01647],[10.48462,46.01672],[10.48419,46.01688],[10.484,46.01722],[10.48386,46.01727],[10.48385,46.01716],[10.48368,46.01716],[10.48359,46.01727],[10.48368,46.01732],[10.48368,46.01756],[10.4835,46.0177],[10.4839,46.01787],[10.48433,46.01767],[10.4847,46.01725],[10.48495,46.01727],[10.4846,46.01749],[10.48476,46.01764],[10.48461,46.01775],[10.48463,46.01786],[10.48434,46.01803],[10.48454,46.01813],[10.48439,46.01834],[10.48463,46.01837],[10.48471,46.01858],[10.48452,46.01868],[10.48444,46.01901],[10.48424,46.01916],[10.48432,46.01927],[10.48474,46.01936],[10.48478,46.01961],[10.48499,46.0196],[10.48523,46.01939],[10.48542,46.01937],[10.48587,46.01975],[10.486,46.01933],[10.48627,46.01934],[10.48637,46.01896],[10.48654,46.01906],[10.48672,46.01904],[10.48687,46.01918],[10.48712,46.01911],[10.48722,46.01897],[10.48753,46.01898]]]},"properties":{"kind":"land","cls":"bare_rock"}},{"type":"Feature","geometry":{"type":"Polygon","coordinates":[[[10.57027,46.06372],[10.57157,46.06352],[10.57215,46.0636],[10.57252,46.06391],[10.57325,46.0637],[10.5736,46.06372],[10.5745,46.06426],[10.57395,46.06315],[10.57343,46.06276],[10.57289,46.06269],[10.57252,46.06277],[10.57131,46.06318],[10.57027,46.06372]]]},"properties":{"kind":"land","cls":"glacier","name":"Vedretta del Cop di Breguzzo - 2019"}},{"type":"Feature","geometry":{"type":"Polygon","coordinates":[[[10.50249,46.02772],[10.50193,46.0275],[10.50172,46.02799],[10.50107,46.02773],[10.50082,46.02795],[10.50056,46.02788],[10.50032,46.02795],[10.50075,46.02823],[10.5006,46.02844],[10.50068,46.02853],[10.5012,46.02861],[10.5016,46.0288],[10.50204,46.02922],[10.50252,46.02947],[10.50196,46.02966],[10.50155,46.02959],[10.50173,46.02932],[10.50156,46.0293],[10.5012,46.02947],[10.50092,46.02966],[10.50137,46.02972],[10.50145,46.02985],[10.50197,46.03002],[10.50165,46.03008],[10.50111,46.02992],[10.50133,46.03013],[10.50084,46.03029],[10.50091,46.03042],[10.50136,46.03057],[10.50168,46.03029],[10.50225,46.03032],[10.50241,46.02998],[10.50315,46.02972],[10.50312,46.0294],[10.50324,46.02933],[10.50375,46.02936],[10.50457,46.02958],[10.50435,46.02969],[10.50472,46.02972],[10.50446,46.02982],[10.5046,46.02985],[10.50523,46.02956],[10.50639,46.02929],[10.50624,46.0292],[10.50587,46.02934],[10.50558,46.02929],[10.50548,46.02914],[10.50568,46.02878],[10.50558,46.02828],[10.50491,46.0279],[10.50474,46.0282],[10.50457,46.02824],[10.50422,46.02788],[10.50426,46.02748],[10.50394,46.02757],[10.50362,46.02791],[10.50298,46.02813],[10.50277,46.02795],[10.50263,46.0281],[10.50247,46.02793],[10.50249,46.02772]]]},"properties":{"kind":"land","cls":"scrub"}},{"type":"Feature","geometry":{"type":"Polygon","coordinates":[[[10.52682,46.04568],[10.52723,46.04621],[10.52901,46.0471],[10.5298,46.04697],[10.53015,46.04673],[10.53029,46.04631],[10.53028,46.04602],[10.52981,46.04579],[10.52848,46.04564],[10.52734,46.04504],[10.52682,46.04568]]]},"properties":{"kind":"land","cls":"scree"}},{"type":"Feature","geometry":{"type":"Polygon","coordinates":[[[10.49856,46.00438],[10.49862,46.00429],[10.49823,46.00384],[10.49793,46.00377],[10.49779,46.00384],[10.49805,46.00412],[10.4981,46.00435],[10.49825,46.00442],[10.49856,46.00438]]]},"properties":{"kind":"land","cls":"bare_rock"}},{"type":"Feature","geometry":{"type":"Polygon","coordinates":[[[10.47215,45.98912],[10.47366,45.98889],[10.47377,45.98873],[10.47319,45.98864],[10.47228,45.98881],[10.4718,45.98907],[10.47215,45.98912]]]},"properties":{"kind":"land","cls":"forest"}},{"type":"Feature","geometry":{"type":"Polygon","coordinates":[[[10.50677,46.02041],[10.50725,46.02023],[10.50709,46.02003],[10.50715,46.01998],[10.50739,46.01994],[10.50755,46.02025],[10.50842,46.01986],[10.50877,46.02],[10.50866,46.02022],[10.50898,46.02019],[10.509,46.02035],[10.5092,46.02044],[10.50967,46.02021],[10.50981,46.01991],[10.50972,46.01972],[10.51034,46.01976],[10.51043,46.01962],[10.50967,46.01963],[10.50938,46.01946],[10.50914,46.01954],[10.50903,46.01939],[10.5087,46.01938],[10.50876,46.01927],[10.50937,46.01919],[10.50909,46.01897],[10.50917,46.01882],[10.50895,46.01864],[10.50906,46.01862],[10.50905,46.01851],[10.50888,46.01832],[10.50894,46.01812],[10.50918,46.01793],[10.50886,46.01769],[10.50879,46.01777],[10.50891,46.01792],[10.50854,46.01798],[10.50865,46.01781],[10.50843,46.01776],[10.50825,46.01781],[10.5087,46.01832],[10.50857,46.01856],[10.50829,46.01854],[10.50832,46.01866],[10.50873,46.01896],[10.50874,46.0192],[10.50793,46.01911],[10.50793,46.01896],[10.50813,46.01871],[10.50787,46.01836],[10.50749,46.0184],[10.50717,46.01867],[10.50663,46.01875],[10.50681,46.01897],[10.50672,46.01911],[10.50728,46.01916],[10.50717,46.01938],[10.50726,46.01948],[10.50702,46.01952],[10.50716,46.01978],[10.50667,46.01978],[10.50627,46.01992],[10.50618,46.02008],[10.50642,46.02001],[10.50687,46.02005],[10.50684,46.0202],[10.50671,46.0203],[10.5068,46.02032],[10.50677,46.02041]]]},"properties":{"kind":"land","cls":"bare_rock"}},{"type":"Feature","geometry":{"type":"Polygon","coordinates":[[[10.59865,46.05508],[10.59996,46.05395],[10.59999,46.05371],[10.59983,46.05369],[10.59851,46.0542],[10.59807,46.05422],[10.59762,46.05443],[10.59746,46.05485],[10.59865,46.05508]]]},"properties":{"kind":"land","cls":"wetland"}},{"type":"Feature","geometry":{"type":"Polygon","coordinates":[[[10.50268,46.02524],[10.50268,46.02515],[10.50287,46.02514],[10.50281,46.0253],[10.50287,46.02531],[10.50375,46.02529],[10.50404,46.02515],[10.50389,46.02504],[10.50358,46.02509],[10.50345,46.025],[10.50319,46.02508],[10.50321,46.02491],[10.50382,46.02453],[10.50367,46.02443],[10.5037,46.0241],[10.50355,46.02442],[10.50304,46.02486],[10.50306,46.02499],[10.50242,46.02475],[10.50232,46.02485],[10.50246,46.02511],[10.50221,46.02493],[10.50203,46.02509],[10.50268,46.02524]]]},"properties":{"kind":"land","cls":"scree"}},{"type":"Feature","geometry":{"type":"Polygon","coordinates":[[[10.47856,45.99663],[10.47878,45.99687],[10.47876,45.99665],[10.47901,45.99674],[10.47913,45.99654],[10.4788,45.9965],[10.47884,45.99641],[10.47867,45.99632],[10.47886,45.9961],[10.47926,45.99589],[10.4786,45.99613],[10.47834,45.99596],[10.47834,45.99616],[10.47807,45.99623],[10.47806,45.99633],[10.47786,45.99645],[10.47856,45.99663]]]},"properties":{"kind":"land","cls":"bare_rock"}},{"type":"Feature","geometry":{"type":"Polygon","coordinates":[[[10.51698,46.03889],[10.51763,46.03895],[10.51771,46.03863],[10.51757,46.03852],[10.51728,46.03866],[10.51698,46.03889]]]},"properties":{"kind":"land","cls":"bare_rock"}},{"type":"Feature","geometry":{"type":"Polygon","coordinates":[[[10.4792,46.02364],[10.4794,46.02374],[10.47948,46.02372],[10.47942,46.02367],[10.47949,46.0236],[10.47944,46.02351],[10.4792,46.02364]]]},"properties":{"kind":"land","cls":"bare_rock"}},{"type":"Feature","geometry":{"type":"Polygon","coordinates":[[[10.46997,46.05885],[10.47113,46.05926],[10.47116,46.06029],[10.47227,46.06106],[10.47344,46.06151],[10.47556,46.06066],[10.47828,46.06165],[10.48081,46.0616],[10.48157,46.06209],[10.48122,46.0625],[10.48043,46.06305],[10.48068,46.06408],[10.48112,46.06468],[10.48166,46.06472],[10.48242,46.06518],[10.48397,46.06443],[10.48602,46.06309],[10.48754,46.06157],[10.48502,46.06021],[10.48289,46.06163],[10.48201,46.06046],[10.48103,46.06119],[10.47929,46.06097],[10.47818,46.06013],[10.4785,46.05921],[10.47654,46.05785],[10.4779,46.05669],[10.47891,46.05542],[10.47907,46.05434],[10.47676,46.0543],[10.47657,46.05548],[10.47471,46.05616],[10.47341,46.05704],[10.47189,46.05741],[10.47173,46.05693],[10.47205,46.05618],[10.47214,46.05531],[10.47126,46.05469],[10.46997,46.05476],[10.46997,46.05885]]]},"properties":{"kind":"land","cls":"scree"}},{"type":"Feature","geometry":{"type":"Polygon","coordinates":[[[10.48044,46.02184],[10.48032,46.02182],[10.48033,46.02195],[10.48023,46.02199],[10.48015,46.02181],[10.48006,46.02181],[10.48007,46.02206],[10.48045,46.02205],[10.48044,46.02184]]]},"properties":{"kind":"land","cls":"bare_rock"}},{"type":"Feature","geometry":{"type":"Polygon","coordinates":[[[10.50617,45.98962],[10.50563,45.98952],[10.50532,45.98959],[10.50595,45.99007],[10.50652,45.99034],[10.50671,45.99033],[10.50667,45.99016],[10.50632,45.99002],[10.50617,45.98962]]]},"properties":{"kind":"land","cls":"scree"}},{"type":"Feature","geometry":{"type":"Polygon","coordinates":[[[10.47058,45.99724],[10.47106,45.99739],[10.47134,45.99734],[10.47163,45.99746],[10.47162,45.99714],[10.47218,45.99704],[10.47226,45.99731],[10.47269,45.99711],[10.47281,45.99682],[10.47343,45.9966],[10.47344,45.99642],[10.47336,45.99627],[10.47305,45.99621],[10.47251,45.99638],[10.47228,45.99663],[10.4716,45.99669],[10.47095,45.99697],[10.47063,45.9969],[10.47038,45.99665],[10.46997,45.99689],[10.46997,45.99736],[10.47058,45.99724]]]},"properties":{"kind":"land","cls":"scree"}},{"type":"Feature","geometry":{"type":"Polygon","coordinates":[[[10.51136,46.0202],[10.51162,46.02023],[10.51149,46.01987],[10.51133,46.02007],[10.51136,46.0202]]]},"properties":{"kind":"land","cls":"bare_rock"}},{"type":"Feature","geometry":{"type":"Polygon","coordinates":[[[10.55046,46.05657],[10.55103,46.05662],[10.55067,46.05679],[10.55049,46.05677],[10.55044,46.05693],[10.55052,46.05702],[10.551,46.05696],[10.55127,46.05674],[10.55144,46.05693],[10.55184,46.05688],[10.55191,46.05683],[10.55172,46.0566],[10.5518,46.05645],[10.5521,46.05629],[10.552,46.056],[10.55233,46.0558],[10.5522,46.0558],[10.55216,46.05567],[10.55185,46.05594],[10.55167,46.05597],[10.55161,46.05627],[10.5517,46.0564],[10.5511,46.05642],[10.55107,46.0562],[10.55089,46.05643],[10.55046,46.05657]]]},"properties":{"kind":"land","cls":"scree"}},{"type":"Feature","geometry":{"type":"Polygon","coordinates":[[[10.51595,45.99237],[10.51591,45.99224],[10.51567,45.99229],[10.51566,45.99236],[10.51617,45.99258],[10.51644,45.99254],[10.51595,45.99237]]]},"properties":{"kind":"land","cls":"bare_rock"}},{"type":"Feature","geometry":{"type":"Polygon","coordinates":[[[10.47218,46.02904],[10.47214,46.0288],[10.47231,46.02865],[10.47202,46.02861],[10.47204,46.02852],[10.47185,46.02851],[10.47186,46.02867],[10.47156,46.02882],[10.47161,46.02891],[10.47171,46.02884],[10.47191,46.02891],[10.47184,46.029],[10.47195,46.02894],[10.47218,46.02904]]]},"properties":{"kind":"land","cls":"scree"}},{"type":"Feature","geometry":{"type":"Polygon","coordinates":[[[10.5071,46.03672],[10.50808,46.03699],[10.50824,46.03698],[10.50825,46.03687],[10.50877,46.03704],[10.50902,46.03701],[10.50896,46.03686],[10.50857,46.03664],[10.50835,46.03632],[10.50758,46.03648],[10.50769,46.0368],[10.5071,46.03672]]]},"properties":{"kind":"land","cls":"bare_rock"}},{"type":"Feature","geometry":{"type":"Polygon","coordinates":[[[10.47095,46.09569],[10.47156,46.09499],[10.47175,46.09444],[10.47117,46.09316],[10.46997,46.09307],[10.46997,46.09612],[10.47095,46.09569]]]},"properties":{"kind":"land","cls":"scree"}},{"type":"Feature","geometry":{"type":"Polygon","coordinates":[[[10.47004,46.02529],[10.47037,46.02535],[10.47042,46.02553],[10.47061,46.02549],[10.47041,46.02533],[10.47022,46.02486],[10.47054,46.02473],[10.47009,46.02457],[10.46999,46.02471],[10.47009,46.0251],[10.46997,46.0252],[10.46997,46.02537],[10.47004,46.02529]]]},"properties":{"kind":"land","cls":"scree"}},{"type":"Feature","geometry":{"type":"Polygon","coordinates":[[[10.50383,46.04382],[10.504,46.04387],[10.50366,46.04409],[10.50356,46.04431],[10.50387,46.04421],[10.50425,46.04366],[10.50384,46.04373],[10.50383,46.04382]]]},"properties":{"kind":"land","cls":"scree"}},{"type":"Feature","geometry":{"type":"Polygon","coordinates":[[[10.51338,46.03426],[10.51296,46.03455],[10.51259,46.03432],[10.51252,46.03454],[10.5122,46.03459],[10.51203,46.03475],[10.51201,46.03522],[10.51215,46.03554],[10.51279,46.0352],[10.51338,46.03426]]]},"properties":{"kind":"land","cls":"wetland"}},{"type":"Feature","geometry":{"type":"Polygon","coordinates":[[[10.51115,46.02495],[10.5115,46.02445],[10.51145,46.02399],[10.5113,46.0239],[10.51121,46.02431],[10.51127,46.0245],[10.51091,46.0248],[10.51083,46.02501],[10.51115,46.02495]]]},"properties":{"kind":"land","cls":"bare_rock"}},{"type":"Feature","geometry":{"type":"Polygon","coordinates":[[[10.59254,46.09702],[10.59291,46.09646],[10.59227,46.09573],[10.5931,46.09466],[10.59173,46.09298],[10.59153,46.09258],[10.59166,46.09203],[10.59248,46.09176],[10.59198,46.08993],[10.59148,46.08878],[10.59197,46.08867],[10.59104,46.08828],[10.58966,46.0872],[10.58895,46.08687],[10.58666,46.08649],[10.58639,46.08665],[10.58502,46.08629],[10.58282,46.08607],[10.58001,46.08609],[10.579,46.086],[10.57777,46.08615],[10.5772,46.08636],[10.57666,46.08699],[10.57677,46.0873],[10.57645,46.08721],[10.5761,46.0876],[10.57644,46.08769],[10.57636,46.08787],[10.57605,46.08798],[10.57582,46.08823],[10.57552,46.08828],[10.57527,46.08855],[10.57555,46.08856],[10.57581,46.08843],[10.57576,46.08869],[10.57588,46.08868],[10.57616,46.08833],[10.57623,46.08865],[10.57653,46.0887],[10.57705,46.08793],[10.57734,46.08791],[10.57711,46.08814],[10.57723,46.08842],[10.57733,46.0884],[10.57758,46.08797],[10.57783,46.0879],[10.5785,46.08724],[10.57847,46.08673],[10.57934,46.08662],[10.57945,46.08689],[10.57989,46.08685],[10.5822,46.08717],[10.58278,46.08733],[10.58349,46.08734],[10.58568,46.08781],[10.5861,46.08816],[10.58495,46.08918],[10.58523,46.08931],[10.58683,46.08938],[10.58695,46.08977],[10.58692,46.09019],[10.58762,46.09065],[10.58875,46.09104],[10.58795,46.09152],[10.58812,46.09189],[10.58971,46.09286],[10.59041,46.09347],[10.59064,46.09407],[10.59048,46.09477],[10.5905,46.09522],[10.59,46.09593],[10.58877,46.09595],[10.58681,46.09583],[10.58566,46.09598],[10.58549,46.09621],[10.58385,46.09704],[10.58952,46.09704],[10.58947,46.09682],[10.58985,46.09634],[10.59054,46.09665],[10.5907,46.09704],[10.59254,46.09702]],[[10.58741,46.08692],[10.58803,46.08716],[10.58788,46.08733],[10.58753,46.08747],[10.58746,46.08777],[10.58709,46.0878],[10.58668,46.08736],[10.587,46.08731],[10.58684,46.087],[10.58741,46.08692]]]},"properties":{"kind":"land","cls":"scree"}},{"type":"Feature","geometry":{"type":"MultiPolygon","coordinates":[[[[10.52674,46.01823],[10.52651,46.01825],[10.52656,46.01843],[10.52674,46.01828],[10.52701,46.01826],[10.52692,46.01804],[10.52708,46.01804],[10.52675,46.01758],[10.52726,46.01767],[10.52707,46.01747],[10.52723,46.01746],[10.52745,46.0171],[10.52756,46.01728],[10.52781,46.01736],[10.52821,46.01679],[10.52858,46.01701],[10.52853,46.01664],[10.52785,46.01663],[10.52773,46.01654],[10.52744,46.01662],[10.52739,46.01652],[10.52731,46.01674],[10.52717,46.01678],[10.52715,46.01696],[10.52675,46.01736],[10.52647,46.01738],[10.52677,46.01807],[10.52674,46.01823]]],[[[10.52602,46.01856],[10.52631,46.01865],[10.52619,46.01873],[10.52654,46.01867],[10.52641,46.01847],[10.52642,46.01828],[10.52613,46.01793],[10.52591,46.01815],[10.52588,46.01838],[10.52602,46.01856]]],[[[10.51397,46.00974],[10.51461,46.00937],[10.51456,46.00933],[10.51486,46.00927],[10.51482,46.0092],[10.5145,46.0091],[10.51398,46.00926],[10.51355,46.01003],[10.51371,46.01009],[10.51397,46.00974]]],[[[10.52441,46.01931],[10.52451,46.0195],[10.52461,46.0194],[10.52488,46.01944],[10.52498,46.01937],[10.5248,46.01935],[10.52481,46.01927],[10.52504,46.01921],[10.52486,46.01899],[10.52456,46.01891],[10.52441,46.01931]]],[[[10.52382,46.02071],[10.5238,46.02051],[10.52392,46.02043],[10.52411,46.02048],[10.52401,46.02028],[10.52367,46.02028],[10.52394,46.0202],[10.52381,46.02006],[10.52384,46.01967],[10.5241,46.01954],[10.52426,46.01958],[10.52424,46.01972],[10.52395,46.01989],[10.52416,46.02006],[10.52439,46.01994],[10.52444,46.01975],[10.52466,46.01963],[10.52399,46.01949],[10.52384,46.01933],[10.52394,46.01915],[10.52424,46.01911],[10.52428,46.01904],[10.52413,46.01896],[10.52435,46.01881],[10.52425,46.01872],[10.52386,46.01866],[10.52358,46.01841],[10.52372,46.01832],[10.52404,46.01842],[10.52407,46.01833],[10.52387,46.01812],[10.52331,46.01817],[10.52327,46.01828],[10.5234,46.0184],[10.52321,46.01846],[10.5228,46.0184],[10.52279,46.0182],[10.52239,46.01813],[10.52254,46.01797],[10.52219,46.01791],[10.52262,46.01775],[10.52248,46.01762],[10.52264,46.01758],[10.52207,46.01737],[10.52185,46.01742],[10.52196,46.01724],[10.52254,46.01711],[10.5226,46.01722],[10.52241,46.01735],[10.52259,46.01743],[10.52287,46.01735],[10.52345,46.01753],[10.52371,46.01775],[10.52403,46.01757],[10.52419,46.01814],[10.52431,46.01819],[10.52467,46.01805],[10.52449,46.01827],[10.52456,46.01838],[10.52493,46.01808],[10.5251,46.01809],[10.52514,46.01823],[10.52495,46.01846],[10.52528,46.01886],[10.52546,46.01867],[10.52545,46.01835],[10.52574,46.01823],[10.52569,46.01794],[10.52555,46.01787],[10.52539,46.01805],[10.52527,46.01804],[10.52463,46.01768],[10.52444,46.01742],[10.52394,46.01716],[10.52387,46.01698],[10.52308,46.01658],[10.52299,46.01636],[10.52332,46.01626],[10.52273,46.01609],[10.52271,46.01597],[10.52251,46.01597],[10.52206,46.01539],[10.52155,46.0153],[10.52056,46.0147],[10.5205,46.01444],[10.52012,46.01398],[10.52045,46.01405],[10.52084,46.01447],[10.52127,46.0146],[10.5215,46.01448],[10.52226,46.01491],[10.52143,46.01469],[10.52134,46.01478],[10.52138,46.0149],[10.52238,46.01512],[10.52246,46.01498],[10.52277,46.01503],[10.52341,46.01538],[10.52375,46.01545],[10.52378,46.01554],[10.52353,46.01559],[10.52354,46.01566],[10.52448,46.01594],[10.52445,46.01611],[10.52472,46.01623],[10.52468,46.01637],[10.52488,46.01634],[10.52482,46.01655],[10.52516,46.01684],[10.52555,46.01652],[10.52562,46.01622],[10.52579,46.0162],[10.52591,46.01602],[10.52609,46.01602],[10.52531,46.01694],[10.52584,46.01723],[10.52584,46.01737],[10.52657,46.01663],[10.52633,46.01664],[10.52588,46.01712],[10.52575,46.01705],[10.52589,46.01694],[10.52599,46.01666],[10.52623,46.01649],[10.52675,46.01638],[10.52674,46.01617],[10.52682,46.01606],[10.52657,46.01586],[10.52671,46.01575],[10.5269,46.01579],[10.52677,46.01561],[10.52521,46.01524],[10.52439,46.01486],[10.52396,46.01483],[10.52378,46.01465],[10.52331,46.01452],[10.52328,46.01439],[10.52253,46.01411],[10.52084,46.01322],[10.52013,46.01209],[10.51993,46.01194],[10.51932,46.01166],[10.51768,46.0113],[10.51682,46.01079],[10.51584,46.01052],[10.5155,46.0103],[10.51527,46.01035],[10.51495,46.01008],[10.51483,46.01007],[10.51471,46.01033],[10.51459,46.01035],[10.51441,46.01015],[10.51447,46.0099],[10.51414,46.00982],[10.51392,46.01019],[10.51304,46.01045],[10.5125,46.01082],[10.51271,46.0115],[10.51253,46.01177],[10.51242,46.01231],[10.51308,46.01471],[10.51352,46.01573],[10.51359,46.02174],[10.51348,46.02266],[10.51421,46.02652],[10.51399,46.02726],[10.51412,46.02745],[10.51499,46.02778],[10.51563,46.02815],[10.51665,46.02823],[10.51737,46.02862],[10.51863,46.029],[10.51993,46.02867],[10.52219,46.02787],[10.52277,46.02727],[10.52208,46.02717],[10.52204,46.02685],[10.52294,46.02647],[10.52313,46.02616],[10.52366,46.02571],[10.52399,46.02519],[10.5237,46.02481],[10.52397,46.02413],[10.52398,46.02343],[10.52352,46.02267],[10.52364,46.02203],[10.52328,46.02133],[10.52303,46.02041],[10.52308,46.02028],[10.52284,46.01985],[10.52337,46.02026],[10.52338,46.02052],[10.52365,46.02063],[10.52346,46.02074],[10.52344,46.02085],[10.52355,46.02089],[10.52382,46.02071]],[[10.51571,46.02742],[10.51555,46.02755],[10.51532,46.02753],[10.51513,46.02726],[10.51525,46.02715],[10.51562,46.02719],[10.51571,46.02742]]]]},"properties":{"kind":"land","cls":"forest"}},{"type":"Feature","geometry":{"type":"Polygon","coordinates":[[[10.50152,46.02339],[10.50205,46.02314],[10.50247,46.0228],[10.50241,46.02269],[10.50161,46.02302],[10.50143,46.0232],[10.50143,46.02334],[10.50152,46.02339]]]},"properties":{"kind":"land","cls":"scree"}},{"type":"Feature","geometry":{"type":"Polygon","coordinates":[[[10.50323,46.00791],[10.50438,46.00822],[10.50512,46.00832],[10.5051,46.00822],[10.50455,46.00816],[10.50433,46.00784],[10.5044,46.00813],[10.5031,46.00778],[10.50323,46.00791]]]},"properties":{"kind":"land","cls":"scree"}},{"type":"Feature","geometry":{"type":"Polygon","coordinates":[[[10.48311,45.99792],[10.48231,45.99788],[10.48239,45.99814],[10.48208,45.998],[10.48217,45.99821],[10.48275,45.99831],[10.4827,45.99855],[10.48285,45.99871],[10.48296,45.99869],[10.48294,45.99854],[10.48335,45.99849],[10.48354,45.99831],[10.48311,45.99792]]]},"properties":{"kind":"land","cls":"bare_rock"}},{"type":"Feature","geometry":{"type":"Polygon","coordinates":[[[10.51181,46.04542],[10.51191,46.0455],[10.51202,46.04543],[10.51196,46.04379],[10.51211,46.04334],[10.51171,46.04243],[10.51181,46.04542]]]},"properties":{"kind":"land","cls":"forest"}},{"type":"Feature","geometry":{"type":"Polygon","coordinates":[[[10.50918,46.07442],[10.50994,46.07515],[10.51078,46.07575],[10.51154,46.07664],[10.5124,46.07686],[10.51481,46.07664],[10.51489,46.07798],[10.51547,46.07852],[10.51647,46.07908],[10.51679,46.07872],[10.51699,46.07812],[10.51753,46.0779],[10.5179,46.07819],[10.51901,46.07941],[10.52064,46.07905],[10.52402,46.07744],[10.52421,46.07728],[10.52298,46.0772],[10.52173,46.07788],[10.5209,46.07845],[10.51995,46.07884],[10.51866,46.07802],[10.5185,46.07783],[10.51855,46.07726],[10.51881,46.07681],[10.51872,46.07648],[10.51749,46.07612],[10.51684,46.07633],[10.51589,46.07633],[10.51304,46.07502],[10.51197,46.0749],[10.51068,46.07422],[10.51044,46.07368],[10.50918,46.07442]]]},"properties":{"kind":"land","cls":"scree"}},{"type":"Feature","geometry":{"type":"Polygon","coordinates":[[[10.53609,46.02201],[10.53619,46.02219],[10.53602,46.02259],[10.53635,46.02271],[10.53634,46.02262],[10.53653,46.02263],[10.53701,46.02295],[10.53717,46.02278],[10.53694,46.02264],[10.5368,46.02229],[10.5372,46.02192],[10.53744,46.02209],[10.53744,46.02225],[10.53764,46.02239],[10.53816,46.02242],[10.53818,46.02263],[10.53805,46.02273],[10.53855,46.02337],[10.53822,46.02383],[10.53832,46.02415],[10.53872,46.02409],[10.53908,46.02385],[10.5394,46.02379],[10.53963,46.02342],[10.53975,46.02295],[10.53889,46.02234],[10.53791,46.02218],[10.53782,46.02204],[10.5373,46.02171],[10.53663,46.02166],[10.53609,46.02201]]]},"properties":{"kind":"land","cls":"forest"}},{"type":"Feature","geometry":{"type":"Polygon","coordinates":[[[10.55746,46.08285],[10.55787,46.08233],[10.55774,46.08212],[10.55753,46.082],[10.5554,46.08178],[10.55589,46.08191],[10.55606,46.0822],[10.55585,46.08239],[10.55725,46.08297],[10.55749,46.08298],[10.55746,46.08285]]]},"properties":{"kind":"land","cls":"scrub"}},{"type":"Feature","geometry":{"type":"Polygon","coordinates":[[[10.55441,46.05279],[10.55359,46.05303],[10.55284,46.05286],[10.55274,46.05344],[10.55232,46.05373],[10.55095,46.05299],[10.55045,46.05307],[10.54928,46.05294],[10.54851,46.05335],[10.54846,46.05425],[10.54826,46.05432],[10.54692,46.05423],[10.54755,46.05509],[10.54674,46.05514],[10.54624,46.05541],[10.54597,46.05503],[10.54533,46.05503],[10.54503,46.05551],[10.54514,46.0556],[10.54545,46.05558],[10.54549,46.05577],[10.54488,46.05607],[10.545,46.05629],[10.54545,46.05629],[10.54576,46.05606],[10.54615,46.05628],[10.54643,46.05708],[10.5469,46.05598],[10.54771,46.05545],[10.54791,46.05536],[10.54828,46.05537],[10.5482,46.05512],[10.54846,46.05494],[10.54921,46.055],[10.5493,46.05476],[10.5494,46.05476],[10.54946,46.05488],[10.54935,46.05499],[10.5495,46.05497],[10.55006,46.0546],[10.55019,46.05463],[10.55019,46.05473],[10.55057,46.0547],[10.55088,46.05486],[10.55129,46.05491],[10.55152,46.05474],[10.55172,46.05477],[10.55191,46.05458],[10.55229,46.05452],[10.5524,46.05455],[10.5524,46.0547],[10.55254,46.05479],[10.55284,46.0547],[10.55412,46.05569],[10.55507,46.05555],[10.55656,46.05571],[10.55569,46.05641],[10.55584,46.05655],[10.55867,46.05655],[10.55918,46.05696],[10.56065,46.05727],[10.56176,46.05716],[10.56331,46.05633],[10.56522,46.05575],[10.56822,46.05646],[10.56892,46.0574],[10.56877,46.05791],[10.56808,46.05847],[10.56782,46.05889],[10.56593,46.05962],[10.56227,46.05992],[10.56205,46.06046],[10.56191,46.06211],[10.56073,46.06347],[10.55733,46.06379],[10.55585,46.06423],[10.55504,46.06435],[10.55379,46.06365],[10.55286,46.06372],[10.55249,46.06414],[10.55229,46.06454],[10.55229,46.06492],[10.55324,46.06504],[10.55406,46.06497],[10.55472,46.06469],[10.55593,46.06458],[10.55765,46.06422],[10.56241,46.06364],[10.5637,46.06339],[10.56457,46.0628],[10.56325,46.06089],[10.56337,46.06025],[10.5652,46.06148],[10.56618,46.06177],[10.56904,46.06186],[10.57038,46.06168],[10.57119,46.06101],[10.57198,46.06157],[10.5719,46.0618],[10.57256,46.06142],[10.57283,46.06114],[10.57273,46.06064],[10.57358,46.05869],[10.57386,46.05744],[10.5735,46.05653],[10.57333,46.05525],[10.57258,46.0547],[10.57146,46.05417],[10.57056,46.05437],[10.57033,46.05454],[10.56696,46.05407],[10.56587,46.05405],[10.56523,46.05357],[10.56516,46.05169],[10.56537,46.05057],[10.56539,46.04986],[10.56566,46.04958],[10.56521,46.04956],[10.56496,46.04934],[10.56455,46.0492],[10.56391,46.0492],[10.56355,46.04904],[10.56262,46.04901],[10.5607,46.04957],[10.5603,46.04892],[10.55991,46.04874],[10.55943,46.04864],[10.55837,46.04869],[10.55792,46.04861],[10.55695,46.04863],[10.55656,46.04874],[10.55594,46.04856],[10.55426,46.04836],[10.55361,46.0481],[10.55276,46.04847],[10.54936,46.04945],[10.54755,46.05038],[10.54815,46.05187],[10.54855,46.05189],[10.54955,46.05167],[10.5503,46.05166],[10.55157,46.05213],[10.55234,46.05199],[10.55349,46.05161],[10.55482,46.05149],[10.55491,46.05239],[10.55441,46.05279]]]},"properties":{"kind":"land","cls":"scree"}},{"type":"Feature","geometry":{"type":"Polygon","coordinates":[[[10.5028,46.00771],[10.50283,46.00779],[10.5026,46.0078],[10.50259,46.00787],[10.50282,46.00803],[10.50314,46.00804],[10.50321,46.00813],[10.50319,46.00862],[10.50396,46.00901],[10.50404,46.00884],[10.50384,46.00858],[10.50397,46.00841],[10.5039,46.00831],[10.50379,46.00826],[10.50359,46.0084],[10.5036,46.00829],[10.5031,46.00778],[10.5028,46.00771]]]},"properties":{"kind":"land","cls":"bare_rock"}},{"type":"Feature","geometry":{"type":"Polygon","coordinates":[[[10.50462,46.00826],[10.50463,46.00855],[10.50472,46.00871],[10.50517,46.00872],[10.50574,46.0094],[10.5061,46.00942],[10.50614,46.00953],[10.50595,46.01028],[10.50634,46.01076],[10.50692,46.0105],[10.50737,46.01073],[10.50795,46.01065],[10.50734,46.01018],[10.50739,46.0099],[10.50714,46.00954],[10.50744,46.00941],[10.50724,46.00907],[10.50688,46.00913],[10.50664,46.00906],[10.50696,46.0088],[10.50512,46.00832],[10.50462,46.00826]]]},"properties":{"kind":"land","cls":"bare_rock"}},{"type":"Feature","geometry":{"type":"Polygon","coordinates":[[[10.52599,45.99179],[10.52639,45.99172],[10.52644,45.99201],[10.52657,45.99209],[10.52662,45.99202],[10.52686,45.99214],[10.52696,45.99205],[10.52692,45.99189],[10.52655,45.99167],[10.52668,45.99163],[10.52664,45.99152],[10.52639,45.99144],[10.5263,45.99124],[10.52649,45.9912],[10.52643,45.99112],[10.52583,45.99072],[10.52617,45.99105],[10.52617,45.99117],[10.52604,45.9912],[10.52625,45.99142],[10.52627,45.99152],[10.52593,45.99171],[10.52599,45.99179]]]},"properties":{"kind":"land","cls":"bare_rock"}},{"type":"Feature","geometry":{"type":"Polygon","coordinates":[[[10.53048,46.0798],[10.53017,46.07996],[10.53,46.08021],[10.52997,46.08047],[10.53009,46.08068],[10.5308,46.08077],[10.53146,46.08055],[10.53192,46.08053],[10.53232,46.08028],[10.53257,46.07951],[10.53191,46.07982],[10.53191,46.08005],[10.53179,46.08017],[10.53116,46.07965],[10.53048,46.0798]]]},"properties":{"kind":"land","cls":"scree"}},{"type":"Feature","geometry":{"type":"Polygon","coordinates":[[[10.5206,45.99312],[10.52096,45.99312],[10.52089,45.9932],[10.52119,45.99323],[10.52123,45.99338],[10.52138,45.9933],[10.52167,45.99333],[10.52164,45.99323],[10.52125,45.99314],[10.52156,45.9931],[10.52155,45.99302],[10.52103,45.99301],[10.52109,45.99289],[10.52099,45.99283],[10.52089,45.99289],[10.52046,45.9927],[10.52035,45.99292],[10.5206,45.99312]]]},"properties":{"kind":"land","cls":"bare_rock"}},{"type":"Feature","geometry":{"type":"Polygon","coordinates":[[[10.48242,46.02496],[10.48228,46.02489],[10.48235,46.02472],[10.4821,46.02456],[10.48215,46.02442],[10.48229,46.02443],[10.48242,46.0243],[10.48215,46.02401],[10.48197,46.024],[10.48194,46.0241],[10.48175,46.02403],[10.48182,46.02412],[10.48152,46.02429],[10.48147,46.02449],[10.48138,46.02444],[10.48137,46.02416],[10.48135,46.02454],[10.48143,46.02462],[10.48165,46.02453],[10.48194,46.02457],[10.48209,46.02472],[10.48168,46.02469],[10.48192,46.02488],[10.48208,46.02481],[10.48204,46.02497],[10.48242,46.02496]]]},"properties":{"kind":"land","cls":"bare_rock"}},{"type":"Feature","geometry":{"type":"Polygon","coordinates":[[[10.49684,46.03662],[10.49574,46.03586],[10.49508,46.03509],[10.49429,46.03499],[10.49386,46.0348],[10.49241,46.03469],[10.49204,46.03444],[10.49178,46.03484],[10.49131,46.03502],[10.49128,46.03529],[10.4908,46.03562],[10.49019,46.0358],[10.48983,46.03614],[10.48953,46.03693],[10.48992,46.03729],[10.49161,46.03782],[10.49257,46.03775],[10.4935,46.0369],[10.4943,46.03668],[10.49495,46.03698],[10.49524,46.03724],[10.49597,46.03719],[10.4962,46.03743],[10.49689,46.03778],[10.4971,46.03822],[10.49794,46.03864],[10.49809,46.03832],[10.49733,46.03755],[10.49712,46.03744],[10.49684,46.03662]]]},"properties":{"kind":"land","cls":"scree"}},{"type":"Feature","geometry":{"type":"Polygon","coordinates":[[[10.54028,46.02315],[10.54013,46.02398],[10.53986,46.02443],[10.54058,46.0245],[10.54069,46.02475],[10.54057,46.02496],[10.54026,46.02489],[10.53951,46.02494],[10.53934,46.02502],[10.53947,46.02526],[10.53987,46.02531],[10.54081,46.02518],[10.54072,46.02532],[10.54093,46.0256],[10.54103,46.02531],[10.5411,46.02426],[10.54161,46.02496],[10.54256,46.02517],[10.54284,46.02534],[10.54281,46.02497],[10.54298,46.0246],[10.54206,46.02386],[10.54159,46.02416],[10.54088,46.0235],[10.54028,46.02315]]]},"properties":{"kind":"land","cls":"forest"}},{"type":"Feature","geometry":{"type":"Polygon","coordinates":[[[10.58684,46.087],[10.587,46.08731],[10.58668,46.08736],[10.58709,46.0878],[10.58746,46.08777],[10.58753,46.08747],[10.58788,46.08733],[10.58803,46.08716],[10.58741,46.08692],[10.58684,46.087]]]},"properties":{"kind":"land","cls":"bare_rock"}},{"type":"Feature","geometry":{"type":"Polygon","coordinates":[[[10.54368,46.05961],[10.54369,46.05919],[10.54387,46.05877],[10.54421,46.05855],[10.54396,46.05834],[10.54335,46.05841],[10.54271,46.05899],[10.54278,46.05865],[10.54304,46.05816],[10.54243,46.05824],[10.54186,46.05866],[10.54187,46.05899],[10.54302,46.05958],[10.54323,46.06032],[10.54368,46.05961]]]},"properties":{"kind":"land","cls":"grassland"}},{"type":"Feature","geometry":{"type":"MultiPolygon","coordinates":[[[[10.60009,46.0811],[10.59807,46.08075],[10.59679,46.08097],[10.59563,46.08102],[10.59534,46.08117],[10.59519,46.0814],[10.59417,46.08157],[10.59344,46.08185],[10.59301,46.08344],[10.59315,46.08396],[10.5939,46.08432],[10.59335,46.08508],[10.59332,46.08559],[10.59293,46.08621],[10.59288,46.08654],[10.59315,46.08687],[10.59437,46.08668],[10.59577,46.08698],[10.59679,46.08704],[10.59909,46.0881],[10.59865,46.08848],[10.59776,46.08843],[10.59721,46.08819],[10.59648,46.08764],[10.59574,46.08759],[10.59543,46.08813],[10.59493,46.08804],[10.59449,46.08739],[10.59414,46.08732],[10.59379,46.08769],[10.59353,46.08771],[10.59362,46.08808],[10.59405,46.08849],[10.59414,46.0888],[10.59349,46.0892],[10.59371,46.08951],[10.59481,46.08965],[10.59562,46.08957],[10.59666,46.08966],[10.59914,46.09012],[10.60009,46.09042],[10.60009,46.0811]]],[[[10.60009,46.09346],[10.59851,46.09426],[10.59799,46.09388],[10.59794,46.09312],[10.599,46.09269],[10.5996,46.09228],[10.59911,46.09194],[10.59858,46.09138],[10.59659,46.09091],[10.59557,46.09045],[10.59415,46.0901],[10.59337,46.09018],[10.59337,46.09091],[10.59405,46.09187],[10.5947,46.09235],[10.59537,46.09269],[10.59537,46.09318],[10.59507,46.09291],[10.59441,46.09268],[10.59416,46.0927],[10.59425,46.09313],[10.59449,46.09357],[10.59393,46.09484],[10.59393,46.09516],[10.59421,46.09574],[10.59499,46.09618],[10.5948,46.0967],[10.59537,46.09704],[10.60009,46.09704],[10.60009,46.09346]]]]},"properties":{"kind":"land","cls":"scree"}},{"type":"Feature","geometry":{"type":"Polygon","coordinates":[[[10.48296,46.02588],[10.48318,46.0255],[10.48301,46.02557],[10.48281,46.02543],[10.48276,46.02553],[10.48298,46.02572],[10.48286,46.0258],[10.48296,46.02588]]]},"properties":{"kind":"land","cls":"bare_rock"}},{"type":"Feature","geometry":{"type":"Polygon","coordinates":[[[10.52174,45.99864],[10.52162,45.99869],[10.52267,45.99893],[10.52421,45.99851],[10.52483,45.99853],[10.52593,45.99896],[10.5265,45.9994],[10.52704,45.99957],[10.52743,45.99958],[10.52772,45.99942],[10.52778,45.99924],[10.52756,45.9988],[10.52755,45.99857],[10.52812,45.99835],[10.52909,45.99823],[10.52923,45.99831],[10.52936,45.99878],[10.5298,45.9997],[10.53007,45.9997],[10.53029,45.9995],[10.53034,45.99932],[10.53003,45.99889],[10.5301,45.99864],[10.52973,45.99808],[10.52982,45.9978],[10.52956,45.99782],[10.52945,45.99767],[10.52789,45.99821],[10.52788,45.99839],[10.52761,45.9985],[10.52741,45.9983],[10.52685,45.99843],[10.5247,45.99821],[10.5239,45.99839],[10.5237,45.99864],[10.52301,45.99883],[10.52174,45.99864]]]},"properties":{"kind":"land","cls":"bare_rock","name":"Scoglio di Boazzo"}},{"type":"Feature","geometry":{"type":"Polygon","coordinates":[[[10.56528,46.09347],[10.5652,46.09398],[10.56526,46.09416],[10.56513,46.09449],[10.56523,46.09466],[10.56513,46.09503],[10.56528,46.09531],[10.56551,46.09541],[10.5658,46.09539],[10.56647,46.09503],[10.56685,46.09527],[10.56714,46.09505],[10.56672,46.09489],[10.56615,46.09483],[10.56588,46.09459],[10.56577,46.0946],[10.56569,46.09475],[10.56548,46.09464],[10.56567,46.09365],[10.56592,46.09348],[10.5659,46.0928],[10.56528,46.09347]]]},"properties":{"kind":"land","cls":"grassland"}},{"type":"Feature","geometry":{"type":"Polygon","coordinates":[[[10.48316,46.0266],[10.48302,46.02652],[10.48293,46.02666],[10.48301,46.02682],[10.48319,46.02682],[10.48316,46.0266]]]},"properties":{"kind":"land","cls":"bare_rock"}},{"type":"Feature","geometry":{"type":"Polygon","coordinates":[[[10.509,46.04174],[10.50907,46.0419],[10.50945,46.0415],[10.50939,46.04131],[10.50924,46.04123],[10.50924,46.04109],[10.50914,46.04106],[10.50846,46.04138],[10.509,46.04174]]]},"properties":{"kind":"land","cls":"bare_rock"}},{"type":"Feature","geometry":{"type":"Polygon","coordinates":[[[10.50953,46.04701],[10.50872,46.04692],[10.50824,46.04715],[10.50822,46.04725],[10.50864,46.04752],[10.50911,46.04836],[10.50902,46.04857],[10.5087,46.04875],[10.50864,46.04891],[10.50834,46.04901],[10.50862,46.04914],[10.51012,46.04927],[10.50979,46.04938],[10.50993,46.04954],[10.50989,46.0497],[10.50954,46.04953],[10.50944,46.04929],[10.50871,46.04934],[10.50863,46.04955],[10.50882,46.04999],[10.50922,46.05007],[10.50931,46.04988],[10.50983,46.05029],[10.50979,46.05013],[10.50992,46.05006],[10.51019,46.05002],[10.51084,46.05015],[10.51105,46.05032],[10.511,46.05052],[10.51108,46.05058],[10.51146,46.05054],[10.51165,46.05061],[10.51156,46.05091],[10.51187,46.0511],[10.51187,46.05129],[10.51211,46.05145],[10.51284,46.05133],[10.5126,46.05108],[10.51198,46.05084],[10.51176,46.0502],[10.51125,46.05014],[10.51127,46.04995],[10.51141,46.04988],[10.51148,46.0497],[10.51113,46.04893],[10.51107,46.04837],[10.51079,46.048],[10.50985,46.0474],[10.50953,46.04701]]]},"properties":{"kind":"land","cls":"forest"}},{"type":"Feature","geometry":{"type":"Polygon","coordinates":[[[10.48148,46.02869],[10.48177,46.02854],[10.48158,46.02855],[10.48157,46.02846],[10.48127,46.02858],[10.48148,46.02869]]]},"properties":{"kind":"land","cls":"bare_rock"}},{"type":"Feature","geometry":{"type":"Polygon","coordinates":[[[10.59388,46.0311],[10.59315,46.03183],[10.59243,46.03314],[10.59203,46.03435],[10.59137,46.03457],[10.59056,46.03597],[10.58959,46.03658],[10.58904,46.03726],[10.58926,46.03754],[10.58993,46.03739],[10.59205,46.03638],[10.59226,46.03572],[10.59278,46.03548],[10.59374,46.0345],[10.59357,46.03409],[10.59363,46.03353],[10.59394,46.03322],[10.59444,46.03237],[10.59458,46.03131],[10.59496,46.03093],[10.59469,46.0305],[10.5944,46.03037],[10.59388,46.0311]]]},"properties":{"kind":"land","cls":"scree"}},{"type":"Feature","geometry":{"type":"Polygon","coordinates":[[[10.47085,46.02015],[10.47102,46.02021],[10.4711,46.02019],[10.47078,46.01998],[10.47064,46.02001],[10.4708,46.02024],[10.47085,46.02015]]]},"properties":{"kind":"land","cls":"bare_rock"}},{"type":"Feature","geometry":{"type":"Polygon","coordinates":[[[10.52753,46.07652],[10.5268,46.07679],[10.52625,46.0775],[10.52633,46.07764],[10.5269,46.0776],[10.52819,46.07706],[10.52833,46.07676],[10.52753,46.07652]]]},"properties":{"kind":"land","cls":"scree"}},{"type":"Feature","geometry":{"type":"Polygon","coordinates":[[[10.50919,46.02996],[10.50931,46.02989],[10.5093,46.02973],[10.50894,46.02973],[10.50919,46.02996]]]},"properties":{"kind":"land","cls":"bare_rock"}},{"type":"Feature","geometry":{"type":"Polygon","coordinates":[[[10.4887,46.01813],[10.48871,46.01784],[10.48904,46.01803],[10.48925,46.01789],[10.48909,46.01776],[10.48922,46.01765],[10.48941,46.01764],[10.4894,46.01779],[10.48968,46.01751],[10.48974,46.01758],[10.48959,46.01775],[10.48982,46.01785],[10.48996,46.0178],[10.48985,46.01775],[10.48984,46.0175],[10.49003,46.01746],[10.49,46.01755],[10.49011,46.01761],[10.49028,46.0175],[10.49006,46.01736],[10.49023,46.01727],[10.49005,46.01718],[10.49011,46.01705],[10.48978,46.01707],[10.48974,46.01699],[10.49017,46.017],[10.4905,46.01729],[10.49078,46.01707],[10.49079,46.01669],[10.49063,46.01665],[10.4907,46.01658],[10.49109,46.0166],[10.49159,46.0162],[10.49163,46.01634],[10.49179,46.0163],[10.49172,46.0164],[10.49178,46.0165],[10.49155,46.01658],[10.49153,46.01667],[10.49171,46.01674],[10.492,46.01655],[10.49185,46.01651],[10.49217,46.01629],[10.4921,46.0162],[10.49216,46.01604],[10.49198,46.01619],[10.4918,46.01614],[10.49191,46.01623],[10.49185,46.01626],[10.49156,46.01603],[10.49117,46.01602],[10.49134,46.01588],[10.49119,46.0157],[10.49163,46.01563],[10.49176,46.01568],[10.49177,46.01588],[10.49199,46.01564],[10.49177,46.01529],[10.49202,46.01545],[10.49223,46.01546],[10.49243,46.01531],[10.49243,46.01519],[10.49264,46.01515],[10.49272,46.01525],[10.49264,46.01546],[10.49273,46.01539],[10.49286,46.01545],[10.49298,46.01532],[10.49287,46.0152],[10.49292,46.01509],[10.49333,46.01499],[10.49348,46.01505],[10.49348,46.0149],[10.49324,46.01477],[10.49324,46.01466],[10.49308,46.01461],[10.493,46.01442],[10.49286,46.01434],[10.4927,46.0145],[10.49279,46.01452],[10.49286,46.01477],[10.49316,46.0147],[10.49303,46.0148],[10.4932,46.01495],[10.49285,46.01495],[10.49265,46.01467],[10.49251,46.01465],[10.49239,46.01477],[10.49245,46.01505],[10.49212,46.01483],[10.4921,46.01469],[10.49197,46.01462],[10.49185,46.01473],[10.49204,46.0148],[10.49202,46.01497],[10.49185,46.01502],[10.49167,46.01484],[10.49156,46.01495],[10.49168,46.01509],[10.49154,46.01509],[10.49145,46.0149],[10.49119,46.01496],[10.49139,46.01485],[10.49129,46.01479],[10.49093,46.01501],[10.49132,46.0152],[10.4913,46.01533],[10.49162,46.01527],[10.49134,46.01549],[10.4911,46.01533],[10.49093,46.01534],[10.4909,46.01524],[10.49076,46.01527],[10.4908,46.01506],[10.49063,46.0151],[10.49049,46.015],[10.49071,46.01491],[10.49069,46.01481],[10.49017,46.01509],[10.49001,46.01508],[10.4901,46.01517],[10.49039,46.01517],[10.49049,46.01525],[10.4904,46.01539],[10.49056,46.0155],[10.4907,46.01542],[10.49065,46.01558],[10.49115,46.01613],[10.49114,46.01635],[10.49094,46.01621],[10.49101,46.01615],[10.49085,46.01609],[10.49086,46.01602],[10.49044,46.01613],[10.49075,46.01591],[10.49046,46.01601],[10.49068,46.01582],[10.49051,46.01566],[10.49049,46.01551],[10.49015,46.01553],[10.49028,46.01529],[10.48995,46.01512],[10.48961,46.01527],[10.48954,46.01543],[10.48953,46.0153],[10.48939,46.01543],[10.48933,46.01531],[10.48923,46.01534],[10.48922,46.01544],[10.48942,46.01558],[10.48917,46.01551],[10.489,46.01535],[10.4888,46.01543],[10.48881,46.01554],[10.48871,46.01545],[10.48856,46.01549],[10.48844,46.01565],[10.48818,46.01554],[10.48761,46.01552],[10.48731,46.01567],[10.48716,46.01555],[10.4865,46.01576],[10.48643,46.0156],[10.48614,46.01574],[10.48593,46.016],[10.48579,46.01599],[10.48583,46.01626],[10.48576,46.01636],[10.48602,46.01643],[10.486,46.0163],[10.48608,46.01631],[10.48629,46.01656],[10.48629,46.01671],[10.48642,46.01675],[10.48643,46.01659],[10.48646,46.01672],[10.48658,46.01672],[10.48642,46.01684],[10.48649,46.01691],[10.4867,46.0169],[10.48662,46.01708],[10.48677,46.01716],[10.48706,46.0171],[10.48713,46.01718],[10.48693,46.01726],[10.48699,46.01735],[10.48747,46.01756],[10.48749,46.01769],[10.48764,46.01768],[10.48764,46.01761],[10.4877,46.01786],[10.48781,46.01782],[10.48785,46.01796],[10.48797,46.01795],[10.48794,46.01807],[10.48818,46.01806],[10.48827,46.01797],[10.48825,46.01812],[10.48849,46.01812],[10.48841,46.01837],[10.48856,46.01833],[10.4887,46.01813]]]},"properties":{"kind":"land","cls":"bare_rock"}},{"type":"Feature","geometry":{"type":"Polygon","coordinates":[[[10.51052,46.00611],[10.50927,46.00604],[10.50794,46.00574],[10.50737,46.00577],[10.50704,46.00561],[10.50666,46.00559],[10.50683,46.00578],[10.50728,46.00596],[10.50847,46.00616],[10.51024,46.00622],[10.51052,46.00611]]]},"properties":{"kind":"land","cls":"scree"}},{"type":"Feature","geometry":{"type":"Polygon","coordinates":[[[10.50962,45.98783],[10.50921,45.98784],[10.50914,45.98828],[10.50924,45.98852],[10.50943,45.98842],[10.50936,45.98811],[10.50953,45.98802],[10.50962,45.98783]]]},"properties":{"kind":"land","cls":"bare_rock"}},{"type":"Feature","geometry":{"type":"Polygon","coordinates":[[[10.50183,46.06293],[10.50185,46.06315],[10.50204,46.0632],[10.50201,46.06305],[10.5021,46.06298],[10.50234,46.06307],[10.50253,46.06299],[10.50261,46.06307],[10.50296,46.06289],[10.50298,46.06274],[10.50285,46.06265],[10.50215,46.06262],[10.50183,46.06293]]]},"properties":{"kind":"land","cls":"wetland"}},{"type":"Feature","geometry":{"type":"Polygon","coordinates":[[[10.4927,46.01574],[10.49237,46.01572],[10.4922,46.01594],[10.49235,46.01596],[10.49237,46.01589],[10.49243,46.01604],[10.49252,46.01584],[10.49261,46.01587],[10.4927,46.01574]]]},"properties":{"kind":"land","cls":"bare_rock"}},{"type":"Feature","geometry":{"type":"Polygon","coordinates":[[[10.53887,46.04957],[10.53852,46.05001],[10.53819,46.05074],[10.53753,46.05132],[10.53666,46.05163],[10.53678,46.05216],[10.53704,46.05246],[10.53809,46.05261],[10.5386,46.05203],[10.54026,46.05143],[10.54024,46.05104],[10.53907,46.05111],[10.54019,46.04885],[10.53887,46.04957]]]},"properties":{"kind":"land","cls":"scree"}},{"type":"Feature","geometry":{"type":"Polygon","coordinates":[[[10.5072,46.02289],[10.50766,46.02258],[10.50753,46.02243],[10.50707,46.02223],[10.50662,46.02244],[10.50668,46.02263],[10.50691,46.02273],[10.50701,46.02289],[10.5072,46.02289]]]},"properties":{"kind":"land","cls":"bare_rock"}},{"type":"Feature","geometry":{"type":"Polygon","coordinates":[[[10.50765,46.02784],[10.50791,46.02773],[10.50978,46.02757],[10.51153,46.02779],[10.51242,46.02809],[10.51261,46.028],[10.51157,46.02764],[10.5112,46.02766],[10.51121,46.02751],[10.51051,46.02758],[10.50991,46.02747],[10.50763,46.02763],[10.50737,46.02758],[10.50743,46.02769],[10.50707,46.02786],[10.50765,46.02784]]]},"properties":{"kind":"land","cls":"scree"}},{"type":"Feature","geometry":{"type":"Polygon","coordinates":[[[10.47516,45.99255],[10.47544,45.99251],[10.47546,45.9928],[10.47585,45.99312],[10.47623,45.99316],[10.4764,45.99328],[10.47642,45.99312],[10.47663,45.99316],[10.47665,45.99332],[10.47624,45.99361],[10.47656,45.99377],[10.47695,45.99417],[10.47687,45.99439],[10.47741,45.99443],[10.47762,45.99427],[10.47774,45.99397],[10.47727,45.99352],[10.47724,45.99327],[10.47698,45.9932],[10.47696,45.99301],[10.47667,45.99282],[10.47664,45.99274],[10.47683,45.99271],[10.47599,45.99238],[10.47552,45.99249],[10.47565,45.9921],[10.47556,45.99194],[10.47569,45.99176],[10.47551,45.99155],[10.47536,45.99164],[10.47517,45.99149],[10.47495,45.99156],[10.47472,45.99144],[10.47494,45.99133],[10.47472,45.99126],[10.47422,45.99149],[10.4744,45.99115],[10.47402,45.99124],[10.47385,45.99152],[10.47449,45.99183],[10.47439,45.99199],[10.4746,45.99239],[10.47516,45.99255]]]},"properties":{"kind":"land","cls":"bare_rock"}},{"type":"Feature","geometry":{"type":"Polygon","coordinates":[[[10.59951,46.07641],[10.5995,46.07618],[10.59934,46.07636],[10.59927,46.07612],[10.59918,46.0761],[10.59911,46.0763],[10.59895,46.07636],[10.599,46.07612],[10.59884,46.0761],[10.59882,46.0762],[10.59859,46.07626],[10.59833,46.07564],[10.59813,46.07578],[10.59758,46.07581],[10.59746,46.07564],[10.59729,46.07584],[10.5975,46.07599],[10.59809,46.07611],[10.59837,46.07639],[10.59852,46.07642],[10.59875,46.07636],[10.59897,46.07647],[10.59931,46.07646],[10.59951,46.07641]]]},"properties":{"kind":"land","cls":"grassland"}},{"type":"Feature","geometry":{"type":"Polygon","coordinates":[[[10.46997,46.02318],[10.4704,46.02325],[10.47045,46.02295],[10.47075,46.02297],[10.4711,46.02266],[10.47184,46.02258],[10.47227,46.02221],[10.47265,46.02218],[10.4727,46.02202],[10.4728,46.02202],[10.473,46.02229],[10.47305,46.02251],[10.47284,46.02284],[10.47315,46.02287],[10.47313,46.02303],[10.47331,46.02306],[10.47351,46.02287],[10.47331,46.02277],[10.47343,46.02255],[10.47394,46.02257],[10.47406,46.02269],[10.4741,46.02298],[10.4743,46.0234],[10.47436,46.02319],[10.47425,46.02286],[10.47444,46.02276],[10.47446,46.02286],[10.47471,46.02287],[10.47455,46.02302],[10.47483,46.02328],[10.47484,46.02338],[10.47467,46.0234],[10.47488,46.02384],[10.4746,46.02411],[10.47462,46.02387],[10.47391,46.0233],[10.47381,46.02369],[10.47369,46.0238],[10.47355,46.02376],[10.47343,46.02358],[10.47361,46.02337],[10.47347,46.02312],[10.47289,46.02321],[10.47284,46.02314],[10.47302,46.02305],[10.47269,46.02294],[10.47224,46.02336],[10.47318,46.02423],[10.47369,46.02446],[10.47385,46.02512],[10.4741,46.02511],[10.47415,46.02568],[10.47387,46.02587],[10.47396,46.0264],[10.47384,46.02654],[10.47418,46.02681],[10.4741,46.02703],[10.47431,46.02741],[10.47454,46.02738],[10.4746,46.02763],[10.47479,46.02764],[10.47485,46.02783],[10.47517,46.02797],[10.47517,46.02807],[10.47549,46.02814],[10.47562,46.02835],[10.47576,46.0284],[10.47605,46.02829],[10.47638,46.0283],[10.47663,46.02852],[10.47693,46.02847],[10.47687,46.02853],[10.47797,46.02862],[10.47823,46.02844],[10.47843,46.02844],[10.47825,46.02831],[10.47839,46.02816],[10.47867,46.02821],[10.47888,46.02796],[10.47936,46.0281],[10.47935,46.02824],[10.4791,46.02829],[10.47929,46.02845],[10.47924,46.02856],[10.47985,46.02867],[10.48005,46.02881],[10.48003,46.02893],[10.48058,46.02889],[10.48064,46.02894],[10.48058,46.02902],[10.48071,46.02904],[10.48073,46.02914],[10.48102,46.02908],[10.48112,46.02926],[10.48148,46.0292],[10.48198,46.02941],[10.48278,46.02939],[10.48319,46.02948],[10.48359,46.02923],[10.48335,46.02967],[10.4831,46.0296],[10.48304,46.02977],[10.48283,46.02977],[10.48286,46.02986],[10.48302,46.02982],[10.48306,46.02996],[10.48325,46.02995],[10.48309,46.03016],[10.48278,46.03013],[10.48277,46.03001],[10.48249,46.02994],[10.48245,46.03002],[10.4827,46.03013],[10.48273,46.03023],[10.48269,46.03036],[10.4824,46.03059],[10.48298,46.03027],[10.48328,46.03034],[10.48313,46.03026],[10.48316,46.03019],[10.48368,46.03011],[10.48344,46.0303],[10.48359,46.03038],[10.48351,46.03065],[10.48367,46.03071],[10.48403,46.03064],[10.4839,46.03083],[10.48396,46.03119],[10.48452,46.03117],[10.48445,46.0313],[10.48422,46.03131],[10.48441,46.03152],[10.48403,46.03156],[10.4838,46.03117],[10.48354,46.03119],[10.48353,46.03104],[10.48324,46.03086],[10.4829,46.03088],[10.48324,46.03095],[10.48331,46.03102],[10.48326,46.03112],[10.48342,46.0312],[10.48314,46.03133],[10.48332,46.03157],[10.48343,46.03156],[10.48345,46.03127],[10.48377,46.03129],[10.48356,46.03159],[10.48368,46.03179],[10.48379,46.03173],[10.48371,46.03159],[10.48377,46.03149],[10.48409,46.03166],[10.48472,46.03149],[10.48457,46.03171],[10.48472,46.03174],[10.48472,46.03184],[10.48434,46.03177],[10.48446,46.03186],[10.48441,46.03193],[10.48454,46.03223],[10.48432,46.03248],[10.48442,46.03268],[10.48434,46.0328],[10.48476,46.03302],[10.48487,46.03327],[10.48453,46.03345],[10.48432,46.03372],[10.48471,46.03375],[10.48471,46.03397],[10.48453,46.03399],[10.48473,46.03418],[10.4851,46.03404],[10.48503,46.03395],[10.48525,46.03387],[10.48504,46.03361],[10.48546,46.03354],[10.4851,46.03349],[10.48522,46.03336],[10.48505,46.03321],[10.48533,46.03309],[10.48519,46.03294],[10.48545,46.03281],[10.48535,46.03269],[10.48548,46.03258],[10.48543,46.03249],[10.48556,46.03222],[10.4855,46.03189],[10.48522,46.03182],[10.48516,46.03167],[10.48536,46.03162],[10.48526,46.03111],[10.48511,46.03104],[10.4852,46.03081],[10.4851,46.0307],[10.48541,46.0304],[10.48541,46.03033],[10.48527,46.03032],[10.48536,46.02999],[10.48575,46.02973],[10.4857,46.02945],[10.48517,46.02952],[10.4854,46.02918],[10.48571,46.02911],[10.48561,46.02901],[10.48563,46.02883],[10.48547,46.02856],[10.48541,46.0282],[10.48537,46.02782],[10.48549,46.02747],[10.48533,46.02735],[10.48548,46.02707],[10.48537,46.02673],[10.48496,46.02622],[10.48488,46.02583],[10.48446,46.02544],[10.48443,46.02519],[10.48421,46.02516],[10.48423,46.02505],[10.48352,46.025],[10.48315,46.02489],[10.483,46.02478],[10.48301,46.02468],[10.48285,46.02469],[10.48298,46.02445],[10.48271,46.02431],[10.48267,46.02406],[10.48219,46.02395],[10.48214,46.02378],[10.48172,46.02379],[10.48181,46.0236],[10.48165,46.02365],[10.48141,46.02356],[10.48129,46.02332],[10.48146,46.02323],[10.48192,46.02353],[10.48189,46.02333],[10.48207,46.02322],[10.4825,46.02318],[10.48253,46.023],[10.48266,46.02297],[10.48272,46.0231],[10.48255,46.0234],[10.48264,46.02358],[10.48275,46.02344],[10.4829,46.02362],[10.48264,46.02378],[10.48314,46.02378],[10.48313,46.02366],[10.48324,46.02359],[10.483,46.02348],[10.48298,46.02332],[10.48345,46.02339],[10.48347,46.02358],[10.4836,46.02371],[10.48357,46.02389],[10.48335,46.02403],[10.48335,46.0242],[10.48357,46.02435],[10.48373,46.02428],[10.4837,46.0241],[10.48393,46.02407],[10.48396,46.02423],[10.48418,46.02427],[10.4845,46.02457],[10.48444,46.0243],[10.48393,46.02372],[10.48376,46.0234],[10.48336,46.02324],[10.48338,46.02309],[10.48377,46.0232],[10.4836,46.02305],[10.48354,46.02283],[10.48335,46.02276],[10.48344,46.02266],[10.48342,46.02244],[10.48329,46.02229],[10.48321,46.02195],[10.48286,46.02174],[10.48293,46.02202],[10.48242,46.02171],[10.48304,46.02167],[10.48329,46.02184],[10.48327,46.02167],[10.48184,46.02101],[10.47831,46.02138],[10.47764,46.02132],[10.47722,46.0214],[10.47587,46.02106],[10.47465,46.0213],[10.4724,46.02154],[10.47132,46.02121],[10.47112,46.02123],[10.47063,46.02093],[10.4709,46.02091],[10.47162,46.02108],[10.4719,46.02118],[10.47194,46.02132],[10.47237,46.02138],[10.47295,46.02125],[10.47299,46.02088],[10.47319,46.02084],[10.47322,46.02075],[10.47281,46.02063],[10.47283,46.02046],[10.4725,46.02037],[10.47234,46.0205],[10.47218,46.02043],[10.47181,46.02052],[10.47161,46.02044],[10.4713,46.02058],[10.47112,46.02057],[10.4711,46.02044],[10.47088,46.02044],[10.47078,46.02034],[10.47065,46.02033],[10.47059,46.02044],[10.47036,46.02038],[10.47035,46.02027],[10.47014,46.02017],[10.47003,46.02019],[10.46997,46.01995],[10.46997,46.02062],[10.47009,46.02073],[10.47002,46.0209],[10.47023,46.02096],[10.47032,46.02109],[10.47067,46.02116],[10.47055,46.02121],[10.47057,46.02132],[10.47033,46.02134],[10.47056,46.0218],[10.47043,46.02195],[10.4705,46.02204],[10.47029,46.02244],[10.47056,46.02255],[10.47064,46.0227],[10.46997,46.02298],[10.46997,46.02318]],[[10.48007,46.02206],[10.48006,46.02181],[10.48015,46.02181],[10.48023,46.02199],[10.48033,46.02195],[10.48032,46.02182],[10.48044,46.02184],[10.48037,46.02212],[10.4803,46.02204],[10.48007,46.02206]],[[10.47654,46.02218],[10.47664,46.02207],[10.47654,46.02197],[10.4766,46.02189],[10.47677,46.02189],[10.47679,46.02199],[10.477,46.02175],[10.47696,46.02208],[10.47654,46.02218]],[[10.47491,46.02241],[10.47457,46.02215],[10.47434,46.0221],[10.47428,46.02193],[10.47453,46.02187],[10.47477,46.02192],[10.47513,46.02171],[10.47507,46.0219],[10.47491,46.02194],[10.4749,46.02204],[10.47458,46.02197],[10.47497,46.02234],[10.4752,46.02235],[10.47519,46.02249],[10.47504,46.02253],[10.47486,46.02249],[10.47491,46.02241]],[[10.47561,46.02235],[10.47572,46.02227],[10.47599,46.0223],[10.47596,46.02216],[10.4761,46.02213],[10.47635,46.02263],[10.47606,46.02261],[10.47608,46.02252],[10.47596,46.02255],[10.4759,46.02244],[10.47574,46.02246],[10.47575,46.02234],[10.47561,46.02235]],[[10.4817,46.02153],[10.48128,46.02176],[10.48144,46.02182],[10.48135,46.02193],[10.48145,46.02208],[10.48143,46.02221],[10.48126,46.02219],[10.48103,46.02234],[10.48127,46.02251],[10.48115,46.0227],[10.48133,46.02259],[10.48158,46.02267],[10.48135,46.02282],[10.48092,46.02284],[10.48085,46.02297],[10.48089,46.02273],[10.48074,46.02272],[10.48086,46.0224],[10.48078,46.02229],[10.48108,46.02214],[10.4812,46.02192],[10.48088,46.02176],[10.48107,46.02173],[10.4811,46.02158],[10.4817,46.02153]],[[10.48108,46.0232],[10.48109,46.02302],[10.4812,46.02292],[10.48127,46.02309],[10.48108,46.0232]],[[10.48033,46.02409],[10.48039,46.02399],[10.48023,46.02404],[10.48019,46.02397],[10.48043,46.02395],[10.48047,46.02409],[10.48033,46.02409]],[[10.48085,46.02398],[10.48092,46.02416],[10.48077,46.02436],[10.48052,46.0242],[10.48065,46.02404],[10.48062,46.02391],[10.48085,46.02398]],[[10.47701,46.02241],[10.4772,46.02266],[10.47651,46.02267],[10.47644,46.02259],[10.47649,46.02237],[10.47701,46.02241]],[[10.48007,46.0227],[10.4801,46.0228],[10.48033,46.02278],[10.48044,46.02296],[10.48007,46.02295],[10.47994,46.02275],[10.47998,46.02263],[10.47938,46.02238],[10.47982,46.02227],[10.47991,46.02217],[10.48028,46.02222],[10.48031,46.02233],[10.48019,46.02239],[10.48023,46.02249],[10.48015,46.02255],[10.48034,46.02258],[10.48007,46.0227]],[[10.47948,46.02355],[10.47945,46.02374],[10.47916,46.02367],[10.4794,46.0235],[10.47948,46.02355]],[[10.47488,46.02451],[10.47476,46.02452],[10.47469,46.02501],[10.47461,46.02423],[10.47483,46.02419],[10.47488,46.02451]],[[10.48154,46.02463],[10.48135,46.02454],[10.48137,46.02416],[10.48138,46.02444],[10.48147,46.02449],[10.48152,46.02429],[10.48182,46.02412],[10.48175,46.02403],[10.48194,46.0241],[10.48197,46.024],[10.48215,46.02401],[10.48242,46.0243],[10.48229,46.02443],[10.48215,46.02442],[10.4821,46.02456],[10.48235,46.02472],[10.48228,46.02489],[10.48242,46.02496],[10.48204,46.02497],[10.48208,46.02481],[10.48192,46.02488],[10.48168,46.02469],[10.48209,46.02472],[10.48194,46.02457],[10.48165,46.02453],[10.48154,46.02463]],[[10.48035,46.02474],[10.48034,46.02463],[10.48054,46.02459],[10.48058,46.02444],[10.48045,46.0244],[10.48054,46.02428],[10.48068,46.02439],[10.4806,46.02454],[10.48068,46.02463],[10.48051,46.02466],[10.48057,46.02482],[10.48035,46.02474]],[[10.48087,46.02464],[10.48077,46.02476],[10.48084,46.02461],[10.48087,46.02464]],[[10.4804,46.02525],[10.48023,46.02511],[10.4803,46.02494],[10.48032,46.0251],[10.48043,46.02507],[10.4804,46.02525]],[[10.4756,46.02529],[10.47545,46.02551],[10.47542,46.02521],[10.47527,46.02511],[10.47518,46.02486],[10.47529,46.02472],[10.47532,46.02436],[10.47527,46.02402],[10.47502,46.02381],[10.47512,46.02377],[10.47506,46.02365],[10.47513,46.02353],[10.47499,46.02343],[10.47506,46.02322],[10.47496,46.02283],[10.47515,46.02284],[10.47515,46.0233],[10.47528,46.0229],[10.47543,46.02293],[10.47533,46.02337],[10.4755,46.02315],[10.47552,46.0234],[10.47535,46.02363],[10.47555,46.02398],[10.47544,46.02417],[10.47559,46.02437],[10.47565,46.02369],[10.4759,46.02395],[10.476,46.02354],[10.47631,46.02359],[10.4762,46.02328],[10.476,46.02335],[10.47612,46.023],[10.47631,46.02301],[10.47638,46.0235],[10.47657,46.02324],[10.47664,46.02337],[10.47674,46.02321],[10.47675,46.02352],[10.47697,46.0235],[10.47683,46.0234],[10.47695,46.02332],[10.47714,46.02345],[10.4771,46.02357],[10.47739,46.02352],[10.4773,46.02368],[10.47741,46.02396],[10.47723,46.02412],[10.47731,46.02415],[10.47725,46.02433],[10.47759,46.02454],[10.47739,46.02474],[10.47734,46.02464],[10.47723,46.02468],[10.47747,46.025],[10.47726,46.02522],[10.4771,46.0252],[10.47718,46.02532],[10.47708,46.02563],[10.47679,46.02588],[10.47687,46.02617],[10.47668,46.02648],[10.47659,46.02634],[10.47624,46.02631],[10.47639,46.02596],[10.47617,46.02594],[10.47609,46.02572],[10.47613,46.02547],[10.47601,46.0257],[10.47603,46.02539],[10.4759,46.0255],[10.47592,46.02576],[10.47567,46.02604],[10.47545,46.02586],[10.47544,46.02566],[10.47556,46.0257],[10.47566,46.02558],[10.4756,46.02529]],[[10.47963,46.02472],[10.4798,46.0247],[10.47982,46.02479],[10.47975,46.0248],[10.47963,46.02472]],[[10.48005,46.02487],[10.48016,46.02485],[10.4801,46.02506],[10.47998,46.02483],[10.48002,46.02473],[10.4801,46.02473],[10.48005,46.02487]],[[10.48299,46.02233],[10.48302,46.02247],[10.48284,46.02235],[10.48299,46.02233]],[[10.48299,46.0226],[10.4831,46.02253],[10.4832,46.02269],[10.48305,46.02273],[10.48299,46.0226]],[[10.48286,46.0258],[10.48298,46.02572],[10.48276,46.02553],[10.48281,46.02543],[10.48301,46.02557],[10.48318,46.0255],[10.48319,46.02561],[10.48295,46.02589],[10.48286,46.0258]],[[10.48329,46.02567],[10.48331,46.02555],[10.48353,46.02548],[10.48377,46.02569],[10.48377,46.02605],[10.48348,46.0261],[10.48338,46.02593],[10.48364,46.02588],[10.48353,46.02567],[10.48329,46.02567]],[[10.48336,46.0266],[10.48348,46.02652],[10.48339,46.02677],[10.48336,46.0266]],[[10.48301,46.02682],[10.48293,46.02666],[10.48302,46.02652],[10.48316,46.0266],[10.48319,46.02682],[10.48301,46.02682]],[[10.48297,46.02748],[10.48293,46.02737],[10.48311,46.0272],[10.48308,46.02738],[10.48297,46.02748]],[[10.48262,46.02775],[10.48267,46.0275],[10.48279,46.02752],[10.48272,46.0277],[10.48262,46.02775]],[[10.48251,46.02668],[10.48254,46.02662],[10.48265,46.02669],[10.48274,46.02685],[10.48251,46.02668]],[[10.48127,46.02858],[10.48157,46.02846],[10.48158,46.02855],[10.48177,46.02854],[10.48146,46.02869],[10.48127,46.02858]],[[10.48249,46.02863],[10.4821,46.02863],[10.48185,46.02874],[10.4817,46.0287],[10.48208,46.02853],[10.48249,46.02863]],[[10.48358,46.02951],[10.48405,46.02956],[10.48368,46.02957],[10.48358,46.02951]]]},"properties":{"kind":"land","cls":"scree"}},{"type":"Feature","geometry":{"type":"Polygon","coordinates":[[[10.52572,45.9927],[10.52607,45.99274],[10.52602,45.99252],[10.52569,45.99257],[10.52572,45.9927]]]},"properties":{"kind":"land","cls":"bare_rock"}},{"type":"Feature","geometry":{"type":"Polygon","coordinates":[[[10.56471,46.07312],[10.56507,46.07264],[10.56516,46.07243],[10.56455,46.07269],[10.56416,46.07267],[10.56405,46.07292],[10.5643,46.07333],[10.56471,46.07312]]]},"properties":{"kind":"land","cls":"scree"}},{"type":"Feature","geometry":{"type":"Polygon","coordinates":[[[10.49983,46.02547],[10.50037,46.02547],[10.50028,46.0254],[10.50046,46.02521],[10.50079,46.0254],[10.5012,46.02531],[10.50146,46.02538],[10.5016,46.02514],[10.50192,46.02503],[10.50176,46.02499],[10.50182,46.02485],[10.50168,46.02474],[10.50139,46.0247],[10.50122,46.02479],[10.50108,46.02466],[10.50101,46.02472],[10.50108,46.0249],[10.50095,46.02497],[10.50063,46.02484],[10.50033,46.02499],[10.50002,46.02481],[10.49997,46.02499],[10.49911,46.02508],[10.49885,46.02502],[10.49873,46.02515],[10.49928,46.02537],[10.49959,46.0253],[10.49983,46.02547]]]},"properties":{"kind":"land","cls":"scree"}},{"type":"Feature","geometry":{"type":"Polygon","coordinates":[[[10.54618,46.06079],[10.54635,46.06082],[10.54633,46.06101],[10.54683,46.0612],[10.54702,46.06086],[10.54711,46.06036],[10.54706,46.06018],[10.54634,46.06002],[10.54609,46.05989],[10.54586,46.05956],[10.54602,46.05904],[10.5466,46.05887],[10.54666,46.05906],[10.54678,46.05906],[10.54709,46.05885],[10.54736,46.0582],[10.5473,46.05801],[10.54745,46.05777],[10.54763,46.05758],[10.54834,46.05716],[10.54832,46.05704],[10.54807,46.05685],[10.54807,46.05624],[10.54782,46.05621],[10.54785,46.05602],[10.54821,46.0559],[10.54817,46.05546],[10.54772,46.05549],[10.54735,46.05569],[10.5473,46.05582],[10.54743,46.05611],[10.54728,46.05634],[10.54674,46.05669],[10.54653,46.05673],[10.54634,46.05726],[10.54589,46.05782],[10.54587,46.05823],[10.54503,46.05926],[10.54495,46.05962],[10.5451,46.05977],[10.54507,46.05988],[10.54488,46.05996],[10.54492,46.06022],[10.54508,46.0604],[10.54556,46.06042],[10.54573,46.06061],[10.54593,46.06057],[10.54618,46.06079]]]},"properties":{"kind":"land","cls":"wetland"}},{"type":"Feature","geometry":{"type":"Polygon","coordinates":[[[10.50251,46.01433],[10.50246,46.01415],[10.50212,46.01393],[10.50209,46.01416],[10.50251,46.01445],[10.50268,46.0144],[10.50251,46.01433]]]},"properties":{"kind":"land","cls":"bare_rock"}},{"type":"Feature","geometry":{"type":"Polygon","coordinates":[[[10.48543,46.02438],[10.48558,46.02464],[10.48546,46.02463],[10.48533,46.02445],[10.48515,46.02475],[10.48539,46.02491],[10.486,46.02498],[10.4865,46.02493],[10.48629,46.02483],[10.48623,46.02467],[10.48638,46.02446],[10.48667,46.02436],[10.48657,46.02425],[10.48673,46.02417],[10.487,46.02427],[10.48681,46.02442],[10.48684,46.02476],[10.48725,46.02492],[10.48744,46.02509],[10.48853,46.02518],[10.48896,46.02514],[10.48892,46.02502],[10.48905,46.02496],[10.48917,46.02515],[10.48857,46.02557],[10.48789,46.02544],[10.4874,46.02562],[10.48706,46.02559],[10.48675,46.02577],[10.48664,46.02573],[10.48698,46.02547],[10.48706,46.02518],[10.48654,46.02509],[10.48602,46.02521],[10.48564,46.02543],[10.48534,46.02536],[10.4855,46.02547],[10.48537,46.02556],[10.48541,46.0258],[10.48556,46.02588],[10.48553,46.02629],[10.48578,46.02668],[10.48572,46.02678],[10.48604,46.02768],[10.48603,46.02799],[10.48649,46.02905],[10.48641,46.02937],[10.48669,46.02944],[10.48673,46.02957],[10.4862,46.03016],[10.48622,46.03029],[10.48593,46.03061],[10.48582,46.03097],[10.48582,46.03116],[10.48596,46.03119],[10.48588,46.03145],[10.48599,46.03161],[10.48583,46.03178],[10.48602,46.0321],[10.48596,46.03219],[10.48584,46.03216],[10.48574,46.03247],[10.48582,46.03255],[10.48573,46.03298],[10.48559,46.03326],[10.48566,46.03341],[10.48577,46.03335],[10.48596,46.03347],[10.48586,46.03357],[10.48575,46.0335],[10.48575,46.03367],[10.4861,46.03363],[10.48618,46.03407],[10.4865,46.03471],[10.48629,46.03518],[10.48636,46.03604],[10.48626,46.03636],[10.48647,46.03693],[10.48717,46.03749],[10.48788,46.037],[10.48811,46.03578],[10.48876,46.03518],[10.48922,46.03454],[10.49095,46.0339],[10.49276,46.03356],[10.49358,46.03369],[10.49529,46.03417],[10.4959,46.03454],[10.4962,46.03525],[10.4971,46.03596],[10.49767,46.03657],[10.49865,46.03696],[10.49905,46.03688],[10.49914,46.03632],[10.49895,46.03586],[10.49695,46.03378],[10.49559,46.033],[10.49394,46.03238],[10.49167,46.03136],[10.49026,46.03092],[10.48992,46.03048],[10.48773,46.02954],[10.48785,46.02937],[10.4884,46.0292],[10.48937,46.02923],[10.49011,46.02911],[10.49011,46.02892],[10.49034,46.02855],[10.49042,46.02803],[10.49012,46.0273],[10.49034,46.027],[10.49022,46.02626],[10.49057,46.02598],[10.49094,46.02512],[10.48981,46.02469],[10.49048,46.02451],[10.49083,46.02452],[10.49128,46.02432],[10.49191,46.02433],[10.49218,46.02417],[10.49288,46.02429],[10.49307,46.02405],[10.49323,46.02399],[10.49373,46.02405],[10.49367,46.02336],[10.49287,46.02309],[10.49352,46.02297],[10.49385,46.02315],[10.49439,46.02318],[10.49398,46.02294],[10.49308,46.0227],[10.49276,46.02235],[10.49217,46.02209],[10.49251,46.02194],[10.49297,46.02204],[10.49369,46.02263],[10.49384,46.02224],[10.49361,46.02184],[10.49365,46.02165],[10.49394,46.02133],[10.49368,46.02101],[10.49253,46.02033],[10.49289,46.02019],[10.49352,46.02029],[10.49401,46.0202],[10.49439,46.01988],[10.49533,46.02012],[10.49581,46.02],[10.49615,46.01953],[10.49673,46.01953],[10.49713,46.01919],[10.49734,46.01878],[10.49768,46.01846],[10.49816,46.01832],[10.49818,46.01804],[10.49802,46.01772],[10.4983,46.01754],[10.49898,46.01777],[10.499,46.0174],[10.49922,46.0176],[10.49937,46.01736],[10.49986,46.01754],[10.50003,46.01744],[10.50013,46.01722],[10.50087,46.01693],[10.50055,46.01667],[10.49948,46.01644],[10.49832,46.01649],[10.49742,46.01686],[10.49733,46.01678],[10.49715,46.0169],[10.4971,46.01707],[10.49677,46.01722],[10.49645,46.01721],[10.49642,46.01709],[10.49555,46.01729],[10.49537,46.01712],[10.49504,46.01723],[10.49509,46.01739],[10.495,46.01753],[10.49468,46.01758],[10.49494,46.01737],[10.49451,46.01734],[10.49444,46.01725],[10.49316,46.0178],[10.49307,46.01769],[10.4936,46.0175],[10.49369,46.01734],[10.49286,46.01765],[10.49271,46.01756],[10.49255,46.01767],[10.4921,46.01762],[10.49211,46.0177],[10.4916,46.01798],[10.49175,46.01801],[10.4919,46.01789],[10.49228,46.01782],[10.49208,46.01793],[10.49196,46.01812],[10.49191,46.01794],[10.49156,46.01829],[10.49157,46.01842],[10.49146,46.01832],[10.49133,46.01834],[10.49086,46.01862],[10.49065,46.01859],[10.49076,46.01872],[10.49068,46.01888],[10.49053,46.01893],[10.49049,46.01926],[10.49,46.01976],[10.4886,46.02019],[10.4883,46.0201],[10.48836,46.02023],[10.48817,46.02029],[10.48752,46.02007],[10.48746,46.02031],[10.48772,46.02032],[10.48791,46.02046],[10.48791,46.02066],[10.48764,46.0209],[10.48748,46.02089],[10.48762,46.02104],[10.48718,46.02142],[10.48721,46.02153],[10.48704,46.02163],[10.48692,46.02194],[10.48628,46.02254],[10.48667,46.02276],[10.48771,46.02288],[10.4878,46.02299],[10.48725,46.02317],[10.48712,46.02294],[10.48642,46.02271],[10.48594,46.02271],[10.48522,46.02258],[10.48561,46.02275],[10.48513,46.02277],[10.48536,46.02289],[10.4854,46.02313],[10.48582,46.02372],[10.48625,46.02401],[10.48671,46.02406],[10.48614,46.02421],[10.48608,46.02437],[10.48543,46.02438]]]},"properties":{"kind":"land","cls":"scree"}},{"type":"Feature","geometry":{"type":"Polygon","coordinates":[[[10.50882,46.03009],[10.50907,46.03024],[10.50873,46.02976],[10.5088,46.02944],[10.50869,46.0291],[10.50872,46.02891],[10.50852,46.02881],[10.50842,46.02884],[10.50849,46.02902],[10.50843,46.02927],[10.50882,46.03009]]]},"properties":{"kind":"land","cls":"bare_rock"}},{"type":"Feature","geometry":{"type":"Polygon","coordinates":[[[10.4953,45.98494],[10.49599,45.98504],[10.4956,45.98558],[10.49556,45.98588],[10.49526,45.98623],[10.49544,45.98673],[10.49591,45.98688],[10.49631,45.98688],[10.49684,45.98669],[10.49733,45.98665],[10.49735,45.9871],[10.49746,45.98726],[10.49822,45.98747],[10.49829,45.98766],[10.49814,45.98832],[10.49844,45.98875],[10.49837,45.98895],[10.49816,45.98905],[10.49828,45.98947],[10.49826,45.98978],[10.49837,45.98987],[10.49909,45.98975],[10.4993,45.98982],[10.49938,45.99],[10.4991,45.99083],[10.49925,45.99107],[10.49997,45.99136],[10.49981,45.99176],[10.49997,45.99199],[10.50028,45.99155],[10.5007,45.99155],[10.50094,45.99211],[10.50124,45.99245],[10.50139,45.99244],[10.50154,45.99224],[10.50169,45.99223],[10.50188,45.99258],[10.50272,45.99338],[10.503,45.99316],[10.50322,45.99327],[10.50333,45.99399],[10.50343,45.994],[10.5035,45.99394],[10.50348,45.99361],[10.5036,45.99367],[10.50381,45.99338],[10.50424,45.99324],[10.50451,45.99254],[10.50507,45.99228],[10.50519,45.99211],[10.50469,45.99216],[10.50439,45.99206],[10.50389,45.99161],[10.50332,45.99135],[10.50305,45.99089],[10.50303,45.9898],[10.50331,45.98935],[10.50372,45.98898],[10.50372,45.98832],[10.50344,45.98785],[10.50285,45.98752],[10.50238,45.98745],[10.50216,45.98706],[10.50169,45.98684],[10.50129,45.987],[10.50096,45.98791],[10.50044,45.98704],[10.49973,45.98701],[10.49945,45.98689],[10.49922,45.98672],[10.49926,45.98601],[10.49902,45.98556],[10.49939,45.98533],[10.49949,45.98511],[10.49945,45.98492],[10.4953,45.98494]]]},"properties":{"kind":"land","cls":"scree"}},{"type":"Feature","geometry":{"type":"Polygon","coordinates":[[[10.5112,46.0184],[10.51146,46.01828],[10.51128,46.01813],[10.51112,46.01813],[10.5112,46.0184]]]},"properties":{"kind":"land","cls":"bare_rock"}},{"type":"Feature","geometry":{"type":"Polygon","coordinates":[[[10.54137,46.05774],[10.54228,46.05804],[10.54299,46.05791],[10.54304,46.05816],[10.54278,46.05865],[10.54271,46.05899],[10.54335,46.05841],[10.54396,46.05834],[10.54421,46.05855],[10.54468,46.05768],[10.54464,46.05741],[10.54438,46.05775],[10.54421,46.05754],[10.54367,46.05797],[10.54396,46.05744],[10.54421,46.0573],[10.54431,46.05685],[10.54456,46.05673],[10.54477,46.05686],[10.54492,46.05742],[10.54485,46.05804],[10.54499,46.05777],[10.54538,46.05803],[10.54589,46.05782],[10.54643,46.05708],[10.54615,46.05628],[10.54576,46.05606],[10.54545,46.05629],[10.54369,46.05624],[10.54319,46.05639],[10.54296,46.05665],[10.54288,46.05712],[10.54235,46.05733],[10.54191,46.05716],[10.54141,46.05728],[10.54099,46.05753],[10.54061,46.05786],[10.54048,46.05819],[10.54057,46.05841],[10.54085,46.05806],[10.54137,46.05774]]]},"properties":{"kind":"land","cls":"forest"}},{"type":"Feature","geometry":{"type":"Polygon","coordinates":[[[10.47059,46.0348],[10.47372,46.03621],[10.47566,46.03743],[10.47788,46.03559],[10.48001,46.03721],[10.48066,46.0374],[10.48154,46.03531],[10.48272,46.03571],[10.48336,46.0341],[10.48123,46.03298],[10.47944,46.03582],[10.47693,46.03432],[10.46997,46.02972],[10.46997,46.03488],[10.47059,46.0348]]]},"properties":{"kind":"land","cls":"scree"}},{"type":"Feature","geometry":{"type":"Polygon","coordinates":[[[10.48404,45.98494],[10.48417,45.98526],[10.48371,45.98539],[10.48381,45.9855],[10.48422,45.98535],[10.4843,45.98521],[10.48481,45.98492],[10.48404,45.98494]]]},"properties":{"kind":"land","cls":"scree"}},{"type":"Feature","geometry":{"type":"Polygon","coordinates":[[[10.59963,46.07928],[10.5996,46.07901],[10.59942,46.07918],[10.59899,46.07932],[10.59878,46.07923],[10.59932,46.07888],[10.59801,46.07916],[10.59774,46.07894],[10.59753,46.07899],[10.59735,46.07891],[10.59721,46.07923],[10.597,46.07923],[10.59686,46.07939],[10.59658,46.07927],[10.59621,46.07948],[10.59589,46.07988],[10.5957,46.0799],[10.59541,46.07967],[10.59506,46.07971],[10.59506,46.07959],[10.5952,46.07945],[10.59559,46.07925],[10.59561,46.07917],[10.59519,46.0791],[10.59483,46.07892],[10.59438,46.07908],[10.59411,46.079],[10.59419,46.07885],[10.59527,46.07856],[10.59596,46.07871],[10.59597,46.07858],[10.59543,46.07837],[10.59546,46.07802],[10.59472,46.0782],[10.59445,46.07796],[10.59413,46.07792],[10.59326,46.07815],[10.59301,46.07807],[10.59292,46.07827],[10.59273,46.07836],[10.59263,46.07831],[10.59266,46.07815],[10.59282,46.07805],[10.59284,46.07791],[10.59231,46.07824],[10.59207,46.07804],[10.59178,46.07802],[10.59149,46.07826],[10.59128,46.07826],[10.59107,46.07814],[10.59111,46.07787],[10.59096,46.0779],[10.59085,46.07809],[10.59067,46.07807],[10.59054,46.07793],[10.59075,46.07771],[10.59134,46.07762],[10.59159,46.07773],[10.59209,46.07763],[10.59215,46.07753],[10.59084,46.07717],[10.59084,46.07702],[10.59024,46.07713],[10.59012,46.07703],[10.59017,46.07686],[10.58996,46.07675],[10.59006,46.07638],[10.58969,46.07625],[10.58951,46.07587],[10.58907,46.07589],[10.58907,46.07578],[10.58886,46.07578],[10.58882,46.07563],[10.58828,46.07587],[10.58827,46.07575],[10.58757,46.07522],[10.58755,46.07504],[10.58709,46.07492],[10.58674,46.075],[10.58675,46.07526],[10.58724,46.07553],[10.58764,46.076],[10.5869,46.07599],[10.58677,46.0757],[10.58621,46.07583],[10.5859,46.07562],[10.58593,46.07545],[10.58568,46.07527],[10.5856,46.07504],[10.58539,46.07496],[10.58555,46.07474],[10.58534,46.0743],[10.58493,46.0744],[10.58494,46.07484],[10.58508,46.07513],[10.58576,46.07557],[10.58569,46.07575],[10.58584,46.07595],[10.58635,46.07606],[10.58672,46.07625],[10.58687,46.0765],[10.58712,46.07665],[10.58756,46.07671],[10.58859,46.07745],[10.58917,46.0776],[10.58929,46.07801],[10.58982,46.07796],[10.5899,46.07834],[10.59009,46.07862],[10.5911,46.07867],[10.59154,46.07879],[10.59207,46.07878],[10.59283,46.07893],[10.59318,46.07865],[10.59345,46.07865],[10.59353,46.07872],[10.59349,46.07886],[10.59313,46.07922],[10.59332,46.07937],[10.59346,46.07963],[10.59417,46.08008],[10.59484,46.08014],[10.59509,46.08037],[10.59538,46.08043],[10.59577,46.08026],[10.5962,46.08042],[10.59647,46.08042],[10.59657,46.08033],[10.59641,46.08008],[10.59661,46.0799],[10.59683,46.07993],[10.59676,46.08014],[10.59683,46.08017],[10.59718,46.08007],[10.59732,46.08011],[10.59779,46.07969],[10.59799,46.07966],[10.59865,46.07965],[10.59944,46.07985],[10.60009,46.07976],[10.5999,46.07954],[10.60009,46.07937],[10.59963,46.07928]]]},"properties":{"kind":"land","cls":"scree"}},{"type":"Feature","geometry":{"type":"Polygon","coordinates":[[[10.50877,46.04635],[10.50872,46.04607],[10.5086,46.04606],[10.50809,46.04621],[10.50768,46.04649],[10.50877,46.04635]]]},"properties":{"kind":"land","cls":"forest"}},{"type":"Feature","geometry":{"type":"Polygon","coordinates":[[[10.59998,46.06769],[10.59904,46.06725],[10.59818,46.06746],[10.59751,46.06744],[10.59549,46.06775],[10.59512,46.06777],[10.59497,46.06756],[10.59471,46.0677],[10.59477,46.06812],[10.5957,46.06846],[10.59471,46.06928],[10.59441,46.06924],[10.59374,46.06828],[10.59323,46.06821],[10.59276,46.06782],[10.59217,46.06767],[10.59108,46.06784],[10.59079,46.06807],[10.58898,46.0685],[10.58851,46.06902],[10.58832,46.06972],[10.58815,46.06994],[10.58783,46.06983],[10.58755,46.06918],[10.58758,46.06887],[10.58643,46.06986],[10.58601,46.06972],[10.5859,46.06925],[10.58554,46.0696],[10.58507,46.07053],[10.58464,46.07092],[10.58453,46.07135],[10.58571,46.07167],[10.58648,46.07214],[10.58633,46.07258],[10.58577,46.07306],[10.58525,46.07335],[10.58507,46.07361],[10.58521,46.07377],[10.58595,46.07365],[10.58635,46.07343],[10.58672,46.07299],[10.58743,46.07296],[10.58828,46.07271],[10.58983,46.07278],[10.59071,46.07312],[10.59105,46.07315],[10.59166,46.07261],[10.59159,46.072],[10.59207,46.07182],[10.59247,46.07143],[10.59284,46.07147],[10.59379,46.07196],[10.59544,46.07153],[10.59611,46.07175],[10.59661,46.07214],[10.59721,46.07193],[10.59815,46.07128],[10.59887,46.07152],[10.60009,46.07137],[10.60009,46.06826],[10.59998,46.06769]]]},"properties":{"kind":"land","cls":"scree"}},{"type":"Feature","geometry":{"type":"Polygon","coordinates":[[[10.52149,45.99978],[10.52207,45.99973],[10.5224,45.99981],[10.52301,46.0002],[10.52388,46.00026],[10.52366,45.99982],[10.52158,45.99969],[10.52143,45.99943],[10.52124,45.99956],[10.52149,45.99978]]]},"properties":{"kind":"land","cls":"bare_rock"}},{"type":"Feature","geometry":{"type":"Polygon","coordinates":[[[10.52493,46.02557],[10.52389,46.02584],[10.52387,46.02596],[10.52362,46.02612],[10.52385,46.02623],[10.52359,46.02632],[10.52342,46.02665],[10.52323,46.0267],[10.52313,46.02658],[10.52299,46.0266],[10.52209,46.02694],[10.52223,46.0271],[10.52294,46.0271],[10.52329,46.02725],[10.52354,46.02721],[10.52372,46.02734],[10.52381,46.02729],[10.52368,46.02694],[10.52396,46.02678],[10.52395,46.02661],[10.52414,46.02657],[10.52438,46.02679],[10.52465,46.0268],[10.52508,46.02671],[10.52538,46.02634],[10.52551,46.02665],[10.5254,46.02699],[10.52611,46.027],[10.52634,46.0271],[10.52634,46.02724],[10.52481,46.0272],[10.52455,46.02729],[10.52472,46.02737],[10.52627,46.02743],[10.52641,46.02757],[10.5269,46.02747],[10.52774,46.02784],[10.52779,46.02766],[10.52796,46.02762],[10.52818,46.0278],[10.52831,46.02807],[10.52852,46.02793],[10.52872,46.02811],[10.52887,46.02779],[10.52906,46.02812],[10.52928,46.02797],[10.52965,46.02794],[10.52946,46.02767],[10.52909,46.02752],[10.52943,46.02744],[10.52951,46.02723],[10.52968,46.02719],[10.53,46.02749],[10.53069,46.02777],[10.53074,46.028],[10.53098,46.02809],[10.53123,46.02801],[10.5313,46.02836],[10.53178,46.02823],[10.53237,46.0283],[10.53236,46.02846],[10.53192,46.0286],[10.53184,46.02873],[10.53232,46.02881],[10.53242,46.02909],[10.53332,46.02874],[10.53302,46.0285],[10.53293,46.02812],[10.53195,46.02763],[10.53123,46.02696],[10.53068,46.0268],[10.52995,46.02689],[10.53008,46.02671],[10.52985,46.02662],[10.52974,46.02629],[10.52941,46.02634],[10.52908,46.0262],[10.52874,46.02622],[10.52835,46.02596],[10.5279,46.02584],[10.52773,46.02561],[10.52706,46.02572],[10.52493,46.02557]]]},"properties":{"kind":"land","cls":"scree"}},{"type":"Feature","geometry":{"type":"Polygon","coordinates":[[[10.5235,46.07675],[10.52444,46.07657],[10.52707,46.07559],[10.52746,46.07584],[10.52737,46.07614],[10.52768,46.07633],[10.52897,46.07653],[10.52905,46.07631],[10.5284,46.07586],[10.52783,46.07561],[10.5276,46.07526],[10.52664,46.07517],[10.52564,46.07523],[10.52499,46.07547],[10.52456,46.07596],[10.52387,46.07613],[10.52259,46.07619],[10.52218,46.07653],[10.5235,46.07675]]]},"properties":{"kind":"land","cls":"scree"}},{"type":"Feature","geometry":{"type":"Polygon","coordinates":[[[10.47471,46.01944],[10.47407,46.01922],[10.47336,46.01917],[10.47294,46.01965],[10.47229,46.01972],[10.47213,46.01981],[10.4719,46.0197],[10.47167,46.01973],[10.47139,46.01987],[10.47108,46.0199],[10.4705,46.01969],[10.47026,46.01942],[10.4701,46.01942],[10.47071,46.01993],[10.47126,46.02016],[10.47175,46.02011],[10.47166,46.0202],[10.47179,46.02029],[10.47167,46.02037],[10.47179,46.02044],[10.47194,46.02022],[10.47212,46.02016],[10.47236,46.0203],[10.47244,46.02018],[10.4726,46.02017],[10.4726,46.02029],[10.47291,46.02046],[10.4729,46.02032],[10.4731,46.0204],[10.47288,46.02015],[10.47303,46.02003],[10.47314,46.01974],[10.4733,46.01964],[10.47348,46.01964],[10.47354,46.01951],[10.47381,46.01943],[10.47438,46.01946],[10.47476,46.01962],[10.47471,46.01944]]]},"properties":{"kind":"land","cls":"bare_rock"}},{"type":"Feature","geometry":{"type":"Polygon","coordinates":[[[10.48367,46.01686],[10.48398,46.01675],[10.48409,46.01679],[10.48462,46.01639],[10.484,46.0166],[10.48367,46.01686]]]},"properties":{"kind":"land","cls":"bare_rock"}},{"type":"Feature","geometry":{"type":"Polygon","coordinates":[[[10.51139,45.98908],[10.51168,45.98909],[10.51181,45.98891],[10.51165,45.98888],[10.51139,45.98908]]]},"properties":{"kind":"land","cls":"bare_rock"}},{"type":"Feature","geometry":{"type":"Polygon","coordinates":[[[10.49403,46.04428],[10.49415,46.04406],[10.49392,46.0437],[10.49428,46.04359],[10.49367,46.04335],[10.4945,46.04275],[10.49449,46.04257],[10.4941,46.04254],[10.49378,46.04234],[10.49376,46.04219],[10.4935,46.04211],[10.49347,46.04172],[10.49371,46.04197],[10.49384,46.04198],[10.49371,46.04168],[10.4932,46.04154],[10.49312,46.0418],[10.49321,46.04205],[10.49259,46.04243],[10.49243,46.04283],[10.49178,46.04311],[10.49076,46.04334],[10.4908,46.044],[10.49111,46.0444],[10.49172,46.04427],[10.49327,46.04498],[10.49355,46.04456],[10.49403,46.04428]]]},"properties":{"kind":"land","cls":"forest"}},{"type":"Feature","geometry":{"type":"Polygon","coordinates":[[[10.57951,46.08349],[10.58231,46.08434],[10.58245,46.08406],[10.58129,46.08325],[10.57853,46.08336],[10.57951,46.08349]]]},"properties":{"kind":"land","cls":"scree"}},{"type":"Feature","geometry":{"type":"Polygon","coordinates":[[[10.56542,46.09633],[10.56527,46.09667],[10.56532,46.09673],[10.56571,46.09681],[10.56553,46.09663],[10.56555,46.09651],[10.56542,46.09633]]]},"properties":{"kind":"land","cls":"scrub"}},{"type":"Feature","geometry":{"type":"Polygon","coordinates":[[[10.48044,46.00396],[10.48045,46.00385],[10.48034,46.00378],[10.48015,46.00387],[10.48015,46.00401],[10.48044,46.00396]]]},"properties":{"kind":"land","cls":"bare_rock"}},{"type":"Feature","geometry":{"type":"Polygon","coordinates":[[[10.46997,46.04068],[10.471,46.04064],[10.47216,46.04036],[10.47323,46.03981],[10.47598,46.03883],[10.47671,46.03802],[10.47592,46.03814],[10.47467,46.03859],[10.47456,46.03798],[10.47392,46.0382],[10.47274,46.03827],[10.47216,46.03768],[10.47137,46.03826],[10.47081,46.039],[10.46997,46.03977],[10.46997,46.04068]]]},"properties":{"kind":"land","cls":"forest"}},{"type":"Feature","geometry":{"type":"Polygon","coordinates":[[[10.4974,45.99671],[10.49738,45.99712],[10.49722,45.99718],[10.49692,45.99705],[10.4969,45.99727],[10.49661,45.99754],[10.49669,45.99768],[10.49709,45.99769],[10.49714,45.9978],[10.49671,45.99797],[10.49734,45.99831],[10.49737,45.9988],[10.49753,45.99895],[10.49809,45.99893],[10.4983,45.99818],[10.4987,45.99774],[10.49903,45.99755],[10.49936,45.99699],[10.49887,45.9971],[10.49865,45.99739],[10.49858,45.99721],[10.49839,45.99734],[10.49838,45.99712],[10.49775,45.998],[10.49781,45.99686],[10.49767,45.99667],[10.4974,45.99671]]]},"properties":{"kind":"land","cls":"scree"}},{"type":"Feature","geometry":{"type":"Polygon","coordinates":[[[10.56564,46.09692],[10.56515,46.09679],[10.56508,46.09665],[10.56428,46.0967],[10.56459,46.09686],[10.56463,46.09704],[10.56576,46.09704],[10.56564,46.09692]]]},"properties":{"kind":"land","cls":"grassland"}},{"type":"Feature","geometry":{"type":"Polygon","coordinates":[[[10.51476,46.03031],[10.51504,46.03024],[10.51566,46.03023],[10.5155,46.02987],[10.51522,46.02975],[10.51509,46.02986],[10.51477,46.02984],[10.51467,46.03016],[10.51476,46.03031]]]},"properties":{"kind":"land","cls":"scree"}},{"type":"Feature","geometry":{"type":"Polygon","coordinates":[[[10.50655,46.03267],[10.5064,46.03233],[10.50633,46.03227],[10.50626,46.0326],[10.5065,46.03282],[10.50681,46.03287],[10.5068,46.03278],[10.50655,46.03267]]]},"properties":{"kind":"land","cls":"bare_rock"}},{"type":"Feature","geometry":{"type":"Polygon","coordinates":[[[10.53877,46.02575],[10.5391,46.02571],[10.53922,46.02583],[10.5393,46.02577],[10.53949,46.02587],[10.53922,46.0263],[10.53917,46.02656],[10.53951,46.02654],[10.53968,46.02672],[10.54008,46.02662],[10.54005,46.02678],[10.54038,46.02682],[10.54065,46.02709],[10.54064,46.02732],[10.54087,46.02728],[10.54088,46.02709],[10.54062,46.02645],[10.54103,46.02616],[10.54128,46.02618],[10.54146,46.02586],[10.54111,46.0257],[10.54123,46.02605],[10.54084,46.02607],[10.54095,46.02616],[10.54086,46.02626],[10.54035,46.02648],[10.54017,46.02641],[10.54022,46.0263],[10.54001,46.02611],[10.53974,46.02618],[10.53999,46.02592],[10.53973,46.02587],[10.53976,46.02562],[10.53949,46.02544],[10.53983,46.02548],[10.54,46.0258],[10.54023,46.02593],[10.54046,46.02636],[10.54034,46.02566],[10.53987,46.02531],[10.53947,46.02526],[10.53926,46.02487],[10.5393,46.02477],[10.53905,46.02475],[10.53847,46.02408],[10.53832,46.02415],[10.53824,46.02409],[10.53792,46.02368],[10.53789,46.0235],[10.53765,46.0234],[10.5376,46.02316],[10.53713,46.02311],[10.5372,46.02326],[10.53707,46.02327],[10.53695,46.02311],[10.53701,46.02295],[10.53653,46.02263],[10.53634,46.02262],[10.53635,46.02271],[10.53552,46.02236],[10.53544,46.02251],[10.53563,46.02278],[10.53524,46.02248],[10.53511,46.02202],[10.53462,46.02197],[10.53458,46.02214],[10.53472,46.02251],[10.53453,46.02299],[10.5346,46.0231],[10.5347,46.02311],[10.53489,46.02291],[10.53509,46.02307],[10.53506,46.02289],[10.53518,46.02287],[10.53537,46.02309],[10.53527,46.0232],[10.53556,46.02319],[10.53621,46.02352],[10.53629,46.02364],[10.53655,46.02363],[10.53701,46.02381],[10.53732,46.02408],[10.53721,46.02423],[10.53703,46.02424],[10.53706,46.02442],[10.53725,46.02454],[10.53721,46.02467],[10.53749,46.02459],[10.53816,46.02532],[10.5381,46.02509],[10.5384,46.02497],[10.53851,46.02474],[10.53834,46.02463],[10.53845,46.02458],[10.53847,46.02441],[10.5387,46.0245],[10.53872,46.02456],[10.53861,46.02457],[10.5387,46.02483],[10.5385,46.02494],[10.53855,46.02512],[10.53828,46.02549],[10.53833,46.02582],[10.53855,46.02593],[10.53853,46.02567],[10.53836,46.02544],[10.53856,46.02547],[10.53866,46.02516],[10.53893,46.02498],[10.53871,46.02534],[10.53895,46.02546],[10.53901,46.02563],[10.53877,46.02575]],[[10.53585,46.02289],[10.53563,46.02254],[10.53636,46.02296],[10.53585,46.02289]]]},"properties":{"kind":"land","cls":"bare_rock"}},{"type":"Feature","geometry":{"type":"Polygon","coordinates":[[[10.50275,46.09426],[10.50258,46.09123],[10.50173,46.09032],[10.50005,46.08973],[10.49912,46.08897],[10.4988,46.08853],[10.49818,46.08823],[10.49762,46.08829],[10.49713,46.08919],[10.49649,46.08978],[10.49495,46.09069],[10.4937,46.0931],[10.50018,46.09562],[10.50037,46.09704],[10.50757,46.09704],[10.50275,46.09426]]]},"properties":{"kind":"land","cls":"scree"}},{"type":"Feature","geometry":{"type":"Polygon","coordinates":[[[10.48844,46.0027],[10.48805,46.00268],[10.48763,46.00283],[10.48755,46.00305],[10.48713,46.00307],[10.4873,46.00326],[10.48753,46.00331],[10.48766,46.00307],[10.48804,46.003],[10.48844,46.0027]]]},"properties":{"kind":"land","cls":"bare_rock"}},{"type":"Feature","geometry":{"type":"Polygon","coordinates":[[[10.54802,46.02687],[10.54764,46.02696],[10.54758,46.02716],[10.54773,46.02754],[10.54835,46.02791],[10.54792,46.028],[10.54767,46.02818],[10.54767,46.02875],[10.5474,46.02899],[10.54774,46.02944],[10.54762,46.02999],[10.54796,46.0304],[10.54789,46.03054],[10.54793,46.03076],[10.54828,46.03041],[10.54908,46.03009],[10.54898,46.02993],[10.54865,46.0298],[10.54852,46.02954],[10.54864,46.02942],[10.54986,46.0296],[10.54978,46.02917],[10.55002,46.02846],[10.54967,46.02824],[10.54936,46.02834],[10.5489,46.02827],[10.54861,46.02803],[10.54874,46.02778],[10.54932,46.02769],[10.54924,46.02753],[10.54874,46.02724],[10.54863,46.02704],[10.54802,46.02687]]]},"properties":{"kind":"land","cls":"forest"}},{"type":"Feature","geometry":{"type":"Polygon","coordinates":[[[10.51957,45.99313],[10.51947,45.993],[10.51952,45.99286],[10.51933,45.99248],[10.51924,45.99248],[10.51937,45.99289],[10.51929,45.99316],[10.51957,45.99313]]]},"properties":{"kind":"land","cls":"bare_rock"}},{"type":"Feature","geometry":{"type":"Polygon","coordinates":[[[10.47002,46.02813],[10.47004,46.02795],[10.47016,46.02797],[10.47016,46.02783],[10.4703,46.02769],[10.47033,46.02781],[10.47047,46.0278],[10.47048,46.02798],[10.47038,46.02814],[10.47013,46.02817],[10.47036,46.0283],[10.47052,46.02815],[10.47048,46.02803],[10.47062,46.02804],[10.47071,46.02781],[10.47141,46.02817],[10.4713,46.02799],[10.47114,46.028],[10.47106,46.02785],[10.47089,46.02784],[10.47081,46.02773],[10.47068,46.02777],[10.47009,46.02742],[10.47015,46.02765],[10.47007,46.02782],[10.46997,46.02778],[10.47002,46.02813]]]},"properties":{"kind":"land","cls":"scree"}},{"type":"Feature","geometry":{"type":"Polygon","coordinates":[[[10.56015,46.04861],[10.55971,46.04841],[10.55765,46.04841],[10.55679,46.04828],[10.55594,46.04844],[10.55426,46.04836],[10.55594,46.04856],[10.55656,46.04874],[10.55695,46.04863],[10.55943,46.04864],[10.5603,46.04892],[10.56015,46.04861]]]},"properties":{"kind":"land","cls":"glacier","name":"Ghiacciaio di Cima Bissina"}},{"type":"Feature","geometry":{"type":"Polygon","coordinates":[[[10.47616,45.99657],[10.47668,45.99604],[10.47703,45.996],[10.47705,45.99591],[10.47678,45.9959],[10.4762,45.99605],[10.47542,45.99646],[10.47616,45.99657]]]},"properties":{"kind":"land","cls":"bare_rock"}},{"type":"Feature","geometry":{"type":"Polygon","coordinates":[[[10.56642,46.07496],[10.56707,46.07462],[10.56824,46.07378],[10.56874,46.07404],[10.56905,46.07408],[10.56934,46.07375],[10.56945,46.07346],[10.56868,46.07324],[10.56843,46.07334],[10.56772,46.07337],[10.56795,46.07273],[10.5685,46.07218],[10.56808,46.07218],[10.56747,46.07248],[10.56715,46.07232],[10.56738,46.07281],[10.56615,46.07476],[10.56642,46.07496]]]},"properties":{"kind":"land","cls":"scrub"}},{"type":"Feature","geometry":{"type":"Polygon","coordinates":[[[10.48486,46.03755],[10.48449,46.03727],[10.48452,46.03714],[10.48432,46.03696],[10.48408,46.03691],[10.48421,46.03738],[10.48397,46.03735],[10.48371,46.03753],[10.4838,46.0376],[10.48427,46.03752],[10.48389,46.03764],[10.48356,46.03789],[10.4842,46.03774],[10.4843,46.03777],[10.48432,46.03796],[10.48468,46.03796],[10.48486,46.03755]]]},"properties":{"kind":"land","cls":"scree"}},{"type":"Feature","geometry":{"type":"Polygon","coordinates":[[[10.48058,46.02444],[10.48054,46.02459],[10.48036,46.02461],[10.48035,46.02474],[10.48057,46.02482],[10.48051,46.02466],[10.48066,46.02466],[10.4806,46.02454],[10.48068,46.02439],[10.4805,46.02428],[10.48045,46.02443],[10.48058,46.02444]]]},"properties":{"kind":"land","cls":"bare_rock"}},{"type":"Feature","geometry":{"type":"Polygon","coordinates":[[[10.48575,46.02973],[10.48594,46.02965],[10.48593,46.02982],[10.4858,46.02987],[10.48568,46.03017],[10.48543,46.03028],[10.48546,46.03052],[10.4852,46.03098],[10.48542,46.03123],[10.4854,46.03148],[10.48557,46.03173],[10.48566,46.0322],[10.48551,46.0329],[10.48532,46.03323],[10.48551,46.03349],[10.4853,46.03372],[10.48524,46.03448],[10.48544,46.03448],[10.48525,46.03463],[10.48537,46.03466],[10.48531,46.03477],[10.48522,46.03466],[10.48514,46.03471],[10.48517,46.03483],[10.48506,46.03495],[10.48518,46.03515],[10.48506,46.03526],[10.48515,46.03545],[10.48479,46.03575],[10.48492,46.03597],[10.48468,46.03605],[10.48483,46.03629],[10.4846,46.03625],[10.4845,46.03656],[10.4847,46.03709],[10.48511,46.03735],[10.48534,46.03798],[10.48553,46.03807],[10.48528,46.0374],[10.48534,46.03734],[10.48522,46.0373],[10.4851,46.03694],[10.48505,46.03637],[10.48516,46.03628],[10.48514,46.03595],[10.48527,46.03592],[10.48513,46.0358],[10.48536,46.03545],[10.48531,46.03527],[10.48549,46.0351],[10.48535,46.03513],[10.48526,46.03502],[10.48541,46.03502],[10.48569,46.03456],[10.48595,46.03457],[10.48588,46.03448],[10.48566,46.03451],[10.48581,46.03436],[10.48569,46.03428],[10.48565,46.03381],[10.48611,46.03367],[10.486,46.03361],[10.48575,46.03367],[10.48575,46.0335],[10.48586,46.03357],[10.48596,46.03347],[10.48577,46.03335],[10.48566,46.03341],[10.48559,46.03326],[10.48573,46.03298],[10.48582,46.03255],[10.48574,46.03247],[10.48584,46.03216],[10.48596,46.03219],[10.48602,46.0321],[10.48583,46.03178],[10.48599,46.03161],[10.48588,46.03145],[10.48596,46.03119],[10.48582,46.03118],[10.48582,46.03097],[10.48593,46.03061],[10.48622,46.03029],[10.4862,46.03016],[10.48673,46.02957],[10.48669,46.02944],[10.48641,46.02937],[10.48649,46.02905],[10.48603,46.02799],[10.48604,46.02768],[10.48572,46.02678],[10.48578,46.02668],[10.48553,46.02629],[10.48556,46.02588],[10.48541,46.0258],[10.48537,46.02556],[10.4855,46.02547],[10.48534,46.02536],[10.48564,46.02543],[10.48602,46.02521],[10.48654,46.02509],[10.48706,46.02518],[10.48698,46.02547],[10.48664,46.02573],[10.48675,46.02577],[10.48706,46.02559],[10.4874,46.02562],[10.48789,46.02544],[10.48857,46.02557],[10.48917,46.02515],[10.48905,46.02496],[10.48892,46.02502],[10.48896,46.02514],[10.48853,46.02518],[10.48744,46.02509],[10.48725,46.02492],[10.48684,46.02476],[10.48681,46.02442],[10.487,46.02427],[10.48673,46.02417],[10.48657,46.02425],[10.48667,46.02436],[10.48638,46.02446],[10.48623,46.02467],[10.48629,46.02483],[10.4865,46.02493],[10.486,46.02498],[10.48539,46.02491],[10.48518,46.02479],[10.48518,46.02459],[10.48533,46.02445],[10.48546,46.02463],[10.48558,46.02464],[10.48543,46.02438],[10.48588,46.02443],[10.48608,46.02437],[10.48614,46.02421],[10.48671,46.02406],[10.48625,46.02401],[10.48582,46.02372],[10.4854,46.02313],[10.48536,46.02289],[10.48513,46.02277],[10.48561,46.02275],[10.48522,46.02258],[10.48594,46.02271],[10.48642,46.02271],[10.48712,46.02294],[10.48725,46.02317],[10.4878,46.02299],[10.48771,46.02288],[10.48667,46.02276],[10.48628,46.02254],[10.48692,46.02194],[10.48704,46.02163],[10.48721,46.02153],[10.48718,46.02142],[10.48762,46.02104],[10.48748,46.02089],[10.48764,46.0209],[10.48791,46.02066],[10.48791,46.02046],[10.48772,46.02032],[10.48746,46.02031],[10.48752,46.02007],[10.48817,46.02029],[10.48836,46.02023],[10.4883,46.0201],[10.4886,46.02019],[10.49,46.01976],[10.49049,46.01926],[10.49053,46.01893],[10.49068,46.01888],[10.49076,46.01872],[10.49065,46.01859],[10.49086,46.01862],[10.49133,46.01834],[10.49146,46.01832],[10.49157,46.01842],[10.49156,46.01829],[10.49191,46.01794],[10.49196,46.01812],[10.49208,46.01793],[10.49228,46.01782],[10.4919,46.01789],[10.49175,46.01801],[10.4916,46.01798],[10.49211,46.0177],[10.4921,46.01762],[10.49255,46.01767],[10.49271,46.01756],[10.49286,46.01765],[10.49369,46.01734],[10.4936,46.0175],[10.49307,46.01769],[10.49316,46.0178],[10.49444,46.01725],[10.49451,46.01734],[10.49494,46.01737],[10.49468,46.01758],[10.495,46.01753],[10.49509,46.01739],[10.49504,46.01723],[10.49537,46.01712],[10.49555,46.01729],[10.49642,46.01709],[10.49645,46.01721],[10.49677,46.01722],[10.4971,46.01707],[10.49715,46.0169],[10.49733,46.01678],[10.49742,46.01686],[10.49832,46.01649],[10.49948,46.01644],[10.50055,46.01667],[10.50104,46.01655],[10.50044,46.01658],[10.5001,46.01649],[10.49937,46.01618],[10.49912,46.0158],[10.49849,46.01559],[10.49845,46.01576],[10.49863,46.01599],[10.49886,46.01585],[10.49903,46.01604],[10.49865,46.01619],[10.4984,46.01582],[10.49817,46.01597],[10.49808,46.01593],[10.49803,46.0161],[10.49816,46.01637],[10.49782,46.0164],[10.49767,46.01651],[10.4977,46.01631],[10.49744,46.0163],[10.49741,46.01648],[10.49713,46.01633],[10.49719,46.01654],[10.49702,46.01669],[10.49711,46.01676],[10.49688,46.01687],[10.49679,46.01707],[10.49655,46.01708],[10.49654,46.01702],[10.49678,46.01691],[10.4964,46.01697],[10.49656,46.0168],[10.4963,46.01676],[10.49648,46.01669],[10.49648,46.0166],[10.49622,46.0166],[10.49571,46.01633],[10.49552,46.01607],[10.4957,46.01593],[10.49582,46.01599],[10.49597,46.0159],[10.496,46.01601],[10.49614,46.01603],[10.49635,46.01641],[10.4966,46.01644],[10.49669,46.01661],[10.49684,46.01654],[10.49677,46.01632],[10.49701,46.01625],[10.49689,46.01611],[10.49666,46.01614],[10.49664,46.01605],[10.49613,46.01589],[10.49627,46.01562],[10.49647,46.01574],[10.49665,46.01573],[10.49665,46.01559],[10.49653,46.01549],[10.4966,46.01538],[10.49644,46.01535],[10.49606,46.01563],[10.496,46.0158],[10.49561,46.01589],[10.49533,46.01615],[10.49455,46.01632],[10.49316,46.01696],[10.49158,46.01738],[10.49037,46.01795],[10.48955,46.01817],[10.48925,46.01813],[10.489,46.0183],[10.48932,46.01826],[10.48928,46.01836],[10.48855,46.01862],[10.48776,46.01905],[10.48787,46.0191],[10.48869,46.01864],[10.48874,46.01872],[10.48915,46.01864],[10.48893,46.01877],[10.48885,46.0189],[10.48891,46.01899],[10.48849,46.0191],[10.48811,46.01949],[10.4878,46.01954],[10.48749,46.01947],[10.48552,46.0204],[10.48519,46.0204],[10.48493,46.02058],[10.48449,46.02069],[10.48426,46.0206],[10.48418,46.02074],[10.48353,46.02093],[10.48262,46.02077],[10.48217,46.02042],[10.48216,46.01981],[10.4819,46.01943],[10.48221,46.01908],[10.48274,46.01906],[10.48257,46.01879],[10.48257,46.01848],[10.48246,46.0185],[10.48229,46.01878],[10.48217,46.01874],[10.48188,46.01894],[10.48127,46.01866],[10.48138,46.01854],[10.48169,46.01863],[10.48181,46.01842],[10.48171,46.01818],[10.48216,46.01813],[10.482,46.01789],[10.48215,46.01781],[10.48204,46.01768],[10.48217,46.01768],[10.48216,46.01757],[10.48253,46.01763],[10.48248,46.01728],[10.48271,46.01709],[10.48248,46.01653],[10.48278,46.01658],[10.48281,46.01684],[10.48303,46.01663],[10.48297,46.01639],[10.48321,46.01649],[10.4835,46.0159],[10.48364,46.01583],[10.4834,46.01568],[10.48305,46.01595],[10.483,46.01587],[10.48311,46.01572],[10.48205,46.01636],[10.48186,46.01667],[10.48188,46.017],[10.4817,46.01742],[10.48148,46.01758],[10.48151,46.01778],[10.48137,46.01784],[10.48136,46.01799],[10.48118,46.01799],[10.48097,46.01817],[10.4809,46.01831],[10.48101,46.01835],[10.48082,46.01853],[10.4809,46.01874],[10.48186,46.01908],[10.48167,46.01916],[10.48137,46.01907],[10.48153,46.01926],[10.48104,46.01906],[10.48118,46.01899],[10.48114,46.01893],[10.48087,46.01896],[10.48094,46.01923],[10.48068,46.01936],[10.48068,46.01964],[10.47958,46.02005],[10.4791,46.02004],[10.47895,46.02029],[10.479,46.02039],[10.47916,46.02039],[10.47912,46.02045],[10.47857,46.0203],[10.47826,46.02054],[10.47808,46.02037],[10.47751,46.02082],[10.47735,46.02084],[10.47727,46.02072],[10.4767,46.02083],[10.4765,46.02073],[10.47646,46.02059],[10.47619,46.02055],[10.47626,46.02046],[10.47645,46.02048],[10.47639,46.02032],[10.47607,46.02043],[10.47621,46.02059],[10.47602,46.02098],[10.47546,46.02087],[10.47523,46.02108],[10.47507,46.02077],[10.47521,46.02053],[10.47537,46.02079],[10.47544,46.02062],[10.47572,46.02061],[10.47584,46.02042],[10.4759,46.0202],[10.47576,46.02016],[10.47578,46.02006],[10.47594,46.02007],[10.47614,46.0203],[10.4762,46.02022],[10.47589,46.01984],[10.47566,46.01989],[10.47575,46.01975],[10.47603,46.0197],[10.47647,46.01999],[10.47662,46.01982],[10.47674,46.02002],[10.47678,46.01989],[10.4765,46.01973],[10.47655,46.01957],[10.47645,46.01947],[10.47619,46.01967],[10.47573,46.01961],[10.4753,46.01976],[10.47523,46.02011],[10.47474,46.02041],[10.47466,46.0206],[10.47364,46.02063],[10.47326,46.02048],[10.47329,46.02061],[10.47316,46.02067],[10.47379,46.02085],[10.47395,46.02101],[10.47396,46.02075],[10.47434,46.02067],[10.47458,46.02075],[10.47459,46.02085],[10.47478,46.02097],[10.47508,46.02095],[10.47512,46.02111],[10.47485,46.02106],[10.47475,46.02119],[10.47434,46.02114],[10.47403,46.02127],[10.47368,46.02124],[10.47338,46.02104],[10.47333,46.02133],[10.47226,46.02141],[10.472,46.02137],[10.4719,46.02118],[10.47162,46.02108],[10.4709,46.02091],[10.47063,46.02093],[10.47112,46.02123],[10.47132,46.02121],[10.4724,46.02154],[10.47465,46.0213],[10.47587,46.02106],[10.47722,46.0214],[10.47764,46.02132],[10.47831,46.02138],[10.48155,46.021],[10.48199,46.02105],[10.48292,46.02145],[10.48327,46.02167],[10.48329,46.02184],[10.48304,46.02167],[10.48242,46.02171],[10.48293,46.02202],[10.48286,46.02174],[10.48321,46.02195],[10.48329,46.02229],[10.48342,46.02244],[10.48344,46.02266],[10.48335,46.02276],[10.48354,46.02283],[10.4836,46.02305],[10.48377,46.0232],[10.48338,46.02309],[10.48336,46.02324],[10.48376,46.0234],[10.48393,46.02372],[10.48444,46.0243],[10.4845,46.02457],[10.48418,46.02427],[10.48396,46.02423],[10.48393,46.02407],[10.4837,46.0241],[10.48373,46.02428],[10.48357,46.02435],[10.48335,46.0242],[10.48335,46.02403],[10.48357,46.02389],[10.4836,46.02371],[10.48347,46.02358],[10.48345,46.02339],[10.48298,46.02332],[10.483,46.02348],[10.48324,46.02359],[10.48313,46.02366],[10.48314,46.02378],[10.48264,46.02378],[10.4829,46.02362],[10.48275,46.02344],[10.48264,46.02358],[10.48255,46.0234],[10.48272,46.0231],[10.48266,46.02297],[10.48253,46.023],[10.4825,46.02318],[10.48207,46.02322],[10.48189,46.02333],[10.48192,46.02353],[10.48146,46.02323],[10.48129,46.02332],[10.48141,46.02356],[10.48165,46.02365],[10.48181,46.0236],[10.48172,46.02379],[10.48214,46.02378],[10.48219,46.02395],[10.48267,46.02406],[10.48271,46.02431],[10.48298,46.02445],[10.48285,46.02469],[10.48301,46.02468],[10.483,46.02478],[10.48315,46.02489],[10.48352,46.025],[10.48423,46.02505],[10.48421,46.02516],[10.48443,46.02519],[10.48446,46.02544],[10.48488,46.02583],[10.48496,46.02622],[10.48535,46.02669],[10.48548,46.02707],[10.48533,46.02735],[10.48549,46.02747],[10.48537,46.02782],[10.48541,46.0282],[10.48547,46.02856],[10.48563,46.02883],[10.48561,46.02901],[10.48594,46.02925],[10.48581,46.02926],[10.4857,46.02945],[10.48575,46.02973]]]},"properties":{"kind":"land","cls":"bare_rock"}},{"type":"Feature","geometry":{"type":"Polygon","coordinates":[[[10.49219,46.04856],[10.49206,46.04899],[10.49337,46.04937],[10.49319,46.04849],[10.49305,46.04816],[10.4928,46.04788],[10.49266,46.04787],[10.49219,46.04856]]]},"properties":{"kind":"land","cls":"scree"}},{"type":"Feature","geometry":{"type":"Polygon","coordinates":[[[10.50143,46.08972],[10.50147,46.0896],[10.50111,46.08934],[10.50116,46.0888],[10.50101,46.08861],[10.50064,46.08836],[10.50018,46.08826],[10.49997,46.08809],[10.49986,46.08782],[10.4996,46.08769],[10.49949,46.08745],[10.49937,46.08743],[10.49933,46.08725],[10.49884,46.08679],[10.4989,46.08658],[10.49837,46.08639],[10.49804,46.08609],[10.4977,46.08604],[10.49751,46.0862],[10.49747,46.08653],[10.49765,46.08686],[10.49803,46.08727],[10.49835,46.0873],[10.49856,46.08782],[10.49937,46.08829],[10.49956,46.08857],[10.5002,46.08869],[10.50026,46.08895],[10.50086,46.08924],[10.50115,46.08952],[10.50118,46.08966],[10.50133,46.08973],[10.50143,46.08972]]]},"properties":{"kind":"land","cls":"wetland"}},{"type":"Feature","geometry":{"type":"MultiPolygon","coordinates":[[[[10.5204,46.03519],[10.52008,46.03508],[10.52009,46.03494],[10.51963,46.03488],[10.51957,46.03509],[10.5192,46.03516],[10.5194,46.03548],[10.51892,46.03541],[10.5189,46.03565],[10.51964,46.03616],[10.52056,46.03611],[10.52081,46.03616],[10.52089,46.03623],[10.52083,46.03632],[10.52038,46.03647],[10.51905,46.0365],[10.51843,46.03635],[10.51794,46.03654],[10.52011,46.03666],[10.52103,46.03685],[10.52071,46.03714],[10.52064,46.03737],[10.52028,46.03758],[10.51804,46.03782],[10.51824,46.03824],[10.51822,46.03852],[10.51785,46.03843],[10.51763,46.03895],[10.51698,46.03889],[10.51691,46.03872],[10.51701,46.03849],[10.51668,46.03815],[10.51635,46.03797],[10.51571,46.03787],[10.51501,46.03808],[10.51447,46.03859],[10.51412,46.03798],[10.51422,46.03777],[10.5144,46.03767],[10.5152,46.03764],[10.5154,46.03737],[10.51525,46.03719],[10.51466,46.03712],[10.5146,46.03699],[10.51389,46.03673],[10.5136,46.03679],[10.51331,46.03811],[10.5128,46.03814],[10.51269,46.03803],[10.51302,46.03696],[10.51375,46.03623],[10.51374,46.03609],[10.51339,46.0358],[10.51218,46.03583],[10.51193,46.03587],[10.51169,46.03611],[10.51184,46.03631],[10.51169,46.03661],[10.51199,46.03667],[10.51211,46.03683],[10.51189,46.03706],[10.51219,46.03704],[10.51221,46.03723],[10.5122,46.03751],[10.51196,46.0374],[10.5118,46.03761],[10.51171,46.03876],[10.5116,46.03881],[10.51156,46.03789],[10.51147,46.03782],[10.51156,46.03777],[10.51162,46.03749],[10.51137,46.03722],[10.51135,46.03703],[10.51154,46.03668],[10.51135,46.0367],[10.51126,46.03682],[10.5107,46.03834],[10.51046,46.0384],[10.50984,46.03802],[10.50947,46.03793],[10.50924,46.03866],[10.50925,46.03897],[10.5099,46.04029],[10.51029,46.04053],[10.51129,46.04079],[10.51122,46.04116],[10.51148,46.04133],[10.5115,46.04109],[10.51173,46.04129],[10.51171,46.04146],[10.51195,46.04164],[10.51186,46.04206],[10.51203,46.04271],[10.51237,46.04325],[10.51215,46.04381],[10.51217,46.04451],[10.51237,46.04553],[10.5123,46.04567],[10.51261,46.04571],[10.5123,46.04588],[10.51252,46.04606],[10.51217,46.04625],[10.51224,46.04639],[10.5127,46.04662],[10.51313,46.04701],[10.51284,46.04714],[10.51284,46.04734],[10.5131,46.04804],[10.51342,46.0481],[10.51323,46.04833],[10.51334,46.0486],[10.51383,46.04875],[10.51423,46.04919],[10.51442,46.04918],[10.51505,46.04951],[10.51553,46.04935],[10.51577,46.04955],[10.51624,46.04947],[10.51701,46.05013],[10.51705,46.05027],[10.51666,46.05048],[10.51586,46.05043],[10.51585,46.0507],[10.51631,46.05091],[10.51659,46.05072],[10.51659,46.0506],[10.51684,46.05063],[10.5176,46.05095],[10.51837,46.05179],[10.51898,46.05176],[10.52083,46.05278],[10.52124,46.05329],[10.52135,46.05369],[10.52174,46.05414],[10.52187,46.05445],[10.52269,46.05529],[10.52383,46.05626],[10.52413,46.05665],[10.52562,46.05762],[10.52761,46.05865],[10.52782,46.05895],[10.5298,46.05975],[10.53002,46.06001],[10.53033,46.06003],[10.53189,46.06093],[10.53189,46.06127],[10.53353,46.06235],[10.53415,46.06328],[10.53496,46.06378],[10.53533,46.0644],[10.5379,46.06598],[10.53882,46.06665],[10.53906,46.06705],[10.54064,46.06802],[10.54097,46.06879],[10.54062,46.06921],[10.54062,46.07001],[10.54112,46.07046],[10.54179,46.07167],[10.5428,46.07203],[10.54273,46.07216],[10.54281,46.0725],[10.54373,46.07213],[10.54495,46.07253],[10.54523,46.07277],[10.54557,46.07267],[10.54604,46.0729],[10.54586,46.07325],[10.54592,46.07343],[10.54645,46.07347],[10.54707,46.0732],[10.54692,46.07394],[10.54701,46.07423],[10.54777,46.07487],[10.55025,46.07576],[10.55043,46.07588],[10.5503,46.07604],[10.55041,46.07614],[10.55083,46.07638],[10.55095,46.07655],[10.55148,46.07665],[10.55152,46.07689],[10.55195,46.07709],[10.55241,46.07706],[10.55345,46.07729],[10.55368,46.07755],[10.55368,46.07796],[10.5541,46.07849],[10.55449,46.0787],[10.55483,46.07874],[10.55513,46.07897],[10.55707,46.07986],[10.5588,46.07936],[10.55944,46.07871],[10.55909,46.07847],[10.55682,46.07853],[10.55567,46.07824],[10.55661,46.07787],[10.5581,46.07655],[10.55844,46.07725],[10.55853,46.07803],[10.55987,46.0775],[10.56058,46.07786],[10.56294,46.07661],[10.56294,46.07628],[10.56192,46.07527],[10.56181,46.07574],[10.56149,46.07595],[10.56117,46.07594],[10.5618,46.07491],[10.56212,46.07456],[10.56157,46.07453],[10.56078,46.07541],[10.55972,46.0754],[10.55898,46.07494],[10.55874,46.07436],[10.55751,46.07415],[10.55665,46.07352],[10.55542,46.07409],[10.55413,46.07405],[10.55323,46.07344],[10.55262,46.07258],[10.55318,46.07006],[10.55207,46.07069],[10.55127,46.06927],[10.55053,46.0706],[10.54914,46.07002],[10.54836,46.06903],[10.54875,46.06833],[10.54856,46.06771],[10.54773,46.06616],[10.54635,46.06548],[10.54579,46.06473],[10.54584,46.06289],[10.54632,46.06263],[10.54507,46.06141],[10.54456,46.06113],[10.5444,46.06059],[10.54485,46.06038],[10.54435,46.05962],[10.54486,46.05933],[10.54473,46.05902],[10.54442,46.05902],[10.54394,46.05919],[10.54384,46.05899],[10.54369,46.05919],[10.54368,46.05961],[10.54323,46.06032],[10.54302,46.05958],[10.54227,46.05924],[10.54104,46.05916],[10.54114,46.05967],[10.54088,46.06007],[10.53939,46.06003],[10.53783,46.05889],[10.53809,46.05818],[10.53789,46.05552],[10.53855,46.05428],[10.53855,46.05314],[10.53595,46.05452],[10.53656,46.05501],[10.53675,46.0558],[10.53497,46.05564],[10.53401,46.05774],[10.53282,46.05736],[10.53187,46.05693],[10.53205,46.05653],[10.53312,46.05615],[10.53367,46.05567],[10.53346,46.05537],[10.53317,46.05517],[10.5324,46.05552],[10.53149,46.05549],[10.53118,46.05526],[10.53166,46.05488],[10.53332,46.05412],[10.53171,46.05333],[10.53133,46.05273],[10.5304,46.05268],[10.52908,46.05154],[10.52739,46.04966],[10.52677,46.04931],[10.52632,46.0489],[10.52543,46.04893],[10.52481,46.04829],[10.52391,46.04698],[10.52305,46.04541],[10.52347,46.0444],[10.52451,46.04362],[10.52313,46.04251],[10.52246,46.04149],[10.52154,46.04148],[10.52075,46.04126],[10.52013,46.04061],[10.52016,46.04027],[10.52075,46.04026],[10.52134,46.04011],[10.52147,46.0397],[10.52347,46.03927],[10.52396,46.03893],[10.5243,46.03844],[10.5244,46.03797],[10.52385,46.03697],[10.52321,46.0363],[10.52318,46.03618],[10.52344,46.03605],[10.52316,46.03605],[10.52299,46.03595],[10.52297,46.03582],[10.52279,46.0358],[10.52204,46.03632],[10.52179,46.03635],[10.52143,46.03598],[10.52152,46.03577],[10.52186,46.03552],[10.52099,46.03529],[10.52058,46.0354],[10.5204,46.03519]],[[10.51209,46.03808],[10.51239,46.03785],[10.5125,46.03829],[10.5122,46.03826],[10.51209,46.03808]],[[10.51167,46.04079],[10.51152,46.04079],[10.51154,46.03907],[10.51161,46.03896],[10.51177,46.03895],[10.51167,46.04079]],[[10.51617,46.04824],[10.51611,46.04813],[10.51643,46.04802],[10.51644,46.04813],[10.51617,46.04824]],[[10.51671,46.0487],[10.5166,46.04855],[10.51673,46.04837],[10.51685,46.04839],[10.51696,46.04857],[10.51688,46.04888],[10.51661,46.04882],[10.51671,46.0487]],[[10.54145,46.06927],[10.54185,46.06924],[10.54224,46.06937],[10.54288,46.06933],[10.544,46.06968],[10.54412,46.07003],[10.54385,46.07033],[10.54409,46.07066],[10.54445,46.07088],[10.54212,46.07149],[10.54176,46.07132],[10.54148,46.0711],[10.54127,46.07054],[10.54087,46.07014],[10.54077,46.06991],[10.54076,46.06963],[10.54086,46.06945],[10.54145,46.06927]]],[[[10.53668,46.06949],[10.53646,46.06982],[10.53656,46.07021],[10.53643,46.07037],[10.53594,46.07061],[10.53574,46.07054],[10.53544,46.07008],[10.53504,46.06971],[10.53507,46.06932],[10.53492,46.06898],[10.53441,46.0686],[10.53373,46.06879],[10.53301,46.06785],[10.53287,46.06743],[10.53132,46.06672],[10.52985,46.06634],[10.52783,46.06507],[10.52739,46.06513],[10.52833,46.06601],[10.52973,46.06692],[10.53071,46.06795],[10.53172,46.06862],[10.53167,46.06812],[10.53129,46.0677],[10.53134,46.06749],[10.53211,46.06773],[10.53277,46.06825],[10.532,46.06805],[10.5324,46.06845],[10.53247,46.0689],[10.53284,46.0688],[10.53331,46.06913],[10.53292,46.06937],[10.53364,46.07025],[10.53416,46.07055],[10.53442,46.0709],[10.53328,46.07043],[10.53189,46.06887],[10.53144,46.06874],[10.52997,46.06766],[10.52849,46.06697],[10.52737,46.0671],[10.526,46.0678],[10.52602,46.06865],[10.52466,46.06956],[10.52417,46.07056],[10.52602,46.07181],[10.529,46.07196],[10.53079,46.0725],[10.53163,46.07339],[10.53089,46.07358],[10.53129,46.07383],[10.53076,46.07395],[10.53129,46.07429],[10.53114,46.07498],[10.53175,46.07533],[10.53237,46.07529],[10.53229,46.07467],[10.53251,46.07453],[10.53399,46.07555],[10.53429,46.07516],[10.53495,46.0749],[10.53548,46.07532],[10.53547,46.07569],[10.53477,46.07614],[10.53455,46.07657],[10.53457,46.07713],[10.53551,46.07796],[10.53729,46.07743],[10.54058,46.0759],[10.54116,46.07511],[10.54118,46.07416],[10.54162,46.07402],[10.54285,46.07423],[10.5419,46.07513],[10.54224,46.07596],[10.53827,46.07788],[10.53818,46.07824],[10.53718,46.07887],[10.54065,46.07779],[10.54061,46.0786],[10.53817,46.08042],[10.54257,46.07867],[10.54198,46.0802],[10.54366,46.0814],[10.54578,46.08013],[10.54366,46.08332],[10.5471,46.08122],[10.54514,46.08313],[10.54598,46.08425],[10.54723,46.08264],[10.54811,46.08087],[10.54906,46.08001],[10.54896,46.07972],[10.54811,46.07973],[10.54679,46.07879],[10.54665,46.07808],[10.54708,46.07749],[10.54602,46.07585],[10.54387,46.07384],[10.54313,46.07362],[10.5424,46.07319],[10.54118,46.07159],[10.54103,46.07125],[10.54102,46.07094],[10.54042,46.07011],[10.54037,46.0699],[10.54046,46.06966],[10.54034,46.06916],[10.54059,46.06898],[10.53961,46.06885],[10.53916,46.06919],[10.53897,46.06953],[10.53895,46.06991],[10.53907,46.07021],[10.53892,46.07037],[10.53843,46.07058],[10.53758,46.07015],[10.53714,46.07005],[10.53729,46.06916],[10.53668,46.06949]],[[10.53807,46.07148],[10.53767,46.07112],[10.53783,46.07094],[10.53844,46.07107],[10.53892,46.07086],[10.53926,46.07042],[10.53969,46.07038],[10.5407,46.07072],[10.54064,46.0716],[10.54,46.07228],[10.54016,46.0725],[10.54066,46.07272],[10.54103,46.07273],[10.54118,46.07301],[10.54085,46.07361],[10.54049,46.07335],[10.53993,46.07264],[10.5386,46.07219],[10.53726,46.07223],[10.53749,46.07194],[10.53788,46.07175],[10.53807,46.07148]]]]},"properties":{"kind":"land","cls":"forest"}},{"type":"Feature","geometry":{"type":"Polygon","coordinates":[[[10.48936,46.04776],[10.48854,46.04784],[10.48858,46.04819],[10.48829,46.04872],[10.48837,46.04898],[10.48886,46.04912],[10.4892,46.04944],[10.48963,46.04954],[10.48983,46.04946],[10.49021,46.04901],[10.49093,46.0487],[10.49114,46.0482],[10.49088,46.04814],[10.49086,46.04803],[10.49126,46.04769],[10.49174,46.04748],[10.49165,46.04733],[10.49135,46.04734],[10.49061,46.04769],[10.4904,46.04792],[10.48936,46.04776]]]},"properties":{"kind":"land","cls":"scree"}},{"type":"Feature","geometry":{"type":"Polygon","coordinates":[[[10.51231,46.03294],[10.51242,46.03278],[10.51284,46.03266],[10.51276,46.03242],[10.51178,46.03296],[10.51231,46.03294]]]},"properties":{"kind":"land","cls":"forest"}},{"type":"Feature","geometry":{"type":"Polygon","coordinates":[[[10.56633,46.09703],[10.5663,46.09684],[10.56605,46.09671],[10.56591,46.09649],[10.56662,46.0964],[10.56715,46.09622],[10.56648,46.09629],[10.56645,46.09617],[10.5662,46.09611],[10.56611,46.09593],[10.56621,46.09579],[10.56667,46.09585],[10.56659,46.09566],[10.56583,46.09554],[10.56568,46.0956],[10.56574,46.09582],[10.56542,46.09633],[10.56555,46.09651],[10.56553,46.09663],[10.56594,46.09704],[10.56633,46.09703]]]},"properties":{"kind":"land","cls":"grassland"}},{"type":"Feature","geometry":{"type":"Polygon","coordinates":[[[10.51079,46.04449],[10.51052,46.04467],[10.5105,46.04499],[10.51107,46.04477],[10.51104,46.04496],[10.51117,46.04505],[10.51092,46.04529],[10.51089,46.04553],[10.51099,46.04565],[10.51079,46.04572],[10.51056,46.04568],[10.51076,46.0459],[10.51081,46.04619],[10.51107,46.04631],[10.51125,46.04655],[10.51175,46.04633],[10.51159,46.04509],[10.51141,46.04485],[10.51079,46.04449]]]},"properties":{"kind":"land","cls":"forest"}},{"type":"Feature","geometry":{"type":"Polygon","coordinates":[[[10.5034,46.0229],[10.50342,46.02278],[10.5032,46.02278],[10.50306,46.0225],[10.50279,46.02265],[10.50288,46.02287],[10.5031,46.02288],[10.50319,46.02298],[10.5034,46.0229]]]},"properties":{"kind":"land","cls":"scree"}},{"type":"Feature","geometry":{"type":"Polygon","coordinates":[[[10.49274,46.06248],[10.49209,46.06275],[10.492,46.06314],[10.49175,46.06339],[10.49178,46.06369],[10.49163,46.06411],[10.49166,46.06443],[10.49214,46.06475],[10.49248,46.06578],[10.49217,46.06611],[10.49296,46.06641],[10.49388,46.06719],[10.49364,46.0675],[10.49404,46.06784],[10.49519,46.06804],[10.49561,46.06833],[10.49594,46.06878],[10.49639,46.06906],[10.49709,46.06909],[10.49755,46.06847],[10.49806,46.06805],[10.49808,46.06773],[10.49906,46.06723],[10.49964,46.06715],[10.49995,46.06658],[10.50038,46.06713],[10.50016,46.06758],[10.49908,46.06807],[10.49875,46.06842],[10.49883,46.06874],[10.49943,46.0691],[10.50028,46.07072],[10.50065,46.07105],[10.50149,46.07131],[10.50194,46.07161],[10.50261,46.07163],[10.50338,46.07113],[10.50492,46.07048],[10.5054,46.06981],[10.50682,46.06988],[10.50724,46.07],[10.50841,46.06946],[10.50885,46.06854],[10.50887,46.06798],[10.50808,46.06555],[10.50677,46.0632],[10.5055,46.06345],[10.50251,46.06361],[10.50045,46.06412],[10.49886,46.06401],[10.49555,46.06229],[10.49323,46.06219],[10.49273,46.06201],[10.49274,46.06248]]]},"properties":{"kind":"land","cls":"scree"}},{"type":"Feature","geometry":{"type":"MultiPolygon","coordinates":[[[[10.46998,46.02298],[10.47064,46.0227],[10.47056,46.02255],[10.47029,46.02244],[10.4705,46.02204],[10.47043,46.02195],[10.47056,46.0218],[10.47033,46.02134],[10.47057,46.02132],[10.47055,46.02121],[10.47067,46.02116],[10.47032,46.02109],[10.47023,46.02096],[10.47002,46.0209],[10.47009,46.02073],[10.46997,46.02062],[10.46998,46.02298]]],[[[10.47007,46.02782],[10.47015,46.02765],[10.47009,46.02742],[10.47068,46.02777],[10.47081,46.02773],[10.47089,46.02784],[10.47106,46.02785],[10.47114,46.028],[10.4713,46.02799],[10.47139,46.0282],[10.47174,46.02829],[10.47485,46.02783],[10.47479,46.02764],[10.4746,46.02763],[10.47454,46.02738],[10.47431,46.02741],[10.47418,46.02727],[10.47421,46.02714],[10.4741,46.02703],[10.47418,46.02681],[10.47385,46.02661],[10.47396,46.0264],[10.47387,46.02587],[10.47415,46.02568],[10.4741,46.02511],[10.47385,46.02512],[10.47369,46.02446],[10.47318,46.02423],[10.47224,46.02336],[10.47269,46.02294],[10.47302,46.02305],[10.47284,46.02314],[10.47289,46.02321],[10.47347,46.02312],[10.47361,46.02337],[10.47343,46.02358],[10.47355,46.02376],[10.47369,46.0238],[10.47381,46.02369],[10.47391,46.0233],[10.47462,46.02387],[10.4746,46.02411],[10.47488,46.02384],[10.47467,46.0234],[10.47484,46.02338],[10.47483,46.02328],[10.47455,46.02302],[10.47471,46.02287],[10.47446,46.02286],[10.47444,46.02276],[10.47425,46.02286],[10.47436,46.02319],[10.4743,46.0234],[10.4741,46.02298],[10.47406,46.02269],[10.47394,46.02257],[10.47343,46.02255],[10.47331,46.02277],[10.47351,46.02287],[10.47331,46.02306],[10.47313,46.02303],[10.47315,46.02287],[10.47284,46.02284],[10.47305,46.02251],[10.473,46.02229],[10.4728,46.02202],[10.4727,46.02202],[10.47265,46.02218],[10.47227,46.02221],[10.47184,46.02258],[10.4711,46.02266],[10.47075,46.02297],[10.47045,46.02295],[10.4704,46.02325],[10.46997,46.02318],[10.46997,46.02521],[10.47009,46.02499],[10.46999,46.02471],[10.4702,46.02455],[10.47026,46.02468],[10.47053,46.02471],[10.47022,46.02486],[10.47041,46.02533],[10.47061,46.02549],[10.47042,46.02553],[10.47037,46.02535],[10.47018,46.02529],[10.46997,46.02537],[10.46997,46.02778],[10.47007,46.02782]]]]},"properties":{"kind":"land","cls":"bare_rock"}},{"type":"Feature","geometry":{"type":"Polygon","coordinates":[[[10.51104,46.02722],[10.51116,46.02721],[10.51122,46.02671],[10.51105,46.02643],[10.51073,46.02648],[10.51077,46.02668],[10.511,46.02673],[10.51106,46.02684],[10.51104,46.02722]]]},"properties":{"kind":"land","cls":"bare_rock"}},{"type":"Feature","geometry":{"type":"Polygon","coordinates":[[[10.50482,46.0439],[10.50479,46.04373],[10.50468,46.04372],[10.50447,46.04383],[10.5044,46.04398],[10.50467,46.044],[10.50482,46.0439]]]},"properties":{"kind":"land","cls":"scree"}},{"type":"Feature","geometry":{"type":"Polygon","coordinates":[[[10.49643,46.00451],[10.49672,46.00445],[10.49668,46.00428],[10.49648,46.00417],[10.49623,46.00419],[10.49634,46.00438],[10.49622,46.00468],[10.49643,46.00451]]]},"properties":{"kind":"land","cls":"bare_rock"}},{"type":"Feature","geometry":{"type":"Polygon","coordinates":[[[10.54628,46.07381],[10.54651,46.0743],[10.54638,46.07445],[10.54671,46.07443],[10.54686,46.07428],[10.54714,46.07446],[10.54726,46.07444],[10.54701,46.07423],[10.54692,46.07394],[10.54707,46.0732],[10.54645,46.07347],[10.54592,46.07343],[10.54586,46.07325],[10.54604,46.0729],[10.54557,46.07267],[10.54523,46.07277],[10.54495,46.07253],[10.54373,46.07213],[10.54281,46.0725],[10.54273,46.07216],[10.5428,46.07203],[10.54179,46.07167],[10.54112,46.07046],[10.54081,46.07019],[10.5412,46.07092],[10.54129,46.07142],[10.54185,46.07183],[10.54201,46.07209],[10.5426,46.07263],[10.54311,46.0728],[10.54439,46.07258],[10.54466,46.07272],[10.54489,46.07337],[10.54628,46.07381]]]},"properties":{"kind":"land","cls":"grassland"}},{"type":"Feature","geometry":{"type":"Polygon","coordinates":[[[10.55285,46.07716],[10.55243,46.07779],[10.55254,46.07795],[10.553,46.07818],[10.55268,46.07844],[10.55292,46.07845],[10.55342,46.07879],[10.55367,46.07861],[10.5541,46.07867],[10.55536,46.0794],[10.55583,46.07945],[10.55593,46.0793],[10.55513,46.07897],[10.55483,46.07874],[10.55449,46.0787],[10.5541,46.07849],[10.55368,46.07796],[10.55368,46.07755],[10.55345,46.07729],[10.55285,46.07716]]]},"properties":{"kind":"land","cls":"grassland"}},{"type":"Feature","geometry":{"type":"Polygon","coordinates":[[[10.49112,46.00415],[10.49135,46.00413],[10.49147,46.00399],[10.49154,46.00356],[10.49136,46.00349],[10.49112,46.00415]]]},"properties":{"kind":"land","cls":"forest"}},{"type":"Feature","geometry":{"type":"Polygon","coordinates":[[[10.56557,46.09595],[10.56546,46.09577],[10.56499,46.09565],[10.56446,46.09631],[10.56453,46.09647],[10.56478,46.09652],[10.56525,46.09641],[10.56557,46.09595]]]},"properties":{"kind":"land","cls":"grassland"}},{"type":"Feature","geometry":{"type":"Polygon","coordinates":[[[10.56991,46.08918],[10.57009,46.08876],[10.56948,46.08901],[10.56853,46.08917],[10.56853,46.08929],[10.56893,46.08923],[10.56868,46.08946],[10.56991,46.08918]]]},"properties":{"kind":"land","cls":"forest"}},{"type":"Feature","geometry":{"type":"Polygon","coordinates":[[[10.54664,46.02243],[10.54729,46.02215],[10.54769,46.02181],[10.54766,46.02169],[10.54625,46.02194],[10.54664,46.02243]]]},"properties":{"kind":"land","cls":"forest"}},{"type":"Feature","geometry":{"type":"Polygon","coordinates":[[[10.51126,45.98959],[10.51145,45.98949],[10.51049,45.98938],[10.51041,45.98896],[10.51,45.98873],[10.50971,45.9888],[10.50935,45.98919],[10.50966,45.9894],[10.50962,45.98956],[10.50989,45.98976],[10.5099,45.98954],[10.51058,45.9895],[10.51091,45.98954],[10.51113,45.98976],[10.51035,45.98979],[10.51093,45.98993],[10.51168,45.98988],[10.51177,45.99004],[10.51233,45.99011],[10.5127,45.99002],[10.51226,45.98992],[10.51228,45.98971],[10.5121,45.98944],[10.51165,45.98969],[10.51126,45.98959]]]},"properties":{"kind":"land","cls":"forest"}},{"type":"Feature","geometry":{"type":"Polygon","coordinates":[[[10.50948,46.02528],[10.50953,46.02513],[10.5094,46.02487],[10.50928,46.02482],[10.50893,46.02493],[10.50891,46.02519],[10.50948,46.02528]]]},"properties":{"kind":"land","cls":"bare_rock"}},{"type":"Feature","geometry":{"type":"Polygon","coordinates":[[[10.57386,46.07287],[10.57682,46.07259],[10.57742,46.07486],[10.57824,46.07596],[10.58061,46.07524],[10.58265,46.07488],[10.58346,46.07483],[10.58303,46.07391],[10.58355,46.07141],[10.58371,46.06996],[10.58405,46.06918],[10.58367,46.06853],[10.58298,46.06846],[10.58243,46.06807],[10.58104,46.06793],[10.58039,46.06766],[10.57978,46.06755],[10.5793,46.06806],[10.57923,46.06889],[10.57905,46.06936],[10.57823,46.06984],[10.57767,46.06896],[10.57705,46.06694],[10.57642,46.06637],[10.57536,46.06676],[10.57486,46.06574],[10.57504,46.06481],[10.5745,46.06426],[10.5736,46.06372],[10.57325,46.0637],[10.57252,46.06391],[10.57215,46.0636],[10.57157,46.06352],[10.57118,46.06356],[10.5706,46.06372],[10.57027,46.06372],[10.56875,46.06444],[10.56693,46.06477],[10.56735,46.06364],[10.56637,46.06298],[10.56562,46.06329],[10.56439,46.06436],[10.56352,46.06551],[10.56291,46.06558],[10.56264,46.06456],[10.56108,46.06484],[10.56012,46.06523],[10.55871,46.06494],[10.55745,46.06515],[10.55543,46.06586],[10.5545,46.06598],[10.55261,46.0658],[10.55168,46.06582],[10.55111,46.06609],[10.55126,46.06665],[10.55123,46.06836],[10.55201,46.06865],[10.55348,46.06871],[10.55504,46.06844],[10.55684,46.0684],[10.55856,46.06873],[10.5603,46.06851],[10.56205,46.06944],[10.56242,46.07011],[10.5628,46.07047],[10.56318,46.0706],[10.56361,46.0704],[10.56401,46.06996],[10.56495,46.06945],[10.56607,46.06948],[10.56883,46.06925],[10.56989,46.06935],[10.57108,46.06984],[10.57201,46.06989],[10.5731,46.07072],[10.57454,46.07091],[10.57541,46.07112],[10.57386,46.07287]]]},"properties":{"kind":"land","cls":"scree"}},{"type":"Feature","geometry":{"type":"Polygon","coordinates":[[[10.50911,46.04497],[10.50943,46.04483],[10.51015,46.04485],[10.5101,46.04459],[10.51028,46.04448],[10.51022,46.04431],[10.50998,46.04431],[10.50989,46.04441],[10.51002,46.04452],[10.50994,46.04461],[10.50907,46.0446],[10.50887,46.04469],[10.50911,46.04497]]]},"properties":{"kind":"land","cls":"forest"}},{"type":"Feature","geometry":{"type":"Polygon","coordinates":[[[10.5119,46.04743],[10.5119,46.04933],[10.51179,46.04933],[10.51174,46.04916],[10.51181,46.04768],[10.51168,46.04778],[10.51138,46.04779],[10.51036,46.04748],[10.50993,46.04717],[10.50996,46.04731],[10.5107,46.04779],[10.5113,46.04787],[10.51136,46.04796],[10.51117,46.04818],[10.51123,46.04823],[10.51164,46.04821],[10.51141,46.04839],[10.51156,46.0484],[10.51124,46.04856],[10.51142,46.04872],[10.51127,46.04875],[10.51128,46.04883],[10.51157,46.04924],[10.51162,46.04955],[10.5123,46.0498],[10.51239,46.05008],[10.51215,46.05017],[10.51227,46.05052],[10.51235,46.05063],[10.51261,46.05066],[10.51263,46.05085],[10.51318,46.05165],[10.51371,46.05203],[10.51408,46.05212],[10.5141,46.05264],[10.51447,46.05304],[10.51435,46.05326],[10.51439,46.05338],[10.51563,46.05319],[10.51574,46.05307],[10.51556,46.05217],[10.51533,46.05178],[10.51542,46.05151],[10.51531,46.05104],[10.51505,46.05085],[10.51455,46.05083],[10.51439,46.05069],[10.51437,46.05029],[10.51416,46.05001],[10.51426,46.04971],[10.51396,46.04952],[10.51415,46.04933],[10.51394,46.04909],[10.51351,46.04894],[10.5132,46.04858],[10.51259,46.04724],[10.51221,46.04723],[10.5119,46.04743]]]},"properties":{"kind":"land","cls":"forest"}},{"type":"Feature","geometry":{"type":"MultiPolygon","coordinates":[[[[10.51809,45.98615],[10.51802,45.98599],[10.51719,45.98629],[10.51792,45.98622],[10.51809,45.98615]]],[[[10.51864,45.98607],[10.51831,45.98616],[10.51854,45.98641],[10.51874,45.98636],[10.51864,45.98607]]],[[[10.51892,45.9864],[10.51909,45.98648],[10.51935,45.98644],[10.51901,45.98628],[10.51892,45.9864]]],[[[10.51156,45.9869],[10.5114,45.98674],[10.51063,45.98644],[10.51025,45.98653],[10.51075,45.98685],[10.51138,45.98708],[10.51156,45.9869]]],[[[10.52131,45.98697],[10.52095,45.98675],[10.5202,45.98686],[10.51963,45.98656],[10.51902,45.9867],[10.51891,45.98681],[10.51945,45.98692],[10.51989,45.9869],[10.52018,45.98703],[10.52048,45.98703],[10.52071,45.9872],[10.52135,45.98718],[10.52131,45.98697]]],[[[10.51984,45.98496],[10.52056,45.98568],[10.52074,45.98567],[10.52075,45.98579],[10.52096,45.98581],[10.52091,45.98564],[10.52062,45.98561],[10.52025,45.98526],[10.5202,45.98505],[10.52031,45.98492],[10.51984,45.98496]]],[[[10.52244,45.98757],[10.52284,45.98775],[10.52311,45.98803],[10.5232,45.988],[10.52312,45.98785],[10.5232,45.98784],[10.52342,45.98799],[10.52354,45.98846],[10.52373,45.9887],[10.52391,45.98871],[10.52375,45.98844],[10.52381,45.98832],[10.52437,45.98839],[10.52397,45.98804],[10.52319,45.98773],[10.523,45.98748],[10.52263,45.9875],[10.52217,45.98722],[10.522,45.98728],[10.52203,45.98746],[10.52237,45.98769],[10.52244,45.98757]]],[[[10.51995,45.98707],[10.51957,45.98699],[10.51984,45.98732],[10.51961,45.98723],[10.51954,45.98751],[10.51941,45.98756],[10.51987,45.98783],[10.51995,45.98782],[10.52004,45.9876],[10.52023,45.9879],[10.52069,45.98823],[10.52074,45.98834],[10.52063,45.98836],[10.52077,45.98855],[10.52092,45.98851],[10.52085,45.98866],[10.52104,45.98891],[10.52082,45.98879],[10.52071,45.98888],[10.52107,45.98906],[10.52122,45.98935],[10.52102,45.98846],[10.52057,45.98788],[10.52046,45.9876],[10.52039,45.98769],[10.52027,45.98759],[10.52026,45.9875],[10.52039,45.98746],[10.52038,45.9873],[10.51995,45.98707]]],[[[10.52484,45.98501],[10.52511,45.98515],[10.52521,45.98508],[10.52505,45.98492],[10.52486,45.98492],[10.52484,45.98501]]],[[[10.52753,45.98645],[10.52781,45.98625],[10.52791,45.98604],[10.52783,45.98587],[10.52762,45.98589],[10.52743,45.98575],[10.5273,45.98584],[10.52705,45.98571],[10.52701,45.98559],[10.52658,45.98539],[10.52668,45.9852],[10.52639,45.98508],[10.5261,45.98518],[10.52597,45.98541],[10.5255,45.98555],[10.52537,45.98568],[10.52624,45.98627],[10.52643,45.98631],[10.52651,45.98607],[10.52666,45.98609],[10.52695,45.98665],[10.52719,45.98653],[10.52702,45.98627],[10.5273,45.98613],[10.52753,45.98645]]],[[[10.53042,45.98877],[10.52988,45.98889],[10.5299,45.98898],[10.53059,45.989],[10.53112,45.98879],[10.53087,45.9887],[10.53078,45.98852],[10.53042,45.98877]]],[[[10.51756,45.98672],[10.51831,45.98706],[10.51814,45.98718],[10.51775,45.98716],[10.51772,45.98725],[10.51802,45.98732],[10.51826,45.98723],[10.51894,45.98783],[10.51944,45.98791],[10.51926,45.98768],[10.51887,45.9875],[10.51861,45.98708],[10.51809,45.98684],[10.51809,45.9866],[10.51787,45.98655],[10.51756,45.98672]]],[[[10.51994,45.98835],[10.5202,45.98847],[10.52021,45.98864],[10.52032,45.98862],[10.52033,45.98838],[10.51994,45.98835]]],[[[10.51988,45.98887],[10.51963,45.98869],[10.51953,45.98871],[10.51971,45.98892],[10.51988,45.98887]]]]},"properties":{"kind":"land","cls":"bare_rock"}},{"type":"Feature","geometry":{"type":"Polygon","coordinates":[[[10.552,46.07728],[10.55134,46.07738],[10.55096,46.07822],[10.55208,46.07945],[10.55264,46.07972],[10.55342,46.07963],[10.55373,46.07972],[10.55391,46.08024],[10.55419,46.08035],[10.55442,46.08085],[10.55476,46.08093],[10.55511,46.08126],[10.55503,46.08153],[10.55513,46.0816],[10.55766,46.0819],[10.558,46.08219],[10.55802,46.08235],[10.55766,46.08275],[10.55766,46.08294],[10.55781,46.08292],[10.55791,46.08263],[10.55836,46.08213],[10.5593,46.08213],[10.55963,46.08203],[10.55925,46.08165],[10.55948,46.08098],[10.55972,46.08072],[10.56004,46.08052],[10.56041,46.08003],[10.56185,46.07951],[10.56246,46.079],[10.56164,46.08001],[10.56329,46.07958],[10.56198,46.08099],[10.56255,46.08103],[10.56201,46.08156],[10.56219,46.08168],[10.56281,46.08161],[10.56281,46.0818],[10.56324,46.08189],[10.5632,46.0821],[10.56297,46.08239],[10.56321,46.08252],[10.56393,46.08221],[10.56434,46.0823],[10.56453,46.08246],[10.56369,46.08272],[10.56231,46.08281],[10.56266,46.08314],[10.56347,46.08297],[10.56386,46.08302],[10.56474,46.0827],[10.56597,46.08207],[10.56546,46.08253],[10.56428,46.08319],[10.56485,46.08338],[10.56562,46.08333],[10.56645,46.08299],[10.56684,46.08265],[10.56737,46.0824],[10.56793,46.08245],[10.5685,46.0822],[10.56951,46.08106],[10.56923,46.08076],[10.5676,46.08137],[10.5677,46.08094],[10.56709,46.08134],[10.56663,46.08115],[10.56595,46.08139],[10.56535,46.08185],[10.5649,46.08205],[10.56422,46.08205],[10.56368,46.08176],[10.56384,46.08158],[10.56543,46.08076],[10.56597,46.07958],[10.56509,46.07991],[10.56504,46.07949],[10.56474,46.07975],[10.56439,46.07971],[10.56404,46.07991],[10.56394,46.07986],[10.56433,46.07887],[10.56372,46.07864],[10.56389,46.07829],[10.56424,46.07803],[10.56424,46.07778],[10.56458,46.07748],[10.56408,46.07756],[10.56314,46.07745],[10.56068,46.07949],[10.56071,46.0793],[10.56118,46.07879],[10.56226,46.07776],[10.56325,46.07712],[10.56341,46.07686],[10.56354,46.07628],[10.56268,46.07595],[10.56294,46.07628],[10.56294,46.07661],[10.56058,46.07786],[10.55987,46.0775],[10.55853,46.07803],[10.55844,46.07725],[10.5581,46.07655],[10.55661,46.07787],[10.55567,46.07824],[10.55682,46.07853],[10.55909,46.07847],[10.55944,46.07871],[10.5588,46.07936],[10.55707,46.07986],[10.55593,46.0793],[10.55583,46.07945],[10.55536,46.0794],[10.5541,46.07867],[10.55367,46.07861],[10.55342,46.07879],[10.55292,46.07845],[10.55268,46.07844],[10.553,46.07818],[10.55254,46.07795],[10.55243,46.07779],[10.55285,46.07716],[10.55241,46.07706],[10.55195,46.07709],[10.552,46.07728]]]},"properties":{"kind":"land","cls":"scrub"}},{"type":"Feature","geometry":{"type":"Polygon","coordinates":[[[10.56262,46.04901],[10.56355,46.04904],[10.56391,46.0492],[10.56455,46.0492],[10.56496,46.04934],[10.56521,46.04956],[10.56566,46.04958],[10.56607,46.04915],[10.56608,46.04868],[10.56578,46.04849],[10.5647,46.04823],[10.56378,46.04828],[10.56341,46.04837],[10.56278,46.04877],[10.56262,46.04901]]]},"properties":{"kind":"land","cls":"glacier","name":"Ghiacciaio di Cima Danerba"}},{"type":"Feature","geometry":{"type":"Polygon","coordinates":[[[10.50687,46.0111],[10.50717,46.01104],[10.50727,46.01093],[10.50818,46.01084],[10.50837,46.01077],[10.50855,46.01048],[10.5088,46.0104],[10.50921,46.01044],[10.51006,46.00966],[10.51051,46.00944],[10.51061,46.00927],[10.51013,46.00951],[10.50965,46.00946],[10.50967,46.00955],[10.50999,46.00963],[10.50928,46.01025],[10.50908,46.01034],[10.50859,46.01036],[10.50807,46.01073],[10.50729,46.01083],[10.50687,46.0111]]]},"properties":{"kind":"land","cls":"scree"}},{"type":"Feature","geometry":{"type":"Polygon","coordinates":[[[10.56951,46.08106],[10.56779,46.08311],[10.56647,46.08378],[10.56618,46.0841],[10.56626,46.0843],[10.56698,46.08439],[10.56586,46.08474],[10.56505,46.08477],[10.56401,46.08533],[10.56335,46.08541],[10.56349,46.08562],[10.56306,46.0858],[10.56329,46.08589],[10.56317,46.08611],[10.56339,46.08615],[10.56388,46.086],[10.56406,46.08604],[10.56416,46.08628],[10.56401,46.08648],[10.56348,46.08671],[10.5637,46.08677],[10.56426,46.08664],[10.56475,46.08678],[10.56519,46.08673],[10.56592,46.08642],[10.56666,46.08599],[10.56678,46.08568],[10.56675,46.08544],[10.56625,46.08555],[10.56584,46.08576],[10.56601,46.08545],[10.56673,46.08505],[10.56693,46.08503],[10.56719,46.08512],[10.56788,46.08508],[10.56813,46.08515],[10.56805,46.08526],[10.56844,46.08534],[10.56884,46.08559],[10.56896,46.08585],[10.56877,46.08647],[10.56936,46.08581],[10.56966,46.085],[10.56917,46.08488],[10.56897,46.08468],[10.56768,46.08457],[10.56792,46.08416],[10.56748,46.08393],[10.56851,46.08321],[10.56899,46.08304],[10.5692,46.08273],[10.56941,46.08262],[10.56904,46.08241],[10.56907,46.08227],[10.56957,46.08195],[10.56974,46.08107],[10.56951,46.08106]]]},"properties":{"kind":"land","cls":"scrub"}},{"type":"Feature","geometry":{"type":"Polygon","coordinates":[[[10.50953,46.00539],[10.5099,46.00538],[10.50995,46.0053],[10.50933,46.00533],[10.50932,46.00514],[10.50898,46.00534],[10.50893,46.0055],[10.50943,46.00559],[10.50953,46.00539]]]},"properties":{"kind":"land","cls":"bare_rock"}},{"type":"Feature","geometry":{"type":"Polygon","coordinates":[[[10.56565,46.07689],[10.56551,46.07713],[10.5656,46.07726],[10.56583,46.07723],[10.56627,46.07733],[10.56628,46.07723],[10.56605,46.07712],[10.56628,46.07684],[10.56611,46.07674],[10.56565,46.07689]]]},"properties":{"kind":"land","cls":"wetland"}},{"type":"Feature","geometry":{"type":"Polygon","coordinates":[[[10.49048,46.00173],[10.49123,46.00188],[10.49132,46.00187],[10.49119,46.00167],[10.49124,46.00162],[10.49164,46.00179],[10.49171,46.00179],[10.49165,46.00168],[10.49173,46.00159],[10.49228,46.00165],[10.49239,46.00158],[10.49192,46.00139],[10.49147,46.00148],[10.49095,46.00104],[10.49077,46.0011],[10.49097,46.00136],[10.49005,46.00108],[10.49016,46.001],[10.49056,46.001],[10.49059,46.00089],[10.4909,46.00081],[10.49079,46.00068],[10.49056,46.00066],[10.4898,46.00078],[10.48958,46.00105],[10.48921,46.00124],[10.48962,46.00124],[10.48956,46.00127],[10.48879,46.00135],[10.48888,46.00143],[10.49,46.00152],[10.48938,46.00167],[10.49007,46.00187],[10.49048,46.00173]]]},"properties":{"kind":"land","cls":"bare_rock"}},{"type":"Feature","geometry":{"type":"Polygon","coordinates":[[[10.56253,46.08497],[10.5625,46.08474],[10.56227,46.0845],[10.56212,46.08449],[10.56192,46.08471],[10.56209,46.08503],[10.56253,46.08497]]]},"properties":{"kind":"land","cls":"forest"}},{"type":"Feature","geometry":{"type":"Polygon","coordinates":[[[10.48593,46.01081],[10.48639,46.01007],[10.48633,46.00974],[10.48684,46.00927],[10.48687,46.00839],[10.48659,46.00786],[10.48613,46.00747],[10.48633,46.00722],[10.48587,46.00603],[10.48557,46.00567],[10.48558,46.00648],[10.48578,46.00712],[10.48576,46.00729],[10.4855,46.00738],[10.4856,46.00783],[10.48595,46.00812],[10.48572,46.00839],[10.48495,46.00792],[10.48469,46.0074],[10.48462,46.0079],[10.48494,46.00815],[10.48468,46.00833],[10.48417,46.00787],[10.48393,46.00742],[10.48356,46.00792],[10.48376,46.00903],[10.48375,46.0097],[10.48434,46.01054],[10.48449,46.01148],[10.48486,46.0117],[10.4853,46.0109],[10.48593,46.01081]]]},"properties":{"kind":"land","cls":"scree"}},{"type":"Feature","geometry":{"type":"Polygon","coordinates":[[[10.57474,46.08042],[10.57526,46.07996],[10.57574,46.08015],[10.57599,46.08061],[10.57582,46.08132],[10.5763,46.08165],[10.57722,46.08174],[10.57795,46.08145],[10.5777,46.08108],[10.57716,46.08076],[10.5771,46.08035],[10.57826,46.07949],[10.5778,46.07919],[10.5771,46.07912],[10.57637,46.0789],[10.57616,46.079],[10.57528,46.07897],[10.57497,46.07874],[10.5747,46.07876],[10.57386,46.08026],[10.57474,46.08042]]]},"properties":{"kind":"land","cls":"scree"}},{"type":"Feature","geometry":{"type":"Polygon","coordinates":[[[10.5107,45.98853],[10.51036,45.98867],[10.51038,45.98884],[10.51065,45.98885],[10.51092,45.98899],[10.51112,45.98888],[10.51078,45.9888],[10.51077,45.98873],[10.51104,45.98867],[10.51097,45.98856],[10.5107,45.98853]]]},"properties":{"kind":"land","cls":"bare_rock"}},{"type":"Feature","geometry":{"type":"Polygon","coordinates":[[[10.51284,45.99018],[10.51514,45.99038],[10.51593,45.99059],[10.51632,45.99087],[10.51732,45.991],[10.51842,45.99096],[10.51927,45.99139],[10.51902,45.99171],[10.51945,45.99161],[10.51959,45.99167],[10.51979,45.9915],[10.52032,45.99177],[10.52067,45.99183],[10.52082,45.99202],[10.52334,45.99303],[10.52391,45.9934],[10.52416,45.99337],[10.52282,45.99243],[10.51874,45.99082],[10.51725,45.99068],[10.51656,45.99048],[10.51575,45.99039],[10.51555,45.99032],[10.51538,45.99],[10.51511,45.9899],[10.51494,45.98992],[10.51506,45.99016],[10.51469,45.99015],[10.51442,45.98998],[10.51379,45.98922],[10.51303,45.98898],[10.51267,45.98859],[10.51248,45.98868],[10.5122,45.98865],[10.51215,45.9885],[10.51253,45.98827],[10.51262,45.98809],[10.51203,45.98817],[10.51232,45.98783],[10.51183,45.9877],[10.51208,45.98752],[10.51203,45.98739],[10.51147,45.98744],[10.51168,45.98729],[10.51163,45.9872],[10.51144,45.98722],[10.51131,45.98738],[10.5109,45.98741],[10.51102,45.98714],[10.51076,45.98703],[10.51043,45.98709],[10.51051,45.98738],[10.50975,45.9874],[10.50982,45.98723],[10.50975,45.98709],[10.51027,45.98714],[10.51034,45.98702],[10.51064,45.98694],[10.51062,45.98678],[10.5096,45.98682],[10.50924,45.987],[10.50883,45.98688],[10.50707,45.98687],[10.50628,45.98691],[10.50577,45.98704],[10.50635,45.98737],[10.50626,45.98747],[10.50592,45.9875],[10.50558,45.98736],[10.50526,45.98735],[10.50542,45.9876],[10.50653,45.98799],[10.50559,45.98803],[10.50558,45.9882],[10.50577,45.9883],[10.50722,45.98819],[10.50749,45.98827],[10.50815,45.98826],[10.50699,45.98883],[10.50666,45.98873],[10.50607,45.98878],[10.50605,45.98896],[10.50632,45.98928],[10.50638,45.98956],[10.50618,45.98943],[10.506,45.98913],[10.50504,45.9884],[10.50406,45.98841],[10.50421,45.98874],[10.50386,45.9888],[10.50388,45.98906],[10.5037,45.98915],[10.5037,45.98938],[10.50389,45.98967],[10.50487,45.98969],[10.50542,45.9902],[10.5063,45.99048],[10.50746,45.99041],[10.50795,45.99057],[10.50855,45.99061],[10.50897,45.99037],[10.50927,45.99061],[10.50937,45.99092],[10.50963,45.99099],[10.50959,45.99082],[10.50981,45.99093],[10.51005,45.9908],[10.51032,45.99103],[10.50998,45.99098],[10.51003,45.99112],[10.51055,45.99125],[10.51073,45.9914],[10.51083,45.99129],[10.51146,45.99176],[10.51163,45.99159],[10.51173,45.9912],[10.51206,45.99095],[10.51124,45.9911],[10.5111,45.99095],[10.51162,45.99095],[10.51175,45.99078],[10.51066,45.99073],[10.51123,45.99068],[10.51126,45.9906],[10.51093,45.99056],[10.51101,45.9905],[10.51273,45.99042],[10.51309,45.99031],[10.51284,45.99018]],[[10.50936,45.98811],[10.50943,45.98842],[10.50924,45.98852],[10.50914,45.98828],[10.50921,45.98784],[10.50962,45.98783],[10.50953,45.98802],[10.50936,45.98811]],[[10.51077,45.98873],[10.51078,45.9888],[10.51112,45.98888],[10.51092,45.98899],[10.51065,45.98885],[10.51038,45.98884],[10.51036,45.98867],[10.5107,45.98853],[10.51097,45.98856],[10.51104,45.98867],[10.51077,45.98873]],[[10.51139,45.98908],[10.51153,45.98893],[10.51181,45.98891],[10.51168,45.98909],[10.51139,45.98908]],[[10.51142,45.98945],[10.51126,45.98959],[10.51165,45.98969],[10.5121,45.98944],[10.51228,45.98971],[10.51226,45.98992],[10.5127,45.99002],[10.51233,45.99011],[10.51177,45.99004],[10.51168,45.98988],[10.51093,45.98993],[10.51035,45.98979],[10.51113,45.98976],[10.51091,45.98954],[10.51058,45.9895],[10.5099,45.98954],[10.50989,45.98976],[10.50962,45.98956],[10.50966,45.9894],[10.50935,45.98919],[10.50971,45.9888],[10.51,45.98873],[10.51041,45.98896],[10.51049,45.98938],[10.51142,45.98945]],[[10.50705,45.98897],[10.50745,45.98892],[10.50735,45.98905],[10.50699,45.98906],[10.50705,45.98897]],[[10.50838,45.98898],[10.50845,45.9892],[10.5089,45.98916],[10.5093,45.98931],[10.50913,45.98942],[10.5087,45.98947],[10.5087,45.9896],[10.50858,45.98962],[10.5085,45.98954],[10.50824,45.98957],[10.50803,45.98983],[10.50781,45.98985],[10.50777,45.98979],[10.50787,45.98967],[10.50805,45.98961],[10.5079,45.98939],[10.50792,45.98902],[10.508,45.98892],[10.50838,45.98898]],[[10.5078,45.98954],[10.50763,45.98972],[10.50738,45.98958],[10.50739,45.98949],[10.50768,45.98959],[10.50757,45.98953],[10.50771,45.98943],[10.5078,45.98954]],[[10.50532,45.98959],[10.50563,45.98952],[10.50617,45.98962],[10.50632,45.99002],[10.50667,45.99016],[10.50671,45.99033],[10.50652,45.99034],[10.50595,45.99007],[10.50532,45.98959]],[[10.50751,45.99023],[10.50741,45.99005],[10.5077,45.98999],[10.50778,45.99007],[10.50751,45.99023]]]},"properties":{"kind":"land","cls":"scrub"}},{"type":"Feature","geometry":{"type":"Polygon","coordinates":[[[10.51425,46.03214],[10.51382,46.03142],[10.51403,46.03106],[10.51397,46.03093],[10.51436,46.03065],[10.51446,46.0304],[10.51441,46.03006],[10.51309,46.02937],[10.51288,46.02967],[10.51355,46.02986],[10.51362,46.03007],[10.51335,46.03016],[10.51244,46.03],[10.51233,46.03024],[10.51279,46.03055],[10.51355,46.03052],[10.51384,46.03062],[10.5139,46.03088],[10.51374,46.03116],[10.51368,46.03166],[10.51387,46.03207],[10.51402,46.03214],[10.51425,46.03214]]]},"properties":{"kind":"land","cls":"forest"}},{"type":"Feature","geometry":{"type":"Polygon","coordinates":[[[10.54892,46.06022],[10.5495,46.05991],[10.54926,46.05988],[10.54958,46.05956],[10.54869,46.05973],[10.54862,46.05962],[10.54886,46.05949],[10.54878,46.05924],[10.54925,46.05883],[10.54894,46.05866],[10.54937,46.05823],[10.55061,46.05794],[10.55033,46.05779],[10.55051,46.05766],[10.54915,46.05789],[10.5486,46.05772],[10.54812,46.0577],[10.54762,46.05783],[10.54749,46.05821],[10.54758,46.05828],[10.54758,46.05846],[10.5474,46.05874],[10.54704,46.05903],[10.54703,46.05922],[10.5469,46.05936],[10.54651,46.05927],[10.54639,46.05941],[10.54649,46.05951],[10.54619,46.05978],[10.54633,46.05996],[10.54682,46.05998],[10.54714,46.0597],[10.54763,46.05953],[10.54815,46.05964],[10.54784,46.06],[10.54783,46.06018],[10.54816,46.06031],[10.54768,46.06047],[10.54762,46.0608],[10.54779,46.06082],[10.54837,46.06053],[10.5488,46.06046],[10.54892,46.06022]]]},"properties":{"kind":"land","cls":"forest"}},{"type":"Feature","geometry":{"type":"Polygon","coordinates":[[[10.5665,46.08642],[10.56797,46.0856],[10.5683,46.08561],[10.56859,46.08586],[10.56896,46.08585],[10.56884,46.08559],[10.56844,46.08534],[10.56805,46.08526],[10.56813,46.08515],[10.56788,46.08508],[10.56719,46.08512],[10.56693,46.08503],[10.56673,46.08505],[10.56601,46.08545],[10.56584,46.08576],[10.56625,46.08555],[10.56675,46.08544],[10.56678,46.08568],[10.56666,46.08599],[10.56592,46.08642],[10.5665,46.08642]]]},"properties":{"kind":"land","cls":"forest"}},{"type":"Feature","geometry":{"type":"Polygon","coordinates":[[[10.51379,46.05552],[10.5138,46.05527],[10.51426,46.05526],[10.51428,46.05503],[10.51381,46.05499],[10.51357,46.05523],[10.51355,46.05533],[10.51369,46.05554],[10.51399,46.05561],[10.51379,46.05552]]]},"properties":{"kind":"land","cls":"forest"}},{"type":"Feature","geometry":{"type":"Polygon","coordinates":[[[10.5605,46.08554],[10.56032,46.0856],[10.56039,46.08575],[10.56057,46.08583],[10.56051,46.08608],[10.56101,46.08675],[10.56119,46.08684],[10.56206,46.08784],[10.56229,46.08791],[10.56253,46.08772],[10.56252,46.08762],[10.5623,46.08752],[10.56187,46.08696],[10.5617,46.08694],[10.56098,46.08629],[10.56094,46.08612],[10.56071,46.086],[10.56102,46.08592],[10.56088,46.08583],[10.5609,46.0857],[10.5605,46.08554]]]},"properties":{"kind":"land","cls":"wetland"}},{"type":"Feature","geometry":{"type":"Polygon","coordinates":[[[10.4749,46.02204],[10.47491,46.02194],[10.47507,46.0219],[10.47513,46.02171],[10.47477,46.02192],[10.47453,46.02187],[10.47428,46.02193],[10.47434,46.0221],[10.47485,46.02235],[10.47486,46.02249],[10.47519,46.02249],[10.4752,46.02235],[10.47497,46.02234],[10.47458,46.02197],[10.4749,46.02204]]]},"properties":{"kind":"land","cls":"bare_rock"}},{"type":"Feature","geometry":{"type":"Polygon","coordinates":[[[10.55052,46.05539],[10.55076,46.05551],[10.55108,46.05535],[10.55181,46.05531],[10.55181,46.05553],[10.5521,46.05558],[10.55356,46.05533],[10.55284,46.0547],[10.55266,46.05472],[10.55251,46.05494],[10.55198,46.05503],[10.55145,46.05494],[10.55077,46.05502],[10.55071,46.05525],[10.55052,46.05539]]]},"properties":{"kind":"land","cls":"wetland"}},{"type":"Feature","geometry":{"type":"Polygon","coordinates":[[[10.50932,46.02997],[10.50934,46.03026],[10.50944,46.03025],[10.5095,46.0301],[10.50932,46.02997]]]},"properties":{"kind":"land","cls":"bare_rock"}},{"type":"Feature","geometry":{"type":"Polygon","coordinates":[[[10.59898,46.0615],[10.59856,46.06198],[10.5991,46.06231],[10.59893,46.06287],[10.59862,46.0629],[10.5982,46.06266],[10.59749,46.06292],[10.59714,46.06325],[10.59717,46.06349],[10.59757,46.06392],[10.59593,46.06469],[10.59545,46.06481],[10.59525,46.06456],[10.59523,46.0643],[10.59555,46.0636],[10.59506,46.06315],[10.59508,46.06217],[10.59473,46.06214],[10.59465,46.06285],[10.59484,46.06321],[10.59464,46.06349],[10.59413,46.06491],[10.5939,46.06524],[10.59356,46.06532],[10.59312,46.06578],[10.59306,46.06613],[10.59271,46.06644],[10.59239,46.06663],[10.59191,46.0667],[10.59123,46.06618],[10.59096,46.0647],[10.59018,46.06413],[10.59012,46.06359],[10.59024,46.06325],[10.59105,46.06261],[10.59095,46.0622],[10.59113,46.0619],[10.58995,46.0624],[10.58907,46.06233],[10.58896,46.06223],[10.58904,46.06179],[10.58797,46.06134],[10.5876,46.06138],[10.58746,46.06115],[10.58642,46.06084],[10.58602,46.0606],[10.58601,46.06027],[10.58576,46.05995],[10.58642,46.05943],[10.58656,46.05916],[10.58638,46.05806],[10.58604,46.05694],[10.58513,46.05697],[10.58421,46.05823],[10.58334,46.05834],[10.58276,46.05803],[10.58222,46.05752],[10.58139,46.05736],[10.58046,46.05758],[10.58011,46.05796],[10.58074,46.05825],[10.58094,46.0585],[10.57999,46.05879],[10.57807,46.05895],[10.57667,46.05931],[10.57614,46.05909],[10.57591,46.05881],[10.57588,46.05839],[10.57673,46.05722],[10.57727,46.05675],[10.57776,46.05646],[10.57872,46.05617],[10.58048,46.05586],[10.58118,46.05583],[10.58024,46.0553],[10.58038,46.05515],[10.58193,46.05503],[10.58218,46.05482],[10.58066,46.05481],[10.57995,46.05452],[10.58038,46.05422],[10.58272,46.05312],[10.58136,46.05324],[10.57976,46.05322],[10.57852,46.0535],[10.57794,46.05343],[10.57799,46.05247],[10.57775,46.05213],[10.57717,46.05195],[10.57626,46.05192],[10.57576,46.05154],[10.57708,46.05042],[10.57713,46.05008],[10.57362,46.04894],[10.57098,46.04883],[10.56847,46.0489],[10.56841,46.0494],[10.56799,46.05077],[10.56854,46.05152],[10.57021,46.05219],[10.57161,46.053],[10.57384,46.05393],[10.57447,46.05438],[10.57498,46.05507],[10.57529,46.05558],[10.57549,46.05741],[10.57523,46.05779],[10.57494,46.05858],[10.57474,46.05986],[10.57515,46.06066],[10.57478,46.06126],[10.57473,46.06194],[10.57634,46.06351],[10.57707,46.06402],[10.57766,46.06467],[10.57846,46.0653],[10.57993,46.06617],[10.5837,46.06753],[10.58475,46.06808],[10.58654,46.06817],[10.58745,46.06817],[10.58779,46.06805],[10.59015,46.06775],[10.59168,46.06737],[10.59344,46.06718],[10.5951,46.06657],[10.59531,46.06636],[10.59525,46.06583],[10.59536,46.06562],[10.59627,46.06493],[10.59684,46.06467],[10.59729,46.06476],[10.59741,46.06496],[10.59653,46.06521],[10.59608,46.0656],[10.596,46.06605],[10.59575,46.06654],[10.59623,46.06662],[10.59688,46.06618],[10.59734,46.0664],[10.59831,46.06647],[10.59913,46.06614],[10.59943,46.06588],[10.60009,46.06479],[10.60009,46.06347],[10.59987,46.06342],[10.60009,46.06309],[10.60009,46.06214],[10.59898,46.0615]]]},"properties":{"kind":"land","cls":"scree"}},{"type":"Feature","geometry":{"type":"Polygon","coordinates":[[[10.51471,46.09659],[10.51499,46.09633],[10.51487,46.09621],[10.51467,46.09622],[10.51502,46.09609],[10.51531,46.09559],[10.51531,46.09522],[10.51516,46.09512],[10.51514,46.09497],[10.51489,46.09505],[10.51498,46.0953],[10.51476,46.09562],[10.51424,46.09575],[10.51415,46.09614],[10.51403,46.09606],[10.51402,46.09574],[10.51363,46.09581],[10.51342,46.09601],[10.51318,46.09589],[10.51305,46.09568],[10.51285,46.09564],[10.51284,46.09578],[10.51262,46.09591],[10.51276,46.09599],[10.51313,46.09596],[10.51314,46.09607],[10.51355,46.09628],[10.5139,46.09616],[10.51424,46.09622],[10.51443,46.09637],[10.51433,46.09653],[10.51436,46.09663],[10.51471,46.09659]]]},"properties":{"kind":"land","cls":"scree"}},{"type":"Feature","geometry":{"type":"Polygon","coordinates":[[[10.54663,46.06245],[10.54718,46.06228],[10.54716,46.06215],[10.54735,46.06199],[10.5473,46.06179],[10.54624,46.06156],[10.54647,46.06153],[10.54642,46.06143],[10.54565,46.06111],[10.54502,46.06072],[10.545,46.06059],[10.54471,46.06063],[10.5445,46.06083],[10.54456,46.06113],[10.54507,46.06141],[10.54606,46.06237],[10.54663,46.06245]]]},"properties":{"kind":"land","cls":"grassland"}},{"type":"Feature","geometry":{"type":"Polygon","coordinates":[[[10.53046,46.01807],[10.53056,46.01795],[10.53049,46.01772],[10.52993,46.01762],[10.52981,46.01751],[10.52966,46.01775],[10.53046,46.01807]]]},"properties":{"kind":"land","cls":"forest"}},{"type":"Feature","geometry":{"type":"Polygon","coordinates":[[[10.53714,46.07005],[10.53758,46.07015],[10.53843,46.07058],[10.53892,46.07037],[10.53907,46.07021],[10.53895,46.06991],[10.53897,46.06953],[10.53916,46.06919],[10.53961,46.06885],[10.53928,46.06884],[10.53834,46.06924],[10.53763,46.06927],[10.53729,46.06916],[10.53714,46.07005]]]},"properties":{"kind":"land","cls":"grassland"}},{"type":"Feature","geometry":{"type":"Polygon","coordinates":[[[10.49531,46.00224],[10.49581,46.0022],[10.49618,46.00207],[10.49547,46.00187],[10.49531,46.00224]]]},"properties":{"kind":"land","cls":"bare_rock"}},{"type":"Feature","geometry":{"type":"MultiPolygon","coordinates":[[[[10.5182,45.99095],[10.51732,45.991],[10.51762,45.99122],[10.51759,45.99137],[10.5171,45.99158],[10.51746,45.99187],[10.51758,45.99185],[10.51744,45.99168],[10.51754,45.99153],[10.5182,45.99152],[10.51822,45.9914],[10.51862,45.99145],[10.51873,45.99153],[10.51864,45.99163],[10.51873,45.99173],[10.51869,45.9918],[10.51799,45.99182],[10.51819,45.99206],[10.51842,45.99217],[10.51914,45.99174],[10.519,45.99165],[10.51927,45.99139],[10.51917,45.99128],[10.5182,45.99095]]],[[[10.52065,45.992],[10.52082,45.99202],[10.52067,45.99183],[10.52032,45.99177],[10.51979,45.9915],[10.51963,45.99156],[10.51956,45.99196],[10.51927,45.9921],[10.51928,45.99217],[10.51946,45.99216],[10.51993,45.99205],[10.52036,45.99215],[10.52065,45.992]]],[[[10.5219,45.99463],[10.52132,45.99463],[10.5213,45.99496],[10.52103,45.99514],[10.52068,45.99522],[10.52052,45.99548],[10.52057,45.99559],[10.52095,45.99572],[10.52169,45.99538],[10.5219,45.99538],[10.52196,45.99522],[10.52248,45.99531],[10.52269,45.99518],[10.52226,45.99477],[10.52222,45.99444],[10.5221,45.99442],[10.5219,45.99463]]],[[[10.51284,45.99018],[10.51294,45.99028],[10.51343,45.99039],[10.51355,45.9906],[10.5142,45.99043],[10.51438,45.99051],[10.51476,45.99046],[10.51575,45.99089],[10.51632,45.99087],[10.51593,45.99059],[10.51514,45.99038],[10.51284,45.99018]]],[[[10.51089,45.99212],[10.51075,45.99185],[10.51093,45.99174],[10.51146,45.99176],[10.51083,45.99129],[10.51033,45.99158],[10.51033,45.9917],[10.50961,45.99145],[10.50947,45.99154],[10.50982,45.99206],[10.51093,45.99238],[10.51127,45.99234],[10.51089,45.99212]]],[[[10.50762,45.99613],[10.50677,45.99539],[10.50678,45.99514],[10.50622,45.99505],[10.50592,45.9951],[10.50575,45.99523],[10.50628,45.99547],[10.50654,45.99585],[10.50618,45.99565],[10.50579,45.99571],[10.50624,45.99643],[10.5066,45.9965],[10.50668,45.99644],[10.50656,45.99631],[10.50677,45.99629],[10.50699,45.99651],[10.50668,45.99665],[10.50675,45.99679],[10.50711,45.99661],[10.50722,45.99663],[10.50726,45.99682],[10.50686,45.99695],[10.50783,45.99753],[10.50744,45.9978],[10.50749,45.99803],[10.50833,45.99827],[10.50837,45.99835],[10.5083,45.9984],[10.50845,45.99851],[10.5084,45.99858],[10.50851,45.99876],[10.50901,45.99893],[10.50885,45.99911],[10.50893,45.99921],[10.50929,45.99917],[10.5093,45.99932],[10.50913,45.99954],[10.50925,45.99963],[10.50919,45.99973],[10.50957,45.99973],[10.50938,45.99989],[10.50944,45.99999],[10.50912,46.00019],[10.50995,45.99991],[10.51016,45.99948],[10.51033,45.99937],[10.51077,45.99934],[10.50989,45.99836],[10.50904,45.99757],[10.50845,45.99772],[10.50845,45.99756],[10.50868,45.99736],[10.50868,45.99721],[10.50762,45.99613]]]]},"properties":{"kind":"land","cls":"bare_rock"}},{"type":"Feature","geometry":{"type":"Polygon","coordinates":[[[10.47033,46.04323],[10.47021,46.04308],[10.4705,46.04303],[10.47079,46.04329],[10.47092,46.04313],[10.47073,46.04257],[10.47073,46.04236],[10.47081,46.04231],[10.47135,46.04261],[10.47142,46.04276],[10.47216,46.04328],[10.47229,46.04314],[10.4723,46.04264],[10.47151,46.04158],[10.47145,46.04138],[10.47106,46.04117],[10.46997,46.04132],[10.46997,46.04311],[10.47033,46.04323]]]},"properties":{"kind":"land","cls":"scree"}},{"type":"Feature","geometry":{"type":"Polygon","coordinates":[[[10.56789,46.08807],[10.56822,46.08818],[10.568,46.08828],[10.56782,46.08857],[10.56882,46.08828],[10.56888,46.08791],[10.56824,46.08782],[10.56745,46.08808],[10.56789,46.08807]]]},"properties":{"kind":"land","cls":"forest"}},{"type":"Feature","geometry":{"type":"Polygon","coordinates":[[[10.59495,46.07336],[10.59517,46.07339],[10.5953,46.0733],[10.5956,46.07353],[10.59556,46.07329],[10.59568,46.07334],[10.59598,46.07371],[10.59587,46.07382],[10.59525,46.07387],[10.59527,46.0741],[10.59539,46.07426],[10.5961,46.07426],[10.59619,46.07411],[10.59604,46.07392],[10.59631,46.0734],[10.59619,46.07317],[10.59584,46.07301],[10.59569,46.07282],[10.59525,46.07281],[10.59459,46.07303],[10.59495,46.07336]]]},"properties":{"kind":"land","cls":"grassland"}},{"type":"Feature","geometry":{"type":"Polygon","coordinates":[[[10.50697,46.07559],[10.5066,46.07522],[10.50533,46.07502],[10.50498,46.07594],[10.50304,46.07729],[10.50308,46.07811],[10.50286,46.07843],[10.50243,46.07872],[10.50235,46.07913],[10.50306,46.07909],[10.5046,46.07871],[10.50644,46.07881],[10.50709,46.0786],[10.50786,46.07816],[10.5083,46.07778],[10.50865,46.07718],[10.50784,46.07578],[10.50697,46.07559]]]},"properties":{"kind":"land","cls":"scree"}},{"type":"Feature","geometry":{"type":"Polygon","coordinates":[[[10.5184,46.03298],[10.51847,46.03296],[10.5183,46.03287],[10.51846,46.03278],[10.51871,46.03281],[10.51847,46.03266],[10.51845,46.03272],[10.51811,46.03267],[10.51824,46.03282],[10.518,46.03296],[10.51796,46.03319],[10.51812,46.03331],[10.51843,46.0332],[10.5184,46.03298]]]},"properties":{"kind":"land","cls":"bare_rock"}},{"type":"Feature","geometry":{"type":"Polygon","coordinates":[[[10.53734,46.09675],[10.53618,46.09598],[10.53606,46.09573],[10.53512,46.09526],[10.53398,46.09439],[10.53126,46.09433],[10.53091,46.09377],[10.5294,46.09235],[10.52856,46.0916],[10.5276,46.09095],[10.5274,46.09034],[10.52751,46.08987],[10.52679,46.0896],[10.5275,46.08917],[10.52817,46.08889],[10.52811,46.08859],[10.52694,46.08805],[10.52499,46.08789],[10.52384,46.0876],[10.52324,46.08691],[10.52307,46.08652],[10.52234,46.08609],[10.5223,46.08544],[10.52242,46.08477],[10.52219,46.08455],[10.52319,46.08384],[10.52216,46.0828],[10.5217,46.08141],[10.52265,46.08045],[10.52325,46.08007],[10.52407,46.07986],[10.52474,46.07939],[10.52477,46.07878],[10.52539,46.07821],[10.52527,46.07775],[10.52576,46.07719],[10.52396,46.07808],[10.52262,46.07911],[10.52198,46.07932],[10.5207,46.08005],[10.52005,46.08026],[10.51915,46.0802],[10.51838,46.07997],[10.51804,46.08082],[10.51806,46.08179],[10.51842,46.08246],[10.51884,46.08296],[10.51962,46.08368],[10.51987,46.0842],[10.51969,46.08453],[10.52078,46.08485],[10.52122,46.08548],[10.52128,46.08636],[10.5215,46.08689],[10.52281,46.08786],[10.52368,46.08825],[10.52668,46.08852],[10.52746,46.08877],[10.52679,46.08914],[10.52622,46.08933],[10.52585,46.08958],[10.52562,46.0899],[10.52657,46.09106],[10.52805,46.09195],[10.52906,46.09285],[10.53019,46.09427],[10.53056,46.09457],[10.53228,46.09521],[10.53342,46.0958],[10.53511,46.09647],[10.5362,46.09704],[10.53706,46.09704],[10.53734,46.09675]]]},"properties":{"kind":"land","cls":"scree"}},{"type":"Feature","geometry":{"type":"Polygon","coordinates":[[[10.49764,46.05653],[10.49799,46.05668],[10.49792,46.05696],[10.49858,46.05698],[10.49926,46.05682],[10.49942,46.05664],[10.49986,46.05661],[10.50003,46.05648],[10.4999,46.05609],[10.49949,46.05597],[10.49882,46.05627],[10.49875,46.0564],[10.49899,46.05649],[10.49884,46.05663],[10.49831,46.05665],[10.49786,46.05647],[10.49764,46.05653]]]},"properties":{"kind":"land","cls":"scree"}},{"type":"Feature","geometry":{"type":"Polygon","coordinates":[[[10.59143,46.05091],[10.59216,46.05008],[10.59245,46.05],[10.59267,46.0497],[10.59284,46.04902],[10.59352,46.04828],[10.59363,46.04782],[10.5949,46.04764],[10.59544,46.04774],[10.59595,46.0481],[10.59615,46.04862],[10.59642,46.04883],[10.59668,46.04845],[10.59678,46.0481],[10.59756,46.04778],[10.59825,46.04728],[10.5993,46.04712],[10.59949,46.04699],[10.59836,46.04634],[10.59737,46.04634],[10.59531,46.04599],[10.59446,46.04597],[10.59409,46.0462],[10.59405,46.04637],[10.5934,46.04706],[10.59291,46.04708],[10.59261,46.04671],[10.59245,46.04626],[10.59251,46.0456],[10.59033,46.04463],[10.58792,46.04441],[10.58762,46.04399],[10.58603,46.04353],[10.58445,46.04256],[10.5834,46.04215],[10.58294,46.04187],[10.58177,46.04152],[10.58051,46.0417],[10.57995,46.04216],[10.57924,46.04186],[10.57654,46.04255],[10.57528,46.04231],[10.57406,46.04222],[10.57251,46.04167],[10.57143,46.0417],[10.56946,46.0422],[10.56851,46.04214],[10.56803,46.04241],[10.57222,46.04392],[10.57381,46.04435],[10.57512,46.04521],[10.57856,46.04646],[10.58012,46.04684],[10.58181,46.04771],[10.58281,46.0477],[10.58616,46.049],[10.58653,46.04959],[10.58784,46.04952],[10.59067,46.05152],[10.59143,46.05091]]]},"properties":{"kind":"land","cls":"scree"}},{"type":"Feature","geometry":{"type":"Polygon","coordinates":[[[10.49434,46.00297],[10.49448,46.00321],[10.49495,46.00345],[10.49496,46.00357],[10.4952,46.00342],[10.49441,46.00292],[10.49434,46.00297]]]},"properties":{"kind":"land","cls":"bare_rock"}},{"type":"Feature","geometry":{"type":"Polygon","coordinates":[[[10.50887,46.04597],[10.50909,46.0463],[10.5094,46.04615],[10.50975,46.04614],[10.50996,46.046],[10.50998,46.04588],[10.5097,46.04581],[10.50948,46.04597],[10.5092,46.04587],[10.50887,46.04597]]]},"properties":{"kind":"land","cls":"forest"}},{"type":"Feature","geometry":{"type":"Polygon","coordinates":[[[10.50076,46.0598],[10.50075,46.05949],[10.50111,46.05928],[10.50093,46.05878],[10.5015,46.05861],[10.50169,46.05839],[10.50221,46.05815],[10.50202,46.05792],[10.50113,46.05727],[10.50078,46.05736],[10.50098,46.05766],[10.50086,46.05811],[10.50035,46.05837],[10.50036,46.05846],[10.5007,46.05848],[10.50079,46.05866],[10.50045,46.05881],[10.50046,46.05903],[10.50064,46.05917],[10.50056,46.05934],[10.50013,46.05954],[10.50001,46.05974],[10.5003,46.05999],[10.50021,46.06016],[10.5006,46.06013],[10.50076,46.0598]]]},"properties":{"kind":"land","cls":"scree"}},{"type":"Feature","geometry":{"type":"Polygon","coordinates":[[[10.47669,45.99039],[10.4768,45.99055],[10.476,45.9905],[10.47525,45.9908],[10.47527,45.99131],[10.47553,45.9912],[10.47598,45.99121],[10.47605,45.99101],[10.47629,45.99101],[10.47644,45.99087],[10.47687,45.99093],[10.47684,45.99115],[10.47659,45.99126],[10.47639,45.99168],[10.47597,45.99204],[10.47594,45.99221],[10.47678,45.99246],[10.4782,45.99238],[10.47832,45.99246],[10.47849,45.9923],[10.47879,45.99224],[10.47888,45.9921],[10.47895,45.99222],[10.47869,45.99237],[10.47866,45.99249],[10.47933,45.99249],[10.4802,45.99267],[10.47931,45.99311],[10.4787,45.99324],[10.47817,45.99348],[10.47858,45.99346],[10.47884,45.99331],[10.47929,45.99324],[10.4786,45.99361],[10.47855,45.99371],[10.47865,45.99389],[10.47849,45.99412],[10.47918,45.99393],[10.47941,45.99372],[10.48019,45.9936],[10.48116,45.99368],[10.48151,45.99349],[10.48166,45.99357],[10.48286,45.99353],[10.4823,45.99379],[10.48117,45.99393],[10.48087,45.99417],[10.48032,45.99407],[10.47979,45.99435],[10.47926,45.99437],[10.47909,45.99448],[10.47904,45.99468],[10.47925,45.99467],[10.47923,45.99485],[10.4794,45.99485],[10.47969,45.99458],[10.48025,45.99455],[10.4805,45.99437],[10.48066,45.99437],[10.48066,45.99446],[10.48016,45.99494],[10.48048,45.99498],[10.48084,45.99484],[10.48109,45.99486],[10.48109,45.99498],[10.48076,45.99517],[10.48077,45.99524],[10.48214,45.99505],[10.48277,45.99517],[10.48351,45.99505],[10.48319,45.99526],[10.48203,45.99529],[10.48097,45.99545],[10.4806,45.99561],[10.48075,45.99581],[10.48126,45.99556],[10.48148,45.99561],[10.4808,45.99588],[10.4807,45.996],[10.48086,45.99609],[10.4817,45.99581],[10.48204,45.99586],[10.48044,45.9964],[10.48005,45.99625],[10.47992,45.9963],[10.47961,45.99674],[10.47934,45.99683],[10.47928,45.99705],[10.479,45.9971],[10.47874,45.99732],[10.47952,45.99736],[10.48018,45.99727],[10.48015,45.99713],[10.47975,45.99692],[10.4799,45.99678],[10.48002,45.99679],[10.48016,45.99702],[10.48047,45.99716],[10.481,45.99705],[10.48125,45.99726],[10.48231,45.99724],[10.48402,45.99688],[10.48423,45.99665],[10.4847,45.99667],[10.48487,45.99636],[10.48463,45.99621],[10.48606,45.99594],[10.48562,45.99555],[10.48513,45.99536],[10.48518,45.9952],[10.48547,45.9952],[10.48522,45.99478],[10.48422,45.99468],[10.48345,45.99371],[10.48341,45.99408],[10.48318,45.99392],[10.48292,45.99397],[10.48297,45.99377],[10.48315,45.99366],[10.48322,45.99313],[10.48307,45.99284],[10.4824,45.99257],[10.48211,45.99223],[10.48103,45.99165],[10.48051,45.99176],[10.48091,45.99163],[10.48069,45.99144],[10.47997,45.99129],[10.47987,45.99147],[10.47972,45.99148],[10.4798,45.9912],[10.47856,45.9906],[10.47746,45.99054],[10.47706,45.99087],[10.47688,45.99076],[10.47708,45.99068],[10.47722,45.99046],[10.47752,45.99039],[10.47751,45.99029],[10.47715,45.99029],[10.47691,45.99044],[10.47669,45.99039]]]},"properties":{"kind":"land","cls":"forest"}},{"type":"Feature","geometry":{"type":"Polygon","coordinates":[[[10.47893,45.99063],[10.48005,45.99112],[10.48088,45.99133],[10.48117,45.99155],[10.48177,45.99175],[10.48149,45.99153],[10.48158,45.99127],[10.48145,45.99116],[10.48146,45.99095],[10.48122,45.99091],[10.4808,45.99055],[10.48035,45.99051],[10.47994,45.99018],[10.47865,45.9903],[10.47861,45.99036],[10.47893,45.99063]]]},"properties":{"kind":"land","cls":"forest"}},{"type":"Feature","geometry":{"type":"Polygon","coordinates":[[[10.5016,46.02626],[10.50156,46.02647],[10.50217,46.02655],[10.50259,46.02654],[10.50286,46.02645],[10.50296,46.02629],[10.50212,46.02614],[10.5016,46.02626]]]},"properties":{"kind":"land","cls":"scrub"}},{"type":"Feature","geometry":{"type":"Polygon","coordinates":[[[10.50633,46.04485],[10.50668,46.04484],[10.50701,46.04444],[10.50732,46.04427],[10.5068,46.04433],[10.50666,46.04456],[10.50648,46.04461],[10.50653,46.04474],[10.50633,46.04485]]]},"properties":{"kind":"land","cls":"scree"}},{"type":"Feature","geometry":{"type":"Polygon","coordinates":[[[10.50631,46.03793],[10.50609,46.03846],[10.50583,46.03866],[10.50608,46.038],[10.50601,46.0375],[10.50536,46.03811],[10.50525,46.03837],[10.50547,46.03896],[10.505,46.03939],[10.5048,46.03979],[10.50451,46.03973],[10.50461,46.03935],[10.50301,46.03854],[10.50184,46.0392],[10.50103,46.03912],[10.5017,46.03954],[10.50082,46.03942],[10.50148,46.04016],[10.5007,46.04009],[10.5006,46.03953],[10.50022,46.03946],[10.4999,46.03977],[10.49997,46.04041],[10.50245,46.04039],[10.50476,46.04095],[10.50487,46.04107],[10.50532,46.04097],[10.50646,46.04147],[10.50685,46.04147],[10.5071,46.04139],[10.50832,46.04046],[10.50962,46.04008],[10.50911,46.03881],[10.50932,46.03789],[10.50883,46.03775],[10.50854,46.03778],[10.50839,46.03757],[10.50809,46.03766],[10.50798,46.03786],[10.50776,46.03788],[10.50763,46.03779],[10.50764,46.03758],[10.50742,46.03758],[10.50719,46.03773],[10.50707,46.0377],[10.50705,46.03745],[10.50679,46.03741],[10.50618,46.0376],[10.50648,46.03776],[10.50631,46.03793]],[[10.50564,46.03969],[10.50579,46.04009],[10.50544,46.04038],[10.50526,46.0402],[10.50538,46.03983],[10.50564,46.03969]]]},"properties":{"kind":"land","cls":"forest"}},{"type":"Feature","geometry":{"type":"Polygon","coordinates":[[[10.50115,46.02729],[10.50102,46.0274],[10.50113,46.02756],[10.50134,46.02757],[10.50142,46.02725],[10.50115,46.02729]]]},"properties":{"kind":"land","cls":"scrub"}},{"type":"Feature","geometry":{"type":"Polygon","coordinates":[[[10.5533,46.04511],[10.54814,46.0431],[10.54739,46.04231],[10.54563,46.04177],[10.54322,46.04192],[10.54236,46.04277],[10.54199,46.04347],[10.54158,46.04394],[10.53953,46.04563],[10.53792,46.04599],[10.53715,46.04596],[10.53587,46.04608],[10.53461,46.04769],[10.53421,46.04834],[10.53494,46.04847],[10.53893,46.04705],[10.53981,46.04706],[10.54181,46.04845],[10.54335,46.04816],[10.54435,46.04776],[10.54544,46.04769],[10.54779,46.04674],[10.54903,46.04692],[10.54936,46.048],[10.54867,46.0485],[10.54794,46.04891],[10.54627,46.0493],[10.54571,46.04992],[10.54447,46.05069],[10.54367,46.05091],[10.54269,46.0515],[10.54365,46.05194],[10.54541,46.05189],[10.54839,46.04938],[10.55007,46.04826],[10.55339,46.04683],[10.5533,46.04511]]]},"properties":{"kind":"land","cls":"scree"}},{"type":"Feature","geometry":{"type":"Polygon","coordinates":[[[10.47151,46.02928],[10.47278,46.03017],[10.47315,46.03061],[10.47353,46.03073],[10.47355,46.03086],[10.47432,46.03162],[10.47451,46.03168],[10.47465,46.03191],[10.47509,46.0322],[10.47526,46.03253],[10.47613,46.03306],[10.4765,46.03358],[10.47667,46.03364],[10.47734,46.03436],[10.47791,46.03462],[10.47731,46.03413],[10.47657,46.03322],[10.47574,46.03273],[10.47546,46.03242],[10.47539,46.03208],[10.47521,46.03191],[10.47515,46.03143],[10.475,46.0316],[10.47476,46.03164],[10.47434,46.03143],[10.47423,46.03119],[10.47397,46.03113],[10.47352,46.03064],[10.47331,46.03058],[10.47339,46.03029],[10.47311,46.03034],[10.47288,46.03003],[10.47267,46.02994],[10.47278,46.02978],[10.47254,46.02985],[10.4724,46.02979],[10.47248,46.02963],[10.47223,46.02954],[10.47217,46.02934],[10.47186,46.02924],[10.47188,46.02914],[10.47171,46.02917],[10.4716,46.02899],[10.4713,46.02896],[10.4711,46.02872],[10.47096,46.02871],[10.47095,46.02861],[10.47071,46.02856],[10.47076,46.02844],[10.47068,46.02849],[10.47067,46.02858],[10.47109,46.02892],[10.4711,46.02913],[10.47151,46.02928]]]},"properties":{"kind":"land","cls":"scree"}},{"type":"Feature","geometry":{"type":"Polygon","coordinates":[[[10.48029,45.99779],[10.47992,45.99772],[10.4801,45.99744],[10.4795,45.9975],[10.47932,45.99764],[10.47969,45.99759],[10.47971,45.99766],[10.47922,45.99778],[10.4795,45.99787],[10.47965,45.99779],[10.47993,45.99784],[10.47977,45.99804],[10.48014,45.99794],[10.48029,45.99779]]]},"properties":{"kind":"land","cls":"forest"}},{"type":"Feature","geometry":{"type":"Polygon","coordinates":[[[10.54917,46.07746],[10.54869,46.07736],[10.54848,46.07752],[10.54851,46.07783],[10.54915,46.07839],[10.54945,46.07841],[10.54955,46.07859],[10.54932,46.07872],[10.54899,46.07871],[10.54863,46.07887],[10.54778,46.07901],[10.54782,46.07952],[10.54811,46.07973],[10.54896,46.07972],[10.54906,46.08001],[10.5496,46.08054],[10.55149,46.08078],[10.55109,46.08162],[10.55229,46.08197],[10.55311,46.08269],[10.55426,46.08317],[10.55539,46.08322],[10.55625,46.08405],[10.55673,46.08409],[10.55679,46.08469],[10.55631,46.08534],[10.55624,46.08577],[10.55753,46.08664],[10.55897,46.08657],[10.55953,46.08717],[10.56055,46.08699],[10.56101,46.08675],[10.56119,46.08684],[10.56257,46.08833],[10.56329,46.08831],[10.56344,46.08872],[10.56387,46.08883],[10.56407,46.08918],[10.56358,46.08915],[10.56375,46.08938],[10.56349,46.08952],[10.56378,46.08995],[10.56418,46.09025],[10.56448,46.09024],[10.56445,46.09044],[10.56467,46.09099],[10.56484,46.09114],[10.56464,46.09125],[10.56429,46.09095],[10.56421,46.091],[10.5642,46.09115],[10.56437,46.09139],[10.56406,46.09133],[10.56378,46.09186],[10.56488,46.09218],[10.56484,46.09275],[10.56455,46.09327],[10.5645,46.09378],[10.56456,46.09388],[10.5648,46.09381],[10.56511,46.09303],[10.56535,46.09289],[10.5654,46.0927],[10.56525,46.09216],[10.56532,46.0919],[10.56565,46.09214],[10.56576,46.09215],[10.56587,46.09199],[10.56551,46.09145],[10.56553,46.09118],[10.56599,46.09146],[10.56599,46.09114],[10.56612,46.09092],[10.56641,46.09085],[10.56679,46.0909],[10.56697,46.09068],[10.56704,46.09037],[10.56685,46.09019],[10.567,46.09006],[10.56696,46.0896],[10.56673,46.08954],[10.56684,46.08941],[10.56642,46.08939],[10.56624,46.08929],[10.56625,46.08915],[10.5666,46.08898],[10.56615,46.08859],[10.56602,46.0879],[10.56574,46.08756],[10.5655,46.08738],[10.56503,46.08731],[10.56407,46.08694],[10.56454,46.08692],[10.56475,46.08678],[10.56426,46.08664],[10.5637,46.08677],[10.56348,46.08671],[10.56401,46.08648],[10.56416,46.08628],[10.56406,46.08604],[10.56388,46.086],[10.56339,46.08615],[10.56317,46.08611],[10.56329,46.08589],[10.56306,46.0858],[10.56349,46.08562],[10.56335,46.08541],[10.56308,46.08542],[10.56282,46.08528],[10.56343,46.08514],[10.5634,46.08483],[10.56314,46.08461],[10.56317,46.08437],[10.56295,46.08418],[10.56284,46.08388],[10.56253,46.0839],[10.56206,46.08366],[10.56245,46.08364],[10.56248,46.08352],[10.56208,46.08335],[10.56173,46.08336],[10.56088,46.08287],[10.561,46.08274],[10.56184,46.08257],[10.56163,46.08238],[10.56097,46.08246],[10.56048,46.0828],[10.56006,46.08269],[10.55988,46.08286],[10.55978,46.08275],[10.56004,46.08254],[10.56062,46.08245],[10.56076,46.08208],[10.56077,46.08156],[10.56061,46.08129],[10.56035,46.08127],[10.5603,46.08082],[10.56004,46.08052],[10.55948,46.08098],[10.55925,46.08165],[10.55963,46.08203],[10.5593,46.08213],[10.55836,46.08213],[10.55791,46.08263],[10.55781,46.08292],[10.55725,46.08297],[10.55585,46.08239],[10.55606,46.0822],[10.55589,46.08191],[10.5554,46.08178],[10.55503,46.08153],[10.55511,46.08126],[10.55476,46.08093],[10.55442,46.08085],[10.55419,46.08035],[10.55391,46.08024],[10.55373,46.07972],[10.55342,46.07963],[10.55264,46.07972],[10.55208,46.07945],[10.55096,46.07822],[10.55134,46.07738],[10.552,46.07728],[10.55195,46.07709],[10.55152,46.07689],[10.55148,46.07665],[10.55045,46.07639],[10.55017,46.07649],[10.54989,46.07648],[10.54996,46.07674],[10.54955,46.07719],[10.54959,46.0774],[10.54917,46.07746]]]},"properties":{"kind":"land","cls":"grassland"}},{"type":"Feature","geometry":{"type":"Polygon","coordinates":[[[10.5271,45.99101],[10.52719,45.99076],[10.5271,45.99065],[10.52723,45.99054],[10.52712,45.9905],[10.52681,45.99064],[10.52678,45.99092],[10.5271,45.99101]]]},"properties":{"kind":"land","cls":"bare_rock"}},{"type":"Feature","geometry":{"type":"Polygon","coordinates":[[[10.50417,46.04476],[10.50424,46.04468],[10.50391,46.04453],[10.5038,46.04464],[10.50417,46.04476]]]},"properties":{"kind":"land","cls":"scree"}},{"type":"Feature","geometry":{"type":"Polygon","coordinates":[[[10.4801,46.0228],[10.48007,46.0227],[10.48033,46.02263],[10.4803,46.02255],[10.48015,46.02255],[10.48023,46.02249],[10.48019,46.02239],[10.48031,46.02233],[10.48028,46.02222],[10.47991,46.02217],[10.47982,46.02227],[10.47938,46.02238],[10.47998,46.02263],[10.47994,46.02275],[10.48007,46.02295],[10.48029,46.0229],[10.48042,46.02298],[10.48033,46.02278],[10.4801,46.0228]]]},"properties":{"kind":"land","cls":"bare_rock"}},{"type":"Feature","geometry":{"type":"Polygon","coordinates":[[[10.52537,45.98568],[10.52624,45.98627],[10.52643,45.98631],[10.52651,45.98607],[10.52666,45.98609],[10.52695,45.98665],[10.52719,45.98653],[10.52702,45.98627],[10.52718,45.98616],[10.5273,45.98613],[10.52753,45.98645],[10.52781,45.98625],[10.52791,45.98604],[10.52783,45.98587],[10.52762,45.98589],[10.52743,45.98575],[10.5273,45.98584],[10.52701,45.98559],[10.52667,45.98549],[10.52658,45.98539],[10.52668,45.9852],[10.52639,45.98508],[10.5261,45.98518],[10.52597,45.98541],[10.5255,45.98555],[10.52537,45.98568]]]},"properties":{"kind":"land","cls":"bare_rock"}},{"type":"Feature","geometry":{"type":"MultiPolygon","coordinates":[[[[10.52441,46.09694],[10.52423,46.09651],[10.52443,46.09613],[10.52431,46.09567],[10.52443,46.09565],[10.52447,46.09583],[10.52479,46.09608],[10.52598,46.09589],[10.52665,46.09525],[10.52799,46.09507],[10.52846,46.09461],[10.52894,46.09444],[10.52913,46.0942],[10.52873,46.09361],[10.52718,46.09302],[10.52633,46.09311],[10.52618,46.09287],[10.5259,46.09273],[10.52523,46.09277],[10.52472,46.09258],[10.5238,46.09278],[10.52251,46.09269],[10.5223,46.09237],[10.52232,46.09215],[10.52358,46.09177],[10.52385,46.09157],[10.52464,46.09125],[10.52482,46.09107],[10.52482,46.09081],[10.52417,46.09038],[10.52277,46.09001],[10.52258,46.09003],[10.52219,46.09028],[10.52159,46.09013],[10.52099,46.09042],[10.52076,46.09031],[10.52008,46.09053],[10.52025,46.09016],[10.51982,46.08989],[10.52003,46.08972],[10.51994,46.08956],[10.51963,46.08944],[10.52028,46.08921],[10.52048,46.08888],[10.52092,46.08866],[10.51904,46.08876],[10.51834,46.08905],[10.51769,46.08918],[10.51765,46.08926],[10.51775,46.08936],[10.51825,46.08949],[10.51879,46.0895],[10.51909,46.08987],[10.51908,46.09],[10.5186,46.08999],[10.51798,46.09015],[10.51783,46.08994],[10.51722,46.09],[10.51669,46.09044],[10.5164,46.09096],[10.51564,46.09115],[10.5153,46.09148],[10.51513,46.09191],[10.51534,46.09205],[10.5151,46.09225],[10.51507,46.09266],[10.5157,46.09263],[10.51592,46.0924],[10.51615,46.09238],[10.51677,46.09205],[10.51703,46.09211],[10.51727,46.09174],[10.51804,46.09161],[10.51821,46.09179],[10.51821,46.09194],[10.51756,46.09211],[10.51698,46.09246],[10.51652,46.09255],[10.51576,46.09317],[10.51561,46.09318],[10.51536,46.0929],[10.51475,46.09331],[10.51468,46.09317],[10.51427,46.09304],[10.51379,46.09265],[10.51404,46.09257],[10.51429,46.09265],[10.51498,46.09245],[10.51441,46.09192],[10.51368,46.09154],[10.5133,46.09154],[10.51306,46.09134],[10.51202,46.09136],[10.5115,46.09106],[10.51117,46.09073],[10.51145,46.09072],[10.51161,46.09055],[10.51198,46.09056],[10.51235,46.08977],[10.51281,46.08961],[10.51324,46.08925],[10.51392,46.08888],[10.51406,46.08887],[10.51409,46.08897],[10.51361,46.08947],[10.51269,46.08988],[10.51281,46.09012],[10.51294,46.09016],[10.51351,46.08987],[10.51375,46.08955],[10.51425,46.08947],[10.5152,46.08893],[10.5162,46.08864],[10.51716,46.08808],[10.51715,46.08796],[10.51763,46.08785],[10.51779,46.0877],[10.51859,46.08751],[10.51903,46.08711],[10.51901,46.08682],[10.51887,46.08669],[10.51904,46.08641],[10.51903,46.08599],[10.51869,46.08544],[10.51844,46.08546],[10.5184,46.08555],[10.51854,46.08588],[10.51842,46.08611],[10.51874,46.08623],[10.51871,46.08632],[10.51829,46.08623],[10.51824,46.08611],[10.51803,46.08606],[10.51835,46.08577],[10.51805,46.08571],[10.51693,46.08585],[10.51599,46.0857],[10.51499,46.08498],[10.51503,46.08463],[10.51623,46.08501],[10.5175,46.08494],[10.51783,46.08448],[10.51768,46.08431],[10.51786,46.08388],[10.51773,46.08361],[10.51796,46.08293],[10.51758,46.0828],[10.51744,46.08256],[10.51673,46.08239],[10.51651,46.08243],[10.51631,46.08265],[10.51614,46.08354],[10.51642,46.08377],[10.51732,46.08391],[10.51753,46.08413],[10.51748,46.08429],[10.51615,46.08425],[10.51551,46.08408],[10.5151,46.0838],[10.5152,46.08359],[10.51501,46.08341],[10.51497,46.08311],[10.51518,46.08298],[10.51517,46.08276],[10.51533,46.08263],[10.51512,46.0823],[10.51511,46.08201],[10.51532,46.08178],[10.51552,46.08177],[10.51517,46.08154],[10.51529,46.08144],[10.51645,46.08154],[10.51611,46.08137],[10.51598,46.081],[10.51606,46.08072],[10.51517,46.0804],[10.51496,46.08012],[10.51494,46.07981],[10.51522,46.07959],[10.5151,46.07934],[10.51438,46.07904],[10.51405,46.07879],[10.51352,46.07872],[10.51334,46.07881],[10.51333,46.07893],[10.51356,46.07914],[10.51341,46.07953],[10.51383,46.07988],[10.51355,46.0798],[10.51332,46.08015],[10.51363,46.08089],[10.51398,46.08081],[10.51341,46.08152],[10.51272,46.08203],[10.51281,46.08232],[10.51259,46.08245],[10.51207,46.08222],[10.51212,46.08192],[10.51199,46.08092],[10.51187,46.08074],[10.51193,46.08061],[10.51162,46.08008],[10.51135,46.07994],[10.51109,46.07994],[10.51017,46.08022],[10.50944,46.0797],[10.5089,46.07955],[10.50719,46.08005],[10.5067,46.08003],[10.50594,46.07975],[10.50556,46.07975],[10.50529,46.07981],[10.50497,46.08009],[10.50407,46.08017],[10.50356,46.08016],[10.50216,46.07984],[10.50144,46.0799],[10.50124,46.08011],[10.50052,46.08017],[10.50017,46.08012],[10.49975,46.07987],[10.49989,46.07967],[10.50019,46.0797],[10.50019,46.07982],[10.50038,46.07966],[10.50081,46.07959],[10.50146,46.07928],[10.50184,46.07923],[10.50139,46.07925],[10.50134,46.07915],[10.50043,46.07945],[10.50017,46.0794],[10.49975,46.07962],[10.49959,46.07987],[10.49913,46.08018],[10.49857,46.08044],[10.49854,46.08065],[10.49969,46.08033],[10.49978,46.08037],[10.49972,46.08045],[10.50033,46.08037],[10.5004,46.08044],[10.50037,46.08075],[10.5008,46.08071],[10.50099,46.08082],[10.50127,46.0808],[10.5011,46.08113],[10.50075,46.08123],[10.50087,46.08125],[10.50085,46.08134],[10.50127,46.0812],[10.50142,46.08145],[10.50178,46.08152],[10.50178,46.08162],[10.50253,46.08143],[10.50258,46.08119],[10.50288,46.08119],[10.50315,46.08137],[10.50326,46.08123],[10.50289,46.08108],[10.5034,46.08084],[10.50326,46.0806],[10.50332,46.0804],[10.50408,46.0803],[10.50403,46.08087],[10.50417,46.08146],[10.50343,46.08165],[10.5043,46.08153],[10.50447,46.08174],[10.50405,46.08168],[10.50448,46.08191],[10.50448,46.08209],[10.50463,46.08223],[10.50418,46.08235],[10.50512,46.08269],[10.50545,46.0827],[10.50518,46.08246],[10.506,46.08268],[10.50625,46.08302],[10.50681,46.08336],[10.50659,46.08335],[10.50546,46.08285],[10.50457,46.08274],[10.50413,46.08254],[10.50383,46.0822],[10.50363,46.08222],[10.50398,46.08263],[10.5045,46.08291],[10.50526,46.08297],[10.50514,46.0832],[10.5056,46.08334],[10.50538,46.08311],[10.50547,46.08304],[10.5059,46.08336],[10.50575,46.08348],[10.50579,46.08369],[10.50547,46.08438],[10.50572,46.08441],[10.50562,46.08457],[10.50618,46.08439],[10.50667,46.08439],[10.50699,46.08416],[10.50676,46.08441],[10.50574,46.0847],[10.50576,46.08502],[10.50594,46.08525],[10.50588,46.08535],[10.50562,46.08531],[10.50526,46.08504],[10.50499,46.08507],[10.50516,46.08522],[10.50508,46.08535],[10.50535,46.08529],[10.50548,46.08535],[10.50544,46.08548],[10.5056,46.08595],[10.50532,46.08641],[10.50498,46.08648],[10.50462,46.08633],[10.50471,46.08624],[10.50502,46.0863],[10.50443,46.08599],[10.50437,46.08602],[10.50444,46.08611],[10.50435,46.08617],[10.50436,46.08647],[10.50414,46.08649],[10.50435,46.08669],[10.5045,46.08652],[10.50517,46.08656],[10.50521,46.08665],[10.50505,46.08674],[10.50548,46.0871],[10.50588,46.08725],[10.50582,46.08741],[10.50609,46.08751],[10.50614,46.08766],[10.50582,46.08762],[10.50646,46.08811],[10.50648,46.08829],[10.50706,46.08832],[10.50725,46.08803],[10.50743,46.08794],[10.50785,46.08814],[10.50775,46.08788],[10.50802,46.08784],[10.50828,46.08801],[10.50851,46.08833],[10.50886,46.08844],[10.50857,46.0885],[10.5087,46.08882],[10.51012,46.08895],[10.50882,46.08902],[10.50846,46.08889],[10.50792,46.0883],[10.50755,46.08843],[10.50803,46.08889],[10.50842,46.08909],[10.50894,46.08917],[10.51057,46.08904],[10.5113,46.08913],[10.51121,46.08927],[10.51175,46.08966],[10.51121,46.0899],[10.51093,46.08973],[10.5106,46.08981],[10.51101,46.08996],[10.51106,46.09021],[10.51056,46.09052],[10.51059,46.09062],[10.51091,46.09079],[10.51047,46.09096],[10.5103,46.09134],[10.5104,46.09143],[10.51036,46.09168],[10.51066,46.09195],[10.51047,46.09208],[10.51059,46.09227],[10.51033,46.09245],[10.5106,46.09287],[10.51105,46.09308],[10.51166,46.09307],[10.51195,46.09338],[10.51275,46.09345],[10.51283,46.09325],[10.51304,46.09322],[10.51329,46.09341],[10.51305,46.09359],[10.5141,46.09359],[10.51412,46.09374],[10.51392,46.09394],[10.51403,46.09427],[10.51379,46.09451],[10.51411,46.09444],[10.51458,46.09413],[10.51494,46.09426],[10.51499,46.09412],[10.51482,46.09372],[10.51522,46.09413],[10.51586,46.09388],[10.51573,46.09373],[10.51609,46.09343],[10.51659,46.09352],[10.51673,46.09337],[10.51675,46.09314],[10.51716,46.0931],[10.5173,46.09318],[10.51784,46.09305],[10.51774,46.09323],[10.517,46.09371],[10.51692,46.094],[10.51668,46.09428],[10.51583,46.09484],[10.51553,46.09517],[10.5156,46.09528],[10.51553,46.09548],[10.5158,46.09569],[10.51578,46.0958],[10.51552,46.09592],[10.51579,46.09591],[10.51591,46.09574],[10.51601,46.09576],[10.51589,46.09606],[10.51534,46.09612],[10.51563,46.09632],[10.51566,46.09659],[10.51544,46.09648],[10.51541,46.09632],[10.51518,46.09637],[10.51496,46.09667],[10.51483,46.0966],[10.51476,46.09677],[10.51491,46.09674],[10.51516,46.09653],[10.51535,46.09702],[10.51581,46.09654],[10.51589,46.09667],[10.51576,46.09704],[10.51638,46.09704],[10.51642,46.09686],[10.51688,46.09673],[10.5171,46.09642],[10.51755,46.09615],[10.51891,46.09594],[10.52017,46.09493],[10.52082,46.09458],[10.52142,46.094],[10.52144,46.09416],[10.5217,46.09434],[10.52173,46.09461],[10.52216,46.09481],[10.52242,46.09515],[10.52342,46.09509],[10.52367,46.09519],[10.5237,46.09543],[10.5231,46.09608],[10.52307,46.09639],[10.52293,46.09648],[10.52268,46.09644],[10.52231,46.09672],[10.52197,46.09624],[10.52155,46.09632],[10.52117,46.09609],[10.52122,46.09591],[10.52113,46.0958],[10.52074,46.09572],[10.51988,46.09593],[10.51988,46.09604],[10.52049,46.09601],[10.52015,46.0963],[10.52069,46.09635],[10.52071,46.09654],[10.52057,46.09669],[10.52081,46.09704],[10.52471,46.09704],[10.52441,46.09694]],[[10.50574,46.08654],[10.5054,46.08647],[10.50577,46.08611],[10.50584,46.0858],[10.50577,46.08562],[10.50609,46.08537],[10.50607,46.08584],[10.50592,46.08585],[10.50609,46.08609],[10.50594,46.08606],[10.50587,46.08615],[10.506,46.08626],[10.50598,46.08637],[10.50675,46.08674],[10.50668,46.08695],[10.50683,46.08706],[10.50695,46.08732],[10.50634,46.08722],[10.50638,46.08711],[10.50624,46.08709],[10.50574,46.08654]]],[[[10.5309,46.09703],[10.53119,46.09691],[10.53137,46.09668],[10.53124,46.09624],[10.53099,46.09612],[10.52997,46.09623],[10.52985,46.09613],[10.52976,46.09578],[10.52955,46.09569],[10.5289,46.09573],[10.52855,46.09607],[10.52779,46.0962],[10.5273,46.0966],[10.52708,46.09655],[10.52622,46.09661],[10.52597,46.09697],[10.52608,46.09704],[10.5309,46.09703]]],[[[10.51164,46.09699],[10.51164,46.09676],[10.5112,46.09677],[10.51113,46.09659],[10.51075,46.0965],[10.51032,46.0966],[10.51016,46.09651],[10.5102,46.09641],[10.5105,46.09638],[10.51072,46.09622],[10.5107,46.09611],[10.51054,46.09608],[10.51059,46.09591],[10.51039,46.09599],[10.51034,46.09579],[10.51023,46.09594],[10.50982,46.09582],[10.50957,46.0959],[10.50957,46.0958],[10.50938,46.09587],[10.50931,46.09581],[10.50933,46.09564],[10.50951,46.09537],[10.50924,46.09538],[10.50869,46.09574],[10.50888,46.09576],[10.5091,46.09559],[10.50923,46.09578],[10.50907,46.0958],[10.50916,46.09603],[10.50883,46.09623],[10.50879,46.09646],[10.50941,46.09685],[10.50991,46.09666],[10.50997,46.09672],[10.50979,46.09704],[10.51164,46.09699]]]]},"properties":{"kind":"land","cls":"scree"}},{"type":"Feature","geometry":{"type":"Polygon","coordinates":[[[10.51563,46.03402],[10.51528,46.03396],[10.51506,46.03366],[10.51493,46.03363],[10.51465,46.0337],[10.5144,46.03392],[10.51446,46.0341],[10.51493,46.03459],[10.51519,46.03456],[10.5156,46.03421],[10.51563,46.03402]]]},"properties":{"kind":"land","cls":"forest"}},{"type":"Feature","geometry":{"type":"Polygon","coordinates":[[[10.54538,46.05803],[10.54499,46.05777],[10.54485,46.05804],[10.54492,46.05742],[10.54477,46.05686],[10.54456,46.05673],[10.54431,46.05685],[10.54421,46.0573],[10.54396,46.05744],[10.54367,46.05797],[10.54421,46.05754],[10.54438,46.05775],[10.54464,46.05741],[10.54468,46.05768],[10.54421,46.05855],[10.54387,46.05877],[10.54384,46.05899],[10.54394,46.05919],[10.54442,46.05902],[10.54473,46.05902],[10.54486,46.05933],[10.54435,46.05962],[10.54485,46.06038],[10.5444,46.06059],[10.54438,46.06071],[10.5445,46.06083],[10.54471,46.06063],[10.545,46.06059],[10.54502,46.06072],[10.54565,46.06111],[10.54642,46.06143],[10.54647,46.06153],[10.54624,46.06156],[10.547,46.06176],[10.54699,46.06162],[10.54672,46.06148],[10.54667,46.0613],[10.54744,46.06116],[10.54742,46.06131],[10.54816,46.06103],[10.5488,46.06046],[10.54837,46.06053],[10.54779,46.06082],[10.54762,46.0608],[10.54768,46.06047],[10.54816,46.06031],[10.54783,46.06018],[10.54784,46.06],[10.54815,46.05964],[10.54769,46.05993],[10.54731,46.05994],[10.54721,46.06006],[10.54712,46.06017],[10.54724,46.06021],[10.54725,46.06034],[10.5471,46.06061],[10.54712,46.06085],[10.54683,46.0612],[10.54633,46.06101],[10.54635,46.06082],[10.54618,46.06079],[10.54593,46.06057],[10.54573,46.06061],[10.54552,46.06044],[10.54508,46.0604],[10.54492,46.06022],[10.54487,46.0599],[10.54465,46.05966],[10.545,46.05942],[10.54497,46.05913],[10.54554,46.05873],[10.54594,46.05792],[10.54589,46.05782],[10.54538,46.05803]]]},"properties":{"kind":"land","cls":"scree"}},{"type":"Feature","geometry":{"type":"Polygon","coordinates":[[[10.55601,46.0859],[10.55612,46.08645],[10.55595,46.08691],[10.55643,46.08676],[10.55686,46.08718],[10.55479,46.08781],[10.55522,46.08836],[10.55596,46.08814],[10.5576,46.08861],[10.55892,46.08832],[10.55945,46.08869],[10.55878,46.08911],[10.55781,46.09022],[10.55815,46.09092],[10.55851,46.09266],[10.55834,46.09322],[10.55873,46.09414],[10.55976,46.09364],[10.56012,46.09392],[10.55976,46.09467],[10.56017,46.09494],[10.56171,46.095],[10.56197,46.09529],[10.56142,46.09585],[10.56322,46.09617],[10.56377,46.09597],[10.56399,46.09552],[10.56372,46.09467],[10.56336,46.09414],[10.56377,46.09364],[10.56353,46.09157],[10.56372,46.09137],[10.56399,46.09076],[10.56303,46.09094],[10.5631,46.09047],[10.56284,46.09005],[10.56284,46.08949],[10.56171,46.08837],[10.56079,46.08822],[10.55917,46.08719],[10.55877,46.08679],[10.55815,46.08663],[10.55753,46.08664],[10.55624,46.08577],[10.55601,46.0859]]]},"properties":{"kind":"land","cls":"forest"}},{"type":"Feature","geometry":{"type":"Polygon","coordinates":[[[10.53146,46.01826],[10.53117,46.01831],[10.53116,46.01875],[10.53094,46.01911],[10.53092,46.01928],[10.53125,46.01989],[10.53189,46.01968],[10.53189,46.01957],[10.53207,46.0195],[10.53339,46.01996],[10.53349,46.01979],[10.53312,46.01935],[10.53312,46.01899],[10.53286,46.01886],[10.53272,46.01858],[10.53176,46.01808],[10.53146,46.01826]]]},"properties":{"kind":"land","cls":"forest"}},{"type":"Feature","geometry":{"type":"Polygon","coordinates":[[[10.54704,46.05903],[10.5466,46.05919],[10.54654,46.05897],[10.54609,46.0591],[10.54598,46.05959],[10.54619,46.05978],[10.54649,46.05951],[10.54639,46.05941],[10.54651,46.05927],[10.5469,46.05936],[10.54703,46.05922],[10.54704,46.05903]]]},"properties":{"kind":"land","cls":"scree"}},{"type":"Feature","geometry":{"type":"MultiPolygon","coordinates":[[[[10.47026,46.06557],[10.46997,46.06541],[10.46997,46.06598],[10.47026,46.06557]]],[[[10.47135,46.07264],[10.47252,46.07272],[10.47251,46.07292],[10.47327,46.07394],[10.47372,46.07436],[10.47404,46.07487],[10.47549,46.07578],[10.47816,46.07704],[10.47861,46.07749],[10.47886,46.07807],[10.47939,46.07844],[10.47987,46.07894],[10.48024,46.07914],[10.48104,46.07924],[10.48212,46.07968],[10.48355,46.07973],[10.48428,46.07995],[10.48457,46.08038],[10.48448,46.0808],[10.48398,46.08088],[10.48451,46.08152],[10.48515,46.08204],[10.48587,46.08241],[10.48768,46.08261],[10.48874,46.0822],[10.49028,46.08189],[10.4908,46.0815],[10.48852,46.07855],[10.48706,46.07514],[10.4863,46.07476],[10.48728,46.07333],[10.48225,46.06851],[10.47176,46.06693],[10.46997,46.06634],[10.46997,46.07296],[10.47135,46.07264]]]]},"properties":{"kind":"land","cls":"forest"}},{"type":"Feature","geometry":{"type":"Polygon","coordinates":[[[10.5054,46.03747],[10.50569,46.03754],[10.50623,46.03717],[10.50689,46.03699],[10.50742,46.03712],[10.50775,46.03706],[10.5081,46.03734],[10.50848,46.03743],[10.50938,46.03746],[10.50955,46.03725],[10.50902,46.03701],[10.50856,46.03698],[10.50854,46.03706],[10.50817,46.03713],[10.50668,46.03678],[10.50577,46.03697],[10.50453,46.03654],[10.50425,46.03654],[10.50415,46.03663],[10.50417,46.03698],[10.50433,46.03727],[10.50534,46.03733],[10.5054,46.03747]]]},"properties":{"kind":"land","cls":"forest"}},{"type":"Feature","geometry":{"type":"Polygon","coordinates":[[[10.50369,46.0143],[10.5032,46.01411],[10.5033,46.01436],[10.50369,46.0143]]]},"properties":{"kind":"land","cls":"bare_rock"}},{"type":"Feature","geometry":{"type":"Polygon","coordinates":[[[10.47223,46.02926],[10.47257,46.02894],[10.47293,46.02894],[10.4729,46.02901],[10.47307,46.02905],[10.4731,46.02914],[10.47319,46.02901],[10.47243,46.02864],[10.47237,46.02872],[10.4725,46.02886],[10.47223,46.02926]]]},"properties":{"kind":"land","cls":"scree"}},{"type":"Feature","geometry":{"type":"Polygon","coordinates":[[[10.55149,46.08078],[10.55138,46.08111],[10.55145,46.08132],[10.55215,46.08156],[10.55267,46.08149],[10.55274,46.08113],[10.55295,46.08098],[10.55292,46.08015],[10.55281,46.08],[10.55199,46.0799],[10.55134,46.08022],[10.55109,46.08051],[10.5512,46.08069],[10.55149,46.08078]]]},"properties":{"kind":"land","cls":"wetland"}},{"type":"Feature","geometry":{"type":"Polygon","coordinates":[[[10.47733,45.99679],[10.47747,45.99665],[10.47715,45.99656],[10.47719,45.99669],[10.47705,45.99673],[10.47694,45.99692],[10.47733,45.99679]]]},"properties":{"kind":"land","cls":"scree"}},{"type":"Feature","geometry":{"type":"Polygon","coordinates":[[[10.51176,46.02913],[10.51208,46.02915],[10.51212,46.02901],[10.51203,46.02887],[10.51219,46.02881],[10.51202,46.02872],[10.51212,46.02862],[10.51164,46.02839],[10.51158,46.02897],[10.51176,46.02913]]]},"properties":{"kind":"land","cls":"bare_rock"}},{"type":"Feature","geometry":{"type":"Polygon","coordinates":[[[10.48414,46.03258],[10.48403,46.03249],[10.4838,46.0325],[10.48381,46.03263],[10.48414,46.03258]]]},"properties":{"kind":"land","cls":"scree"}},{"type":"Feature","geometry":{"type":"Polygon","coordinates":[[[10.50534,46.01199],[10.50578,46.0117],[10.50554,46.01154],[10.50541,46.01127],[10.50478,46.01089],[10.50432,46.0109],[10.50401,46.01075],[10.50349,46.01072],[10.50232,46.01131],[10.50234,46.01142],[10.50265,46.01139],[10.50252,46.01161],[10.50272,46.01166],[10.50287,46.01149],[10.50314,46.01156],[10.50325,46.01135],[10.50404,46.01105],[10.50344,46.01147],[10.50345,46.01154],[10.50366,46.0116],[10.50387,46.01146],[10.50366,46.01173],[10.50383,46.01192],[10.50382,46.01212],[10.50422,46.01234],[10.50431,46.01251],[10.50443,46.01246],[10.50448,46.01229],[10.50477,46.01219],[10.50495,46.01201],[10.50534,46.01199]]]},"properties":{"kind":"land","cls":"bare_rock"}},{"type":"Feature","geometry":{"type":"Polygon","coordinates":[[[10.51684,45.98509],[10.51813,45.98573],[10.51678,45.98559],[10.51645,45.98542],[10.51543,45.98573],[10.51507,45.98611],[10.51409,45.98613],[10.51144,45.98593],[10.51077,45.98638],[10.51297,45.98697],[10.51339,45.987],[10.51414,45.98677],[10.51455,45.98705],[10.51559,45.98722],[10.51673,45.98698],[10.51685,45.9875],[10.51788,45.9878],[10.51833,45.98809],[10.5167,45.988],[10.51587,45.98759],[10.51478,45.98757],[10.51417,45.98734],[10.51218,45.98718],[10.51201,45.98703],[10.51156,45.9869],[10.51138,45.98708],[10.51062,45.98678],[10.51064,45.98694],[10.51034,45.98702],[10.51027,45.98714],[10.50975,45.98709],[10.50982,45.98723],[10.50975,45.9874],[10.51051,45.98738],[10.51043,45.98709],[10.51076,45.98703],[10.51102,45.98714],[10.5109,45.98741],[10.51131,45.98738],[10.51144,45.98722],[10.51163,45.9872],[10.51168,45.98729],[10.51147,45.98744],[10.51203,45.98739],[10.51208,45.98752],[10.51183,45.9877],[10.51232,45.98783],[10.51203,45.98817],[10.51262,45.98809],[10.51253,45.98827],[10.51215,45.9885],[10.5122,45.98865],[10.51248,45.98868],[10.51267,45.98859],[10.51303,45.98898],[10.51379,45.98922],[10.51442,45.98998],[10.51469,45.99015],[10.51506,45.99016],[10.51494,45.98992],[10.51511,45.9899],[10.51538,45.99],[10.51555,45.99032],[10.51575,45.99039],[10.51656,45.99048],[10.51725,45.99068],[10.51874,45.99082],[10.52282,45.99243],[10.52384,45.9932],[10.52422,45.99339],[10.52437,45.99329],[10.52451,45.99347],[10.52522,45.99387],[10.5255,45.99388],[10.5263,45.99325],[10.52677,45.99282],[10.52719,45.99212],[10.5279,45.99146],[10.52767,45.99093],[10.52816,45.99046],[10.52819,45.99021],[10.52866,45.9899],[10.52899,45.98943],[10.52963,45.989],[10.53042,45.98877],[10.53088,45.98836],[10.53117,45.98845],[10.53131,45.98871],[10.53059,45.989],[10.5299,45.98898],[10.53301,45.99004],[10.53345,45.98988],[10.5332,45.98972],[10.53279,45.98962],[10.53241,45.98928],[10.53188,45.9891],[10.53173,45.989],[10.53161,45.98874],[10.53177,45.98849],[10.5327,45.98792],[10.53289,45.98762],[10.53428,45.98687],[10.53439,45.98668],[10.53437,45.98633],[10.53454,45.98642],[10.53478,45.98642],[10.53491,45.98652],[10.5354,45.98647],[10.53549,45.98659],[10.53543,45.9871],[10.53528,45.98733],[10.53505,45.98734],[10.5349,45.98747],[10.53481,45.98788],[10.53499,45.98808],[10.53491,45.98815],[10.53479,45.98811],[10.53456,45.98835],[10.53454,45.9886],[10.53477,45.98866],[10.53475,45.98884],[10.53437,45.98905],[10.53417,45.98874],[10.53353,45.98911],[10.53393,45.98964],[10.53453,45.98934],[10.53524,45.98826],[10.53524,45.98741],[10.53546,45.98709],[10.5355,45.98656],[10.53585,45.98579],[10.53576,45.98492],[10.53069,45.98492],[10.53203,45.98599],[10.53218,45.98607],[10.53276,45.98605],[10.53292,45.98622],[10.53213,45.98702],[10.53169,45.98786],[10.53111,45.98807],[10.53102,45.98798],[10.5311,45.98779],[10.53081,45.98764],[10.53089,45.98739],[10.53027,45.98701],[10.53025,45.98681],[10.5304,45.98666],[10.53084,45.98653],[10.53048,45.98618],[10.53015,45.98619],[10.53012,45.98556],[10.5303,45.98529],[10.52993,45.98492],[10.51693,45.98492],[10.51684,45.98509]],[[10.53473,45.9856],[10.53549,45.98494],[10.53543,45.98531],[10.53529,45.98555],[10.5355,45.98572],[10.53489,45.98622],[10.5345,45.98638],[10.53438,45.98632],[10.53439,45.98615],[10.53473,45.9856]]]},"properties":{"kind":"land","cls":"forest"}},{"type":"Feature","geometry":{"type":"Polygon","coordinates":[[[10.56967,46.0817],[10.57068,46.08217],[10.57136,46.0822],[10.57161,46.08236],[10.5719,46.0822],[10.57247,46.08217],[10.57261,46.08204],[10.57242,46.0819],[10.57278,46.08146],[10.5725,46.08141],[10.57282,46.08089],[10.57282,46.08051],[10.57221,46.08123],[10.5721,46.08103],[10.57221,46.08089],[10.57189,46.08114],[10.57188,46.08098],[10.57155,46.08125],[10.57177,46.08069],[10.57126,46.0812],[10.5712,46.08107],[10.57102,46.08121],[10.57036,46.08125],[10.57018,46.08116],[10.57026,46.08093],[10.56982,46.08109],[10.56969,46.08124],[10.56967,46.0817]]]},"properties":{"kind":"land","cls":"scree"}},{"type":"Feature","geometry":{"type":"Polygon","coordinates":[[[10.50893,46.01034],[10.50928,46.01025],[10.50999,46.00963],[10.50967,46.00955],[10.50949,46.00994],[10.50916,46.00949],[10.50851,46.0094],[10.50866,46.00999],[10.50915,46.01014],[10.50893,46.01034]]]},"properties":{"kind":"land","cls":"bare_rock"}},{"type":"Feature","geometry":{"type":"Polygon","coordinates":[[[10.55258,46.05627],[10.55334,46.0562],[10.55349,46.05593],[10.55409,46.05575],[10.55442,46.05599],[10.55487,46.05613],[10.55514,46.05609],[10.55516,46.05587],[10.55529,46.0558],[10.55485,46.05574],[10.5555,46.05559],[10.55507,46.05555],[10.55412,46.05569],[10.55361,46.05532],[10.55323,46.05558],[10.55344,46.0558],[10.55262,46.05594],[10.55246,46.0562],[10.55258,46.05627]]]},"properties":{"kind":"land","cls":"scree"}},{"type":"Feature","geometry":{"type":"Polygon","coordinates":[[[10.52736,46.01228],[10.52632,46.01437],[10.52678,46.01453],[10.52656,46.01496],[10.52677,46.01519],[10.52746,46.01544],[10.52852,46.01532],[10.52847,46.0158],[10.52854,46.016],[10.52893,46.01629],[10.52942,46.01649],[10.53041,46.0162],[10.5306,46.01627],[10.53087,46.01653],[10.53092,46.01673],[10.5313,46.01702],[10.53224,46.01716],[10.53241,46.01733],[10.53246,46.01765],[10.53222,46.0179],[10.53242,46.01806],[10.53428,46.01904],[10.53548,46.01921],[10.53553,46.0197],[10.53642,46.01975],[10.53664,46.01982],[10.53684,46.02019],[10.5371,46.02017],[10.53794,46.02054],[10.53811,46.02078],[10.53839,46.02088],[10.53936,46.02156],[10.53999,46.02257],[10.54111,46.0229],[10.54122,46.02238],[10.54275,46.0213],[10.54311,46.02127],[10.54381,46.0215],[10.54484,46.02153],[10.54549,46.02174],[10.5461,46.02164],[10.54646,46.02121],[10.54633,46.02102],[10.54566,46.02117],[10.54518,46.02105],[10.54519,46.02064],[10.54459,46.02055],[10.54446,46.02036],[10.54484,46.01982],[10.54478,46.01965],[10.54433,46.0197],[10.54416,46.01987],[10.54341,46.02004],[10.54341,46.01984],[10.54361,46.01957],[10.54362,46.01926],[10.54288,46.01925],[10.54316,46.01767],[10.54206,46.01753],[10.54249,46.01615],[10.54308,46.01588],[10.54251,46.01578],[10.54207,46.01533],[10.54147,46.01521],[10.54134,46.01495],[10.54153,46.0147],[10.54148,46.01454],[10.5393,46.01448],[10.53888,46.01452],[10.53853,46.01491],[10.53825,46.01476],[10.53827,46.01446],[10.53907,46.01375],[10.53908,46.01333],[10.53858,46.0131],[10.53833,46.01284],[10.53731,46.01328],[10.53639,46.01342],[10.53479,46.01344],[10.53411,46.0136],[10.53286,46.01356],[10.53298,46.01323],[10.53323,46.01302],[10.53347,46.01248],[10.53452,46.01178],[10.53448,46.01128],[10.5339,46.01132],[10.53366,46.01069],[10.53399,46.00998],[10.5318,46.01025],[10.53136,46.01011],[10.52736,46.01228]]]},"properties":{"kind":"land","cls":"forest"}},{"type":"Feature","geometry":{"type":"Polygon","coordinates":[[[10.50004,46.02817],[10.4998,46.02834],[10.49993,46.02844],[10.50022,46.02837],[10.5003,46.02848],[10.50043,46.02848],[10.50045,46.02827],[10.50004,46.02817]]]},"properties":{"kind":"land","cls":"scrub"}},{"type":"Feature","geometry":{"type":"Polygon","coordinates":[[[10.53166,46.05488],[10.53118,46.05526],[10.53149,46.05549],[10.5324,46.05552],[10.53317,46.05517],[10.53346,46.05537],[10.53367,46.05567],[10.53312,46.05615],[10.53205,46.05653],[10.53187,46.05693],[10.53282,46.05736],[10.53401,46.05774],[10.53497,46.05564],[10.53675,46.0558],[10.53656,46.05501],[10.53595,46.05452],[10.53734,46.05375],[10.53761,46.05332],[10.53755,46.05311],[10.53656,46.05309],[10.53644,46.05285],[10.53658,46.05239],[10.53661,46.05186],[10.53642,46.05157],[10.53594,46.05183],[10.53552,46.05246],[10.53535,46.0533],[10.53506,46.05368],[10.5346,46.05393],[10.53332,46.05412],[10.53166,46.05488]]]},"properties":{"kind":"land","cls":"grassland"}},{"type":"Feature","geometry":{"type":"Polygon","coordinates":[[[10.48528,46.09652],[10.48329,46.09651],[10.47927,46.09673],[10.47817,46.09704],[10.48642,46.09704],[10.48528,46.09652]]]},"properties":{"kind":"land","cls":"scree"}},{"type":"Feature","geometry":{"type":"Polygon","coordinates":[[[10.51808,45.99269],[10.51834,45.9926],[10.51837,45.99245],[10.51811,45.99222],[10.51763,45.99203],[10.51727,45.99207],[10.51727,45.99217],[10.5179,45.99237],[10.51808,45.99269]]]},"properties":{"kind":"land","cls":"bare_rock"}},{"type":"Feature","geometry":{"type":"Polygon","coordinates":[[[10.51669,46.0347],[10.51748,46.03461],[10.51762,46.03449],[10.51677,46.03417],[10.51659,46.0343],[10.51664,46.03445],[10.5164,46.03455],[10.51621,46.03478],[10.51652,46.03493],[10.51669,46.0347]]]},"properties":{"kind":"land","cls":"bare_rock"}},{"type":"Feature","geometry":{"type":"Polygon","coordinates":[[[10.56464,46.09701],[10.56459,46.09686],[10.56428,46.0967],[10.56358,46.0966],[10.56409,46.09704],[10.56464,46.09701]]]},"properties":{"kind":"land","cls":"scrub"}},{"type":"Feature","geometry":{"type":"Polygon","coordinates":[[[10.59525,46.07518],[10.59541,46.07497],[10.59496,46.07508],[10.59488,46.07501],[10.59498,46.07484],[10.5949,46.07469],[10.5946,46.07475],[10.59456,46.07495],[10.59441,46.07509],[10.59418,46.07514],[10.59427,46.07492],[10.59419,46.07485],[10.59394,46.07498],[10.59395,46.07487],[10.5942,46.07463],[10.59379,46.07463],[10.59398,46.07448],[10.59366,46.07441],[10.59366,46.07431],[10.59435,46.07425],[10.59459,46.0741],[10.59416,46.07394],[10.59423,46.07383],[10.59385,46.0736],[10.59427,46.07361],[10.59486,46.07394],[10.59483,46.07375],[10.59432,46.07333],[10.59403,46.07321],[10.59385,46.07323],[10.5935,46.07356],[10.59309,46.07344],[10.5931,46.07331],[10.59287,46.07321],[10.5926,46.07336],[10.59253,46.07353],[10.59227,46.07355],[10.59184,46.07337],[10.58972,46.07373],[10.5898,46.07385],[10.59037,46.07408],[10.59126,46.0742],[10.59166,46.07436],[10.59213,46.07431],[10.59234,46.07443],[10.5933,46.07454],[10.59353,46.07467],[10.59348,46.07493],[10.59377,46.07516],[10.59426,46.07529],[10.59476,46.07524],[10.59496,46.07543],[10.59491,46.07553],[10.59504,46.0757],[10.59527,46.07561],[10.59536,46.07542],[10.59525,46.07518]]]},"properties":{"kind":"land","cls":"grassland"}},{"type":"Feature","geometry":{"type":"Polygon","coordinates":[[[10.57503,46.09616],[10.57459,46.09614],[10.57476,46.09598],[10.57328,46.09639],[10.57427,46.09663],[10.57623,46.09681],[10.57663,46.09668],[10.57664,46.09628],[10.57563,46.09636],[10.57596,46.09611],[10.57581,46.09598],[10.57593,46.09581],[10.57569,46.09582],[10.57503,46.09616]]]},"properties":{"kind":"land","cls":"scrub"}},{"type":"Feature","geometry":{"type":"Polygon","coordinates":[[[10.50605,46.04466],[10.50662,46.04425],[10.50688,46.0439],[10.5069,46.04357],[10.50663,46.04354],[10.50618,46.04405],[10.50618,46.04422],[10.50589,46.0446],[10.50605,46.04466]]]},"properties":{"kind":"land","cls":"scree"}},{"type":"Feature","geometry":{"type":"Polygon","coordinates":[[[10.60008,46.07482],[10.59989,46.07455],[10.59963,46.0746],[10.59955,46.07493],[10.59964,46.07504],[10.5998,46.07498],[10.59991,46.07508],[10.59977,46.07519],[10.59981,46.07532],[10.60009,46.07541],[10.60008,46.07482]]]},"properties":{"kind":"land","cls":"grassland"}},{"type":"Feature","geometry":{"type":"Polygon","coordinates":[[[10.49198,46.0028],[10.49149,46.00304],[10.49099,46.0028],[10.48959,46.00249],[10.48911,46.00268],[10.48957,46.00277],[10.48994,46.00269],[10.49036,46.00288],[10.49099,46.00299],[10.49122,46.00317],[10.49136,46.00349],[10.49154,46.00356],[10.49193,46.00334],[10.49182,46.00352],[10.49205,46.00353],[10.49246,46.00383],[10.49291,46.00384],[10.49296,46.004],[10.4931,46.00403],[10.49343,46.00394],[10.49365,46.00354],[10.49425,46.00343],[10.49414,46.00323],[10.49368,46.00315],[10.49347,46.00284],[10.4927,46.00274],[10.49198,46.0028]]]},"properties":{"kind":"land","cls":"bare_rock"}},{"type":"Feature","geometry":{"type":"Polygon","coordinates":[[[10.51417,45.98734],[10.51478,45.98757],[10.51587,45.98759],[10.5167,45.988],[10.51833,45.98809],[10.51788,45.9878],[10.51685,45.9875],[10.51673,45.98698],[10.51559,45.98722],[10.51455,45.98705],[10.51414,45.98677],[10.51339,45.987],[10.51297,45.98697],[10.51301,45.98729],[10.51417,45.98734]]]},"properties":{"kind":"land","cls":"bare_rock"}},{"type":"Feature","geometry":{"type":"Polygon","coordinates":[[[10.50539,45.98542],[10.50449,45.98571],[10.50396,45.98514],[10.504,45.98492],[10.50245,45.98492],[10.50255,45.98519],[10.50296,45.9852],[10.5026,45.98555],[10.50379,45.98588],[10.50278,45.98595],[10.50359,45.98652],[10.50439,45.98639],[10.50502,45.98578],[10.50566,45.98574],[10.50617,45.986],[10.5073,45.98574],[10.50688,45.98544],[10.50798,45.98497],[10.50544,45.98492],[10.50539,45.98542]]]},"properties":{"kind":"land","cls":"scree"}},{"type":"Feature","geometry":{"type":"Polygon","coordinates":[[[10.50996,46.01809],[10.51005,46.01794],[10.51037,46.01783],[10.51054,46.01765],[10.5098,46.01768],[10.50996,46.01749],[10.51023,46.01738],[10.51017,46.0173],[10.51038,46.01711],[10.51017,46.01712],[10.5097,46.01744],[10.50954,46.01767],[10.50971,46.01779],[10.50948,46.01794],[10.50944,46.01821],[10.5097,46.01822],[10.50996,46.01809]]]},"properties":{"kind":"land","cls":"scree"}},{"type":"Feature","geometry":{"type":"Polygon","coordinates":[[[10.54574,46.07365],[10.54598,46.07441],[10.5465,46.07516],[10.54669,46.07527],[10.54704,46.07617],[10.54806,46.07616],[10.55017,46.07649],[10.55045,46.07639],[10.55095,46.07655],[10.5503,46.07604],[10.55043,46.07588],[10.55025,46.07576],[10.54777,46.07487],[10.54726,46.07444],[10.54714,46.07446],[10.54686,46.07428],[10.54671,46.07443],[10.54638,46.07445],[10.54651,46.0743],[10.54628,46.07381],[10.54574,46.07365]]]},"properties":{"kind":"land","cls":"scrub"}},{"type":"Feature","geometry":{"type":"Polygon","coordinates":[[[10.58737,46.08254],[10.58732,46.08284],[10.58762,46.08302],[10.58896,46.08306],[10.58906,46.08326],[10.58963,46.08375],[10.5905,46.08417],[10.5907,46.08417],[10.59077,46.08383],[10.58983,46.08326],[10.58956,46.08286],[10.58926,46.08272],[10.58763,46.08244],[10.58737,46.08254]]]},"properties":{"kind":"land","cls":"bare_rock"}},{"type":"Feature","geometry":{"type":"Polygon","coordinates":[[[10.483,46.03246],[10.48336,46.0323],[10.48323,46.03228],[10.48309,46.03203],[10.48284,46.03211],[10.48282,46.03202],[10.48294,46.03193],[10.48261,46.03182],[10.48287,46.03195],[10.48265,46.03206],[10.4826,46.03223],[10.483,46.03246]]]},"properties":{"kind":"land","cls":"scree"}},{"type":"Feature","geometry":{"type":"Polygon","coordinates":[[[10.51142,46.01988],[10.51206,46.01955],[10.51169,46.01951],[10.51163,46.01936],[10.51099,46.01965],[10.51141,46.01973],[10.51142,46.01988]]]},"properties":{"kind":"land","cls":"scree"}},{"type":"Feature","geometry":{"type":"Polygon","coordinates":[[[10.54285,46.0262],[10.54303,46.02606],[10.54292,46.02576],[10.54268,46.0258],[10.54258,46.02598],[10.54267,46.02618],[10.54285,46.0262]]]},"properties":{"kind":"land","cls":"forest"}},{"type":"Feature","geometry":{"type":"Polygon","coordinates":[[[10.55135,46.0549],[10.55088,46.05486],[10.55057,46.0547],[10.55019,46.05473],[10.55019,46.05463],[10.55006,46.0546],[10.54961,46.05485],[10.54978,46.05492],[10.55004,46.05478],[10.55,46.05492],[10.55015,46.05511],[10.54997,46.05536],[10.54969,46.05542],[10.54946,46.05534],[10.54925,46.05543],[10.54936,46.05555],[10.5495,46.0555],[10.5499,46.0556],[10.54991,46.05587],[10.55047,46.05568],[10.5501,46.05596],[10.55021,46.05609],[10.55013,46.0564],[10.55026,46.05651],[10.55055,46.05652],[10.55089,46.05643],[10.55107,46.0562],[10.5511,46.05642],[10.5517,46.0564],[10.55161,46.05627],[10.55167,46.05597],[10.55185,46.05594],[10.55216,46.05567],[10.5522,46.0558],[10.55233,46.0558],[10.552,46.056],[10.5521,46.05629],[10.55233,46.05635],[10.55262,46.05605],[10.55262,46.05594],[10.55344,46.0558],[10.55323,46.05558],[10.55361,46.05532],[10.55284,46.0547],[10.55254,46.05479],[10.5524,46.0547],[10.5524,46.05455],[10.55229,46.05452],[10.55191,46.05458],[10.55172,46.05477],[10.55152,46.05474],[10.55135,46.0549]]]},"properties":{"kind":"land","cls":"grassland"}},{"type":"Feature","geometry":{"type":"Polygon","coordinates":[[[10.48512,46.00243],[10.4856,46.00264],[10.48579,46.00239],[10.48607,46.0023],[10.48615,46.00243],[10.48626,46.00243],[10.48637,46.00239],[10.48637,46.00227],[10.48688,46.0022],[10.48748,46.00233],[10.48799,46.00224],[10.48863,46.00229],[10.48864,46.0022],[10.48828,46.00212],[10.48848,46.00209],[10.48838,46.00191],[10.48872,46.00175],[10.48895,46.00198],[10.48907,46.00188],[10.48881,46.00153],[10.48837,46.00165],[10.4884,46.00179],[10.4874,46.00202],[10.48607,46.00184],[10.48568,46.00196],[10.4857,46.00211],[10.48526,46.00211],[10.48506,46.00222],[10.48512,46.00243]]]},"properties":{"kind":"land","cls":"bare_rock"}},{"type":"Feature","geometry":{"type":"Polygon","coordinates":[[[10.47635,46.02259],[10.4761,46.02213],[10.47596,46.02216],[10.47599,46.0223],[10.47561,46.02232],[10.47575,46.02234],[10.47574,46.02246],[10.4759,46.02244],[10.47596,46.02255],[10.47608,46.02252],[10.47606,46.02261],[10.47635,46.02259]]]},"properties":{"kind":"land","cls":"bare_rock"}},{"type":"Feature","geometry":{"type":"Polygon","coordinates":[[[10.48499,45.99364],[10.48515,45.99322],[10.4851,45.99303],[10.48478,45.99274],[10.48445,45.99276],[10.48429,45.99294],[10.48424,45.99319],[10.48383,45.99339],[10.48411,45.99378],[10.48396,45.99406],[10.484,45.99425],[10.4844,45.99443],[10.48451,45.99408],[10.48499,45.99364]]]},"properties":{"kind":"land","cls":"scrub"}},{"type":"Feature","geometry":{"type":"Polygon","coordinates":[[[10.4976,46.00392],[10.49756,46.00355],[10.49728,46.00346],[10.49758,46.00326],[10.49704,46.00305],[10.49667,46.00314],[10.49718,46.00326],[10.49726,46.00335],[10.49666,46.00347],[10.49717,46.00391],[10.4976,46.00392]]]},"properties":{"kind":"land","cls":"bare_rock"}},{"type":"Feature","geometry":{"type":"Polygon","coordinates":[[[10.50173,46.05842],[10.50166,46.05854],[10.50178,46.05858],[10.50251,46.05841],[10.50248,46.05832],[10.50218,46.0583],[10.50173,46.05842]]]},"properties":{"kind":"land","cls":"wetland"}},{"type":"Feature","geometry":{"type":"Polygon","coordinates":[[[10.60003,46.07537],[10.59981,46.07532],[10.59977,46.07519],[10.59991,46.07508],[10.5998,46.07498],[10.59964,46.07504],[10.59955,46.07493],[10.59963,46.0746],[10.59989,46.07455],[10.60009,46.07482],[10.60009,46.07402],[10.6,46.07403],[10.59998,46.07379],[10.59982,46.07379],[10.59973,46.07408],[10.59937,46.07437],[10.59935,46.07463],[10.59909,46.07488],[10.59821,46.07456],[10.59798,46.07402],[10.59778,46.07408],[10.5976,46.0744],[10.59752,46.07438],[10.59748,46.07406],[10.59735,46.07415],[10.59714,46.07394],[10.59693,46.07425],[10.5968,46.07389],[10.59631,46.0734],[10.59604,46.07392],[10.59619,46.07411],[10.5961,46.07426],[10.59539,46.07426],[10.59525,46.07387],[10.59587,46.07382],[10.59598,46.07371],[10.59591,46.07357],[10.59556,46.07329],[10.5956,46.07353],[10.5953,46.0733],[10.59517,46.07339],[10.59495,46.07336],[10.59459,46.07303],[10.59403,46.07321],[10.59432,46.07333],[10.59483,46.07375],[10.59486,46.07394],[10.59427,46.07361],[10.59385,46.0736],[10.59423,46.07383],[10.59416,46.07394],[10.59459,46.0741],[10.59435,46.07425],[10.59366,46.07431],[10.59366,46.07441],[10.59398,46.07448],[10.59379,46.07463],[10.5942,46.07463],[10.59395,46.07487],[10.59394,46.07498],[10.59419,46.07485],[10.59427,46.07492],[10.59418,46.07514],[10.59456,46.07495],[10.5946,46.07475],[10.5949,46.07469],[10.59498,46.07484],[10.59488,46.07501],[10.59496,46.07508],[10.59541,46.07497],[10.59525,46.07518],[10.59536,46.07542],[10.59601,46.07534],[10.59666,46.07509],[10.59687,46.07511],[10.59686,46.0754],[10.59641,46.07588],[10.59746,46.07564],[10.59758,46.07581],[10.59813,46.07578],[10.59833,46.07564],[10.59852,46.07606],[10.59851,46.07622],[10.59859,46.07626],[10.59882,46.0762],[10.59884,46.0761],[10.599,46.07612],[10.59895,46.07636],[10.59911,46.0763],[10.59918,46.0761],[10.59927,46.07612],[10.59934,46.07636],[10.5995,46.07618],[10.59951,46.07641],[10.59987,46.07648],[10.60009,46.07639],[10.60003,46.07537]]]},"properties":{"kind":"land","cls":"scree"}},{"type":"Feature","geometry":{"type":"Polygon","coordinates":[[[10.5275,45.99244],[10.52743,45.99258],[10.52758,45.99258],[10.52779,45.99286],[10.52796,45.99286],[10.52792,45.99272],[10.5275,45.99244]]]},"properties":{"kind":"land","cls":"bare_rock"}},{"type":"Feature","geometry":{"type":"Polygon","coordinates":[[[10.4772,46.02266],[10.47701,46.02241],[10.47649,46.02237],[10.47647,46.02265],[10.47706,46.02272],[10.4772,46.02266]]]},"properties":{"kind":"land","cls":"bare_rock"}},{"type":"Feature","geometry":{"type":"Polygon","coordinates":[[[10.48709,45.98584],[10.48733,45.98614],[10.48775,45.98639],[10.48795,45.98639],[10.48814,45.98629],[10.48799,45.98597],[10.48842,45.98565],[10.48818,45.98555],[10.48777,45.98575],[10.48727,45.98561],[10.48704,45.98566],[10.48709,45.98584]]]},"properties":{"kind":"land","cls":"scree"}},{"type":"Feature","geometry":{"type":"Polygon","coordinates":[[[10.50609,46.01098],[10.50582,46.01117],[10.50584,46.01129],[10.50599,46.01156],[10.5063,46.01179],[10.50648,46.01167],[10.50646,46.01137],[10.50685,46.01121],[10.50714,46.01087],[10.50609,46.01098]]]},"properties":{"kind":"land","cls":"bare_rock"}},{"type":"Feature","geometry":{"type":"Polygon","coordinates":[[[10.50421,46.06142],[10.50462,46.06162],[10.50472,46.06163],[10.50459,46.0614],[10.50421,46.06142]]]},"properties":{"kind":"land","cls":"wetland"}},{"type":"Feature","geometry":{"type":"Polygon","coordinates":[[[10.5472,46.07675],[10.5471,46.07659],[10.5473,46.07651],[10.54742,46.07664],[10.54768,46.07662],[10.54758,46.07698],[10.54724,46.0769],[10.54728,46.07706],[10.54772,46.07719],[10.54782,46.07675],[10.54806,46.07687],[10.54791,46.07652],[10.54804,46.07631],[10.54681,46.07633],[10.54674,46.07643],[10.5472,46.07675]]]},"properties":{"kind":"land","cls":"grassland"}},{"type":"Feature","geometry":{"type":"Polygon","coordinates":[[[10.52537,45.9945],[10.52523,45.99417],[10.52552,45.99408],[10.5255,45.99388],[10.52522,45.99387],[10.52476,45.99363],[10.52437,45.99329],[10.52401,45.99342],[10.52379,45.99335],[10.52388,45.99357],[10.52413,45.9937],[10.52441,45.99403],[10.52502,45.99425],[10.52506,45.99464],[10.52522,45.99468],[10.52537,45.9945]]]},"properties":{"kind":"land","cls":"bare_rock"}},{"type":"Feature","geometry":{"type":"Polygon","coordinates":[[[10.51375,46.05604],[10.51367,46.05576],[10.51342,46.05558],[10.51306,46.05556],[10.51332,46.05473],[10.51257,46.05447],[10.51261,46.05405],[10.51303,46.05367],[10.51288,46.0534],[10.51246,46.05319],[10.51262,46.053],[10.51222,46.05275],[10.51236,46.05263],[10.51221,46.0524],[10.51231,46.05226],[10.51206,46.0519],[10.51159,46.05176],[10.51141,46.05199],[10.51154,46.05206],[10.51153,46.05222],[10.51135,46.05235],[10.51108,46.05233],[10.51108,46.05218],[10.51123,46.05208],[10.5112,46.0519],[10.50981,46.05172],[10.50969,46.05135],[10.50958,46.05134],[10.50947,46.05114],[10.50959,46.05086],[10.50951,46.05075],[10.50915,46.05089],[10.50901,46.05087],[10.50891,46.05067],[10.50875,46.05071],[10.50855,46.05112],[10.50784,46.05129],[10.50799,46.05159],[10.50776,46.05183],[10.50809,46.05188],[10.50836,46.05215],[10.50877,46.05142],[10.50906,46.05129],[10.5094,46.05186],[10.50995,46.05209],[10.51053,46.05248],[10.51065,46.05277],[10.5111,46.05305],[10.51101,46.0533],[10.51123,46.05347],[10.51058,46.05359],[10.5107,46.0538],[10.51089,46.05388],[10.51082,46.05403],[10.51022,46.0538],[10.50999,46.05495],[10.50888,46.05538],[10.50927,46.05578],[10.50872,46.05649],[10.50985,46.05752],[10.50964,46.05827],[10.50905,46.05839],[10.50955,46.059],[10.51042,46.05892],[10.51215,46.05808],[10.51235,46.05822],[10.51158,46.05911],[10.51134,46.06006],[10.51221,46.06151],[10.51383,46.06164],[10.51519,46.06263],[10.5165,46.06304],[10.51683,46.06411],[10.51734,46.06303],[10.51806,46.06332],[10.51891,46.06296],[10.51996,46.06319],[10.52081,46.06233],[10.52086,46.06183],[10.51873,46.06017],[10.51826,46.05991],[10.5177,46.06045],[10.51747,46.06058],[10.5171,46.06056],[10.51691,46.06032],[10.51693,46.06014],[10.5172,46.05974],[10.51626,46.05952],[10.51602,46.05975],[10.51559,46.05969],[10.51522,46.05903],[10.51439,46.05913],[10.51416,46.05896],[10.51407,46.05866],[10.51468,46.05824],[10.51452,46.05771],[10.51434,46.05755],[10.51394,46.05744],[10.51367,46.05682],[10.51375,46.05604]],[[10.51285,46.05625],[10.51275,46.05673],[10.51229,46.05692],[10.51229,46.05752],[10.51212,46.05774],[10.51177,46.05787],[10.51113,46.05761],[10.51088,46.05764],[10.51023,46.05717],[10.51057,46.05703],[10.51019,46.05679],[10.51019,46.05654],[10.51055,46.05612],[10.51084,46.05633],[10.51108,46.05695],[10.5119,46.05678],[10.51199,46.05658],[10.51196,46.05638],[10.51224,46.05617],[10.51272,46.05611],[10.51285,46.05625]]]},"properties":{"kind":"land","cls":"forest"}},{"type":"Feature","geometry":{"type":"Polygon","coordinates":[[[10.4952,46.00342],[10.49666,46.00244],[10.49701,46.00205],[10.49769,46.001],[10.49744,46.00101],[10.49744,46.00066],[10.49729,46.00063],[10.49715,46.00144],[10.49672,46.00214],[10.49505,46.00332],[10.4952,46.00342]]]},"properties":{"kind":"land","cls":"scrub"}},{"type":"Feature","geometry":{"type":"Polygon","coordinates":[[[10.56384,46.08158],[10.56368,46.08176],[10.56392,46.08193],[10.56422,46.08205],[10.5649,46.08205],[10.56535,46.08185],[10.56595,46.08139],[10.56571,46.0808],[10.56543,46.08076],[10.56384,46.08158]]]},"properties":{"kind":"land","cls":"scree"}},{"type":"Feature","geometry":{"type":"Polygon","coordinates":[[[10.50927,46.02613],[10.50973,46.02618],[10.5108,46.02606],[10.51198,46.02578],[10.51155,46.02576],[10.5098,46.02609],[10.50913,46.02606],[10.5085,46.02628],[10.50927,46.02613]]]},"properties":{"kind":"land","cls":"scree"}},{"type":"Feature","geometry":{"type":"Polygon","coordinates":[[[10.57229,46.06307],[10.57247,46.06319],[10.57275,46.06307],[10.57293,46.06326],[10.5729,46.06352],[10.57344,46.0635],[10.57378,46.06311],[10.57376,46.06303],[10.57358,46.06302],[10.57301,46.06314],[10.57284,46.06285],[10.57257,46.06281],[10.57229,46.06307]]]},"properties":{"kind":"land","cls":"glacier","name":"Vedretta del Cop di Breguzzo - 2023"}},{"type":"Feature","geometry":{"type":"Polygon","coordinates":[[[10.49976,46.02394],[10.5003,46.02369],[10.50059,46.02378],[10.50072,46.02359],[10.50093,46.02365],[10.50106,46.02354],[10.5008,46.02331],[10.50045,46.0235],[10.50042,46.02363],[10.50032,46.02357],[10.49988,46.02383],[10.4996,46.02377],[10.49883,46.02441],[10.49963,46.02392],[10.49976,46.02394]]]},"properties":{"kind":"land","cls":"scree"}},{"type":"Feature","geometry":{"type":"Polygon","coordinates":[[[10.5152,46.03764],[10.5144,46.03767],[10.51422,46.03777],[10.51412,46.03798],[10.51447,46.03859],[10.51501,46.03808],[10.51571,46.03787],[10.51579,46.03774],[10.51569,46.03769],[10.51597,46.03754],[10.51587,46.03739],[10.51609,46.03727],[10.51594,46.03722],[10.51568,46.03736],[10.51547,46.03733],[10.5152,46.03764]]]},"properties":{"kind":"land","cls":"bare_rock"}},{"type":"Feature","geometry":{"type":"Polygon","coordinates":[[[10.47018,46.04932],[10.47123,46.04922],[10.47161,46.049],[10.47162,46.04879],[10.47208,46.04784],[10.47213,46.04723],[10.47292,46.0476],[10.47378,46.04955],[10.47405,46.0498],[10.47439,46.05065],[10.47489,46.05047],[10.4739,46.04793],[10.47469,46.04765],[10.47518,46.04817],[10.47544,46.04876],[10.47562,46.0497],[10.47629,46.04958],[10.47626,46.04887],[10.47691,46.04789],[10.47783,46.04922],[10.47886,46.04953],[10.48011,46.04903],[10.48063,46.04962],[10.48158,46.04938],[10.48259,46.04901],[10.48316,46.04866],[10.48322,46.04795],[10.48348,46.04726],[10.48401,46.04704],[10.48438,46.04636],[10.48431,46.04516],[10.48394,46.04437],[10.48316,46.04387],[10.48251,46.04305],[10.48118,46.04229],[10.47596,46.04428],[10.47104,46.04456],[10.46997,46.04473],[10.46997,46.04924],[10.47018,46.04932]]]},"properties":{"kind":"land","cls":"scree"}},{"type":"Feature","geometry":{"type":"Polygon","coordinates":[[[10.54881,46.05502],[10.54845,46.05562],[10.54872,46.05567],[10.54864,46.05581],[10.54874,46.05592],[10.54904,46.05597],[10.54929,46.05618],[10.54975,46.05635],[10.54971,46.05652],[10.54986,46.05649],[10.55,46.05658],[10.55026,46.05651],[10.55013,46.0564],[10.55021,46.05609],[10.5501,46.05596],[10.55047,46.05568],[10.55001,46.05587],[10.54976,46.0558],[10.54944,46.05595],[10.54933,46.05592],[10.54908,46.0555],[10.54925,46.05527],[10.54981,46.05519],[10.55005,46.05525],[10.55015,46.05511],[10.55,46.05492],[10.55004,46.05478],[10.54955,46.05514],[10.5494,46.05516],[10.5495,46.05497],[10.54881,46.05502]]]},"properties":{"kind":"land","cls":"scree"}},{"type":"Feature","geometry":{"type":"Polygon","coordinates":[[[10.5659,46.07676],[10.56705,46.07664],[10.56782,46.07629],[10.56821,46.07511],[10.56838,46.07422],[10.56824,46.07378],[10.56707,46.07462],[10.56642,46.07496],[10.56615,46.07476],[10.56738,46.07281],[10.56715,46.07232],[10.56636,46.07227],[10.56528,46.07265],[10.56488,46.07386],[10.56463,46.07493],[10.56457,46.07565],[10.5648,46.07599],[10.56569,46.07567],[10.56594,46.07582],[10.56553,46.07622],[10.56523,46.07672],[10.5659,46.07676]]]},"properties":{"kind":"land","cls":"scree"}},{"type":"Feature","geometry":{"type":"Polygon","coordinates":[[[10.50699,45.98906],[10.50735,45.98905],[10.50745,45.98892],[10.50705,45.98897],[10.50699,45.98906]]]},"properties":{"kind":"land","cls":"bare_rock"}},{"type":"Feature","geometry":{"type":"MultiPolygon","coordinates":[[[[10.51029,46.04137],[10.51048,46.04133],[10.51141,46.04163],[10.51151,46.04156],[10.51104,46.04117],[10.51055,46.04114],[10.51009,46.04097],[10.51004,46.0408],[10.51018,46.04071],[10.51067,46.04076],[10.51002,46.04053],[10.50967,46.04017],[10.50853,46.04051],[10.50832,46.04079],[10.50808,46.04075],[10.5078,46.0411],[10.50705,46.04153],[10.50754,46.04142],[10.50783,46.04159],[10.50751,46.04165],[10.50776,46.04195],[10.50754,46.04211],[10.50752,46.04232],[10.50737,46.04238],[10.50694,46.04228],[10.50681,46.04239],[10.50664,46.04235],[10.5064,46.04205],[10.50631,46.04187],[10.50641,46.04162],[10.50632,46.04153],[10.50588,46.04149],[10.50553,46.04131],[10.50512,46.04146],[10.50499,46.04125],[10.50388,46.04083],[10.5022,46.04049],[10.50161,46.04073],[10.50152,46.04067],[10.50154,46.04056],[10.50107,46.0407],[10.50096,46.0407],[10.50088,46.04059],[10.50079,46.04073],[10.50057,46.04078],[10.50045,46.04052],[10.50008,46.04073],[10.50029,46.04091],[10.50031,46.04113],[10.50045,46.04108],[10.50055,46.0409],[10.50105,46.04085],[10.5014,46.04099],[10.5018,46.04081],[10.50195,46.04118],[10.50193,46.04132],[10.50165,46.04145],[10.50178,46.04163],[10.50221,46.04131],[10.50224,46.04095],[10.50246,46.04095],[10.50287,46.04129],[10.50348,46.04132],[10.50345,46.04151],[10.50434,46.04136],[10.50441,46.04126],[10.50428,46.04115],[10.5044,46.04111],[10.50471,46.04149],[10.50374,46.04161],[10.50348,46.04176],[10.50335,46.04212],[10.50338,46.0423],[10.50385,46.04261],[10.50365,46.04272],[10.50363,46.04304],[10.50409,46.04312],[10.50378,46.04333],[10.50381,46.04362],[10.50392,46.0437],[10.50465,46.04366],[10.50431,46.04378],[10.50429,46.044],[10.50468,46.04372],[10.50483,46.0438],[10.5046,46.04411],[10.50464,46.04435],[10.50432,46.04422],[10.50422,46.04432],[10.50432,46.04447],[10.50466,46.04464],[10.5044,46.04485],[10.50519,46.04482],[10.50551,46.04459],[10.50564,46.04438],[10.50579,46.04436],[10.50573,46.04413],[10.50582,46.04396],[10.50579,46.04364],[10.50567,46.04344],[10.50601,46.04346],[10.50626,46.04323],[10.50635,46.04329],[10.50622,46.04364],[10.5069,46.04357],[10.50692,46.04383],[10.50662,46.04425],[10.50628,46.04447],[10.50596,46.0449],[10.50558,46.04506],[10.50559,46.04526],[10.50583,46.04539],[10.50674,46.04526],[10.50712,46.04491],[10.50746,46.04488],[10.50771,46.04499],[10.50771,46.04462],[10.5085,46.0448],[10.50971,46.04425],[10.51047,46.04424],[10.5117,46.04489],[10.5115,46.04375],[10.51155,46.04228],[10.51119,46.04194],[10.51036,46.04162],[10.51024,46.04148],[10.51029,46.04137]],[[10.50804,46.04128],[10.50785,46.04124],[10.50793,46.04114],[10.50825,46.0412],[10.50804,46.04128]],[[10.5042,46.04241],[10.50424,46.04228],[10.50484,46.04242],[10.50437,46.04247],[10.5042,46.04241]],[[10.50859,46.04151],[10.50846,46.04138],[10.50914,46.04106],[10.50924,46.04109],[10.50924,46.04123],[10.50939,46.04131],[10.50945,46.0415],[10.50907,46.0419],[10.5089,46.04188],[10.50877,46.04193],[10.50883,46.04202],[10.50852,46.04211],[10.50862,46.04217],[10.5086,46.04227],[10.5084,46.04262],[10.50854,46.04301],[10.5089,46.04319],[10.51026,46.04321],[10.5105,46.04354],[10.50982,46.04361],[10.50952,46.04344],[10.50915,46.04339],[10.50923,46.04351],[10.50939,46.04352],[10.50953,46.04372],[10.5094,46.04374],[10.50914,46.04362],[10.50887,46.04334],[10.50841,46.04357],[10.50806,46.04347],[10.5074,46.04348],[10.5072,46.04334],[10.50696,46.04337],[10.50686,46.04317],[10.50609,46.04297],[10.50608,46.04286],[10.50622,46.04276],[10.5071,46.04267],[10.50769,46.04233],[10.50814,46.04221],[10.50821,46.04217],[10.50814,46.04148],[10.50833,46.04138],[10.50848,46.04153],[10.50859,46.04151]],[[10.50633,46.04485],[10.50653,46.04474],[10.50648,46.04461],[10.50666,46.04456],[10.5068,46.04433],[10.50732,46.04427],[10.50701,46.04444],[10.50668,46.04484],[10.50633,46.04485]]],[[[10.50754,46.04313],[10.50724,46.04301],[10.50717,46.04309],[10.50719,46.04323],[10.50754,46.04313]]]]},"properties":{"kind":"land","cls":"forest"}},{"type":"Feature","geometry":{"type":"Polygon","coordinates":[[[10.49781,45.9966],[10.49816,45.9963],[10.49816,45.99641],[10.49803,45.99663],[10.49816,45.99667],[10.49878,45.99632],[10.49875,45.99661],[10.49842,45.99692],[10.49839,45.99734],[10.49858,45.99721],[10.49865,45.99739],[10.49887,45.9971],[10.49936,45.99699],[10.49929,45.99679],[10.49946,45.99653],[10.49916,45.99609],[10.49878,45.99615],[10.49768,45.99605],[10.49739,45.99639],[10.4974,45.99671],[10.49781,45.9966]]]},"properties":{"kind":"land","cls":"bare_rock"}},{"type":"Feature","geometry":{"type":"Polygon","coordinates":[[[10.48048,45.99614],[10.48059,45.99596],[10.4806,45.99561],[10.48011,45.99561],[10.4801,45.99577],[10.47951,45.99546],[10.47976,45.99583],[10.47963,45.99602],[10.4797,45.99619],[10.47998,45.99621],[10.48038,45.99641],[10.4805,45.99636],[10.48048,45.99614]]]},"properties":{"kind":"land","cls":"bare_rock"}},{"type":"Feature","geometry":{"type":"Polygon","coordinates":[[[10.51966,45.99527],[10.51875,45.99498],[10.51843,45.99518],[10.51837,45.99552],[10.5186,45.99565],[10.51874,45.99545],[10.51878,45.99592],[10.51927,45.99611],[10.51966,45.99565],[10.51972,45.99546],[10.51966,45.99527]]]},"properties":{"kind":"land","cls":"bare_rock"}},{"type":"Feature","geometry":{"type":"Polygon","coordinates":[[[10.51974,46.03352],[10.51927,46.03339],[10.51916,46.03303],[10.51925,46.03294],[10.51905,46.0329],[10.5189,46.03299],[10.51896,46.03308],[10.51881,46.0331],[10.519,46.03333],[10.51886,46.03344],[10.51926,46.03349],[10.51933,46.0336],[10.51951,46.03365],[10.51974,46.03352]]]},"properties":{"kind":"land","cls":"bare_rock"}},{"type":"Feature","geometry":{"type":"Polygon","coordinates":[[[10.51708,46.05143],[10.51745,46.05148],[10.51755,46.05131],[10.51777,46.05146],[10.51796,46.0513],[10.5176,46.05095],[10.51684,46.05063],[10.51659,46.0506],[10.51659,46.05072],[10.51631,46.05091],[10.51585,46.0507],[10.51602,46.05137],[10.51652,46.0515],[10.51708,46.05143]]]},"properties":{"kind":"land","cls":"scree"}},{"type":"Feature","geometry":{"type":"Polygon","coordinates":[[[10.51755,46.05131],[10.51745,46.05148],[10.5173,46.05151],[10.51708,46.05143],[10.51652,46.0515],[10.51618,46.05144],[10.51602,46.05137],[10.51589,46.05099],[10.51556,46.05109],[10.51543,46.05089],[10.51551,46.05147],[10.5161,46.0515],[10.51605,46.0516],[10.51616,46.05184],[10.51641,46.052],[10.51648,46.05236],[10.51631,46.05255],[10.51629,46.05296],[10.51647,46.05286],[10.51676,46.05285],[10.51692,46.05317],[10.51706,46.05319],[10.51772,46.05295],[10.51837,46.05301],[10.51869,46.05318],[10.51906,46.05296],[10.5193,46.05297],[10.51952,46.05315],[10.52024,46.05316],[10.5207,46.05331],[10.52073,46.0532],[10.52055,46.05291],[10.5195,46.05228],[10.51856,46.0524],[10.51788,46.05172],[10.51765,46.05171],[10.51766,46.05145],[10.51755,46.05131]]]},"properties":{"kind":"land","cls":"forest"}},{"type":"Feature","geometry":{"type":"Polygon","coordinates":[[[10.56948,46.09322],[10.57015,46.09318],[10.57026,46.09338],[10.57062,46.09344],[10.57145,46.09333],[10.57107,46.09326],[10.57101,46.09304],[10.57089,46.09298],[10.57017,46.0929],[10.56969,46.09298],[10.56948,46.09322]]]},"properties":{"kind":"land","cls":"forest"}},{"type":"Feature","geometry":{"type":"Polygon","coordinates":[[[10.47579,46.08269],[10.47538,46.08282],[10.47483,46.08366],[10.47289,46.08548],[10.47371,46.08518],[10.47433,46.08468],[10.47515,46.08375],[10.47586,46.08332],[10.4759,46.08278],[10.47579,46.08269]]]},"properties":{"kind":"land","cls":"forest"}},{"type":"Feature","geometry":{"type":"Polygon","coordinates":[[[10.53542,46.07826],[10.53512,46.07838],[10.53512,46.07867],[10.535,46.07893],[10.53469,46.07916],[10.5346,46.07942],[10.5352,46.07932],[10.53583,46.07935],[10.53643,46.07905],[10.53568,46.07829],[10.53542,46.07826]]]},"properties":{"kind":"land","cls":"scree"}},{"type":"Feature","geometry":{"type":"Polygon","coordinates":[[[10.50836,46.02988],[10.50841,46.02967],[10.50807,46.0296],[10.50784,46.02972],[10.50775,46.02998],[10.50796,46.03007],[10.50836,46.02988]]]},"properties":{"kind":"land","cls":"bare_rock"}},{"type":"Feature","geometry":{"type":"Polygon","coordinates":[[[10.51246,46.03245],[10.5128,46.03191],[10.51271,46.03167],[10.51247,46.03164],[10.51185,46.03184],[10.51177,46.03282],[10.51246,46.03245]]]},"properties":{"kind":"land","cls":"forest"}},{"type":"Feature","geometry":{"type":"Polygon","coordinates":[[[10.49242,45.98542],[10.49239,45.98492],[10.49161,45.98492],[10.49242,45.98542]]]},"properties":{"kind":"land","cls":"scree"}},{"type":"Feature","geometry":{"type":"Polygon","coordinates":[[[10.48379,46.02579],[10.48353,46.02548],[10.48331,46.02555],[10.48329,46.02567],[10.48353,46.02567],[10.48365,46.02586],[10.48338,46.02593],[10.48343,46.02607],[10.48376,46.02608],[10.48379,46.02579]]]},"properties":{"kind":"land","cls":"bare_rock"}},{"type":"Feature","geometry":{"type":"Polygon","coordinates":[[[10.5603,46.08082],[10.56035,46.08127],[10.56061,46.08129],[10.56077,46.08156],[10.56076,46.08208],[10.56062,46.08245],[10.56004,46.08254],[10.55978,46.08275],[10.55988,46.08286],[10.56006,46.08269],[10.56048,46.0828],[10.56097,46.08246],[10.56163,46.08238],[10.56184,46.08257],[10.561,46.08274],[10.56088,46.08287],[10.56173,46.08336],[10.56208,46.08335],[10.56248,46.08352],[10.56245,46.08364],[10.56206,46.08366],[10.56253,46.0839],[10.56284,46.08388],[10.56295,46.08418],[10.56317,46.08437],[10.56314,46.08461],[10.5634,46.08483],[10.56343,46.08514],[10.56282,46.08528],[10.56308,46.08542],[10.56401,46.08533],[10.56505,46.08477],[10.56586,46.08474],[10.56698,46.08439],[10.56626,46.0843],[10.56618,46.0841],[10.56647,46.08378],[10.56779,46.08311],[10.5685,46.0822],[10.56793,46.08245],[10.56737,46.0824],[10.56684,46.08265],[10.56645,46.08299],[10.56562,46.08333],[10.56485,46.08338],[10.56428,46.08319],[10.56546,46.08253],[10.56597,46.08207],[10.56474,46.0827],[10.56386,46.08302],[10.56347,46.08297],[10.56266,46.08314],[10.56231,46.08281],[10.56369,46.08272],[10.56453,46.08246],[10.56434,46.0823],[10.56393,46.08221],[10.56321,46.08252],[10.56297,46.08239],[10.5632,46.0821],[10.56324,46.08189],[10.56281,46.0818],[10.56281,46.08161],[10.56219,46.08168],[10.56201,46.08156],[10.56255,46.08103],[10.56198,46.08099],[10.56329,46.07958],[10.56164,46.08001],[10.56246,46.079],[10.56185,46.07951],[10.56041,46.08003],[10.56004,46.08052],[10.5603,46.08082]]]},"properties":{"kind":"land","cls":"forest"}},{"type":"Feature","geometry":{"type":"Polygon","coordinates":[[[10.4982,46.0024],[10.4983,46.00216],[10.49876,46.00149],[10.49856,46.00157],[10.49816,46.00215],[10.49809,46.00238],[10.4982,46.0024]]]},"properties":{"kind":"land","cls":"scree"}},{"type":"Feature","geometry":{"type":"MultiPolygon","coordinates":[[[[10.47326,45.98492],[10.47369,45.98506],[10.47377,45.98496],[10.47326,45.98492]]],[[[10.47444,45.98492],[10.47441,45.98522],[10.47411,45.98519],[10.47359,45.98546],[10.47357,45.98526],[10.47308,45.98492],[10.47199,45.98492],[10.47166,45.98519],[10.47185,45.9853],[10.47223,45.98521],[10.47231,45.98531],[10.47227,45.9855],[10.47268,45.98567],[10.47278,45.98561],[10.47264,45.9853],[10.4727,45.98519],[10.47289,45.9852],[10.47296,45.98591],[10.47313,45.98604],[10.47341,45.98607],[10.47343,45.9862],[10.47359,45.98627],[10.47335,45.9867],[10.47346,45.98671],[10.47365,45.98637],[10.47367,45.9866],[10.47404,45.98647],[10.47391,45.98634],[10.47396,45.98625],[10.47441,45.98644],[10.47488,45.98633],[10.47496,45.98672],[10.4746,45.98683],[10.47471,45.98711],[10.47523,45.98716],[10.47558,45.98703],[10.47583,45.98671],[10.47576,45.98649],[10.47583,45.9861],[10.47573,45.98586],[10.47584,45.98552],[10.47563,45.98552],[10.47555,45.98537],[10.47571,45.98499],[10.47561,45.98492],[10.47444,45.98492]]]]},"properties":{"kind":"land","cls":"forest"}},{"type":"Feature","geometry":{"type":"Polygon","coordinates":[[[10.50746,46.03729],[10.50811,46.03738],[10.50775,46.03706],[10.50746,46.03729]]]},"properties":{"kind":"land","cls":"bare_rock"}},{"type":"Feature","geometry":{"type":"Polygon","coordinates":[[[10.48144,46.03212],[10.48144,46.03191],[10.48158,46.03185],[10.48149,46.03169],[10.48154,46.03141],[10.48138,46.03155],[10.48129,46.03151],[10.48139,46.03163],[10.4813,46.03198],[10.48144,46.03212]]]},"properties":{"kind":"land","cls":"scree"}},{"type":"Feature","geometry":{"type":"Polygon","coordinates":[[[10.499,46.06193],[10.49904,46.06256],[10.49974,46.06199],[10.49954,46.06179],[10.49975,46.06153],[10.49961,46.06119],[10.49962,46.06079],[10.49881,46.06097],[10.49869,46.06122],[10.49882,46.06133],[10.49859,46.06161],[10.49809,46.06179],[10.499,46.06193]]]},"properties":{"kind":"land","cls":"scree"}},{"type":"Feature","geometry":{"type":"Polygon","coordinates":[[[10.54902,46.08116],[10.54864,46.08194],[10.54729,46.08341],[10.54689,46.08403],[10.54777,46.08403],[10.54823,46.08414],[10.54846,46.0843],[10.54808,46.0847],[10.54859,46.08475],[10.54821,46.08543],[10.54933,46.08529],[10.55044,46.08589],[10.55133,46.08579],[10.5521,46.08592],[10.55231,46.08651],[10.55139,46.08729],[10.55284,46.08687],[10.55371,46.08709],[10.55469,46.08677],[10.55551,46.08571],[10.55631,46.08534],[10.55679,46.08469],[10.55673,46.08409],[10.55625,46.08405],[10.55539,46.08322],[10.55426,46.08317],[10.55311,46.08269],[10.55229,46.08197],[10.55109,46.08162],[10.55149,46.08078],[10.5496,46.08054],[10.54902,46.08116]]]},"properties":{"kind":"land","cls":"forest"}},{"type":"Feature","geometry":{"type":"Polygon","coordinates":[[[10.51033,45.98497],[10.5097,45.98551],[10.50972,45.98597],[10.51144,45.98593],[10.51409,45.98613],[10.51507,45.98611],[10.51543,45.98573],[10.51645,45.98542],[10.51678,45.98559],[10.51813,45.98573],[10.51684,45.98509],[10.51693,45.98492],[10.51289,45.98492],[10.51269,45.98504],[10.51258,45.98492],[10.51024,45.98492],[10.51033,45.98497]]]},"properties":{"kind":"land","cls":"scrub"}},{"type":"Feature","geometry":{"type":"Polygon","coordinates":[[[10.52632,45.99567],[10.52666,45.99527],[10.52716,45.99511],[10.52748,45.99471],[10.52771,45.99469],[10.52788,45.99481],[10.5278,45.99505],[10.52741,45.99524],[10.52685,45.99623],[10.5263,45.99666],[10.52599,45.99733],[10.52577,45.99758],[10.52506,45.99793],[10.52454,45.99794],[10.52412,45.99811],[10.52305,45.99828],[10.52252,45.9986],[10.52222,45.99865],[10.52301,45.99883],[10.5237,45.99864],[10.5239,45.99839],[10.5247,45.99821],[10.52685,45.99843],[10.52741,45.9983],[10.52761,45.9985],[10.52788,45.99839],[10.52789,45.99821],[10.52945,45.99767],[10.52956,45.99782],[10.52982,45.9978],[10.52973,45.99808],[10.5301,45.99864],[10.53003,45.99889],[10.53034,45.99932],[10.53029,45.9995],[10.52997,45.99974],[10.5298,45.9997],[10.52936,45.99878],[10.52923,45.99831],[10.52909,45.99823],[10.52812,45.99835],[10.52755,45.99857],[10.52756,45.9988],[10.52778,45.99924],[10.52772,45.99942],[10.52743,45.99958],[10.52704,45.99957],[10.5265,45.9994],[10.52593,45.99896],[10.52466,45.9985],[10.52421,45.99851],[10.52267,45.99893],[10.52153,45.99866],[10.52185,45.99854],[10.52246,45.99854],[10.52264,45.99844],[10.52269,45.99827],[10.52235,45.99842],[10.52066,45.99872],[10.52059,45.99902],[10.52028,45.99937],[10.52035,46.00019],[10.51969,46.00086],[10.51959,46.00109],[10.51952,46.00177],[10.51856,46.00251],[10.51858,46.00318],[10.51822,46.00363],[10.51816,46.00425],[10.51787,46.00467],[10.51762,46.00483],[10.51787,46.00494],[10.5179,46.00504],[10.51776,46.00522],[10.51793,46.00549],[10.51753,46.00576],[10.51801,46.00595],[10.51835,46.00624],[10.51822,46.00625],[10.51868,46.00641],[10.52007,46.00728],[10.52027,46.00767],[10.51982,46.00744],[10.51941,46.007],[10.51874,46.00666],[10.51839,46.00665],[10.51813,46.00678],[10.51746,46.00675],[10.51739,46.00682],[10.51751,46.00698],[10.51747,46.00707],[10.51721,46.00711],[10.51701,46.00693],[10.51677,46.0062],[10.51652,46.0061],[10.51676,46.0064],[10.51699,46.00749],[10.51666,46.00827],[10.51595,46.00874],[10.51499,46.00901],[10.51495,46.0091],[10.51498,46.00923],[10.51539,46.00905],[10.51613,46.00894],[10.51682,46.00845],[10.51693,46.00852],[10.5163,46.00898],[10.51544,46.00914],[10.51553,46.00917],[10.51536,46.00932],[10.51565,46.00927],[10.51575,46.00938],[10.51551,46.00957],[10.51525,46.00949],[10.51523,46.00919],[10.51505,46.00927],[10.51512,46.00971],[10.51534,46.01001],[10.51604,46.01046],[10.51696,46.01068],[10.51895,46.0115],[10.51949,46.0116],[10.52004,46.01183],[10.5203,46.01209],[10.52092,46.01316],[10.52271,46.01409],[10.52327,46.01391],[10.52396,46.01409],[10.52522,46.01392],[10.52546,46.01433],[10.52598,46.01443],[10.52632,46.01437],[10.52736,46.01228],[10.53136,46.01011],[10.53127,46.00995],[10.53075,46.00969],[10.53048,46.00932],[10.53003,46.00935],[10.52906,46.00889],[10.52936,46.00882],[10.53159,46.00911],[10.53211,46.00905],[10.53247,46.00891],[10.53238,46.00878],[10.53193,46.00874],[10.53175,46.00844],[10.53177,46.00827],[10.53193,46.00819],[10.53281,46.00815],[10.5326,46.00799],[10.532,46.00788],[10.53208,46.00769],[10.53186,46.00759],[10.53149,46.0078],[10.53088,46.00774],[10.53077,46.00758],[10.5308,46.00738],[10.53034,46.00758],[10.52993,46.0076],[10.52879,46.00744],[10.52838,46.00765],[10.5282,46.0076],[10.52784,46.00719],[10.52671,46.00705],[10.52668,46.00693],[10.52692,46.00685],[10.5281,46.00699],[10.52972,46.00697],[10.5299,46.00687],[10.53059,46.00692],[10.52997,46.00674],[10.52994,46.00661],[10.52975,46.00656],[10.52804,46.00669],[10.52855,46.00611],[10.52909,46.00631],[10.52954,46.00624],[10.52959,46.00617],[10.52937,46.00607],[10.52858,46.00598],[10.52706,46.00608],[10.52706,46.00596],[10.52728,46.00582],[10.52715,46.00563],[10.5279,46.00554],[10.52694,46.00547],[10.52637,46.00575],[10.52633,46.00542],[10.52664,46.00539],[10.52668,46.00531],[10.52597,46.00527],[10.52567,46.0054],[10.52536,46.00519],[10.52453,46.0053],[10.52431,46.00518],[10.52407,46.00529],[10.52386,46.00523],[10.52359,46.00532],[10.52335,46.00486],[10.52307,46.00483],[10.52264,46.00463],[10.52211,46.00462],[10.52083,46.0043],[10.52045,46.00437],[10.52043,46.00422],[10.51968,46.00436],[10.52,46.00412],[10.51962,46.00395],[10.51975,46.00386],[10.52078,46.00396],[10.52157,46.00423],[10.52265,46.00434],[10.52318,46.00462],[10.52331,46.0046],[10.52331,46.00451],[10.52299,46.00438],[10.52339,46.00434],[10.52341,46.0042],[10.52398,46.00411],[10.5255,46.0048],[10.52711,46.00507],[10.52718,46.00487],[10.52762,46.00471],[10.52768,46.00525],[10.52883,46.0053],[10.52884,46.00519],[10.52852,46.00513],[10.52818,46.00486],[10.52786,46.00491],[10.52785,46.00479],[10.52798,46.00467],[10.52791,46.00455],[10.52763,46.00451],[10.52782,46.00436],[10.52778,46.00408],[10.52784,46.00407],[10.52822,46.00436],[10.52825,46.00449],[10.52807,46.00453],[10.52824,46.00477],[10.52874,46.00496],[10.52885,46.00493],[10.52901,46.00505],[10.52909,46.005],[10.52867,46.00436],[10.52844,46.00436],[10.52814,46.00402],[10.52818,46.00386],[10.5285,46.0037],[10.52864,46.00411],[10.52915,46.00471],[10.5295,46.00472],[10.52969,46.00454],[10.52931,46.00411],[10.52847,46.00362],[10.52784,46.00389],[10.5277,46.00385],[10.5277,46.00377],[10.5281,46.00359],[10.52751,46.00317],[10.5273,46.00311],[10.52736,46.00331],[10.52687,46.00322],[10.52694,46.00293],[10.52669,46.00269],[10.52458,46.00179],[10.52438,46.00158],[10.52396,46.00141],[10.52366,46.0015],[10.52362,46.00125],[10.52322,46.00119],[10.52303,46.00094],[10.52227,46.00076],[10.52253,46.00061],[10.5231,46.00052],[10.52327,46.00075],[10.52361,46.00077],[10.52385,46.00112],[10.52413,46.00102],[10.52418,46.0009],[10.52444,46.00091],[10.5245,46.00099],[10.52438,46.00123],[10.52451,46.0014],[10.52551,46.00174],[10.52629,46.00182],[10.52631,46.0022],[10.52667,46.00255],[10.52696,46.00267],[10.52735,46.00264],[10.52762,46.00293],[10.52778,46.00285],[10.52807,46.00323],[10.52857,46.00342],[10.52863,46.00356],[10.52929,46.00389],[10.52977,46.00438],[10.5301,46.00455],[10.53012,46.00476],[10.53041,46.00497],[10.53042,46.00535],[10.53068,46.00586],[10.53093,46.00576],[10.53093,46.0054],[10.53134,46.00526],[10.53141,46.00534],[10.53141,46.00571],[10.53115,46.0058],[10.5311,46.00597],[10.53136,46.00603],[10.53152,46.00595],[10.53157,46.00583],[10.53134,46.00586],[10.53151,46.00568],[10.53158,46.00518],[10.53171,46.00497],[10.53253,46.00526],[10.53272,46.00518],[10.53273,46.00501],[10.53299,46.00483],[10.53249,46.00476],[10.53288,46.00457],[10.53305,46.00426],[10.53276,46.00405],[10.53231,46.00419],[10.53223,46.00409],[10.5329,46.0037],[10.53277,46.00361],[10.53277,46.00347],[10.53327,46.00355],[10.53335,46.00347],[10.53311,46.00328],[10.53309,46.0031],[10.53311,46.00297],[10.53346,46.00277],[10.53355,46.00235],[10.53333,46.0021],[10.5331,46.00216],[10.53293,46.00247],[10.53275,46.00258],[10.53268,46.00283],[10.53224,46.00319],[10.5323,46.0034],[10.53204,46.00351],[10.53178,46.00427],[10.53142,46.00449],[10.53135,46.00473],[10.53165,46.00462],[10.5316,46.00478],[10.53097,46.00512],[10.53073,46.00512],[10.53093,46.00489],[10.53073,46.00477],[10.53069,46.00464],[10.53101,46.00452],[10.53102,46.00443],[10.53072,46.00447],[10.53073,46.00431],[10.53035,46.00428],[10.53017,46.00412],[10.53066,46.0041],[10.53065,46.00399],[10.53045,46.00399],[10.53032,46.00388],[10.53082,46.00378],[10.53112,46.0039],[10.53126,46.00409],[10.53139,46.00405],[10.53158,46.00362],[10.53278,46.00227],[10.53285,46.00211],[10.53279,46.00193],[10.53301,46.00184],[10.53267,46.00178],[10.53309,46.00155],[10.53259,46.0007],[10.53238,46.00049],[10.53225,46.00047],[10.53215,46.00055],[10.53218,46.00072],[10.53193,46.00085],[10.53196,46.00103],[10.53265,46.00122],[10.5328,46.00143],[10.53247,46.00147],[10.53251,46.00158],[10.53237,46.00173],[10.53207,46.00166],[10.53195,46.00182],[10.53201,46.00202],[10.53162,46.0021],[10.53139,46.00241],[10.53206,46.00242],[10.53211,46.00246],[10.53192,46.00252],[10.53237,46.0025],[10.53236,46.00261],[10.53194,46.0028],[10.53126,46.00268],[10.53071,46.00285],[10.53027,46.00272],[10.53062,46.00256],[10.5305,46.00249],[10.53052,46.00241],[10.53105,46.00237],[10.53112,46.00218],[10.5316,46.00182],[10.53158,46.00165],[10.53177,46.00147],[10.53175,46.0011],[10.53137,46.00113],[10.53176,46.00082],[10.53212,46.00034],[10.53172,45.9992],[10.53179,45.9989],[10.53199,45.99862],[10.53191,45.99803],[10.53138,45.99739],[10.52998,45.99681],[10.53004,45.99663],[10.53075,45.9965],[10.53062,45.99676],[10.53184,45.99717],[10.53251,45.99782],[10.53262,45.99835],[10.53223,45.99868],[10.53215,45.99892],[10.53276,46.00007],[10.53318,46.00049],[10.53363,46.00128],[10.53405,46.00151],[10.53427,46.00177],[10.53448,46.00248],[10.5349,46.00318],[10.53567,46.00359],[10.53597,46.00387],[10.53616,46.0042],[10.53689,46.00458],[10.5374,46.00525],[10.53757,46.00504],[10.53781,46.00498],[10.53819,46.00569],[10.5381,46.00576],[10.53816,46.00589],[10.53839,46.00609],[10.53864,46.00596],[10.53835,46.00576],[10.5382,46.00536],[10.53786,46.00486],[10.53779,46.00448],[10.53797,46.00414],[10.53818,46.00409],[10.53839,46.00382],[10.53895,46.00389],[10.53899,46.00372],[10.53859,46.00356],[10.53849,46.0033],[10.53827,46.00318],[10.53839,46.00281],[10.53831,46.00254],[10.53802,46.00213],[10.53783,46.00157],[10.53711,46.0005],[10.537,46.0001],[10.53657,45.99948],[10.53655,45.99927],[10.53663,45.99915],[10.53642,45.99892],[10.53665,45.99881],[10.53681,45.99857],[10.5368,45.99839],[10.53632,45.99829],[10.5362,45.99823],[10.53617,45.99806],[10.53569,45.99801],[10.53551,45.99786],[10.53562,45.99766],[10.53619,45.99764],[10.53652,45.99773],[10.53655,45.99787],[10.53637,45.99803],[10.53644,45.99809],[10.53701,45.99802],[10.53715,45.99788],[10.53749,45.99785],[10.53753,45.99739],[10.53742,45.99708],[10.53752,45.99678],[10.53729,45.99664],[10.53722,45.99616],[10.53586,45.99528],[10.53576,45.99538],[10.53591,45.99586],[10.53581,45.9966],[10.53599,45.99713],[10.53563,45.9968],[10.53556,45.99639],[10.53575,45.99579],[10.53569,45.99557],[10.53538,45.99526],[10.53529,45.99434],[10.53541,45.99394],[10.53528,45.99352],[10.53486,45.99291],[10.53497,45.99241],[10.5345,45.99206],[10.53468,45.99173],[10.534,45.99141],[10.53352,45.99082],[10.53304,45.99062],[10.53299,45.99034],[10.53258,45.99015],[10.53222,45.99008],[10.53135,45.99018],[10.53017,45.98965],[10.52991,45.98965],[10.52946,45.99025],[10.52937,45.99127],[10.52928,45.99144],[10.52866,45.99197],[10.52849,45.99278],[10.52829,45.99293],[10.52772,45.99299],[10.52773,45.99359],[10.52687,45.99436],[10.52702,45.9945],[10.52698,45.99475],[10.52666,45.99495],[10.52655,45.99528],[10.5263,45.9955],[10.52632,45.99567]]]},"properties":{"kind":"land","cls":"forest"}},{"type":"Feature","geometry":{"type":"MultiPolygon","coordinates":[[[[10.59964,46.01672],[10.59827,46.01646],[10.59817,46.01564],[10.59698,46.01524],[10.59581,46.01503],[10.5951,46.01567],[10.59385,46.01519],[10.59339,46.01525],[10.59305,46.01567],[10.59183,46.01529],[10.59134,46.01561],[10.59113,46.01593],[10.59155,46.01615],[10.59267,46.01644],[10.59341,46.01681],[10.59422,46.01702],[10.59416,46.01735],[10.59454,46.01788],[10.59214,46.01781],[10.59205,46.01965],[10.59006,46.02001],[10.59205,46.02657],[10.59484,46.02681],[10.59536,46.02618],[10.59494,46.02514],[10.59498,46.02421],[10.59555,46.02405],[10.59627,46.02522],[10.5974,46.02474],[10.59898,46.02445],[10.60009,46.02348],[10.60009,46.01653],[10.59964,46.01672]],[[10.59696,46.01761],[10.59674,46.01725],[10.59718,46.0171],[10.59748,46.01711],[10.59766,46.01727],[10.59775,46.01753],[10.59736,46.01765],[10.59696,46.01761]]],[[[10.59953,46.01444],[10.599,46.01482],[10.60009,46.01551],[10.60009,46.01464],[10.59953,46.01444]]],[[[10.59912,46.00886],[10.59641,46.00945],[10.59594,46.01],[10.59588,46.01082],[10.59522,46.01125],[10.59491,46.00933],[10.59306,46.00713],[10.5921,46.00818],[10.59242,46.00973],[10.59126,46.01067],[10.5897,46.01043],[10.58809,46.01035],[10.58924,46.0109],[10.58954,46.01167],[10.5908,46.01231],[10.59188,46.01198],[10.59238,46.01222],[10.59188,46.01259],[10.59247,46.01266],[10.59216,46.01286],[10.59316,46.01318],[10.59291,46.01356],[10.59334,46.01357],[10.59318,46.01389],[10.59367,46.01374],[10.59376,46.01415],[10.59398,46.01421],[10.59467,46.01398],[10.59445,46.01354],[10.5954,46.01327],[10.59747,46.01302],[10.59705,46.01282],[10.59694,46.01239],[10.59645,46.01159],[10.5967,46.01087],[10.59719,46.01117],[10.59792,46.01193],[10.59834,46.01191],[10.59879,46.01219],[10.59857,46.01238],[10.59919,46.01261],[10.59984,46.01271],[10.59983,46.01315],[10.60009,46.01324],[10.60009,46.00875],[10.59912,46.00886]]],[[[10.58202,45.98503],[10.58139,45.98492],[10.58079,45.98492],[10.58202,45.98503]]],[[[10.536,45.98579],[10.53565,45.98658],[10.5356,45.98712],[10.53539,45.98744],[10.53539,45.98828],[10.53465,45.9894],[10.53424,45.98963],[10.5344,45.98981],[10.53463,45.98977],[10.53466,45.9899],[10.53439,45.98997],[10.5341,45.98973],[10.53393,45.9898],[10.53399,45.98999],[10.53385,45.99014],[10.53355,45.99008],[10.5335,45.98997],[10.53321,45.99009],[10.53355,45.99023],[10.53551,45.99197],[10.53521,45.99274],[10.53567,45.99342],[10.53811,45.99495],[10.53858,45.99738],[10.53783,46.0],[10.5389,46.0019],[10.54239,46.0045],[10.5437,46.00484],[10.54208,46.00173],[10.54106,46.00067],[10.54005,46.00003],[10.54086,46.00026],[10.53981,45.99956],[10.54104,46.00002],[10.54075,45.9997],[10.54122,45.99945],[10.5418,45.9995],[10.54179,45.99912],[10.54233,45.99897],[10.543,45.99947],[10.54353,46.00003],[10.54284,46.00039],[10.54291,46.00065],[10.54244,46.00064],[10.54271,46.00197],[10.54353,46.00293],[10.54368,46.00357],[10.54417,46.00425],[10.54498,46.00377],[10.54495,46.00315],[10.54507,46.00276],[10.54585,46.00346],[10.54591,46.0028],[10.54562,46.00244],[10.54498,46.00243],[10.5449,46.00225],[10.54544,46.00186],[10.54323,45.99896],[10.54297,45.99773],[10.54233,45.99755],[10.54195,45.99761],[10.54172,45.99725],[10.54123,45.99703],[10.54072,45.99697],[10.54036,45.99678],[10.53949,45.99583],[10.53872,45.99541],[10.53948,45.99533],[10.54369,45.99745],[10.5444,45.99748],[10.54652,45.99838],[10.54751,45.99894],[10.55028,46.00118],[10.54989,46.00108],[10.54877,46.00028],[10.55033,46.00188],[10.55113,46.00144],[10.55168,46.00093],[10.55084,45.9999],[10.55054,45.99882],[10.55098,45.99833],[10.54872,45.99685],[10.54818,45.99679],[10.54797,45.9963],[10.54866,45.9961],[10.54924,45.99657],[10.55071,45.99669],[10.5512,45.99699],[10.55186,45.9963],[10.55173,45.99596],[10.55277,45.99484],[10.55313,45.99553],[10.55343,45.99545],[10.55308,45.99646],[10.55344,45.99684],[10.55419,45.99668],[10.55487,45.99739],[10.55457,45.99791],[10.55527,45.99849],[10.55479,45.99873],[10.55462,45.99977],[10.55399,46.00042],[10.55289,46.00108],[10.55244,46.00149],[10.5554,46.00195],[10.55697,46.00248],[10.55792,46.00234],[10.55776,46.00162],[10.55814,46.0009],[10.55833,45.99975],[10.56018,45.99916],[10.56093,45.99926],[10.56212,45.99874],[10.56176,45.99855],[10.56245,45.99818],[10.56357,45.99833],[10.56355,45.99883],[10.56428,45.9993],[10.56399,45.99946],[10.56238,45.99942],[10.56202,45.99986],[10.56223,46.00024],[10.56227,46.00057],[10.56315,46.00081],[10.56324,46.00133],[10.56391,46.00239],[10.56314,46.00193],[10.56218,46.00098],[10.56146,46.00102],[10.56172,46.00059],[10.56081,46.00084],[10.56012,46.00159],[10.55958,46.00263],[10.55985,46.00277],[10.5603,46.00262],[10.56153,46.0035],[10.56186,46.00333],[10.56247,46.00344],[10.56214,46.00372],[10.56247,46.00394],[10.56298,46.00404],[10.56406,46.00448],[10.5643,46.00429],[10.56353,46.00405],[10.56442,46.00366],[10.56383,46.00323],[10.56393,46.0029],[10.56491,46.00312],[10.56459,46.0025],[10.56638,46.00252],[10.56644,46.00223],[10.56585,46.00135],[10.56733,46.00006],[10.5662,45.99953],[10.56719,45.9987],[10.568,45.99854],[10.56916,45.99745],[10.56896,45.99594],[10.56972,45.99463],[10.57026,45.99388],[10.5709,45.9932],[10.57187,45.99384],[10.57285,45.99418],[10.57415,45.99481],[10.57606,45.9946],[10.57657,45.99423],[10.57581,45.9938],[10.57817,45.99379],[10.57833,45.99198],[10.57557,45.99237],[10.57392,45.99143],[10.57928,45.99152],[10.58008,45.98931],[10.57748,45.98809],[10.57617,45.9872],[10.5751,45.98493],[10.58085,45.98616],[10.57758,45.98492],[10.5499,45.98492],[10.54893,45.98531],[10.54858,45.98567],[10.54788,45.98603],[10.54739,45.98639],[10.54719,45.98666],[10.54659,45.98701],[10.54634,45.98735],[10.54606,45.98732],[10.54537,45.98755],[10.54537,45.98733],[10.54579,45.98709],[10.54536,45.98705],[10.54554,45.98685],[10.54795,45.98557],[10.54892,45.98492],[10.53591,45.98492],[10.536,45.98579]],[[10.55096,45.98808],[10.55161,45.98766],[10.55156,45.98722],[10.55163,45.98707],[10.55215,45.98659],[10.55343,45.98623],[10.5537,45.98607],[10.55353,45.9859],[10.55357,45.98567],[10.55381,45.9857],[10.55395,45.98607],[10.55416,45.98611],[10.55522,45.9858],[10.55584,45.9858],[10.55602,45.98594],[10.55589,45.98609],[10.55523,45.98642],[10.55551,45.98657],[10.55547,45.98674],[10.555,45.98708],[10.55491,45.98729],[10.55544,45.98749],[10.55543,45.98759],[10.55457,45.98792],[10.55374,45.98843],[10.55387,45.98869],[10.55434,45.98909],[10.55441,45.98943],[10.5536,45.98982],[10.55369,45.98998],[10.55361,45.99004],[10.55287,45.98976],[10.55306,45.98946],[10.55297,45.98917],[10.55331,45.98867],[10.55329,45.98853],[10.55292,45.98853],[10.55294,45.9883],[10.55278,45.98807],[10.55266,45.98814],[10.55277,45.98834],[10.55262,45.98836],[10.55242,45.98822],[10.55245,45.98809],[10.55228,45.98808],[10.5521,45.98823],[10.55206,45.98841],[10.55192,45.98836],[10.55191,45.98785],[10.55113,45.98811],[10.55096,45.98808]],[[10.54767,45.99426],[10.54737,45.99414],[10.54693,45.99424],[10.54666,45.99474],[10.54606,45.99505],[10.54549,45.99495],[10.54527,45.99454],[10.54542,45.99397],[10.54603,45.99323],[10.54803,45.99361],[10.54843,45.99314],[10.5485,45.99277],[10.54841,45.99227],[10.5478,45.99189],[10.5477,45.99148],[10.54797,45.99115],[10.54861,45.99106],[10.54905,45.99078],[10.55026,45.99083],[10.55069,45.99045],[10.55139,45.99017],[10.55161,45.99032],[10.55213,45.9903],[10.5521,45.99088],[10.55163,45.99247],[10.55169,45.99329],[10.55118,45.99319],[10.55062,45.99355],[10.55076,45.99396],[10.55049,45.99425],[10.54985,45.99439],[10.5495,45.99469],[10.54868,45.99478],[10.54838,45.99505],[10.54822,45.99492],[10.5483,45.99477],[10.54817,45.99479],[10.54799,45.99454],[10.54797,45.99421],[10.54767,45.99426]],[[10.57451,45.99318],[10.57391,45.99318],[10.5736,45.99359],[10.57378,45.99375],[10.57275,45.994],[10.5725,45.99374],[10.57255,45.99314],[10.57195,45.99293],[10.57176,45.9934],[10.5712,45.99294],[10.57094,45.99257],[10.57013,45.99228],[10.56978,45.99146],[10.57044,45.99185],[10.57186,45.99247],[10.57421,45.99256],[10.57474,45.99268],[10.57451,45.99318]],[[10.56008,45.99375],[10.5604,45.99416],[10.55977,45.99478],[10.55957,45.99385],[10.56008,45.99375]],[[10.56196,45.99544],[10.56058,45.9968],[10.55951,45.99607],[10.55982,45.99537],[10.56022,45.99484],[10.56094,45.99442],[10.56198,45.99489],[10.56196,45.99544]],[[10.55853,45.9975],[10.55796,45.99741],[10.55832,45.99655],[10.55873,45.9964],[10.55928,45.99649],[10.55942,45.99691],[10.55853,45.9975]]]]},"properties":{"kind":"land","cls":"forest"}},{"type":"Feature","geometry":{"type":"Polygon","coordinates":[[[10.48092,46.02416],[10.48085,46.02398],[10.48063,46.02388],[10.48065,46.02404],[10.48052,46.0242],[10.48077,46.02436],[10.48092,46.02416]]]},"properties":{"kind":"land","cls":"bare_rock"}},{"type":"Feature","geometry":{"type":"MultiPolygon","coordinates":[[[[10.52678,46.01816],[10.52664,46.01778],[10.52629,46.01783],[10.52623,46.01767],[10.52635,46.01751],[10.52569,46.0174],[10.52561,46.01714],[10.52528,46.017],[10.52446,46.01627],[10.52448,46.01594],[10.52354,46.01566],[10.52353,46.01559],[10.52378,46.01554],[10.52375,46.01545],[10.52341,46.01538],[10.52277,46.01503],[10.52246,46.01498],[10.52238,46.01512],[10.52138,46.0149],[10.52134,46.01478],[10.52143,46.01469],[10.52226,46.01491],[10.5215,46.01448],[10.52127,46.0146],[10.52084,46.01447],[10.52045,46.01405],[10.52012,46.01398],[10.5205,46.01444],[10.52056,46.0147],[10.52155,46.0153],[10.52206,46.01539],[10.52251,46.01597],[10.52271,46.01597],[10.52273,46.01609],[10.52332,46.01626],[10.52299,46.01636],[10.52308,46.01658],[10.52387,46.01698],[10.52394,46.01716],[10.52444,46.01742],[10.52463,46.01768],[10.52527,46.01804],[10.52539,46.01805],[10.52555,46.01787],[10.52567,46.01791],[10.52574,46.01823],[10.52545,46.01835],[10.52572,46.01847],[10.52575,46.0183],[10.52607,46.01792],[10.52651,46.01825],[10.52665,46.01828],[10.52678,46.01816]]],[[[10.52648,46.01725],[10.52668,46.01738],[10.52683,46.01729],[10.52658,46.01716],[10.52648,46.01725]]],[[[10.52264,46.01758],[10.52248,46.01762],[10.52262,46.01775],[10.52219,46.01791],[10.52254,46.01797],[10.52239,46.01813],[10.52279,46.0182],[10.5228,46.0184],[10.52321,46.01846],[10.5234,46.0184],[10.52327,46.01828],[10.52331,46.01817],[10.52387,46.01812],[10.52407,46.01833],[10.52404,46.01842],[10.52372,46.01832],[10.52358,46.01841],[10.52386,46.01866],[10.52425,46.01872],[10.52435,46.01881],[10.52413,46.01896],[10.52428,46.01904],[10.52424,46.01911],[10.52394,46.01915],[10.52384,46.01933],[10.52399,46.01949],[10.52466,46.01963],[10.52444,46.01975],[10.52439,46.01994],[10.52416,46.02006],[10.52395,46.01989],[10.52424,46.01972],[10.52426,46.01958],[10.5241,46.01954],[10.52384,46.01967],[10.52381,46.02006],[10.52394,46.0202],[10.52367,46.02028],[10.52401,46.02028],[10.52411,46.02048],[10.52392,46.02043],[10.5238,46.02051],[10.52382,46.02071],[10.52355,46.02089],[10.52344,46.02085],[10.52346,46.02074],[10.52365,46.02063],[10.52338,46.02052],[10.52337,46.02026],[10.52284,46.01985],[10.52308,46.02028],[10.52303,46.02041],[10.52337,46.02135],[10.52701,46.02358],[10.53059,46.02239],[10.53099,46.02246],[10.53095,46.02205],[10.53112,46.02214],[10.53108,46.02202],[10.53125,46.02191],[10.53101,46.02179],[10.53084,46.02188],[10.53079,46.02168],[10.53194,46.02188],[10.53176,46.02172],[10.5317,46.02151],[10.53126,46.02111],[10.5313,46.02058],[10.53143,46.02063],[10.53131,46.02036],[10.53117,46.02041],[10.53122,46.0205],[10.53103,46.02047],[10.5312,46.02064],[10.53093,46.02079],[10.53039,46.02018],[10.53028,46.0202],[10.5302,46.02039],[10.53004,46.02025],[10.53001,46.02014],[10.53016,46.01996],[10.5303,46.01996],[10.53024,46.01985],[10.52992,46.01961],[10.52979,46.01939],[10.52964,46.01935],[10.52972,46.01949],[10.52963,46.0195],[10.52946,46.01934],[10.52947,46.01918],[10.5296,46.01913],[10.52952,46.0189],[10.52921,46.01848],[10.52901,46.01847],[10.52904,46.0183],[10.52857,46.01819],[10.52838,46.01805],[10.52806,46.01806],[10.52807,46.01789],[10.52825,46.01778],[10.52817,46.01766],[10.52736,46.01759],[10.5274,46.01747],[10.52725,46.01739],[10.52707,46.01747],[10.52726,46.01767],[10.52675,46.01758],[10.52708,46.01804],[10.52692,46.01804],[10.52702,46.01834],[10.52674,46.01828],[10.52667,46.01853],[10.52643,46.0184],[10.52641,46.01847],[10.52661,46.01858],[10.52665,46.01871],[10.52684,46.01871],[10.52705,46.01886],[10.52704,46.01854],[10.52715,46.01843],[10.52735,46.01843],[10.52751,46.01859],[10.52782,46.01868],[10.52793,46.0188],[10.52782,46.01899],[10.5282,46.0192],[10.52819,46.01933],[10.52836,46.01925],[10.52858,46.01937],[10.52862,46.01953],[10.52848,46.01961],[10.52862,46.01971],[10.52869,46.01964],[10.52953,46.02036],[10.53034,46.02085],[10.5304,46.02065],[10.53051,46.02072],[10.53064,46.0215],[10.53042,46.02128],[10.52944,46.02076],[10.52913,46.02038],[10.52882,46.02044],[10.52846,46.02071],[10.52815,46.02078],[10.52825,46.02047],[10.52854,46.02036],[10.52835,46.02004],[10.52779,46.01971],[10.52754,46.0194],[10.52717,46.0193],[10.52694,46.0191],[10.52658,46.01909],[10.52657,46.01876],[10.52646,46.01886],[10.52634,46.01876],[10.52622,46.01884],[10.5265,46.01917],[10.52633,46.01916],[10.52599,46.01877],[10.52631,46.01865],[10.52602,46.01856],[10.52588,46.01838],[10.52577,46.0186],[10.52553,46.01849],[10.52528,46.01886],[10.52495,46.01846],[10.5247,46.01839],[10.52463,46.0185],[10.52474,46.01863],[10.52457,46.01868],[10.52448,46.0186],[10.52456,46.01838],[10.52449,46.01827],[10.52425,46.0184],[10.52421,46.01831],[10.52431,46.01819],[10.52409,46.01808],[10.52371,46.01796],[10.52329,46.01796],[10.52308,46.01781],[10.52309,46.01772],[10.52331,46.01774],[10.52314,46.01761],[10.5227,46.01761],[10.52259,46.01743],[10.52216,46.01723],[10.52196,46.01724],[10.52185,46.01742],[10.52207,46.01737],[10.52264,46.01758]],[[10.52481,46.01927],[10.5248,46.01935],[10.52498,46.01937],[10.52447,46.01947],[10.52441,46.01931],[10.52456,46.01891],[10.52486,46.01899],[10.52499,46.01912],[10.52503,46.01924],[10.52481,46.01927]]]]},"properties":{"kind":"land","cls":"bare_rock"}},{"type":"Feature","geometry":{"type":"Polygon","coordinates":[[[10.51735,46.03412],[10.51775,46.03408],[10.51774,46.03387],[10.51758,46.03365],[10.51779,46.03354],[10.51782,46.03339],[10.51757,46.03334],[10.5173,46.03358],[10.51742,46.0338],[10.51719,46.03402],[10.51735,46.03412]]]},"properties":{"kind":"land","cls":"bare_rock"}},{"type":"Feature","geometry":{"type":"Polygon","coordinates":[[[10.4812,46.02192],[10.48108,46.02214],[10.48078,46.02229],[10.48086,46.0224],[10.48074,46.02272],[10.48089,46.02273],[10.48085,46.02297],[10.48092,46.02284],[10.48135,46.02282],[10.48158,46.02267],[10.48133,46.02259],[10.48115,46.0227],[10.48127,46.02251],[10.48103,46.02234],[10.48126,46.02219],[10.48143,46.02221],[10.48145,46.02208],[10.48135,46.02193],[10.48144,46.02182],[10.48128,46.02176],[10.4817,46.02153],[10.4811,46.02158],[10.48107,46.02173],[10.48088,46.02176],[10.4812,46.02192]]]},"properties":{"kind":"land","cls":"bare_rock"}},{"type":"Feature","geometry":{"type":"Polygon","coordinates":[[[10.51691,46.03879],[10.51732,46.03845],[10.51732,46.03837],[10.51679,46.0383],[10.51701,46.03849],[10.51693,46.03855],[10.51691,46.03879]]]},"properties":{"kind":"land","cls":"bare_rock"}},{"type":"Feature","geometry":{"type":"Polygon","coordinates":[[[10.47539,45.99435],[10.47501,45.99409],[10.47501,45.99389],[10.47529,45.99389],[10.47508,45.99339],[10.47516,45.99321],[10.47506,45.99302],[10.47489,45.99291],[10.47478,45.99298],[10.47496,45.99319],[10.47488,45.99345],[10.47493,45.99367],[10.47489,45.99374],[10.47474,45.9936],[10.47478,45.99352],[10.47464,45.99351],[10.47464,45.99385],[10.47519,45.99445],[10.47539,45.99435]]]},"properties":{"kind":"land","cls":"bare_rock"}},{"type":"Feature","geometry":{"type":"Polygon","coordinates":[[[10.53724,46.0391],[10.5364,46.03878],[10.53578,46.03839],[10.53553,46.03728],[10.53404,46.03837],[10.53429,46.03944],[10.53394,46.04018],[10.53457,46.04043],[10.53507,46.04171],[10.53304,46.04223],[10.53254,46.04192],[10.53226,46.04197],[10.53183,46.04286],[10.53072,46.04264],[10.52985,46.04261],[10.52972,46.04298],[10.53115,46.04328],[10.53215,46.0436],[10.53275,46.04412],[10.53387,46.0443],[10.53594,46.04431],[10.53738,46.04397],[10.5395,46.04312],[10.53999,46.04251],[10.54101,46.04162],[10.54041,46.04105],[10.54001,46.0405],[10.53941,46.04024],[10.53835,46.03996],[10.5371,46.03944],[10.53724,46.0391]]]},"properties":{"kind":"land","cls":"scree"}},{"type":"Feature","geometry":{"type":"Polygon","coordinates":[[[10.51862,45.99392],[10.51857,45.99377],[10.51849,45.99377],[10.51825,45.99399],[10.51862,45.99392]]]},"properties":{"kind":"land","cls":"bare_rock"}},{"type":"Feature","geometry":{"type":"Polygon","coordinates":[[[10.50136,46.05884],[10.5014,46.05892],[10.50202,46.05887],[10.50232,46.05879],[10.50235,46.05869],[10.50166,46.0587],[10.50136,46.05884]]]},"properties":{"kind":"land","cls":"wetland"}},{"type":"Feature","geometry":{"type":"Polygon","coordinates":[[[10.5105,46.00927],[10.51058,46.00886],[10.51041,46.0087],[10.51018,46.00867],[10.51026,46.00948],[10.5105,46.00927]]]},"properties":{"kind":"land","cls":"bare_rock"}},{"type":"Feature","geometry":{"type":"Polygon","coordinates":[[[10.50741,45.99005],[10.50751,45.99023],[10.50778,45.99007],[10.5077,45.98999],[10.50741,45.99005]]]},"properties":{"kind":"land","cls":"bare_rock"}},{"type":"Feature","geometry":{"type":"MultiPolygon","coordinates":[[[[10.49818,45.99573],[10.49856,45.99563],[10.49832,45.99534],[10.49819,45.99499],[10.49798,45.99494],[10.49783,45.9951],[10.49781,45.9953],[10.49788,45.99577],[10.49768,45.99605],[10.49819,45.99604],[10.49811,45.99585],[10.49818,45.99573]]],[[[10.49576,45.99858],[10.49564,45.99831],[10.49568,45.99773],[10.49546,45.99681],[10.49511,45.99669],[10.49493,45.99679],[10.49507,45.99722],[10.49487,45.99792],[10.49505,45.99806],[10.49516,45.99879],[10.4955,45.99876],[10.49576,45.99858]]]]},"properties":{"kind":"land","cls":"scrub"}},{"type":"Feature","geometry":{"type":"Polygon","coordinates":[[[10.49923,46.03015],[10.50036,46.03016],[10.50044,46.03005],[10.50008,46.03001],[10.50025,46.02993],[10.50012,46.02989],[10.49923,46.03015]]]},"properties":{"kind":"land","cls":"scrub"}},{"type":"Feature","geometry":{"type":"Polygon","coordinates":[[[10.50973,46.04695],[10.51018,46.04719],[10.5103,46.04709],[10.51081,46.04726],[10.51066,46.04742],[10.51074,46.04749],[10.51119,46.04755],[10.51125,46.04731],[10.51143,46.04718],[10.51166,46.04723],[10.5117,46.0474],[10.51178,46.04708],[10.51225,46.04701],[10.51225,46.04685],[10.51241,46.04665],[10.51214,46.0466],[10.51209,46.04675],[10.51217,46.04686],[10.51203,46.04691],[10.51163,46.04686],[10.51122,46.04667],[10.5105,46.04657],[10.50976,46.04671],[10.50942,46.04692],[10.50973,46.04695]]]},"properties":{"kind":"land","cls":"forest"}},{"type":"Feature","geometry":{"type":"Polygon","coordinates":[[[10.48265,46.08046],[10.48289,46.08059],[10.48289,46.08018],[10.48233,46.08003],[10.48265,46.08046]]]},"properties":{"kind":"land","cls":"forest"}},{"type":"Feature","geometry":{"type":"Polygon","coordinates":[[[10.49171,46.00119],[10.49212,46.00119],[10.4922,46.00113],[10.49202,46.00104],[10.49158,46.00102],[10.49171,46.00119]]]},"properties":{"kind":"land","cls":"bare_rock"}},{"type":"Feature","geometry":{"type":"Polygon","coordinates":[[[10.56583,46.07997],[10.5669,46.08049],[10.56707,46.08027],[10.56756,46.0802],[10.5682,46.07988],[10.5682,46.0795],[10.5687,46.07928],[10.56792,46.07913],[10.56752,46.07881],[10.56748,46.07854],[10.56772,46.07839],[10.56762,46.07824],[10.56825,46.07829],[10.56864,46.07822],[10.56905,46.07795],[10.56985,46.07769],[10.57083,46.07755],[10.57276,46.07747],[10.57241,46.07717],[10.57159,46.07675],[10.57191,46.07643],[10.57173,46.0762],[10.57199,46.07602],[10.57122,46.07594],[10.56912,46.07604],[10.56843,46.07596],[10.56909,46.07583],[10.56944,46.07555],[10.56898,46.07547],[10.56824,46.07484],[10.56782,46.07629],[10.56705,46.07664],[10.5659,46.07676],[10.56523,46.07672],[10.56553,46.07622],[10.56594,46.07582],[10.56569,46.07567],[10.5648,46.07599],[10.56457,46.07565],[10.56401,46.07682],[10.56314,46.07745],[10.56408,46.07756],[10.56458,46.07748],[10.56424,46.07778],[10.56424,46.07803],[10.56389,46.07829],[10.56372,46.07864],[10.56433,46.07887],[10.56394,46.07986],[10.56404,46.07991],[10.56439,46.07971],[10.56474,46.07975],[10.56504,46.07949],[10.56509,46.07991],[10.56597,46.07958],[10.56583,46.07997]]]},"properties":{"kind":"land","cls":"grassland"}},{"type":"Feature","geometry":{"type":"Polygon","coordinates":[[[10.47518,46.02486],[10.47527,46.02511],[10.47542,46.02521],[10.47545,46.02551],[10.4755,46.02534],[10.47562,46.02531],[10.47566,46.02558],[10.47556,46.0257],[10.47544,46.02566],[10.47545,46.02586],[10.47569,46.02603],[10.47592,46.02576],[10.47589,46.02555],[10.47603,46.02539],[10.47599,46.02569],[10.47613,46.02547],[10.47609,46.02572],[10.47617,46.02594],[10.47639,46.02596],[10.47624,46.02631],[10.47659,46.02634],[10.47668,46.02648],[10.47687,46.02617],[10.47679,46.02588],[10.47708,46.02563],[10.47718,46.02532],[10.4771,46.0252],[10.47726,46.02522],[10.47747,46.025],[10.47723,46.02468],[10.47734,46.02464],[10.47739,46.02474],[10.47759,46.02454],[10.47725,46.02433],[10.47731,46.02415],[10.47723,46.02412],[10.47741,46.02396],[10.4773,46.02368],[10.47739,46.02352],[10.4771,46.02357],[10.47714,46.02345],[10.47695,46.02332],[10.47683,46.0234],[10.47697,46.0235],[10.47675,46.02352],[10.47674,46.02321],[10.47664,46.02337],[10.47657,46.02324],[10.47638,46.0235],[10.47631,46.02301],[10.47612,46.023],[10.476,46.02335],[10.4762,46.02328],[10.47631,46.02359],[10.476,46.02354],[10.4759,46.02395],[10.47565,46.02369],[10.47559,46.02437],[10.47544,46.02417],[10.47555,46.02398],[10.47535,46.02363],[10.47552,46.0234],[10.4755,46.02315],[10.47533,46.02337],[10.47543,46.02293],[10.47528,46.0229],[10.47515,46.0233],[10.47515,46.02284],[10.47496,46.02283],[10.47506,46.02322],[10.47499,46.02343],[10.47513,46.02353],[10.47506,46.02365],[10.47512,46.02377],[10.47502,46.02381],[10.47518,46.02389],[10.47529,46.0241],[10.47529,46.02472],[10.47518,46.02486]]]},"properties":{"kind":"land","cls":"bare_rock"}},{"type":"Feature","geometry":{"type":"Polygon","coordinates":[[[10.47696,46.02208],[10.477,46.02175],[10.47679,46.02199],[10.47669,46.02188],[10.47653,46.02195],[10.47664,46.02207],[10.47651,46.02212],[10.47696,46.02208]]]},"properties":{"kind":"land","cls":"bare_rock"}},{"type":"Feature","geometry":{"type":"MultiPolygon","coordinates":[[[[10.48303,46.00083],[10.48326,46.00082],[10.48336,46.00069],[10.48305,46.00071],[10.48303,46.00083]]],[[[10.48101,46.00166],[10.48038,46.00196],[10.48037,46.00205],[10.48123,46.00166],[10.48139,46.00171],[10.48078,46.00201],[10.48079,46.00209],[10.48144,46.00174],[10.48255,46.00196],[10.4824,46.00185],[10.48242,46.00175],[10.48213,46.00173],[10.48194,46.00138],[10.4821,46.00086],[10.48189,46.00056],[10.48218,46.00028],[10.48158,46.00028],[10.48137,46.00001],[10.48121,45.99999],[10.48083,46.00089],[10.48096,46.00113],[10.4809,46.00132],[10.47994,46.00188],[10.48087,46.00151],[10.48105,46.00156],[10.48101,46.00166]]],[[[10.48273,46.00226],[10.48289,46.00226],[10.48293,46.0025],[10.48311,46.00252],[10.48302,46.00261],[10.48313,46.00263],[10.48357,46.00242],[10.48367,46.00221],[10.48394,46.00222],[10.48405,46.00212],[10.48408,46.0022],[10.48382,46.0025],[10.48388,46.00253],[10.48432,46.00222],[10.48425,46.00188],[10.48413,46.00181],[10.48349,46.00202],[10.48351,46.00216],[10.48331,46.00226],[10.48328,46.00199],[10.48351,46.0019],[10.48327,46.00183],[10.48249,46.00212],[10.48263,46.00218],[10.4822,46.00252],[10.48273,46.00226]]],[[[10.48181,46.00301],[10.48223,46.00316],[10.48128,46.00377],[10.48105,46.00419],[10.4813,46.00401],[10.48135,46.00383],[10.48233,46.00324],[10.48325,46.00323],[10.48363,46.0033],[10.48373,46.00357],[10.48363,46.0037],[10.48336,46.00372],[10.48336,46.00383],[10.48364,46.00385],[10.48362,46.00409],[10.48335,46.00451],[10.48376,46.004],[10.48396,46.00395],[10.48397,46.00384],[10.48423,46.00383],[10.48443,46.00357],[10.48408,46.00362],[10.48364,46.00308],[10.4832,46.00307],[10.48217,46.00284],[10.48219,46.00297],[10.48191,46.00287],[10.48111,46.00284],[10.48103,46.00296],[10.48127,46.00303],[10.48144,46.00324],[10.4817,46.00318],[10.48181,46.00301]]]]},"properties":{"kind":"land","cls":"bare_rock"}},{"type":"Feature","geometry":{"type":"Polygon","coordinates":[[[10.57012,46.07519],[10.57049,46.07485],[10.57052,46.07449],[10.57001,46.07433],[10.56983,46.07411],[10.56993,46.07388],[10.56905,46.07408],[10.56874,46.07404],[10.56824,46.07378],[10.56838,46.07422],[10.56824,46.07484],[10.56898,46.07547],[10.56944,46.07555],[10.57012,46.07519]]]},"properties":{"kind":"land","cls":"scrub"}},{"type":"Feature","geometry":{"type":"Polygon","coordinates":[[[10.508,45.98892],[10.5079,45.98939],[10.50805,45.98961],[10.50787,45.98967],[10.50777,45.98979],[10.50781,45.98985],[10.50803,45.98983],[10.50824,45.98957],[10.5085,45.98954],[10.50858,45.98962],[10.5087,45.9896],[10.5087,45.98947],[10.50913,45.98942],[10.5093,45.98931],[10.5089,45.98916],[10.50845,45.9892],[10.50838,45.98898],[10.508,45.98892]]]},"properties":{"kind":"land","cls":"bare_rock"}},{"type":"Feature","geometry":{"type":"Polygon","coordinates":[[[10.50023,46.05554],[10.50107,46.05544],[10.50126,46.05525],[10.50255,46.05486],[10.50209,46.05454],[10.50196,46.05403],[10.50265,46.05361],[10.50362,46.05326],[10.50394,46.05353],[10.5047,46.05385],[10.50525,46.05376],[10.50566,46.05357],[10.50586,46.05333],[10.50539,46.05301],[10.50461,46.05284],[10.50496,46.05242],[10.50486,46.0517],[10.50442,46.05138],[10.50456,46.05113],[10.50342,46.05057],[10.50344,46.05031],[10.50392,46.05006],[10.50375,46.04932],[10.50264,46.05037],[10.50217,46.05031],[10.50213,46.04984],[10.50175,46.04972],[10.50159,46.04948],[10.50169,46.04923],[10.50138,46.04887],[10.50186,46.04861],[10.50193,46.04811],[10.50164,46.04769],[10.50179,46.04744],[10.50174,46.04696],[10.50189,46.04688],[10.50228,46.04693],[10.5022,46.04658],[10.50198,46.04648],[10.50145,46.04651],[10.5014,46.04625],[10.50177,46.04588],[10.50174,46.04556],[10.50149,46.04541],[10.50121,46.04574],[10.50092,46.04584],[10.5008,46.04563],[10.50019,46.04556],[10.49982,46.04494],[10.49904,46.04531],[10.49931,46.04572],[10.49981,46.04575],[10.50017,46.04614],[10.49999,46.04694],[10.50006,46.04749],[10.50081,46.04763],[10.49986,46.04789],[10.50015,46.0481],[10.50056,46.04863],[10.50056,46.04899],[10.5009,46.04937],[10.50029,46.04957],[10.50028,46.04985],[10.50061,46.05026],[10.50158,46.05045],[10.5008,46.05079],[10.50056,46.05117],[10.50038,46.05126],[10.50023,46.05106],[10.49994,46.05092],[10.49992,46.05071],[10.49875,46.05066],[10.49864,46.05036],[10.49806,46.05019],[10.49799,46.0506],[10.49758,46.05133],[10.49815,46.05212],[10.49853,46.05213],[10.49923,46.05182],[10.49958,46.05222],[10.49938,46.05252],[10.49965,46.05302],[10.49959,46.0533],[10.49903,46.05355],[10.49879,46.05385],[10.49799,46.05436],[10.49744,46.05437],[10.49681,46.05534],[10.49715,46.05554],[10.49813,46.05567],[10.49869,46.05543],[10.50023,46.05554]]]},"properties":{"kind":"land","cls":"scree"}},{"type":"Feature","geometry":{"type":"Polygon","coordinates":[[[10.50275,46.04488],[10.50287,46.0447],[10.50305,46.0448],[10.50336,46.04467],[10.50291,46.04455],[10.50252,46.04459],[10.50249,46.04471],[10.50275,46.04488]]]},"properties":{"kind":"land","cls":"scree"}},{"type":"Feature","geometry":{"type":"Polygon","coordinates":[[[10.55877,46.08679],[10.55917,46.08719],[10.56079,46.08822],[10.56171,46.08837],[10.56284,46.08949],[10.56284,46.09005],[10.5631,46.09047],[10.56303,46.09094],[10.56399,46.09076],[10.56372,46.09137],[10.56353,46.09157],[10.56377,46.09364],[10.56336,46.09414],[10.56372,46.09467],[10.56399,46.09552],[10.56377,46.09597],[10.56322,46.09617],[10.56235,46.09605],[10.56358,46.0966],[10.56428,46.0967],[10.56508,46.09665],[10.56525,46.09641],[10.56478,46.09652],[10.56453,46.09647],[10.56446,46.09631],[10.56499,46.09565],[10.56546,46.09577],[10.56503,46.09554],[10.56483,46.09528],[10.56476,46.09495],[10.56505,46.09439],[10.56492,46.09397],[10.56497,46.09356],[10.56509,46.0932],[10.56563,46.09292],[10.56594,46.09249],[10.566,46.09199],[10.56556,46.09152],[10.56587,46.09199],[10.56576,46.09215],[10.56565,46.09214],[10.56532,46.0919],[10.56525,46.09216],[10.5654,46.0927],[10.56535,46.09289],[10.56511,46.09303],[10.5648,46.09381],[10.56456,46.09388],[10.56455,46.09327],[10.56484,46.09275],[10.56488,46.09218],[10.56378,46.09186],[10.56406,46.09133],[10.5641,46.09082],[10.5643,46.0905],[10.56418,46.09025],[10.56378,46.08995],[10.56349,46.08952],[10.56375,46.08938],[10.56328,46.0889],[10.56313,46.08833],[10.56257,46.08833],[10.56119,46.08684],[10.56101,46.08675],[10.56055,46.08699],[10.55953,46.08717],[10.55897,46.08657],[10.55815,46.08663],[10.55877,46.08679]]]},"properties":{"kind":"land","cls":"scrub"}},{"type":"Feature","geometry":{"type":"Polygon","coordinates":[[[10.51078,46.0307],[10.51069,46.03105],[10.51116,46.03121],[10.51159,46.03106],[10.51145,46.03089],[10.51171,46.03069],[10.5116,46.03057],[10.5113,46.03052],[10.51078,46.0307]]]},"properties":{"kind":"land","cls":"scree"}},{"type":"Feature","geometry":{"type":"Polygon","coordinates":[[[10.5424,46.07319],[10.54313,46.07362],[10.54387,46.07384],[10.54602,46.07585],[10.54708,46.07749],[10.54665,46.07808],[10.54679,46.07879],[10.54782,46.07952],[10.54778,46.07901],[10.54863,46.07887],[10.54899,46.07871],[10.54932,46.07872],[10.54955,46.07859],[10.54945,46.07841],[10.54915,46.07839],[10.54873,46.07809],[10.54851,46.07783],[10.54848,46.07752],[10.54869,46.07736],[10.54917,46.07746],[10.54959,46.0774],[10.54931,46.07726],[10.5493,46.07715],[10.54965,46.0768],[10.54966,46.07653],[10.54804,46.07631],[10.54791,46.07652],[10.54806,46.07687],[10.54782,46.07675],[10.54772,46.07719],[10.54728,46.07706],[10.54724,46.0769],[10.54758,46.07698],[10.54768,46.07662],[10.54742,46.07664],[10.5473,46.07651],[10.5471,46.07659],[10.5472,46.07675],[10.54674,46.07643],[10.54681,46.07633],[10.54664,46.07601],[10.54653,46.07537],[10.54558,46.07421],[10.54541,46.07374],[10.5447,46.07359],[10.54444,46.07291],[10.54415,46.07278],[10.5439,46.07288],[10.54374,46.07319],[10.54349,46.07335],[10.54307,46.07321],[10.54118,46.07159],[10.5424,46.07319]]]},"properties":{"kind":"land","cls":"scrub"}},{"type":"Feature","geometry":{"type":"Polygon","coordinates":[[[10.56328,46.0889],[10.56367,46.0892],[10.56407,46.08918],[10.56387,46.08883],[10.56344,46.08872],[10.56339,46.08845],[10.56319,46.0883],[10.56313,46.08833],[10.56328,46.0889]]]},"properties":{"kind":"land","cls":"wetland"}},{"type":"Feature","geometry":{"type":"Polygon","coordinates":[[[10.51174,46.02317],[10.51176,46.02293],[10.51101,46.02315],[10.51015,46.02318],[10.50982,46.02314],[10.50974,46.02306],[10.50985,46.02297],[10.50961,46.02294],[10.5094,46.02298],[10.5096,46.02312],[10.50861,46.02303],[10.50852,46.02323],[10.50906,46.02342],[10.50957,46.02387],[10.50965,46.02382],[10.50951,46.02343],[10.50921,46.02332],[10.50983,46.02332],[10.51002,46.02348],[10.50995,46.02358],[10.50995,46.02429],[10.51015,46.02461],[10.51026,46.02464],[10.51038,46.0245],[10.5103,46.02418],[10.51041,46.02384],[10.51034,46.02345],[10.51007,46.02332],[10.51184,46.02326],[10.51174,46.02317]]]},"properties":{"kind":"land","cls":"bare_rock"}},{"type":"Feature","geometry":{"type":"Polygon","coordinates":[[[10.54156,46.05864],[10.54187,46.05885],[10.54186,46.05866],[10.54243,46.05824],[10.54304,46.05816],[10.54299,46.05791],[10.54228,46.05804],[10.54137,46.05774],[10.54119,46.05785],[10.54156,46.05864]]]},"properties":{"kind":"land","cls":"scree"}},{"type":"Feature","geometry":{"type":"Polygon","coordinates":[[[10.51645,46.03222],[10.51627,46.03186],[10.51659,46.03188],[10.51689,46.03207],[10.51856,46.03199],[10.51864,46.03201],[10.51802,46.03213],[10.51783,46.03227],[10.5198,46.03232],[10.52007,46.03256],[10.52068,46.03283],[10.52057,46.03301],[10.51985,46.03311],[10.52046,46.03313],[10.52073,46.03325],[10.52025,46.03336],[10.5195,46.03322],[10.51927,46.03327],[10.51934,46.03342],[10.51965,46.03335],[10.51997,46.03353],[10.5197,46.03373],[10.51996,46.03387],[10.52009,46.03408],[10.51963,46.03422],[10.51891,46.03391],[10.51791,46.03378],[10.51774,46.03387],[10.51775,46.03408],[10.51766,46.03414],[10.51735,46.03412],[10.51719,46.03402],[10.51722,46.03349],[10.51707,46.03337],[10.51586,46.03313],[10.51566,46.03296],[10.51513,46.03295],[10.51509,46.03336],[10.51595,46.03377],[10.51667,46.03399],[10.51677,46.03417],[10.51762,46.03449],[10.51853,46.03439],[10.52028,46.0347],[10.52077,46.03489],[10.52111,46.03489],[10.52163,46.03519],[10.5225,46.03543],[10.52355,46.03539],[10.52405,46.03516],[10.52365,46.03522],[10.5235,46.03514],[10.52356,46.03486],[10.52342,46.03466],[10.52335,46.03419],[10.52371,46.03383],[10.52386,46.0335],[10.52369,46.03323],[10.52382,46.03293],[10.52362,46.03264],[10.5234,46.03253],[10.52303,46.03301],[10.52251,46.03327],[10.52226,46.03325],[10.52196,46.03298],[10.52147,46.03287],[10.52125,46.0325],[10.52189,46.03251],[10.52214,46.03241],[10.52225,46.03215],[10.52202,46.03212],[10.52195,46.0319],[10.52122,46.03202],[10.52103,46.03193],[10.52081,46.03157],[10.52032,46.03147],[10.52,46.03106],[10.52046,46.03096],[10.52233,46.03134],[10.52284,46.03187],[10.52336,46.03195],[10.52395,46.03178],[10.52416,46.03158],[10.5242,46.03115],[10.52404,46.03099],[10.52318,46.03095],[10.52259,46.03114],[10.52233,46.03089],[10.52119,46.03083],[10.52054,46.03061],[10.52052,46.03075],[10.52035,46.03078],[10.52026,46.0305],[10.51991,46.03045],[10.51963,46.03024],[10.51878,46.03017],[10.51864,46.03004],[10.5186,46.02982],[10.51821,46.02957],[10.51786,46.0296],[10.51769,46.03004],[10.51746,46.03015],[10.5173,46.03],[10.51732,46.02956],[10.51745,46.0293],[10.51711,46.02868],[10.51694,46.02861],[10.51687,46.02882],[10.51622,46.02874],[10.51624,46.02913],[10.51604,46.0296],[10.51586,46.02967],[10.51608,46.0292],[10.51604,46.02861],[10.51616,46.02849],[10.51638,46.02848],[10.51607,46.02833],[10.51556,46.02831],[10.51474,46.02788],[10.51398,46.0277],[10.51352,46.0277],[10.51342,46.02793],[10.51356,46.02888],[10.51322,46.02926],[10.51522,46.02975],[10.5155,46.02987],[10.51566,46.03023],[10.51476,46.03031],[10.51458,46.0307],[10.51396,46.03134],[10.51399,46.03149],[10.51455,46.03184],[10.51464,46.03226],[10.5155,46.0321],[10.51584,46.03213],[10.51602,46.03232],[10.51645,46.03222]]]},"properties":{"kind":"land","cls":"forest"}},{"type":"Feature","geometry":{"type":"Polygon","coordinates":[[[10.51832,46.03641],[10.51843,46.03635],[10.51875,46.0364],[10.51884,46.03627],[10.51871,46.03626],[10.51872,46.03618],[10.5185,46.03629],[10.51846,46.03613],[10.51852,46.03598],[10.51867,46.03607],[10.51887,46.03601],[10.51878,46.0359],[10.519,46.03577],[10.5189,46.03565],[10.51892,46.03541],[10.51931,46.03551],[10.5194,46.03548],[10.51936,46.03539],[10.51901,46.03525],[10.51873,46.03539],[10.51881,46.03557],[10.51853,46.03544],[10.51825,46.03586],[10.51812,46.03586],[10.51819,46.03608],[10.51792,46.03636],[10.51832,46.03641]]]},"properties":{"kind":"land","cls":"bare_rock"}},{"type":"Feature","geometry":{"type":"Polygon","coordinates":[[[10.5095,46.01645],[10.50917,46.01648],[10.5088,46.01602],[10.50876,46.01618],[10.50891,46.01644],[10.50857,46.01675],[10.50795,46.01682],[10.50762,46.01702],[10.50705,46.01673],[10.5071,46.01691],[10.50702,46.01701],[10.50721,46.01719],[10.50753,46.01728],[10.50865,46.01711],[10.50908,46.01722],[10.50928,46.01707],[10.50984,46.01693],[10.50992,46.01705],[10.50998,46.01675],[10.50977,46.01661],[10.50969,46.01628],[10.5095,46.01645]]]},"properties":{"kind":"land","cls":"bare_rock"}},{"type":"Feature","geometry":{"type":"Polygon","coordinates":[[[10.51561,45.9918],[10.51554,45.99159],[10.51545,45.99158],[10.51531,45.99176],[10.51561,45.9918]]]},"properties":{"kind":"land","cls":"bare_rock"}},{"type":"Feature","geometry":{"type":"Polygon","coordinates":[[[10.48127,46.02309],[10.4812,46.02292],[10.48109,46.02302],[10.48108,46.02321],[10.48127,46.02309]]]},"properties":{"kind":"land","cls":"bare_rock"}},{"type":"Feature","geometry":{"type":"Polygon","coordinates":[[[10.52189,45.9932],[10.52197,45.9935],[10.52208,45.99334],[10.52237,45.99334],[10.52189,45.9932]]]},"properties":{"kind":"land","cls":"bare_rock"}},{"type":"Feature","geometry":{"type":"Polygon","coordinates":[[[10.54839,46.02293],[10.54816,46.02316],[10.54748,46.02355],[10.54717,46.02388],[10.54775,46.02374],[10.54801,46.02353],[10.54822,46.02349],[10.5488,46.02382],[10.54959,46.02384],[10.5499,46.02376],[10.55005,46.02358],[10.54959,46.02318],[10.54968,46.02278],[10.54918,46.02255],[10.54858,46.02252],[10.54839,46.02293]]]},"properties":{"kind":"land","cls":"forest"}},{"type":"Feature","geometry":{"type":"Polygon","coordinates":[[[10.53234,46.04509],[10.53206,46.04481],[10.53109,46.04444],[10.53043,46.04433],[10.53018,46.04472],[10.53023,46.04491],[10.53066,46.04538],[10.53138,46.04553],[10.53234,46.04509]]]},"properties":{"kind":"land","cls":"scree"}},{"type":"Feature","geometry":{"type":"Polygon","coordinates":[[[10.54897,46.05627],[10.54904,46.05605],[10.54871,46.05617],[10.54864,46.05632],[10.54872,46.05641],[10.54897,46.05627]]]},"properties":{"kind":"land","cls":"scree"}},{"type":"Feature","geometry":{"type":"Polygon","coordinates":[[[10.51554,46.0359],[10.51578,46.03532],[10.51603,46.03514],[10.51606,46.03492],[10.51593,46.03479],[10.5152,46.03473],[10.51478,46.03478],[10.51447,46.03495],[10.51439,46.03467],[10.51428,46.03466],[10.51434,46.03498],[10.51426,46.03515],[10.51464,46.0356],[10.51433,46.03576],[10.51423,46.03586],[10.51429,46.03594],[10.51541,46.03598],[10.51554,46.0359]]]},"properties":{"kind":"land","cls":"forest"}},{"type":"Feature","geometry":{"type":"Polygon","coordinates":[[[10.54904,46.05615],[10.54872,46.05641],[10.54864,46.05632],[10.5485,46.0564],[10.54835,46.05667],[10.54842,46.05693],[10.54896,46.05699],[10.54852,46.05727],[10.54852,46.05738],[10.54915,46.05743],[10.55047,46.05724],[10.55153,46.05728],[10.55195,46.05711],[10.55234,46.05673],[10.55215,46.05653],[10.55233,46.05635],[10.5521,46.05629],[10.5518,46.05645],[10.55172,46.0566],[10.55191,46.05683],[10.55184,46.05688],[10.55144,46.05693],[10.55127,46.05674],[10.551,46.05696],[10.55052,46.05702],[10.55044,46.05693],[10.55049,46.05677],[10.55067,46.05679],[10.55103,46.05662],[10.54971,46.05652],[10.54975,46.05635],[10.54929,46.05618],[10.54904,46.05597],[10.54904,46.05615]]]},"properties":{"kind":"land","cls":"forest"}},{"type":"Feature","geometry":{"type":"Polygon","coordinates":[[[10.49494,46.04713],[10.49436,46.04614],[10.49406,46.04608],[10.49386,46.04578],[10.49333,46.04615],[10.49342,46.04648],[10.49392,46.04703],[10.49399,46.04725],[10.49367,46.04722],[10.49317,46.04681],[10.49261,46.04712],[10.49258,46.04736],[10.49409,46.04884],[10.49427,46.04917],[10.49441,46.0489],[10.49512,46.04932],[10.49524,46.04924],[10.49523,46.04894],[10.49482,46.04862],[10.49476,46.04839],[10.49513,46.04799],[10.49492,46.04774],[10.49493,46.04751],[10.49537,46.0475],[10.49543,46.04736],[10.49494,46.04713]]]},"properties":{"kind":"land","cls":"scree"}},{"type":"Feature","geometry":{"type":"Polygon","coordinates":[[[10.57313,46.08261],[10.57222,46.08342],[10.571,46.08407],[10.57026,46.08433],[10.56974,46.08484],[10.56999,46.08517],[10.57199,46.08422],[10.57284,46.08405],[10.57386,46.08404],[10.57486,46.08273],[10.57476,46.08228],[10.57428,46.08224],[10.57313,46.08261]]]},"properties":{"kind":"land","cls":"scree"}},{"type":"Feature","geometry":{"type":"Polygon","coordinates":[[[10.4747,46.025],[10.47476,46.02452],[10.47488,46.02451],[10.4748,46.02417],[10.4746,46.02425],[10.47463,46.0249],[10.4747,46.025]]]},"properties":{"kind":"land","cls":"bare_rock"}},{"type":"Feature","geometry":{"type":"Polygon","coordinates":[[[10.54321,46.02505],[10.54356,46.02577],[10.54378,46.02591],[10.54406,46.02593],[10.54428,46.0257],[10.54427,46.02539],[10.5439,46.02492],[10.54356,46.02462],[10.54335,46.02457],[10.54321,46.02505]]]},"properties":{"kind":"land","cls":"forest"}},{"type":"Feature","geometry":{"type":"Polygon","coordinates":[[[10.54473,46.0255],[10.54483,46.02574],[10.5452,46.02601],[10.54585,46.02611],[10.54617,46.02661],[10.54619,46.02705],[10.54597,46.02737],[10.54608,46.02758],[10.54597,46.02771],[10.54559,46.02769],[10.54547,46.02749],[10.54513,46.0275],[10.54549,46.028],[10.54564,46.02905],[10.54599,46.02899],[10.54598,46.02841],[10.54627,46.02837],[10.54692,46.0285],[10.54724,46.02843],[10.54715,46.02778],[10.54731,46.02768],[10.54737,46.02716],[10.54787,46.02662],[10.54775,46.02632],[10.54677,46.02591],[10.54656,46.02562],[10.54579,46.02514],[10.54508,46.02504],[10.54481,46.02516],[10.54473,46.0255]]]},"properties":{"kind":"land","cls":"forest"}},{"type":"Feature","geometry":{"type":"Polygon","coordinates":[[[10.5146,45.99222],[10.51422,45.99224],[10.51417,45.99238],[10.514,45.99221],[10.51356,45.99211],[10.51326,45.99223],[10.51321,45.99215],[10.51341,45.99205],[10.5134,45.99197],[10.51309,45.99206],[10.51253,45.992],[10.51244,45.99207],[10.51267,45.99222],[10.51409,45.99254],[10.51456,45.99238],[10.51492,45.99258],[10.51511,45.99252],[10.51493,45.99235],[10.51507,45.99214],[10.5146,45.99196],[10.51439,45.99174],[10.51383,45.99143],[10.51333,45.99128],[10.5131,45.99141],[10.51344,45.99183],[10.51357,45.99183],[10.51349,45.99159],[10.51367,45.9916],[10.51429,45.99187],[10.51431,45.99201],[10.5146,45.99222]]]},"properties":{"kind":"land","cls":"bare_rock"}},{"type":"Feature","geometry":{"type":"Polygon","coordinates":[[[10.50994,46.00319],[10.50968,46.0031],[10.50926,46.00327],[10.50891,46.00323],[10.50882,46.00339],[10.50979,46.00357],[10.50984,46.00385],[10.5101,46.00392],[10.51024,46.00384],[10.51019,46.00367],[10.51042,46.0036],[10.51092,46.00365],[10.5113,46.00346],[10.51166,46.00343],[10.51166,46.00324],[10.50994,46.00319]]]},"properties":{"kind":"land","cls":"bare_rock"}},{"type":"Feature","geometry":{"type":"Polygon","coordinates":[[[10.54975,46.05492],[10.54961,46.05485],[10.5494,46.05516],[10.54955,46.05514],[10.54975,46.05492]]]},"properties":{"kind":"land","cls":"forest"}},{"type":"Feature","geometry":{"type":"Polygon","coordinates":[[[10.58095,46.08554],[10.58185,46.08558],[10.5832,46.08544],[10.58345,46.08525],[10.58541,46.08482],[10.58581,46.08498],[10.58612,46.08546],[10.58685,46.08554],[10.58839,46.08553],[10.58939,46.0858],[10.59041,46.08592],[10.59102,46.08566],[10.59127,46.08545],[10.59119,46.08506],[10.59023,46.08449],[10.58989,46.0841],[10.58925,46.0837],[10.5886,46.08337],[10.58783,46.08336],[10.58781,46.084],[10.58748,46.0845],[10.58387,46.08429],[10.58293,46.0849],[10.58152,46.08496],[10.58012,46.08534],[10.58095,46.08554]]]},"properties":{"kind":"land","cls":"scree"}},{"type":"Feature","geometry":{"type":"Polygon","coordinates":[[[10.50597,46.03763],[10.50608,46.038],[10.50583,46.03866],[10.50609,46.03846],[10.50631,46.03793],[10.50648,46.03776],[10.50618,46.0376],[10.50618,46.03737],[10.50597,46.03763]]]},"properties":{"kind":"land","cls":"bare_rock"}},{"type":"Feature","geometry":{"type":"Polygon","coordinates":[[[10.50696,46.02776],[10.50656,46.02777],[10.50656,46.02812],[10.5067,46.02819],[10.50719,46.02789],[10.50715,46.02836],[10.50745,46.02812],[10.50789,46.02811],[10.50786,46.0282],[10.50797,46.02824],[10.50802,46.02811],[10.5079,46.02801],[10.5084,46.02799],[10.50852,46.02786],[10.50791,46.02773],[10.50765,46.02784],[10.50707,46.02786],[10.50696,46.02776]]]},"properties":{"kind":"land","cls":"bare_rock"}},{"type":"Feature","geometry":{"type":"Polygon","coordinates":[[[10.54573,46.06061],[10.54593,46.06057],[10.54618,46.06079],[10.54635,46.06082],[10.54633,46.06101],[10.54683,46.0612],[10.54712,46.06085],[10.5471,46.06061],[10.54725,46.06034],[10.54724,46.06021],[10.54712,46.06017],[10.54721,46.06006],[10.54731,46.05994],[10.54769,46.05993],[10.54815,46.05964],[10.54763,46.05953],[10.54714,46.0597],[10.54682,46.05998],[10.5466,46.05999],[10.54633,46.05996],[10.54598,46.05959],[10.54609,46.0591],[10.54654,46.05897],[10.5466,46.05919],[10.54674,46.0592],[10.5474,46.05874],[10.54758,46.05846],[10.54758,46.05828],[10.54749,46.05821],[10.54762,46.05783],[10.54812,46.0577],[10.5486,46.05772],[10.54915,46.05789],[10.55094,46.05763],[10.55173,46.05739],[10.55135,46.05725],[10.55047,46.05724],[10.54915,46.05743],[10.54852,46.05738],[10.54852,46.05727],[10.54896,46.05699],[10.54842,46.05693],[10.54835,46.05667],[10.54812,46.05661],[10.54812,46.05635],[10.5485,46.0564],[10.54871,46.05617],[10.54904,46.05605],[10.54904,46.05597],[10.54869,46.05587],[10.54872,46.05567],[10.54845,46.05562],[10.54881,46.05502],[10.54846,46.05494],[10.5482,46.05512],[10.54828,46.05537],[10.54791,46.05536],[10.54771,46.05545],[10.5469,46.05598],[10.54634,46.05726],[10.54589,46.05782],[10.54593,46.05805],[10.54581,46.0581],[10.54565,46.05855],[10.54554,46.05873],[10.54497,46.05913],[10.545,46.05942],[10.54465,46.05966],[10.54487,46.0599],[10.54492,46.06022],[10.54508,46.0604],[10.54547,46.06043],[10.54573,46.06061]]]},"properties":{"kind":"land","cls":"grassland"}},{"type":"Feature","geometry":{"type":"Polygon","coordinates":[[[10.48652,46.04847],[10.48648,46.04784],[10.48562,46.04779],[10.48519,46.04794],[10.4848,46.04844],[10.48462,46.0496],[10.48435,46.04987],[10.48439,46.05089],[10.48367,46.05056],[10.48298,46.05053],[10.48236,46.05031],[10.48164,46.05042],[10.48023,46.05089],[10.48019,46.05146],[10.48141,46.05168],[10.48165,46.05217],[10.48168,46.05246],[10.48114,46.05271],[10.48071,46.05322],[10.48085,46.05369],[10.48073,46.05398],[10.4813,46.05423],[10.4818,46.05479],[10.48171,46.05515],[10.48227,46.05583],[10.48357,46.05591],[10.48435,46.05586],[10.48483,46.05622],[10.48566,46.05632],[10.48725,46.05687],[10.48772,46.05745],[10.48722,46.05796],[10.48861,46.0586],[10.48892,46.05914],[10.48874,46.05963],[10.4902,46.06039],[10.49214,46.06062],[10.49258,46.06029],[10.49284,46.05948],[10.4937,46.05964],[10.49431,46.05952],[10.49484,46.05976],[10.49519,46.05943],[10.49554,46.05983],[10.49542,46.06015],[10.49569,46.06067],[10.49639,46.06058],[10.49798,46.06079],[10.49844,46.05976],[10.49707,46.05855],[10.49549,46.05907],[10.49491,46.05869],[10.49503,46.0584],[10.49685,46.05789],[10.49751,46.05748],[10.49749,46.05624],[10.49581,46.05608],[10.49523,46.05589],[10.4934,46.05597],[10.49235,46.05568],[10.49084,46.05575],[10.48982,46.05541],[10.4891,46.05579],[10.48873,46.0558],[10.48821,46.05548],[10.48939,46.05489],[10.49066,46.05474],[10.49118,46.05454],[10.49154,46.05402],[10.49209,46.05404],[10.49313,46.05346],[10.49315,46.05308],[10.49272,46.05264],[10.49304,46.05218],[10.4934,46.05191],[10.49356,46.05069],[10.49336,46.05031],[10.49309,46.05023],[10.49165,46.05087],[10.49129,46.05122],[10.4908,46.05132],[10.49044,46.05129],[10.49033,46.05109],[10.48982,46.05118],[10.4897,46.05145],[10.48931,46.0515],[10.48881,46.05178],[10.48842,46.05186],[10.4884,46.05205],[10.48867,46.05224],[10.48914,46.05222],[10.48946,46.0518],[10.49008,46.05198],[10.4904,46.05178],[10.49072,46.05192],[10.49088,46.05212],[10.4908,46.05236],[10.49098,46.05265],[10.49089,46.053],[10.49048,46.05297],[10.48992,46.05239],[10.48934,46.05266],[10.48845,46.05266],[10.48859,46.0531],[10.48801,46.05313],[10.48797,46.05332],[10.48737,46.05304],[10.48688,46.05268],[10.48704,46.05237],[10.48692,46.0521],[10.48728,46.05193],[10.48728,46.05166],[10.487,46.05162],[10.48687,46.05143],[10.48655,46.05143],[10.48627,46.05111],[10.48655,46.051],[10.48705,46.0511],[10.48759,46.05139],[10.48789,46.05139],[10.48827,46.05124],[10.48824,46.05146],[10.4893,46.05108],[10.48848,46.05105],[10.48854,46.0509],[10.48761,46.0505],[10.48702,46.05015],[10.48685,46.04983],[10.48638,46.04964],[10.48628,46.04926],[10.4865,46.04914],[10.48718,46.04952],[10.48757,46.04942],[10.48757,46.0492],[10.48719,46.04913],[10.48706,46.04901],[10.48741,46.04901],[10.48728,46.04893],[10.48743,46.04873],[10.48652,46.04847]]]},"properties":{"kind":"land","cls":"scree"}},{"type":"Feature","geometry":{"type":"Polygon","coordinates":[[[10.54835,46.05667],[10.5485,46.0564],[10.54812,46.05635],[10.54812,46.05661],[10.54835,46.05667]]]},"properties":{"kind":"land","cls":"scree"}},{"type":"Feature","geometry":{"type":"Polygon","coordinates":[[[10.59798,46.05415],[10.59826,46.05394],[10.59821,46.05371],[10.59833,46.05344],[10.59805,46.0535],[10.59758,46.0538],[10.59765,46.05423],[10.59798,46.05415]]]},"properties":{"kind":"land","cls":"wetland"}},{"type":"Feature","geometry":{"type":"Polygon","coordinates":[[[10.52484,45.98501],[10.52511,45.98515],[10.52521,45.98508],[10.52505,45.98492],[10.52486,45.98492],[10.52484,45.98501]]]},"properties":{"kind":"land","cls":"bare_rock"}},{"type":"Feature","geometry":{"type":"Polygon","coordinates":[[[10.46997,46.01995],[10.47021,46.01998],[10.4702,46.02019],[10.47035,46.02027],[10.47032,46.02016],[10.47052,46.01999],[10.47048,46.01986],[10.46997,46.01955],[10.46997,46.01995]]]},"properties":{"kind":"land","cls":"bare_rock"}},{"type":"Feature","geometry":{"type":"Polygon","coordinates":[[[10.50757,45.99057],[10.50741,45.9906],[10.50768,45.99082],[10.50806,45.9909],[10.50757,45.99057]]]},"properties":{"kind":"land","cls":"bare_rock"}},{"type":"Feature","geometry":{"type":"Polygon","coordinates":[[[10.47004,45.98683],[10.47007,45.98701],[10.47015,45.98685],[10.47028,45.98683],[10.47089,45.98712],[10.47112,45.98739],[10.47125,45.98739],[10.47106,45.98719],[10.47119,45.98712],[10.47132,45.98718],[10.47139,45.98735],[10.47161,45.9873],[10.47187,45.98741],[10.47195,45.98751],[10.4717,45.98781],[10.47206,45.98781],[10.47223,45.98768],[10.47274,45.98756],[10.47347,45.98754],[10.4735,45.98775],[10.47366,45.98787],[10.47364,45.988],[10.47352,45.98802],[10.47336,45.9879],[10.47287,45.98815],[10.4726,45.98795],[10.47222,45.98796],[10.47206,45.98802],[10.47211,45.98814],[10.47201,45.98836],[10.47231,45.98824],[10.47249,45.98834],[10.47272,45.98823],[10.47282,45.98836],[10.47302,45.98831],[10.47319,45.98842],[10.47385,45.98845],[10.47415,45.98808],[10.4746,45.98834],[10.47494,45.98832],[10.4745,45.98809],[10.47433,45.98784],[10.4738,45.98824],[10.47367,45.98825],[10.47416,45.98752],[10.47345,45.98732],[10.47336,45.9872],[10.47321,45.98726],[10.47303,45.98718],[10.47282,45.98731],[10.47252,45.98724],[10.47259,45.98711],[10.47283,45.98705],[10.47274,45.98697],[10.47233,45.98697],[10.47217,45.98703],[10.47218,45.98712],[10.47205,45.98704],[10.47194,45.9872],[10.4717,45.98705],[10.47189,45.98699],[10.4719,45.98691],[10.47128,45.98684],[10.47106,45.98694],[10.47069,45.98672],[10.46997,45.98666],[10.46997,45.98684],[10.47004,45.98683]]]},"properties":{"kind":"land","cls":"forest"}},{"type":"Feature","geometry":{"type":"Polygon","coordinates":[[[10.57021,46.09704],[10.57035,46.09673],[10.57077,46.09672],[10.57131,46.09644],[10.5702,46.09606],[10.57065,46.09598],[10.5713,46.09609],[10.57129,46.096],[10.57024,46.09542],[10.57158,46.0958],[10.57181,46.09561],[10.57229,46.09562],[10.57267,46.09544],[10.57248,46.09532],[10.57159,46.09545],[10.57064,46.09528],[10.57054,46.09511],[10.57119,46.09516],[10.5712,46.09501],[10.57039,46.09448],[10.57061,46.09423],[10.57228,46.09361],[10.57161,46.09346],[10.57145,46.09333],[10.57062,46.09344],[10.57026,46.09338],[10.57015,46.09318],[10.56948,46.09322],[10.56969,46.09298],[10.57017,46.0929],[10.57101,46.09304],[10.57156,46.0926],[10.57168,46.09208],[10.57228,46.09188],[10.57278,46.09185],[10.57373,46.09129],[10.57385,46.09106],[10.57364,46.09089],[10.57304,46.09103],[10.57247,46.09103],[10.572,46.09084],[10.57141,46.09081],[10.57105,46.09063],[10.56991,46.08918],[10.56868,46.08946],[10.56696,46.0896],[10.567,46.09006],[10.56685,46.09019],[10.56704,46.09037],[10.56697,46.09068],[10.56679,46.0909],[10.56641,46.09085],[10.56612,46.09092],[10.56599,46.09114],[10.56599,46.09146],[10.56553,46.09118],[10.56612,46.09186],[10.56618,46.09204],[10.56604,46.09266],[10.5659,46.0928],[10.56592,46.09348],[10.56567,46.09365],[10.56548,46.09464],[10.56569,46.09475],[10.56577,46.0946],[10.56588,46.09459],[10.56615,46.09483],[10.56672,46.09489],[10.56714,46.09505],[10.56685,46.09527],[10.56647,46.09503],[10.5658,46.09539],[10.56551,46.09541],[10.56528,46.09531],[10.56513,46.09503],[10.56523,46.09466],[10.56513,46.09449],[10.56495,46.09488],[10.56498,46.0953],[10.56517,46.09547],[10.56568,46.0956],[10.56583,46.09554],[10.56659,46.09566],[10.56667,46.09585],[10.56621,46.09579],[10.56611,46.09593],[10.5662,46.09611],[10.56645,46.09617],[10.56648,46.09629],[10.56715,46.09622],[10.56662,46.0964],[10.56591,46.09649],[10.56605,46.09671],[10.5663,46.09684],[10.56638,46.09704],[10.57021,46.09704]]]},"properties":{"kind":"land","cls":"scrub"}},{"type":"Feature","geometry":{"type":"Polygon","coordinates":[[[10.59171,46.08175],[10.59073,46.08046],[10.58746,46.07914],[10.58608,46.07824],[10.58431,46.07762],[10.58148,46.07617],[10.58055,46.07653],[10.57997,46.07627],[10.57956,46.07639],[10.57865,46.07733],[10.5803,46.07755],[10.58037,46.07809],[10.58014,46.07969],[10.58053,46.08022],[10.58199,46.08042],[10.58581,46.0798],[10.58734,46.08031],[10.58804,46.0809],[10.58958,46.08272],[10.59048,46.08326],[10.59167,46.08201],[10.59171,46.08175]]]},"properties":{"kind":"land","cls":"scree"}},{"type":"Feature","geometry":{"type":"Polygon","coordinates":[[[10.48325,46.0886],[10.48431,46.08751],[10.48509,46.08718],[10.4849,46.08755],[10.48559,46.08784],[10.4854,46.0881],[10.48443,46.08879],[10.48386,46.0894],[10.48441,46.08984],[10.48501,46.08929],[10.48591,46.08868],[10.48671,46.08758],[10.4876,46.08729],[10.48748,46.08772],[10.48755,46.08786],[10.48838,46.08803],[10.48882,46.0879],[10.48966,46.08739],[10.48995,46.08705],[10.48979,46.08676],[10.49073,46.0864],[10.49112,46.08612],[10.49116,46.0859],[10.4908,46.08551],[10.49032,46.08522],[10.49025,46.08487],[10.49098,46.08495],[10.4913,46.08548],[10.49191,46.0858],[10.49226,46.0862],[10.4917,46.08674],[10.49306,46.08815],[10.49383,46.08857],[10.49431,46.0883],[10.49438,46.08773],[10.49471,46.08676],[10.49467,46.08561],[10.49383,46.08535],[10.49377,46.08464],[10.49431,46.08415],[10.49419,46.08381],[10.49483,46.08347],[10.49592,46.08266],[10.4961,46.08237],[10.49479,46.08193],[10.49386,46.08263],[10.4928,46.08273],[10.49229,46.08237],[10.49134,46.08305],[10.49109,46.08369],[10.49072,46.0838],[10.48994,46.08332],[10.48921,46.08338],[10.48911,46.08356],[10.48934,46.084],[10.48876,46.0841],[10.48927,46.08433],[10.48966,46.0852],[10.49016,46.08583],[10.48937,46.08583],[10.4891,46.08511],[10.48827,46.08465],[10.48841,46.08497],[10.48813,46.08562],[10.48784,46.0857],[10.48749,46.08535],[10.48748,46.08502],[10.4861,46.08469],[10.48612,46.084],[10.48593,46.08415],[10.48541,46.08433],[10.48491,46.084],[10.4847,46.08406],[10.4844,46.0844],[10.48338,46.08461],[10.48226,46.08554],[10.48125,46.08587],[10.48081,46.08621],[10.48057,46.08666],[10.47998,46.08679],[10.47982,46.08826],[10.47961,46.08882],[10.47983,46.08895],[10.48068,46.08831],[10.48136,46.0874],[10.48222,46.08669],[10.48263,46.08594],[10.48329,46.0857],[10.48328,46.08638],[10.48168,46.08791],[10.4813,46.08852],[10.48021,46.08953],[10.48279,46.08893],[10.48325,46.0886]]]},"properties":{"kind":"land","cls":"forest"}},{"type":"Feature","geometry":{"type":"Polygon","coordinates":[[[10.56896,46.08585],[10.56859,46.08586],[10.5683,46.08561],[10.56797,46.0856],[10.5665,46.08642],[10.56592,46.08642],[10.56519,46.08673],[10.56475,46.08678],[10.56454,46.08692],[10.56407,46.08694],[10.56503,46.08731],[10.5655,46.08738],[10.56591,46.0877],[10.56615,46.08859],[10.5666,46.08898],[10.56625,46.08915],[10.56624,46.08929],[10.56642,46.08939],[10.56684,46.08941],[10.56673,46.08954],[10.56696,46.0896],[10.56868,46.08946],[10.56893,46.08923],[10.56853,46.08929],[10.56853,46.08917],[10.56948,46.08901],[10.57009,46.08876],[10.56991,46.08918],[10.57105,46.09063],[10.57141,46.09081],[10.572,46.09084],[10.57195,46.09052],[10.57248,46.09025],[10.5727,46.08999],[10.57312,46.09007],[10.57327,46.08999],[10.57339,46.09026],[10.57375,46.08994],[10.57393,46.09028],[10.57437,46.08995],[10.57466,46.08953],[10.57384,46.08932],[10.57326,46.08934],[10.57293,46.08918],[10.57233,46.08916],[10.57202,46.08933],[10.57152,46.08935],[10.57128,46.08924],[10.57141,46.08899],[10.57119,46.0887],[10.57053,46.08854],[10.56992,46.08852],[10.56959,46.08865],[10.56882,46.08828],[10.56782,46.08857],[10.568,46.08828],[10.56822,46.08818],[10.56789,46.08807],[10.56745,46.08808],[10.56824,46.08782],[10.56815,46.08767],[10.5679,46.08757],[10.568,46.08727],[10.56877,46.08647],[10.56896,46.08585]]]},"properties":{"kind":"land","cls":"scrub"}},{"type":"Feature","geometry":{"type":"Polygon","coordinates":[[[10.56068,46.07949],[10.56351,46.07713],[10.56401,46.07682],[10.56457,46.07565],[10.56463,46.07493],[10.56497,46.07357],[10.56457,46.07372],[10.56399,46.07346],[10.56385,46.07366],[10.5645,46.07403],[10.56449,46.07432],[10.56417,46.07425],[10.56358,46.07449],[10.5641,46.07454],[10.56424,46.07476],[10.5637,46.07468],[10.56345,46.07484],[10.56346,46.07495],[10.56403,46.07509],[10.56409,46.0753],[10.56354,46.07628],[10.56341,46.07686],[10.56325,46.07712],[10.56226,46.07776],[10.56118,46.07879],[10.56071,46.0793],[10.56068,46.07949]]]},"properties":{"kind":"land","cls":"scree"}},{"type":"Feature","geometry":{"type":"Polygon","coordinates":[[[10.51075,46.0194],[10.51077,46.01885],[10.5106,46.0189],[10.51055,46.01902],[10.51067,46.01942],[10.51075,46.0194]]]},"properties":{"kind":"land","cls":"bare_rock"}},{"type":"Feature","geometry":{"type":"Polygon","coordinates":[[[10.50758,45.98947],[10.50768,45.98959],[10.50739,45.98949],[10.50738,45.98958],[10.50763,45.98972],[10.5078,45.98948],[10.50758,45.98947]]]},"properties":{"kind":"land","cls":"bare_rock"}},{"type":"Feature","geometry":{"type":"Polygon","coordinates":[[[10.54981,46.05519],[10.54925,46.05527],[10.54909,46.05539],[10.54933,46.05592],[10.54987,46.05582],[10.5499,46.0556],[10.5495,46.0555],[10.54936,46.05555],[10.54927,46.0554],[10.54952,46.05533],[10.54969,46.05542],[10.54997,46.05536],[10.55005,46.05525],[10.54981,46.05519]]]},"properties":{"kind":"land","cls":"forest"}},{"type":"Feature","geometry":{"type":"Polygon","coordinates":[[[10.47078,46.08226],[10.47015,46.08533],[10.47254,46.08463],[10.47385,46.08394],[10.47518,46.08248],[10.47598,46.08232],[10.47583,46.08257],[10.47622,46.08254],[10.47688,46.08195],[10.47782,46.08221],[10.47796,46.08286],[10.47759,46.08313],[10.47742,46.08378],[10.47622,46.08393],[10.4765,46.08449],[10.4774,46.08446],[10.47791,46.08467],[10.47653,46.0858],[10.47698,46.08608],[10.47794,46.08523],[10.47819,46.08569],[10.47874,46.08613],[10.47745,46.08647],[10.47627,46.0873],[10.47906,46.08629],[10.47995,46.08581],[10.47867,46.08571],[10.48056,46.08537],[10.4814,46.08508],[10.48213,46.08471],[10.48289,46.08382],[10.48302,46.08343],[10.48325,46.08338],[10.48347,46.08361],[10.48343,46.08404],[10.48401,46.08348],[10.48435,46.08342],[10.48447,46.08311],[10.48389,46.08269],[10.48434,46.0827],[10.48415,46.08235],[10.48292,46.08145],[10.48282,46.08151],[10.48373,46.0822],[10.48348,46.08228],[10.4828,46.08175],[10.48232,46.08169],[10.48138,46.08085],[10.48087,46.08053],[10.48021,46.08062],[10.47973,46.08055],[10.47943,46.08078],[10.47891,46.08084],[10.47861,46.08123],[10.47798,46.08144],[10.47806,46.08055],[10.47781,46.08042],[10.4776,46.08013],[10.47711,46.0801],[10.47694,46.07968],[10.477,46.0792],[10.47621,46.07822],[10.47587,46.07826],[10.47527,46.07766],[10.47447,46.07709],[10.47443,46.07654],[10.47468,46.07589],[10.47299,46.07439],[10.47256,46.07456],[10.47258,46.07487],[10.47131,46.07514],[10.47137,46.07529],[10.47168,46.0755],[10.47175,46.07575],[10.47113,46.07566],[10.47131,46.0758],[10.47122,46.07598],[10.47058,46.076],[10.47069,46.07557],[10.47099,46.07538],[10.47087,46.07509],[10.47102,46.07489],[10.47121,46.07475],[10.47208,46.07458],[10.47206,46.07422],[10.47176,46.07436],[10.46997,46.07436],[10.46997,46.08282],[10.47078,46.08226]]]},"properties":{"kind":"land","cls":"forest"}},{"type":"Feature","geometry":{"type":"Polygon","coordinates":[[[10.49172,46.04427],[10.49111,46.0444],[10.4908,46.044],[10.49076,46.04334],[10.49178,46.04311],[10.49243,46.04283],[10.49259,46.04243],[10.49249,46.04216],[10.48941,46.04193],[10.48848,46.04176],[10.48803,46.04151],[10.48708,46.04146],[10.48569,46.04122],[10.48505,46.04102],[10.48477,46.04069],[10.48428,46.04037],[10.48446,46.04108],[10.48403,46.04113],[10.48419,46.04144],[10.48386,46.04194],[10.48394,46.04229],[10.48445,46.04222],[10.48474,46.0425],[10.48442,46.0428],[10.48459,46.04299],[10.48496,46.04281],[10.48505,46.04313],[10.48563,46.04302],[10.48587,46.04279],[10.4862,46.04293],[10.48676,46.04269],[10.48636,46.04305],[10.48639,46.0434],[10.4868,46.04376],[10.48733,46.04376],[10.4873,46.0436],[10.48691,46.04359],[10.48708,46.04327],[10.48726,46.04328],[10.4875,46.04352],[10.4878,46.04351],[10.48778,46.04363],[10.48746,46.04369],[10.48749,46.04429],[10.48836,46.04479],[10.48847,46.04507],[10.48934,46.04536],[10.49021,46.04582],[10.48993,46.04635],[10.49107,46.04634],[10.49095,46.04668],[10.49019,46.0471],[10.49103,46.04711],[10.4917,46.04691],[10.49193,46.04673],[10.49205,46.04631],[10.49223,46.04616],[10.49203,46.0456],[10.49327,46.04498],[10.49172,46.04427]]]},"properties":{"kind":"land","cls":"scree"}},{"type":"Feature","geometry":{"type":"Polygon","coordinates":[[[10.50739,46.04256],[10.5071,46.04267],[10.50622,46.04276],[10.50608,46.04286],[10.50609,46.04297],[10.50686,46.04317],[10.50696,46.04337],[10.50712,46.04339],[10.5072,46.04334],[10.50717,46.04309],[10.50742,46.0427],[10.50739,46.04256]]]},"properties":{"kind":"land","cls":"scrub"}},{"type":"Feature","geometry":{"type":"Polygon","coordinates":[[[10.46998,45.9958],[10.4701,45.99561],[10.47082,45.99546],[10.47091,45.99528],[10.47171,45.99484],[10.47224,45.9947],[10.47255,45.99431],[10.47233,45.99416],[10.47193,45.99427],[10.47176,45.99457],[10.47119,45.9947],[10.47071,45.99509],[10.46997,45.99536],[10.46998,45.9958]]]},"properties":{"kind":"land","cls":"scree"}},{"type":"Feature","geometry":{"type":"Polygon","coordinates":[[[10.52616,46.065],[10.5269,46.06558],[10.52727,46.066],[10.52753,46.06658],[10.52803,46.06702],[10.52849,46.06697],[10.52997,46.06766],[10.53144,46.06874],[10.53189,46.06887],[10.53328,46.07043],[10.53442,46.0709],[10.53416,46.07055],[10.53364,46.07025],[10.53292,46.06937],[10.53331,46.06913],[10.53284,46.0688],[10.53247,46.0689],[10.5324,46.06845],[10.532,46.06805],[10.53277,46.06825],[10.53211,46.06773],[10.53134,46.06749],[10.53129,46.0677],[10.53167,46.06812],[10.53172,46.06862],[10.53071,46.06795],[10.52973,46.06692],[10.52833,46.06601],[10.52739,46.06513],[10.52616,46.065]]]},"properties":{"kind":"land","cls":"grassland"}},{"type":"Feature","geometry":{"type":"Polygon","coordinates":[[[10.51638,46.02848],[10.51616,46.02849],[10.51604,46.02861],[10.51608,46.0292],[10.51586,46.02967],[10.51604,46.0296],[10.51624,46.02913],[10.51622,46.02874],[10.51679,46.02883],[10.51691,46.02877],[10.51678,46.02849],[10.51653,46.02841],[10.51684,46.02831],[10.51636,46.02819],[10.51607,46.02833],[10.51638,46.02848]]]},"properties":{"kind":"land","cls":"bare_rock"}},{"type":"Feature","geometry":{"type":"Polygon","coordinates":[[[10.50473,46.01364],[10.50371,46.01378],[10.50357,46.01391],[10.5043,46.01381],[10.50439,46.01384],[10.50436,46.014],[10.50461,46.01383],[10.50548,46.01408],[10.50534,46.01431],[10.50578,46.01462],[10.50592,46.01424],[10.50645,46.01427],[10.50708,46.01416],[10.50728,46.01393],[10.5069,46.01395],[10.50675,46.01379],[10.50645,46.01374],[10.50631,46.01382],[10.50592,46.0136],[10.50588,46.01346],[10.50636,46.01311],[10.50671,46.01308],[10.50653,46.01295],[10.50544,46.01308],[10.50436,46.01281],[10.50442,46.01307],[10.50474,46.01345],[10.50473,46.01364]]]},"properties":{"kind":"land","cls":"bare_rock"}},{"type":"Feature","geometry":{"type":"Polygon","coordinates":[[[10.50961,46.05268],[10.50988,46.05259],[10.50982,46.05235],[10.50952,46.05236],[10.50949,46.0525],[10.50961,46.05268]]]},"properties":{"kind":"water","cls":"water"}},{"type":"Feature","geometry":{"type":"Polygon","coordinates":[[[10.54742,46.05769],[10.54744,46.0575],[10.5479,46.05716],[10.54774,46.05716],[10.54728,46.05755],[10.54742,46.05769]]]},"properties":{"kind":"water","cls":"pond"}},{"type":"Feature","geometry":{"type":"Polygon","coordinates":[[[10.57603,46.03609],[10.57626,46.03614],[10.57638,46.03612],[10.57613,46.03595],[10.57606,46.03577],[10.5759,46.03594],[10.57603,46.03609]]]},"properties":{"kind":"water","cls":"water"}},{"type":"Feature","geometry":{"type":"Polygon","coordinates":[[[10.57616,46.03641],[10.57631,46.03662],[10.5765,46.03657],[10.5765,46.03643],[10.57635,46.03633],[10.57616,46.03641]]]},"properties":{"kind":"water","cls":"water"}},{"type":"Feature","geometry":{"type":"Polygon","coordinates":[[[10.53503,45.98492],[10.53425,45.98599],[10.53292,45.98721],[10.53109,45.9884],[10.53118,45.98853],[10.53353,45.98694],[10.53457,45.98584],[10.5349,45.98529],[10.5353,45.98492],[10.53503,45.98492]]]},"properties":{"kind":"water","cls":"river","name":"Fiume Chiese"}},{"type":"Feature","geometry":{"type":"Polygon","coordinates":[[[10.56597,46.09704],[10.56571,46.09681],[10.56527,46.09667],[10.56574,46.09582],[10.56572,46.09567],[10.56517,46.09547],[10.56498,46.0953],[10.56493,46.09509],[10.56526,46.09416],[10.5652,46.09398],[10.56528,46.09347],[10.56604,46.09266],[10.56618,46.09204],[10.56612,46.09186],[10.56541,46.09112],[10.56536,46.09075],[10.56556,46.09003],[10.56561,46.08925],[10.56532,46.08838],[10.5651,46.08809],[10.56519,46.08777],[10.56458,46.08741],[10.56404,46.08726],[10.56381,46.08696],[10.56338,46.08676],[10.56245,46.08662],[10.56214,46.08649],[10.56191,46.08487],[10.56149,46.08474],[10.56105,46.08481],[10.56046,46.08471],[10.55958,46.08422],[10.55908,46.08345],[10.55856,46.08343],[10.55771,46.08303],[10.55762,46.08286],[10.55766,46.08275],[10.55802,46.08235],[10.558,46.08219],[10.55766,46.0819],[10.55627,46.08178],[10.55449,46.08143],[10.55326,46.0814],[10.55312,46.08129],[10.55305,46.08108],[10.55344,46.08042],[10.55349,46.07967],[10.55275,46.07977],[10.55206,46.07966],[10.55074,46.07806],[10.55065,46.07766],[10.55047,46.07741],[10.54954,46.07724],[10.54952,46.07712],[10.54996,46.07674],[10.54982,46.0764],[10.54806,46.07616],[10.54683,46.07613],[10.54678,46.07596],[10.54685,46.0757],[10.54669,46.07527],[10.5465,46.07516],[10.54598,46.07441],[10.54574,46.07365],[10.54492,46.07347],[10.54478,46.07331],[10.54466,46.07272],[10.54439,46.07258],[10.54311,46.0728],[10.54267,46.0727],[10.54201,46.07209],[10.54185,46.07183],[10.54129,46.07142],[10.5412,46.07092],[10.54062,46.07001],[10.54062,46.06921],[10.54097,46.06879],[10.54078,46.06838],[10.54063,46.06831],[10.54049,46.06847],[10.54065,46.06858],[10.5407,46.06876],[10.54059,46.06898],[10.54034,46.06916],[10.54046,46.06966],[10.54037,46.0699],[10.54042,46.07011],[10.54102,46.07094],[10.54103,46.07125],[10.54118,46.07159],[10.54167,46.07193],[10.5423,46.0726],[10.543,46.07308],[10.54391,46.07277],[10.54444,46.07291],[10.5447,46.07359],[10.54541,46.07374],[10.54558,46.07421],[10.54653,46.07537],[10.54664,46.07601],[10.54681,46.07633],[10.54774,46.07627],[10.54966,46.07653],[10.54965,46.0768],[10.5493,46.07715],[10.54931,46.07726],[10.55045,46.0776],[10.55072,46.07839],[10.55106,46.07885],[10.55209,46.07982],[10.55283,46.0799],[10.55323,46.07985],[10.55331,46.07992],[10.55322,46.08064],[10.55276,46.08128],[10.55298,46.08151],[10.55331,46.08158],[10.55401,46.08152],[10.55507,46.08174],[10.55753,46.082],[10.55774,46.08212],[10.55787,46.08233],[10.55746,46.08285],[10.5575,46.08301],[10.55776,46.08325],[10.55901,46.08366],[10.55951,46.08441],[10.56003,46.08472],[10.56169,46.08492],[10.56197,46.08603],[10.5618,46.08633],[10.5619,46.08657],[10.56225,46.08676],[10.5632,46.08682],[10.56374,46.08703],[10.56389,46.08726],[10.56508,46.08785],[10.56501,46.08819],[10.56516,46.08835],[10.56537,46.08893],[10.56542,46.08984],[10.56537,46.0903],[10.56513,46.09099],[10.5652,46.09121],[10.566,46.09199],[10.566,46.09226],[10.56594,46.09249],[10.56563,46.09292],[10.56519,46.09312],[10.56509,46.0932],[10.56491,46.09389],[10.56505,46.09439],[10.56476,46.09495],[10.56483,46.09528],[10.56503,46.09554],[10.56546,46.09577],[10.56557,46.09595],[10.56508,46.09665],[10.56515,46.09679],[10.56549,46.09684],[10.56576,46.09704],[10.56597,46.09704]],[[10.54582,46.07433],[10.54549,46.07368],[10.54568,46.07373],[10.54582,46.07433]],[[10.55294,46.08139],[10.55287,46.08124],[10.55293,46.08116],[10.55313,46.08146],[10.55294,46.08139]],[[10.56212,46.08663],[10.56193,46.0865],[10.56191,46.08626],[10.56212,46.08663]],[[10.56557,46.09301],[10.56516,46.09345],[10.5651,46.09431],[10.56496,46.09392],[10.56505,46.09348],[10.56528,46.0931],[10.56557,46.09301]]]},"properties":{"kind":"water","cls":"river","name":"Fiume Chiese"}},{"type":"Feature","geometry":{"type":"Polygon","coordinates":[[[10.57517,46.03693],[10.57575,46.0367],[10.57591,46.03642],[10.57589,46.03625],[10.57566,46.03605],[10.57511,46.03591],[10.5747,46.03608],[10.57473,46.0363],[10.57517,46.03693]]]},"properties":{"kind":"water","cls":"water","name":"Lago Ner"}},{"type":"Feature","geometry":{"type":"Polygon","coordinates":[[[10.54698,46.06072],[10.54677,46.06053],[10.54681,46.06046],[10.54674,46.06056],[10.54675,46.06069],[10.54651,46.0606],[10.54636,46.06099],[10.54668,46.0611],[10.54691,46.06093],[10.54678,46.06071],[10.54698,46.06072]]]},"properties":{"kind":"water","cls":"pond"}},{"type":"Feature","geometry":{"type":"Polygon","coordinates":[[[10.5145,46.05431],[10.51453,46.05511],[10.51449,46.05542],[10.51421,46.05588],[10.51426,46.05649],[10.51417,46.05681],[10.5145,46.05695],[10.51472,46.05738],[10.51466,46.05768],[10.51498,46.05808],[10.51538,46.05832],[10.51573,46.05886],[10.51638,46.05914],[10.51797,46.05949],[10.52024,46.06112],[10.52067,46.06153],[10.52167,46.06216],[10.52211,46.06256],[10.52281,46.06297],[10.52342,46.06357],[10.52445,46.0642],[10.52602,46.06479],[10.52641,46.06479],[10.52616,46.0645],[10.52665,46.06466],[10.52674,46.06487],[10.5269,46.06494],[10.52744,46.06464],[10.52797,46.06486],[10.52883,46.06545],[10.52897,46.06544],[10.52973,46.06613],[10.53032,46.06635],[10.53047,46.06649],[10.53128,46.06652],[10.53169,46.06663],[10.53207,46.06697],[10.53237,46.06703],[10.53285,46.06732],[10.53385,46.06852],[10.53421,46.06848],[10.53436,46.06837],[10.53466,46.06843],[10.53498,46.06886],[10.53544,46.06979],[10.53598,46.07026],[10.53601,46.07],[10.53582,46.06979],[10.53589,46.06944],[10.53613,46.06908],[10.53647,46.06906],[10.53668,46.06917],[10.53686,46.06903],[10.53684,46.06884],[10.53698,46.06872],[10.53697,46.06857],[10.53735,46.06867],[10.53784,46.06845],[10.53809,46.06847],[10.53818,46.06874],[10.53852,46.06881],[10.53875,46.06877],[10.53871,46.06863],[10.53886,46.06844],[10.53953,46.06868],[10.5398,46.06866],[10.54018,46.06845],[10.54049,46.06847],[10.54063,46.06831],[10.54018,46.06808],[10.53985,46.06817],[10.53852,46.06699],[10.53817,46.06699],[10.53807,46.06669],[10.53844,46.0667],[10.53824,46.06637],[10.53769,46.06602],[10.53712,46.06581],[10.53518,46.0645],[10.53469,46.06367],[10.53371,46.06321],[10.53354,46.06298],[10.5336,46.06283],[10.53348,46.06257],[10.53215,46.06192],[10.5313,46.06119],[10.53109,46.06112],[10.53065,46.06059],[10.53004,46.06042],[10.52978,46.06019],[10.52962,46.05983],[10.52919,46.05977],[10.52797,46.05922],[10.5261,46.05816],[10.52522,46.05749],[10.52413,46.05685],[10.52357,46.0563],[10.52266,46.05561],[10.52144,46.05414],[10.52121,46.05404],[10.52101,46.05365],[10.52105,46.05338],[10.51993,46.05364],[10.51532,46.05398],[10.5144,46.05394],[10.51459,46.05413],[10.5145,46.05431]]]},"properties":{"kind":"water","cls":"reservoir","name":"Lago di Malga Bissina"}},{"type":"Feature","geometry":{"type":"Polygon","coordinates":[[[10.52616,45.99352],[10.5268,45.99316],[10.52724,45.99267],[10.52734,45.99239],[10.52801,45.99171],[10.52812,45.99142],[10.52807,45.99084],[10.52834,45.99061],[10.5284,45.99029],[10.52893,45.98992],[10.52923,45.98942],[10.5299,45.98898],[10.52988,45.98889],[10.52899,45.98943],[10.52866,45.9899],[10.52819,45.99021],[10.52816,45.99046],[10.52767,45.99093],[10.52791,45.99141],[10.52778,45.99165],[10.52717,45.9923],[10.52698,45.99286],[10.52673,45.99312],[10.52618,45.99342],[10.52575,45.99394],[10.52616,45.99352]]]},"properties":{"kind":"water","cls":"river"}},{"type":"Feature","geometry":{"type":"Polygon","coordinates":[[[10.52438,46.0407],[10.52482,46.04058],[10.52494,46.04068],[10.52546,46.04052],[10.52562,46.04057],[10.52604,46.0403],[10.52591,46.03983],[10.52576,46.03965],[10.52601,46.03955],[10.52604,46.03936],[10.52561,46.03917],[10.52571,46.03909],[10.52496,46.03902],[10.52388,46.03945],[10.52265,46.03972],[10.52252,46.03988],[10.52285,46.03989],[10.52326,46.04052],[10.52371,46.04066],[10.52438,46.0407]]]},"properties":{"kind":"water","cls":"water","name":"Lago di Copidello"}},{"type":"Feature","geometry":{"type":"Polygon","coordinates":[[[10.51453,46.03223],[10.51446,46.0318],[10.51395,46.03141],[10.51458,46.0307],[10.51467,46.03039],[10.5145,46.02987],[10.51303,46.02919],[10.51269,46.02894],[10.51266,46.02876],[10.51313,46.02819],[10.51336,46.02745],[10.51338,46.02685],[10.51324,46.02604],[10.51349,46.02564],[10.51352,46.02534],[10.51341,46.02501],[10.51318,46.02482],[10.51311,46.02459],[10.51335,46.02378],[10.51328,46.02345],[10.51293,46.02277],[10.51308,46.02215],[10.51333,46.0217],[10.51338,46.02125],[10.51278,46.0201],[10.51262,46.01936],[10.51268,46.01882],[10.51233,46.01788],[10.51312,46.01713],[10.51331,46.01679],[10.51283,46.01598],[10.51203,46.01556],[10.51191,46.01539],[10.51204,46.01521],[10.51229,46.01518],[10.51242,46.01495],[10.51244,46.01451],[10.51272,46.01437],[10.51285,46.01414],[10.51259,46.01313],[10.51234,46.01264],[10.51243,46.01206],[10.51271,46.0115],[10.51248,46.01085],[10.51338,46.01023],[10.51355,46.01003],[10.51335,46.00991],[10.51315,46.01026],[10.51231,46.01066],[10.51225,46.01081],[10.51249,46.01147],[10.51219,46.01193],[10.51225,46.01219],[10.51214,46.01272],[10.5125,46.01328],[10.5127,46.01394],[10.51254,46.0143],[10.51228,46.01445],[10.51218,46.01503],[10.51177,46.01535],[10.51179,46.01553],[10.51199,46.01575],[10.51266,46.01606],[10.51281,46.01652],[10.51305,46.01678],[10.5121,46.01787],[10.51245,46.01884],[10.51246,46.01996],[10.51294,46.02067],[10.51313,46.02121],[10.51308,46.02169],[10.51279,46.02215],[10.51268,46.02284],[10.51309,46.02363],[10.51312,46.02406],[10.51294,46.02469],[10.51331,46.02515],[10.51336,46.02538],[10.51305,46.02602],[10.51323,46.02725],[10.51295,46.02826],[10.51269,46.02853],[10.51259,46.02888],[10.51266,46.02904],[10.51341,46.02958],[10.51441,46.03006],[10.51443,46.03059],[10.51382,46.03142],[10.51431,46.03193],[10.51436,46.03217],[10.51426,46.03245],[10.51405,46.03256],[10.51426,46.03269],[10.51453,46.03223]]]},"properties":{"kind":"water","cls":"river","name":"Fiume Chiese"}},{"type":"Feature","geometry":{"type":"Polygon","coordinates":[[[10.49654,46.0842],[10.49681,46.08424],[10.497,46.08414],[10.49644,46.08367],[10.4962,46.08362],[10.496,46.08381],[10.49654,46.0842]]]},"properties":{"kind":"water","cls":"reservoir"}},{"type":"Feature","geometry":{"type":"Polygon","coordinates":[[[10.48132,46.04443],[10.48157,46.04457],[10.48169,46.04446],[10.48156,46.0444],[10.48156,46.04431],[10.48139,46.0443],[10.48132,46.04443]]]},"properties":{"kind":"water","cls":"water"}},{"type":"Feature","geometry":{"type":"Polygon","coordinates":[[[10.51564,46.0498],[10.51583,46.04926],[10.51555,46.04903],[10.51414,46.0483],[10.51379,46.04716],[10.51483,46.04654],[10.51518,46.04642],[10.51536,46.04616],[10.51537,46.04597],[10.51495,46.04561],[10.51465,46.04514],[10.51468,46.04496],[10.5144,46.0446],[10.51405,46.04436],[10.51384,46.04373],[10.51365,46.04349],[10.51337,46.04334],[10.51318,46.04271],[10.51304,46.04259],[10.51281,46.04201],[10.51221,46.04157],[10.51207,46.04127],[10.51181,46.04105],[10.51229,46.04012],[10.51304,46.03939],[10.51304,46.03925],[10.5127,46.03869],[10.51272,46.03822],[10.51311,46.03737],[10.51315,46.03699],[10.51382,46.03636],[10.51387,46.03621],[10.51378,46.03592],[10.5134,46.03557],[10.51329,46.03566],[10.51374,46.03609],[10.51375,46.03623],[10.51296,46.03696],[10.51299,46.03726],[10.51256,46.03811],[10.51258,46.0387],[10.51283,46.03916],[10.51283,46.03938],[10.51202,46.04024],[10.51166,46.04115],[10.51217,46.04172],[10.51265,46.04203],[10.51307,46.04281],[10.51311,46.04319],[10.51359,46.04359],[10.51396,46.04445],[10.51425,46.04464],[10.51452,46.04499],[10.51484,46.04569],[10.5153,46.04605],[10.51513,46.0463],[10.51389,46.04693],[10.51364,46.04711],[10.51363,46.04721],[10.51389,46.04822],[10.51411,46.04844],[10.51572,46.04928],[10.51561,46.04979],[10.51567,46.05005],[10.51564,46.0498]]]},"properties":{"kind":"water","cls":"river","name":"Fiume Chiese"}},{"type":"Feature","geometry":{"type":"Polygon","coordinates":[[[10.49367,46.03926],[10.49457,46.04008],[10.49507,46.04031],[10.49596,46.04043],[10.49593,46.04052],[10.49616,46.04057],[10.49603,46.04069],[10.49611,46.04101],[10.49676,46.04132],[10.49797,46.04136],[10.49866,46.04151],[10.49905,46.04146],[10.49946,46.04125],[10.49997,46.04049],[10.49982,46.04019],[10.49888,46.03921],[10.49692,46.03878],[10.49599,46.03848],[10.49476,46.03829],[10.49415,46.03801],[10.4934,46.03817],[10.49313,46.03847],[10.49323,46.03874],[10.4938,46.0387],[10.49367,46.03926]]]},"properties":{"kind":"water","cls":"water","name":"Lago di Campo"}},{"type":"Feature","geometry":{"type":"Polygon","coordinates":[[[10.48194,46.04413],[10.48202,46.04439],[10.48246,46.04406],[10.48254,46.04386],[10.48208,46.04397],[10.48194,46.04413]]]},"properties":{"kind":"water","cls":"water"}},{"type":"Feature","geometry":{"type":"Polygon","coordinates":[[[10.57659,46.0359],[10.57671,46.03604],[10.57698,46.036],[10.57687,46.03576],[10.57669,46.03571],[10.57659,46.0359]]]},"properties":{"kind":"water","cls":"water"}},{"type":"Feature","geometry":{"type":"Polygon","coordinates":[[[10.5461,46.05807],[10.54625,46.05789],[10.54617,46.0578],[10.54642,46.0576],[10.54639,46.05743],[10.54625,46.05741],[10.54589,46.05782],[10.54593,46.05799],[10.5461,46.05807]]]},"properties":{"kind":"water","cls":"pond"}},{"type":"Feature","geometry":{"type":"Polygon","coordinates":[[[10.53101,45.98879],[10.53131,45.98871],[10.53117,45.98845],[10.53094,45.98834],[10.5308,45.98842],[10.53078,45.98861],[10.53101,45.98879]]]},"properties":{"kind":"water","cls":"water"}},{"type":"Feature","geometry":{"type":"Polygon","coordinates":[[[10.49653,46.06001],[10.49727,46.06021],[10.4979,46.06017],[10.49805,46.06008],[10.49814,46.05984],[10.49812,46.05972],[10.49766,46.05936],[10.49732,46.05922],[10.49709,46.05924],[10.49689,46.05939],[10.49653,46.06001]]]},"properties":{"kind":"water","cls":"water","name":"Lago di Mare"}},{"type":"Feature","geometry":{"type":"Polygon","coordinates":[[[10.52267,45.99748],[10.52295,45.99715],[10.52294,45.99674],[10.52347,45.99606],[10.52334,45.99589],[10.52199,45.99529],[10.52108,45.99603],[10.52088,45.99629],[10.52038,45.9966],[10.5192,45.99687],[10.51848,45.99685],[10.51781,45.9975],[10.51727,45.99765],[10.51674,45.99847],[10.51617,45.99895],[10.516,45.99929],[10.51583,46.00098],[10.51544,46.00159],[10.51432,46.00263],[10.51367,46.00272],[10.51297,46.00253],[10.51234,46.00254],[10.51166,46.00324],[10.51177,46.00381],[10.51174,46.00476],[10.51258,46.00656],[10.51252,46.00778],[10.51277,46.00811],[10.51335,46.00852],[10.51355,46.00905],[10.51367,46.00913],[10.51335,46.00991],[10.51355,46.01003],[10.51398,46.00926],[10.5145,46.0091],[10.51482,46.0092],[10.51499,46.00901],[10.51595,46.00874],[10.51666,46.00827],[10.51699,46.00749],[10.51676,46.0064],[10.51652,46.0061],[10.51658,46.00559],[10.51694,46.00521],[10.51787,46.00467],[10.51816,46.00425],[10.51822,46.00363],[10.51858,46.00318],[10.51856,46.00251],[10.51952,46.00177],[10.51959,46.00109],[10.51969,46.00086],[10.52035,46.00019],[10.52028,45.99937],[10.52059,45.99902],[10.52066,45.99872],[10.52235,45.99842],[10.523,45.99806],[10.52268,45.99771],[10.52267,45.99748]]]},"properties":{"kind":"water","cls":"reservoir","name":"Lago di Malga Boazzo"}},{"type":"Feature","geometry":{"type":"Polygon","coordinates":[[[10.49562,46.06305],[10.4952,46.06334],[10.49526,46.06342],[10.4961,46.06347],[10.49641,46.06322],[10.49632,46.06306],[10.49609,46.06296],[10.49562,46.06305]]]},"properties":{"kind":"water","cls":"water"}},{"type":"Feature","geometry":{"type":"Polygon","coordinates":[[[10.4846,46.05339],[10.485,46.05329],[10.48519,46.05315],[10.48533,46.053],[10.48528,46.05286],[10.48539,46.05271],[10.48528,46.05261],[10.48531,46.05236],[10.48513,46.05205],[10.48493,46.05201],[10.4849,46.05177],[10.48468,46.05173],[10.48453,46.0515],[10.48407,46.05162],[10.48397,46.05173],[10.484,46.05186],[10.48369,46.05195],[10.48351,46.05211],[10.48398,46.05307],[10.4843,46.05333],[10.4846,46.05339]]]},"properties":{"kind":"water","cls":"water","name":"Lago d'Avolo"}},{"type":"Feature","geometry":{"type":"Polygon","coordinates":[[[10.51373,46.0337],[10.51343,46.03401],[10.51325,46.03428],[10.51339,46.03429],[10.51257,46.03551],[10.51274,46.03572],[10.51296,46.03554],[10.51329,46.03566],[10.5134,46.03557],[10.51296,46.03543],[10.5129,46.03522],[10.51358,46.03418],[10.51355,46.0341],[10.51397,46.03379],[10.51385,46.03368],[10.51404,46.03317],[10.51432,46.03304],[10.51426,46.03269],[10.51409,46.03257],[10.51353,46.0326],[10.51325,46.03292],[10.51324,46.03324],[10.51369,46.03346],[10.51373,46.0337]]]},"properties":{"kind":"water","cls":"lake","name":"lago di Nudole"}},{"type":"Feature","geometry":{"type":"Polygon","coordinates":[[[10.5299,45.98898],[10.5307,45.98889],[10.5309,45.98872],[10.53078,45.98861],[10.53055,45.9888],[10.52988,45.98889],[10.5299,45.98898]]]},"properties":{"kind":"water","cls":"river"}}]}