{"type":"FeatureCollection","features":[{"type":"Feature","geometry":{"type":"LineString","coordinates":[[10.53576,45.98498],[10.53564,45.98545],[10.53524,45.98617],[10.53494,45.98701],[10.5347,45.98736],[10.53426,45.98775],[10.53374,45.98802],[10.53271,45.98824],[10.53203,45.98824],[10.5315,45.98808],[10.53117,45.98767],[10.53091,45.98688],[10.53044,45.98617],[10.53039,45.98593],[10.53058,45.98581],[10.53117,45.98574],[10.53271,45.98566],[10.53317,45.98545],[10.53363,45.98498]]},"properties":{"ele":1020,"major":0}},{"type":"Feature","geometry":{"type":"LineString","coordinates":[[10.53616,45.98498],[10.536,45.98569],[10.53541,45.98724],[10.53512,45.98776],[10.53477,45.98816],[10.53443,45.98843],[10.53409,45.98858],[10.5322,45.98877],[10.53134,45.98866],[10.531,45.9885],[10.53076,45.98832],[10.53056,45.98796],[10.53029,45.98712],[10.52939,45.98593],[10.52921,45.98545],[10.52914,45.98498]]},"properties":{"ele":1040,"major":0}},{"type":"Feature","geometry":{"type":"LineString","coordinates":[[10.53644,45.98498],[10.53632,45.98581],[10.5358,45.98724],[10.53546,45.98798],[10.53489,45.98879],[10.5346,45.98901],[10.53426,45.98912],[10.53237,45.98917],[10.53168,45.98913],[10.53117,45.98903],[10.53065,45.98884],[10.53031,45.98856],[10.5301,45.9882],[10.52979,45.98712],[10.52897,45.98593],[10.52862,45.98498]]},"properties":{"ele":1060,"major":0}},{"type":"Feature","geometry":{"type":"LineString","coordinates":[[10.53668,45.98498],[10.53659,45.98593],[10.53642,45.98653],[10.53584,45.98796],[10.53529,45.98908],[10.53506,45.98939],[10.53477,45.98959],[10.53443,45.98973],[10.53391,45.98978],[10.53117,45.98939],[10.53048,45.98922],[10.5301,45.98903],[10.52988,45.98879],[10.52971,45.98843],[10.52936,45.98712],[10.52859,45.98593],[10.52817,45.98498]]},"properties":{"ele":1080,"major":0}},{"type":"Feature","geometry":{"type":"LineString","coordinates":[[10.53691,45.98498],[10.53686,45.98605],[10.53674,45.98665],[10.53624,45.98772],[10.53559,45.98939],[10.53531,45.98975],[10.53494,45.99001],[10.53443,45.99021],[10.53391,45.99029],[10.53323,45.99021],[10.53151,45.98981],[10.53048,45.98968],[10.5297,45.98975],[10.52911,45.99002],[10.52894,45.99005],[10.52885,45.98998],[10.52882,45.98975],[10.52913,45.98927],[10.52922,45.98891],[10.52906,45.98748],[10.52884,45.98688],[10.52813,45.98581],[10.52771,45.98498]]},"properties":{"ele":1100,"major":1}},{"type":"Feature","geometry":{"type":"LineString","coordinates":[[10.53713,45.98498],[10.53715,45.98629],[10.53707,45.98676],[10.53649,45.98784],[10.53593,45.98951],[10.53569,45.98987],[10.53529,45.99022],[10.5346,45.99056],[10.53391,45.99067],[10.53323,45.99059],[10.53134,45.99015],[10.53048,45.99014],[10.52997,45.9904],[10.52894,45.99133],[10.52859,45.99153],[10.52825,45.99162],[10.52808,45.99157],[10.52791,45.99133],[10.52783,45.99034],[10.5279,45.98998],[10.52805,45.98963],[10.52855,45.98891],[10.52866,45.98867],[10.52871,45.98832],[10.52864,45.9876],[10.52836,45.98676],[10.52746,45.98545],[10.52721,45.98498]]},"properties":{"ele":1120,"major":0}},{"type":"Feature","geometry":{"type":"LineString","coordinates":[[10.53737,45.98498],[10.53737,45.98545],[10.53749,45.98653],[10.53743,45.98688],[10.53676,45.98796],[10.53645,45.98915],[10.53626,45.98963],[10.53597,45.99004],[10.53552,45.99046],[10.53477,45.99089],[10.53409,45.99102],[10.5334,45.99096],[10.53151,45.99055],[10.531,45.99053],[10.53065,45.99059],[10.53025,45.99082],[10.52928,45.99175],[10.52859,45.99231],[10.52808,45.9926],[10.52773,45.99267],[10.52753,45.99261],[10.52739,45.99237],[10.52737,45.99094],[10.52758,45.98975],[10.52815,45.98855],[10.5282,45.9882],[10.52817,45.98772],[10.52808,45.98724],[10.52791,45.98681],[10.52672,45.98498]]},"properties":{"ele":1140,"major":0}},{"type":"Feature","geometry":{"type":"LineString","coordinates":[[10.53763,45.98498],[10.53763,45.98545],[10.53785,45.98653],[10.53782,45.98688],[10.53709,45.98808],[10.53688,45.98915],[10.53662,45.98975],[10.53626,45.99022],[10.53577,45.9907],[10.53512,45.99118],[10.53477,45.99133],[10.53443,45.99139],[10.5334,45.99128],[10.53203,45.99095],[10.53151,45.99091],[10.531,45.99098],[10.53048,45.99127],[10.52894,45.9926],[10.52825,45.99311],[10.52756,45.99344],[10.52688,45.99361],[10.52669,45.99356],[10.52662,45.99344],[10.52661,45.99321],[10.52693,45.99189],[10.52704,45.99082],[10.52722,45.98991],[10.52757,45.98867],[10.52762,45.98808],[10.52748,45.98736],[10.52723,45.98665],[10.52631,45.98498]]},"properties":{"ele":1160,"major":0}},{"type":"Feature","geometry":{"type":"LineString","coordinates":[[10.5379,45.98498],[10.53792,45.98545],[10.5382,45.98653],[10.53816,45.987],[10.53755,45.98808],[10.53734,45.98915],[10.537,45.98987],[10.53645,45.99058],[10.53563,45.9914],[10.53512,45.99169],[10.5346,45.99177],[10.53391,45.9917],[10.5322,45.99131],[10.53168,45.99131],[10.5312,45.99142],[10.53048,45.99184],[10.52825,45.99357],[10.52653,45.99455],[10.52602,45.9947],[10.52567,45.9946],[10.52556,45.9944],[10.52557,45.99416],[10.52569,45.9938],[10.52628,45.99273],[10.52656,45.99201],[10.52699,45.98963],[10.52706,45.98879],[10.52662,45.98641],[10.52599,45.98498]]},"properties":{"ele":1180,"major":0}},{"type":"Feature","geometry":{"type":"LineString","coordinates":[[10.53821,45.98498],[10.53826,45.98557],[10.53855,45.98653],[10.5385,45.98712],[10.538,45.9882],[10.53779,45.98915],[10.53758,45.98963],[10.537,45.9906],[10.53611,45.99165],[10.53556,45.99201],[10.53494,45.99214],[10.53426,45.99209],[10.5322,45.99169],[10.53168,45.99172],[10.53134,45.99183],[10.53048,45.9923],[10.52859,45.99378],[10.52688,45.99492],[10.52619,45.99523],[10.52567,45.99532],[10.52524,45.99523],[10.52499,45.99504],[10.52483,45.99476],[10.52481,45.9944],[10.52497,45.99404],[10.52567,45.99315],[10.52625,45.99201],[10.52671,45.98951],[10.52661,45.98879],[10.52619,45.98754],[10.52614,45.98617],[10.52571,45.98498]]},"properties":{"ele":1200,"major":1}},{"type":"Feature","geometry":{"type":"LineString","coordinates":[[10.514,46.00921],[10.51383,46.00905],[10.51366,46.00833],[10.51357,46.00823],[10.51314,46.00804],[10.51253,46.0074],[10.51241,46.0068],[10.51249,46.00608],[10.51241,46.00585],[10.51207,46.00537],[10.512,46.00453],[10.51183,46.0043],[10.5117,46.00394],[10.51116,46.00334],[10.51092,46.00322],[10.51087,46.0031],[10.51108,46.00293],[10.5116,46.00284],[10.51173,46.00275],[10.51188,46.00239],[10.51207,46.00215],[10.51212,46.00191],[10.51229,46.00168],[10.51246,46.00157],[10.51297,46.00176],[10.51383,46.00174],[10.5141,46.00179],[10.51423,46.00191],[10.51435,46.00233],[10.51469,46.00217],[10.51503,46.00167],[10.51538,46.00094],[10.51593,46.0],[10.51613,45.99953],[10.51622,45.99905],[10.51642,45.99881],[10.51761,45.99801],[10.51812,45.99782],[10.51847,45.99742],[10.51915,45.99735],[10.5195,45.99721],[10.52042,45.99654],[10.52087,45.99634],[10.52151,45.99571],[10.52216,45.99535],[10.52241,45.9953],[10.52276,45.99541],[10.52317,45.99583],[10.5233,45.99607],[10.52327,45.9962],[10.52303,45.99654],[10.52294,45.99726],[10.52272,45.9975],[10.52259,45.99786],[10.52241,45.99808],[10.52173,45.99849],[10.52121,45.99862],[10.5206,45.99929],[10.52011,46.00072],[10.5195,46.00164],[10.51888,46.00239],[10.51806,46.00441],[10.51722,46.00537],[10.51698,46.00573],[10.51689,46.0062],[10.51703,46.00716],[10.51691,46.00763],[10.51675,46.00797],[10.51623,46.00843],[10.51435,46.00922],[10.514,46.00921]]},"properties":{"ele":1220,"major":0}},{"type":"Feature","geometry":{"type":"LineString","coordinates":[[10.53856,45.98498],[10.53858,45.98557],[10.53889,45.98665],[10.53881,45.98724],[10.53844,45.9882],[10.53811,45.98939],[10.53786,45.98992],[10.53703,45.9913],[10.53648,45.99189],[10.5358,45.99232],[10.53512,45.99247],[10.53443,45.99243],[10.53237,45.99206],[10.53185,45.99208],[10.53151,45.99217],[10.53067,45.99261],[10.52931,45.99368],[10.52709,45.99523],[10.52619,45.99564],[10.5255,45.99578],[10.52499,45.9957],[10.52436,45.99535],[10.52398,45.99499],[10.52384,45.99452],[10.52405,45.99416],[10.52499,45.99346],[10.52548,45.99285],[10.52602,45.99184],[10.52637,45.99022],[10.52643,45.98975],[10.52637,45.98927],[10.52582,45.98808],[10.52569,45.9876],[10.52567,45.98712],[10.52575,45.98617],[10.52545,45.98498]]},"properties":{"ele":1220,"major":0}},{"type":"Feature","geometry":{"type":"LineString","coordinates":[[10.53897,45.98498],[10.53897,45.98557],[10.5392,45.98665],[10.53911,45.98736],[10.53827,45.98987],[10.53752,45.99119],[10.53696,45.99189],[10.53615,45.99251],[10.5358,45.99265],[10.53529,45.99275],[10.53453,45.99273],[10.53254,45.99242],[10.53168,45.9925],[10.531,45.99282],[10.52962,45.99389],[10.52768,45.99523],[10.5266,45.99583],[10.52619,45.99597],[10.5255,45.99609],[10.52482,45.99609],[10.52379,45.99596],[10.52361,45.99604],[10.52327,45.99661],[10.52316,45.99714],[10.52281,45.99762],[10.52265,45.99798],[10.52241,45.99821],[10.52173,45.99863],[10.52126,45.99881],[10.5209,45.99929],[10.52059,46.00048],[10.52035,46.00103],[10.51926,46.00275],[10.51849,46.00453],[10.51787,46.00537],[10.51768,46.00573],[10.51759,46.00608],[10.51761,46.0068],[10.51754,46.00728],[10.5174,46.00763],[10.51709,46.00811],[10.51641,46.00876],[10.5146,46.0099],[10.514,46.01009],[10.51366,46.01008],[10.51332,46.00998],[10.51314,46.00989],[10.51294,46.00966],[10.51281,46.0093],[10.51276,46.00871],[10.51263,46.00823],[10.51219,46.00751],[10.512,46.00704],[10.51197,46.00668],[10.51215,46.0062],[10.51218,46.00596],[10.51188,46.00537],[10.51185,46.00465],[10.5115,46.00394],[10.51109,46.00346],[10.51074,46.00324],[10.51073,46.0031],[10.51098,46.00286],[10.5116,46.00268],[10.51192,46.00215],[10.51206,46.00179],[10.51229,46.00156],[10.51246,46.00147],[10.51314,46.00166],[10.51435,46.00154],[10.51478,46.00108],[10.51589,45.99946],[10.51607,45.99893],[10.51722,45.99786],[10.5175,45.9975],[10.51847,45.99702],[10.51984,45.99669],[10.5207,45.99629],[10.52138,45.99563],[10.52173,45.99546],[10.52207,45.99517],[10.52247,45.99499],[10.52259,45.99476],[10.52327,45.99402],[10.52464,45.9933],[10.52501,45.99297],[10.5257,45.99177],[10.52608,45.99046],[10.52615,45.98987],[10.52611,45.98951],[10.52599,45.98915],[10.52541,45.9882],[10.5253,45.98784],[10.52523,45.98712],[10.52534,45.98593],[10.52518,45.98498]]},"properties":{"ele":1240,"major":0}},{"type":"Feature","geometry":{"type":"LineString","coordinates":[[10.53945,45.98498],[10.53941,45.98545],[10.53953,45.98641],[10.53949,45.987],[10.53939,45.98748],[10.5388,45.98939],[10.53856,45.98998],[10.53786,45.99118],[10.53752,45.99167],[10.53709,45.99213],[10.53666,45.99249],[10.53615,45.99282],[10.53546,45.99302],[10.53477,45.99301],[10.53271,45.99277],[10.5322,45.99278],[10.53168,45.99289],[10.53117,45.99316],[10.52917,45.99464],[10.52726,45.99583],[10.52619,45.9962],[10.5243,45.99644],[10.52379,45.99664],[10.52293,45.99762],[10.52267,45.99809],[10.52147,45.99893],[10.5213,45.99917],[10.52085,46.0006],[10.52055,46.00131],[10.51956,46.00298],[10.51893,46.00441],[10.51818,46.00561],[10.51809,46.00596],[10.51797,46.00716],[10.51778,46.00763],[10.51744,46.00815],[10.51658,46.00902],[10.51486,46.01025],[10.51435,46.01044],[10.51383,46.01054],[10.51332,46.01054],[10.5128,46.0104],[10.51249,46.01014],[10.51232,46.00978],[10.51208,46.00871],[10.51167,46.0074],[10.51161,46.0068],[10.51182,46.00585],[10.51168,46.00537],[10.51164,46.00465],[10.51138,46.00406],[10.51104,46.00358],[10.5107,46.00334],[10.51061,46.00322],[10.51062,46.0031],[10.51091,46.0028],[10.51148,46.00263],[10.51187,46.00203],[10.51195,46.00179],[10.51229,46.00147],[10.51263,46.00139],[10.51314,46.00155],[10.5138,46.00143],[10.51402,46.00131],[10.51469,46.00058],[10.51563,45.99929],[10.51587,45.99881],[10.51705,45.9975],[10.51864,45.9966],[10.5195,45.99643],[10.52001,45.99641],[10.52059,45.99619],[10.52101,45.99571],[10.52173,45.99524],[10.52207,45.99472],[10.52294,45.99392],[10.52327,45.99368],[10.52442,45.99309],[10.52481,45.99273],[10.52516,45.99187],[10.52574,45.99082],[10.52589,45.98998],[10.52572,45.98927],[10.52508,45.98832],[10.52491,45.98784],[10.52483,45.98712],[10.52495,45.98581],[10.52489,45.98498]]},"properties":{"ele":1260,"major":0}},{"type":"Feature","geometry":{"type":"LineString","coordinates":[[10.47006,46.07261],[10.47025,46.07281],[10.47037,46.07329],[10.4703,46.07353],[10.47006,46.07374]]},"properties":{"ele":1280,"major":0}},{"type":"Feature","geometry":{"type":"LineString","coordinates":[[10.54007,45.98498],[10.53974,45.98736],[10.53898,45.98975],[10.53803,45.99136],[10.53769,45.99182],[10.53718,45.99236],[10.53632,45.99302],[10.53597,45.9932],[10.53563,45.99329],[10.53512,45.9933],[10.53288,45.99311],[10.53237,45.99314],[10.53185,45.99327],[10.53134,45.99354],[10.5297,45.99476],[10.52756,45.99596],[10.52636,45.99636],[10.52447,45.99665],[10.52396,45.99684],[10.52309,45.99762],[10.52279,45.99809],[10.52216,45.99857],[10.52148,45.99941],[10.52079,46.00143],[10.51992,46.00298],[10.51917,46.00453],[10.5186,46.00549],[10.51849,46.00585],[10.51842,46.00668],[10.51831,46.00716],[10.5181,46.00763],[10.51776,46.00811],[10.51675,46.00923],[10.51572,46.01013],[10.5152,46.01046],[10.51452,46.01074],[10.51366,46.01098],[10.51314,46.01103],[10.51263,46.01093],[10.51235,46.01073],[10.51211,46.01046],[10.51177,46.00963],[10.5114,46.00811],[10.51133,46.00692],[10.51144,46.00596],[10.51126,46.00525],[10.51123,46.00453],[10.51091,46.0037],[10.51055,46.00334],[10.51052,46.0031],[10.51091,46.00269],[10.51143,46.00251],[10.51193,46.00167],[10.51229,46.00138],[10.51263,46.00131],[10.51314,46.00139],[10.51334,46.00131],[10.51378,46.00096],[10.51456,46.00012],[10.51526,45.99893],[10.51675,45.99746],[10.5176,45.99702],[10.51847,45.99648],[10.52037,45.99607],[10.5207,45.99568],[10.5214,45.99523],[10.52198,45.99452],[10.52277,45.9938],[10.52327,45.99342],[10.52413,45.99294],[10.52447,45.99262],[10.52478,45.99189],[10.52549,45.99082],[10.52564,45.99022],[10.52561,45.98987],[10.52545,45.98939],[10.52482,45.98842],[10.52456,45.98772],[10.52448,45.98676],[10.5246,45.98498]]},"properties":{"ele":1280,"major":0}},{"type":"Feature","geometry":{"type":"LineString","coordinates":[[10.47006,46.07192],[10.4704,46.07214],[10.47071,46.07246],[10.4709,46.07281],[10.47094,46.07317],[10.4709,46.07353],[10.47072,46.07389],[10.47043,46.07412],[10.47006,46.07426]]},"properties":{"ele":1300,"major":1}},{"type":"Feature","geometry":{"type":"LineString","coordinates":[[10.5408,45.98498],[10.54044,45.98586],[10.53983,45.9882],[10.53923,45.98987],[10.53844,45.99118],[10.5379,45.99189],[10.53735,45.99248],[10.53632,45.99335],[10.5358,45.99357],[10.53529,45.99359],[10.53357,45.9934],[10.53288,45.99343],[10.5322,45.99357],[10.53168,45.99379],[10.53117,45.99411],[10.52997,45.99505],[10.52784,45.99607],[10.52682,45.99642],[10.52447,45.99682],[10.52403,45.99702],[10.52327,45.99766],[10.52282,45.99821],[10.52224,45.99868],[10.52167,45.99953],[10.52095,46.00167],[10.51896,46.00537],[10.51882,46.00585],[10.51868,46.00704],[10.51846,46.00751],[10.51821,46.00787],[10.51675,46.00965],[10.51623,46.01015],[10.51576,46.0105],[10.51503,46.01088],[10.51366,46.01143],[10.51297,46.01155],[10.51246,46.01143],[10.51211,46.01117],[10.51177,46.01071],[10.51131,46.00954],[10.51108,46.00824],[10.51104,46.00608],[10.51075,46.00501],[10.51073,46.0043],[10.5106,46.0037],[10.51042,46.00334],[10.51046,46.00298],[10.51074,46.00265],[10.51126,46.00237],[10.5116,46.00201],[10.51178,46.00167],[10.51211,46.00138],[10.51229,46.00128],[10.5128,46.00117],[10.5133,46.00084],[10.5143,45.99988],[10.51503,45.99865],[10.51606,45.99788],[10.51656,45.99738],[10.51736,45.99702],[10.51829,45.99641],[10.52018,45.99586],[10.52121,45.9951],[10.52207,45.99418],[10.52412,45.99249],[10.52529,45.9907],[10.5254,45.99022],[10.52525,45.98963],[10.52456,45.98843],[10.52426,45.9876],[10.52417,45.98629],[10.52419,45.98569],[10.52431,45.98498]]},"properties":{"ele":1300,"major":1}},{"type":"Feature","geometry":{"type":"LineString","coordinates":[[10.47006,46.07152],[10.4705,46.07174],[10.4714,46.07246],[10.4716,46.07281],[10.47149,46.07329],[10.47101,46.07412],[10.47074,46.07436],[10.47006,46.07466]]},"properties":{"ele":1320,"major":0}},{"type":"Feature","geometry":{"type":"LineString","coordinates":[[10.54146,45.98498],[10.54093,45.98581],[10.54059,45.98653],[10.54007,45.98843],[10.53932,45.99034],[10.53808,45.99201],[10.53683,45.99327],[10.53632,45.9937],[10.5358,45.9939],[10.53529,45.99391],[10.53426,45.99372],[10.53374,45.99369],[10.53306,45.99373],[10.53254,45.99384],[10.53203,45.99403],[10.53151,45.99431],[10.5301,45.99535],[10.52844,45.99607],[10.52705,45.99653],[10.52464,45.99694],[10.52417,45.99714],[10.52246,45.99869],[10.52198,45.99941],[10.5217,46.0],[10.52117,46.00179],[10.51923,46.00537],[10.51911,46.00585],[10.51905,46.0068],[10.51889,46.00728],[10.51858,46.00775],[10.51779,46.00871],[10.51706,46.00978],[10.51662,46.01026],[10.51615,46.01061],[10.51383,46.01181],[10.51297,46.01211],[10.51263,46.01214],[10.51229,46.01206],[10.51208,46.01193],[10.51177,46.01151],[10.51136,46.01073],[10.51099,46.00978],[10.51075,46.00728],[10.51057,46.00656],[10.51057,46.00573],[10.51037,46.00489],[10.51041,46.0043],[10.51028,46.00334],[10.51032,46.00298],[10.51057,46.00257],[10.51136,46.00191],[10.51166,46.00155],[10.51211,46.00122],[10.51246,46.00107],[10.51399,45.99976],[10.51435,45.99934],[10.5149,45.99845],[10.51589,45.9978],[10.51631,45.99738],[10.51726,45.99694],[10.51779,45.99654],[10.51847,45.99623],[10.51915,45.99604],[10.51999,45.99571],[10.52055,45.99535],[10.52121,45.99483],[10.5219,45.99411],[10.52356,45.99261],[10.5243,45.99175],[10.525,45.9907],[10.52514,45.99022],[10.52505,45.98987],[10.52431,45.98843],[10.52396,45.98748],[10.52384,45.98593],[10.52402,45.98498]]},"properties":{"ele":1320,"major":0}},{"type":"Feature","geometry":{"type":"LineString","coordinates":[[10.47006,46.07127],[10.4704,46.0714],[10.47126,46.07196],[10.472,46.07234],[10.47227,46.07258],[10.47243,46.07293],[10.47228,46.07329],[10.47114,46.07436],[10.47074,46.07463],[10.47006,46.07491]]},"properties":{"ele":1340,"major":0}},{"type":"Feature","geometry":{"type":"LineString","coordinates":[[10.54204,45.98498],[10.54134,45.98581],[10.54086,45.98665],[10.54064,45.98724],[10.54034,45.98855],[10.53958,45.99047],[10.53803,45.9924],[10.53649,45.99394],[10.53615,45.99415],[10.53563,45.99425],[10.53391,45.99398],[10.53323,45.99402],[10.53254,45.99418],[10.53168,45.99463],[10.53082,45.99534],[10.52989,45.99583],[10.52739,45.99659],[10.52447,45.99716],[10.5243,45.99726],[10.52379,45.99779],[10.52261,45.99881],[10.52233,45.99917],[10.52196,45.99988],[10.52138,46.00191],[10.5195,46.00537],[10.51938,46.00585],[10.51932,46.0068],[10.51916,46.00728],[10.51886,46.00775],[10.51813,46.00859],[10.51726,46.01007],[10.51687,46.0105],[10.51641,46.01083],[10.51486,46.01159],[10.51349,46.01239],[10.5128,46.01268],[10.51246,46.0127],[10.51211,46.0126],[10.51177,46.01238],[10.51153,46.01205],[10.51067,46.0099],[10.51053,46.00787],[10.51029,46.0068],[10.51025,46.00561],[10.51011,46.00489],[10.51016,46.00418],[10.5101,46.00334],[10.51023,46.00275],[10.5104,46.00249],[10.5116,46.00127],[10.51353,45.99976],[10.51435,45.99891],[10.51453,45.99857],[10.51476,45.99833],[10.51572,45.99773],[10.51623,45.99728],[10.51709,45.99692],[10.51778,45.99643],[10.5193,45.99583],[10.52041,45.99523],[10.5224,45.99344],[10.52412,45.99154],[10.52476,45.99058],[10.52485,45.99022],[10.52474,45.98987],[10.5241,45.98855],[10.52369,45.98748],[10.52353,45.98593],[10.52376,45.98498]]},"properties":{"ele":1340,"major":0}},{"type":"Feature","geometry":{"type":"LineString","coordinates":[[10.47006,46.07106],[10.47057,46.07128],[10.47143,46.07178],[10.47266,46.07234],[10.47306,46.07269],[10.47321,46.07305],[10.47312,46.07341],[10.47277,46.07377],[10.47177,46.07423],[10.47091,46.07476],[10.47006,46.0751]]},"properties":{"ele":1360,"major":0}},{"type":"Feature","geometry":{"type":"LineString","coordinates":[[10.54259,45.98498],[10.54173,45.98581],[10.54109,45.98676],[10.54086,45.98736],[10.54058,45.98867],[10.54006,45.9901],[10.53983,45.99058],[10.53796,45.99285],[10.53653,45.99428],[10.53615,45.99448],[10.5358,45.99455],[10.53512,45.9945],[10.53391,45.99429],[10.5334,45.99431],[10.53271,45.99448],[10.532,45.99487],[10.53121,45.99559],[10.53048,45.996],[10.52945,45.99619],[10.52756,45.9967],[10.52584,45.99702],[10.52448,45.99738],[10.5238,45.99809],[10.52276,45.99896],[10.5225,45.99929],[10.52214,46.0],[10.52158,46.00203],[10.51979,46.00537],[10.51966,46.00585],[10.51956,46.00692],[10.51944,46.00728],[10.51914,46.00775],[10.51833,46.00871],[10.51744,46.01043],[10.51697,46.01085],[10.51502,46.01181],[10.51297,46.01315],[10.51263,46.01326],[10.51211,46.01318],[10.5116,46.01286],[10.51123,46.0124],[10.51037,46.01014],[10.51039,46.00883],[10.51033,46.00799],[10.51004,46.0068],[10.50999,46.00549],[10.50989,46.00489],[10.50994,46.00418],[10.50989,46.00346],[10.51004,46.00275],[10.51027,46.00239],[10.51143,46.0011],[10.51303,45.99976],[10.51354,45.99917],[10.51414,45.99869],[10.51446,45.99833],[10.51555,45.99768],[10.51623,45.99715],[10.51692,45.9969],[10.51761,45.99641],[10.51921,45.99571],[10.52035,45.99505],[10.52224,45.99333],[10.52339,45.99189],[10.52387,45.99142],[10.52438,45.99058],[10.52449,45.99022],[10.52438,45.98975],[10.52374,45.98843],[10.52341,45.98748],[10.52339,45.98676],[10.52326,45.98593],[10.52352,45.98498]]},"properties":{"ele":1360,"major":0}},{"type":"Feature","geometry":{"type":"LineString","coordinates":[[10.47006,46.07083],[10.47143,46.07155],[10.47282,46.0721],[10.47344,46.07246],[10.47383,46.07293],[10.47396,46.07365],[10.47385,46.074],[10.47366,46.07415],[10.47315,46.07431],[10.47177,46.07459],[10.47006,46.07528]]},"properties":{"ele":1380,"major":0}},{"type":"Feature","geometry":{"type":"LineString","coordinates":[[10.54311,45.98498],[10.54209,45.98581],[10.54136,45.98676],[10.54111,45.98736],[10.54078,45.98881],[10.54029,45.99022],[10.54009,45.99061],[10.53821,45.99294],[10.53683,45.9944],[10.53632,45.9947],[10.5358,45.99481],[10.53391,45.9946],[10.53323,45.99467],[10.53271,45.99485],[10.53237,45.99506],[10.531,45.99626],[10.53087,45.99631],[10.53014,45.99627],[10.52962,45.99635],[10.52773,45.99681],[10.52636,45.99704],[10.52513,45.99738],[10.52458,45.99762],[10.52405,45.99821],[10.5229,45.99917],[10.52239,46.0],[10.52176,46.00215],[10.52005,46.00549],[10.51992,46.00596],[10.51986,46.00692],[10.51976,46.00728],[10.51865,46.00871],[10.51776,46.01061],[10.51739,46.01097],[10.51572,46.01171],[10.51438,46.01252],[10.51352,46.01324],[10.51263,46.01453],[10.51246,46.01469],[10.51229,46.01473],[10.51211,46.01469],[10.51194,46.01453],[10.51091,46.01271],[10.51018,46.01097],[10.51004,46.0105],[10.51001,46.01002],[10.51013,46.00918],[10.51015,46.00823],[10.51006,46.00751],[10.50982,46.00668],[10.50978,46.00549],[10.50968,46.00477],[10.50968,46.00358],[10.50986,46.00275],[10.51005,46.00239],[10.51115,46.00108],[10.51335,45.99893],[10.51407,45.99833],[10.5152,45.99774],[10.51606,45.99712],[10.51692,45.99679],[10.51761,45.99631],[10.51915,45.99558],[10.52012,45.99499],[10.52191,45.99332],[10.52222,45.99285],[10.52305,45.99189],[10.52365,45.9913],[10.52399,45.9907],[10.52414,45.9901],[10.52408,45.98975],[10.52383,45.98915],[10.52327,45.98832],[10.52316,45.98772],[10.52313,45.98676],[10.52302,45.98605],[10.52328,45.98498]]},"properties":{"ele":1380,"major":0}},{"type":"Feature","geometry":{"type":"LineString","coordinates":[[10.47006,46.07056],[10.4716,46.07141],[10.47339,46.0721],[10.47413,46.07258],[10.47448,46.07293],[10.47502,46.07377],[10.47536,46.07436],[10.47547,46.07484],[10.47539,46.07508],[10.47522,46.0752],[10.47486,46.07524],[10.47315,46.07488],[10.47212,46.07485],[10.47006,46.07548]]},"properties":{"ele":1400,"major":1}},{"type":"Feature","geometry":{"type":"LineString","coordinates":[[10.54358,45.98498],[10.54233,45.98592],[10.54172,45.98665],[10.54136,45.98736],[10.54097,45.98891],[10.54053,45.99022],[10.54027,45.99076],[10.53838,45.99309],[10.53731,45.99428],[10.53689,45.99464],[10.53632,45.99494],[10.5358,45.99503],[10.53529,45.99503],[10.53409,45.99489],[10.5334,45.99497],[10.53288,45.99515],[10.53254,45.99535],[10.53135,45.99642],[10.53117,45.99653],[10.53082,45.99656],[10.53014,45.99644],[10.52979,45.99648],[10.52791,45.99692],[10.52653,45.99714],[10.52571,45.99738],[10.52482,45.99782],[10.52421,45.99845],[10.52311,45.99941],[10.52264,46.00012],[10.52193,46.00227],[10.52032,46.00561],[10.52018,46.00608],[10.52017,46.00704],[10.52008,46.0074],[10.51899,46.00871],[10.51812,46.01073],[10.51792,46.01097],[10.51761,46.01118],[10.51641,46.01161],[10.51538,46.01214],[10.51419,46.013],[10.51387,46.01336],[10.51357,46.01395],[10.51344,46.01443],[10.51336,46.01526],[10.51314,46.0158],[10.5128,46.01615],[10.51263,46.01619],[10.51229,46.01611],[10.51113,46.0155],[10.51082,46.01514],[10.51069,46.01467],[10.51044,46.01276],[10.5102,46.01205],[10.50971,46.01097],[10.50965,46.01014],[10.50986,46.0093],[10.50995,46.00823],[10.50988,46.00751],[10.50964,46.00668],[10.50959,46.00549],[10.50946,46.00477],[10.50948,46.00358],[10.50964,46.00286],[10.50993,46.00227],[10.5115,46.00024],[10.51313,45.99881],[10.5139,45.99821],[10.51486,45.9978],[10.51601,45.99702],[10.51692,45.99668],[10.51761,45.99621],[10.51983,45.99499],[10.52091,45.99404],[10.52153,45.99332],[10.52181,45.99285],[10.52224,45.99248],[10.52271,45.99189],[10.52339,45.9913],[10.52373,45.9907],[10.52383,45.98998],[10.52355,45.98927],[10.52303,45.98855],[10.52288,45.98808],[10.5228,45.98617],[10.52286,45.98569],[10.52306,45.98498]]},"properties":{"ele":1400,"major":1}},{"type":"Feature","geometry":{"type":"LineString","coordinates":[[10.47006,46.07031],[10.47151,46.07115],[10.47365,46.07198],[10.475,46.07269],[10.47541,46.07317],[10.47616,46.07424],[10.47718,46.07531],[10.4774,46.07591],[10.47734,46.07686],[10.47727,46.07702],[10.47692,46.07713],[10.47589,46.07686],[10.47486,46.07639],[10.47343,46.07555],[10.47246,46.07523],[10.47194,46.07524],[10.47091,46.07544],[10.47006,46.0757]]},"properties":{"ele":1420,"major":0}},{"type":"Feature","geometry":{"type":"LineString","coordinates":[[10.54404,45.98498],[10.54267,45.98593],[10.54201,45.98665],[10.54164,45.98736],[10.54078,45.9901],[10.54035,45.99106],[10.53752,45.99435],[10.537,45.9948],[10.53649,45.99508],[10.5358,45.99525],[10.53529,45.99526],[10.53409,45.99517],[10.5334,45.99529],[10.53278,45.99559],[10.53177,45.99642],[10.5313,45.99666],[10.531,45.9967],[10.52997,45.99659],[10.52626,45.99738],[10.5257,45.99762],[10.5251,45.99798],[10.52333,45.99964],[10.52306,46.0],[10.52269,46.00072],[10.52207,46.00251],[10.52058,46.00573],[10.52044,46.00632],[10.52048,46.00716],[10.52042,46.00751],[10.52018,46.00787],[10.5195,46.00852],[10.51925,46.00883],[10.51848,46.01085],[10.51828,46.01109],[10.51795,46.01129],[10.51658,46.01175],[10.51597,46.01205],[10.5152,46.01252],[10.51433,46.01324],[10.51409,46.01359],[10.51391,46.01407],[10.51376,46.01526],[10.51336,46.01681],[10.51297,46.01742],[10.51263,46.01761],[10.51246,46.01755],[10.51234,46.01741],[10.51201,46.01681],[10.51182,46.01658],[10.51032,46.01562],[10.51016,46.01538],[10.51008,46.01514],[10.50995,46.01264],[10.50977,46.01205],[10.50937,46.01133],[10.50928,46.01038],[10.50932,46.01002],[10.5096,46.00918],[10.50974,46.00823],[10.50968,46.00751],[10.50946,46.00656],[10.5094,46.00537],[10.50923,46.00465],[10.50926,46.0037],[10.50941,46.00298],[10.50972,46.00227],[10.51027,46.00155],[10.51103,46.00024],[10.51141,45.99976],[10.51229,45.99924],[10.51338,45.99833],[10.51486,45.99766],[10.51606,45.99687],[10.51692,45.99656],[10.51967,45.9949],[10.52052,45.99416],[10.52093,45.99368],[10.52126,45.99321],[10.52143,45.99261],[10.52155,45.99242],[10.52207,45.99222],[10.52249,45.99177],[10.52327,45.99115],[10.52348,45.9907],[10.52357,45.98998],[10.52344,45.98967],[10.52276,45.98857],[10.52254,45.9876],[10.52259,45.98629],[10.52283,45.98498]]},"properties":{"ele":1420,"major":0}},{"type":"Feature","geometry":{"type":"LineString","coordinates":[[10.56329,45.98498],[10.56337,45.98533],[10.56331,45.98569],[10.5631,45.9859],[10.56293,45.98594],[10.56241,45.98572],[10.56159,45.98498]]},"properties":{"ele":1420,"major":0}},{"type":"Feature","geometry":{"type":"LineString","coordinates":[[10.47006,46.0701],[10.47177,46.07105],[10.47495,46.07222],[10.47541,46.07246],[10.47572,46.07269],[10.47672,46.074],[10.47774,46.07496],[10.47814,46.07543],[10.47869,46.07722],[10.47872,46.07841],[10.47864,46.07858],[10.47847,46.07872],[10.47812,46.07879],[10.47761,46.0787],[10.47675,46.07834],[10.47572,46.07783],[10.47463,46.07698],[10.47297,46.07596],[10.47263,46.0758],[10.47229,46.07574],[10.47109,46.07573],[10.47006,46.07592]]},"properties":{"ele":1440,"major":0}},{"type":"Feature","geometry":{"type":"LineString","coordinates":[[10.51297,46.02193],[10.5128,46.02173],[10.51271,46.02134],[10.5127,46.0211],[10.5128,46.02095],[10.51297,46.02096],[10.51314,46.02109],[10.51336,46.02146],[10.51332,46.02176],[10.51314,46.02191],[10.51297,46.02193]]},"properties":{"ele":1440,"major":0}},{"type":"Feature","geometry":{"type":"LineString","coordinates":[[10.54453,45.98498],[10.54302,45.98593],[10.54233,45.98665],[10.54193,45.98736],[10.54094,45.99022],[10.54045,45.9913],[10.53944,45.99237],[10.53774,45.9944],[10.53718,45.99491],[10.53666,45.99522],[10.53597,45.99544],[10.53546,45.99549],[10.53426,45.99545],[10.53357,45.99557],[10.53304,45.99583],[10.53217,45.99654],[10.53168,45.99677],[10.531,45.99681],[10.53031,45.99671],[10.52979,45.99673],[10.52654,45.9975],[10.52528,45.99821],[10.52362,45.99976],[10.52303,46.0006],[10.5227,46.00119],[10.52225,46.00275],[10.5208,46.00596],[10.5207,46.00644],[10.52076,46.0074],[10.52069,46.00775],[10.52052,46.00799],[10.5197,46.00871],[10.5195,46.00897],[10.51886,46.01097],[10.51866,46.01121],[10.51829,46.01142],[10.51694,46.01181],[10.51623,46.01213],[10.51538,46.01268],[10.51458,46.01336],[10.51437,46.01371],[10.51421,46.01419],[10.51388,46.01598],[10.51383,46.01672],[10.51371,46.01717],[10.51331,46.01789],[10.5128,46.01914],[10.51246,46.01943],[10.51229,46.0194],[10.51211,46.01918],[10.51185,46.01801],[10.5114,46.01693],[10.51108,46.01658],[10.51023,46.01602],[10.50991,46.01574],[10.50971,46.01538],[10.50962,46.01503],[10.50947,46.01252],[10.50899,46.01145],[10.50886,46.01038],[10.50891,46.01002],[10.5092,46.00933],[10.50953,46.00823],[10.50923,46.00608],[10.50924,46.00549],[10.509,46.00453],[10.50902,46.00382],[10.50916,46.0031],[10.50952,46.00227],[10.51008,46.00143],[10.51084,45.99988],[10.51096,45.99953],[10.51108,45.99942],[10.5116,45.99931],[10.51211,45.99907],[10.51297,45.99833],[10.51452,45.9977],[10.5152,45.99733],[10.51589,45.99684],[10.51692,45.99644],[10.51941,45.99487],[10.52025,45.99416],[10.52066,45.99368],[10.52095,45.99321],[10.52109,45.99249],[10.52123,45.99225],[10.52195,45.99189],[10.5231,45.99102],[10.52332,45.99034],[10.52333,45.98998],[10.5226,45.98879],[10.52239,45.9882],[10.52228,45.9876],[10.52231,45.98688],[10.52261,45.98498]]},"properties":{"ele":1440,"major":0}},{"type":"Feature","geometry":{"type":"LineString","coordinates":[[10.5638,45.98498],[10.56432,45.98545],[10.56504,45.98653],[10.56535,45.98688],[10.56551,45.98724],[10.56542,45.98748],[10.56516,45.98757],[10.56464,45.98748],[10.56439,45.98736],[10.5638,45.98688],[10.56293,45.9865],[10.56224,45.98597],[10.56125,45.98498]]},"properties":{"ele":1440,"major":0}},{"type":"Feature","geometry":{"type":"LineString","coordinates":[[10.47006,46.06993],[10.47044,46.07007],[10.47212,46.07099],[10.47349,46.07151],[10.47517,46.07198],[10.47592,46.07234],[10.47625,46.07258],[10.47744,46.074],[10.47857,46.07508],[10.47874,46.07531],[10.47972,46.0777],[10.48029,46.07877],[10.4804,46.07924],[10.48035,46.07936],[10.48021,46.07948],[10.47982,46.0796],[10.47881,46.07969],[10.47812,46.07961],[10.47541,46.07817],[10.474,46.07728],[10.47212,46.07633],[10.47126,46.07609],[10.47006,46.07615]]},"properties":{"ele":1460,"major":0}},{"type":"Feature","geometry":{"type":"LineString","coordinates":[[10.54505,45.98498],[10.54342,45.98593],[10.54299,45.98629],[10.54268,45.98665],[10.54215,45.98753],[10.5411,45.99034],[10.54066,45.9913],[10.53968,45.99237],[10.53786,45.99455],[10.53718,45.99515],[10.53649,45.99553],[10.53597,45.99569],[10.53443,45.99573],[10.53374,45.99589],[10.53339,45.99607],[10.5325,45.99678],[10.53203,45.99701],[10.53185,45.99704],[10.53031,45.99682],[10.52997,45.99682],[10.52894,45.99704],[10.52688,45.99772],[10.52567,45.99834],[10.52386,45.99988],[10.52314,46.00084],[10.52287,46.00131],[10.52249,46.00286],[10.52167,46.00453],[10.52105,46.00608],[10.52093,46.00668],[10.52103,46.00751],[10.52099,46.00787],[10.52074,46.00823],[10.51997,46.00883],[10.51968,46.00918],[10.51935,46.01014],[10.51931,46.01085],[10.51918,46.01121],[10.51898,46.01142],[10.51867,46.01157],[10.51726,46.01187],[10.51656,46.01216],[10.5152,46.01313],[10.51486,46.01347],[10.51469,46.01375],[10.51449,46.01431],[10.51418,46.01574],[10.51407,46.01705],[10.51355,46.01836],[10.51329,46.01956],[10.51336,46.02027],[10.51391,46.02134],[10.51397,46.02182],[10.51386,46.02218],[10.51366,46.02244],[10.51332,46.02277],[10.51297,46.02291],[10.5128,46.02285],[10.51246,46.02256],[10.51224,46.02218],[10.51199,46.0211],[10.51188,46.02015],[10.5116,46.01914],[10.51148,46.01824],[10.51132,46.01777],[10.51101,46.01717],[10.51074,46.01681],[10.50964,46.01586],[10.50944,46.0155],[10.50924,46.01491],[10.50899,46.01264],[10.50861,46.01157],[10.50844,46.01038],[10.50866,46.00954],[10.50851,46.00895],[10.50866,46.00871],[10.50902,46.00857],[10.5092,46.00841],[10.50932,46.00811],[10.50906,46.0062],[10.50905,46.00549],[10.50877,46.00453],[10.50876,46.00382],[10.50888,46.0031],[10.50908,46.00263],[10.5098,46.00143],[10.51003,46.00072],[10.51067,45.99953],[10.51086,45.99929],[10.51194,45.99888],[10.51287,45.99821],[10.514,45.9978],[10.51486,45.9974],[10.51589,45.99672],[10.51675,45.99642],[10.5179,45.99571],[10.51847,45.99524],[10.51932,45.9947],[10.52032,45.9938],[10.52069,45.99321],[10.52081,45.99237],[10.52104,45.99203],[10.5219,45.99162],[10.52285,45.99094],[10.52308,45.99046],[10.52314,45.9901],[10.52304,45.98987],[10.52266,45.98939],[10.52246,45.98903],[10.52217,45.9882],[10.52207,45.98772],[10.52207,45.987],[10.52229,45.98593],[10.52238,45.98498]]},"properties":{"ele":1460,"major":0}},{"type":"Feature","geometry":{"type":"LineString","coordinates":[[10.56449,45.98498],[10.56616,45.98688],[10.56696,45.98808],[10.56702,45.98832],[10.56696,45.98843],[10.5667,45.98854],[10.56636,45.98849],[10.56464,45.9879],[10.56353,45.98736],[10.5631,45.98709],[10.56241,45.98652],[10.56098,45.98498]]},"properties":{"ele":1460,"major":0}},{"type":"Feature","geometry":{"type":"LineString","coordinates":[[10.47006,46.06978],[10.47055,46.06996],[10.47263,46.071],[10.47366,46.07135],[10.47538,46.07178],[10.47638,46.07222],[10.47674,46.07246],[10.47723,46.07293],[10.47812,46.0741],[10.47898,46.07482],[10.4792,46.07508],[10.48006,46.07698],[10.48071,46.07805],[10.48139,46.0786],[10.48279,46.07936],[10.48308,46.0796],[10.4832,46.07984],[10.4831,46.07996],[10.48207,46.08027],[10.48053,46.08051],[10.48001,46.0805],[10.47864,46.08023],[10.47791,46.07996],[10.47624,46.07891],[10.47517,46.07841],[10.47349,46.07748],[10.47166,46.07662],[10.47109,46.07646],[10.47006,46.07641]]},"properties":{"ele":1480,"major":0}},{"type":"Feature","geometry":{"type":"LineString","coordinates":[[10.54564,45.98498],[10.5439,45.98593],[10.54342,45.98629],[10.54307,45.98665],[10.54258,45.98736],[10.54215,45.9882],[10.54126,45.99046],[10.54085,45.9913],[10.53803,45.99468],[10.53718,45.99542],[10.53666,45.99576],[10.53632,45.99588],[10.5346,45.99602],[10.53409,45.99615],[10.53374,45.99633],[10.53284,45.99702],[10.53203,45.99732],[10.53185,45.99732],[10.53117,45.99706],[10.53014,45.99692],[10.5295,45.99702],[10.52871,45.99726],[10.52821,45.9975],[10.52739,45.99802],[10.52636,45.99837],[10.52602,45.99855],[10.52429,45.99976],[10.5234,46.00084],[10.52301,46.00155],[10.52271,46.00298],[10.52192,46.00453],[10.52121,46.00641],[10.52117,46.0068],[10.52131,46.00775],[10.52124,46.00811],[10.52096,46.00847],[10.5201,46.00906],[10.51984,46.00942],[10.51964,46.01002],[10.51968,46.01097],[10.51952,46.01145],[10.51932,46.01162],[10.51898,46.01178],[10.51761,46.01195],[10.51674,46.01228],[10.51537,46.01336],[10.51507,46.01371],[10.51486,46.01414],[10.51445,46.01562],[10.51434,46.01705],[10.51396,46.01812],[10.51359,46.01956],[10.51365,46.02003],[10.51417,46.02128],[10.51423,46.02158],[10.51419,46.02218],[10.5138,46.02301],[10.51373,46.02349],[10.51379,46.02385],[10.51433,46.0254],[10.51436,46.02611],[10.51419,46.02659],[10.514,46.02683],[10.51366,46.02703],[10.51332,46.02707],[10.51297,46.02681],[10.51275,46.02635],[10.51272,46.02563],[10.51243,46.02432],[10.51242,46.02361],[10.51194,46.02247],[10.51175,46.02182],[10.51159,46.0211],[10.5115,46.02003],[10.51109,46.01812],[10.51084,46.01765],[10.51034,46.01693],[10.50937,46.01589],[10.50905,46.01526],[10.5089,46.01479],[10.50817,46.01127],[10.50806,46.0105],[10.50822,46.00966],[10.50808,46.00918],[10.50812,46.00895],[10.50851,46.00839],[10.50889,46.00823],[10.50909,46.00799],[10.50892,46.0068],[10.50886,46.00561],[10.50859,46.00477],[10.50834,46.00359],[10.50817,46.00338],[10.50755,46.00298],[10.50745,46.00286],[10.50747,46.00275],[10.50851,46.00258],[10.50885,46.00235],[10.50945,46.00155],[10.50982,46.0006],[10.51049,45.99941],[10.51074,45.99914],[10.51108,45.99894],[10.51177,45.99869],[10.5128,45.99812],[10.51358,45.99786],[10.51469,45.99736],[10.51589,45.99659],[10.51675,45.99629],[10.51786,45.99559],[10.51847,45.99502],[10.5192,45.99452],[10.52018,45.99365],[10.52048,45.99309],[10.52054,45.99225],[10.5207,45.99186],[10.52173,45.99143],[10.52249,45.99094],[10.52273,45.9907],[10.52289,45.99034],[10.5229,45.9901],[10.52232,45.98927],[10.5219,45.98796],[10.52188,45.98688],[10.5221,45.98593],[10.52213,45.98498]]},"properties":{"ele":1480,"major":0}},{"type":"Feature","geometry":{"type":"LineString","coordinates":[[10.56501,45.98498],[10.56782,45.9882],[10.56793,45.98855],[10.56783,45.98879],[10.56769,45.98891],[10.56739,45.98904],[10.56687,45.98913],[10.56619,45.98903],[10.5631,45.98749],[10.56241,45.9869],[10.56173,45.98605],[10.56104,45.98537],[10.56073,45.98498]]},"properties":{"ele":1480,"major":0}},{"type":"Feature","geometry":{"type":"LineString","coordinates":[[10.47006,46.06963],[10.47074,46.06987],[10.4728,46.07087],[10.47572,46.07165],[10.47675,46.0721],[10.47729,46.07246],[10.47789,46.07305],[10.47847,46.07386],[10.47941,46.0746],[10.47962,46.07484],[10.48004,46.07591],[10.48118,46.07782],[10.4819,46.07838],[10.483,46.07889],[10.48345,46.07917],[10.48379,46.0795],[10.48403,46.07984],[10.48412,46.08008],[10.48411,46.08032],[10.48396,46.08055],[10.48379,46.08067],[10.48327,46.08084],[10.48276,46.08091],[10.48036,46.08089],[10.47881,46.08061],[10.47778,46.08021],[10.47624,46.07919],[10.47503,46.07866],[10.47349,46.07783],[10.47214,46.07734],[10.47126,46.07691],[10.47074,46.07677],[10.47006,46.07667]]},"properties":{"ele":1500,"major":1}},{"type":"Feature","geometry":{"type":"LineString","coordinates":[[10.5464,45.98498],[10.54439,45.986],[10.5438,45.98641],[10.54336,45.98683],[10.54289,45.98748],[10.54233,45.98848],[10.54148,45.99046],[10.54103,45.9913],[10.5382,45.99487],[10.53717,45.99583],[10.53683,45.99601],[10.53649,45.99611],[10.53494,45.99625],[10.53443,45.99637],[10.53408,45.99654],[10.53306,45.99728],[10.5322,45.99757],[10.53185,45.99758],[10.53117,45.9972],[10.53031,45.99703],[10.52979,45.99708],[10.52918,45.99726],[10.52869,45.9975],[10.52756,45.99826],[10.52644,45.99869],[10.52464,45.99974],[10.52358,46.00096],[10.52324,46.00155],[10.52295,46.00298],[10.52215,46.00453],[10.52173,46.00585],[10.52142,46.00656],[10.52141,46.00692],[10.52158,46.00787],[10.52153,46.00823],[10.52121,46.00866],[10.52028,46.0093],[10.51998,46.00978],[10.51992,46.01014],[10.52003,46.01109],[10.51993,46.01157],[10.51972,46.01181],[10.51932,46.01198],[10.51881,46.01208],[10.51761,46.01212],[10.51726,46.01223],[10.51672,46.01252],[10.51558,46.01359],[10.51527,46.01407],[10.51486,46.01495],[10.51464,46.01598],[10.51455,46.01717],[10.51424,46.01812],[10.51384,46.01967],[10.51402,46.02039],[10.51436,46.02122],[10.51443,46.02158],[10.51439,46.0223],[10.51409,46.02313],[10.51407,46.02361],[10.51435,46.02444],[10.51486,46.02563],[10.51493,46.02623],[10.51469,46.02689],[10.51395,46.0279],[10.51374,46.02897],[10.51366,46.02915],[10.51349,46.02923],[10.51314,46.02904],[10.5128,46.0285],[10.5125,46.0273],[10.51222,46.02647],[10.51218,46.02623],[10.51226,46.02504],[10.51207,46.02432],[10.51208,46.02361],[10.51147,46.02194],[10.5113,46.0211],[10.51121,46.01991],[10.51083,46.01836],[10.5106,46.01789],[10.50932,46.01622],[10.50885,46.01538],[10.50857,46.01467],[10.50806,46.01276],[10.50774,46.01073],[10.50782,46.00978],[10.50774,46.00918],[10.50782,46.00895],[10.50834,46.00827],[10.50875,46.00799],[10.50888,46.00775],[10.5087,46.00692],[10.50868,46.00596],[10.50817,46.0043],[10.50782,46.00391],[10.50645,46.00308],[10.50593,46.00293],[10.50473,46.00277],[10.50416,46.00263],[10.50318,46.00215],[10.50233,46.00162],[10.50181,46.00142],[10.50101,46.00084],[10.50056,46.00024],[10.50053,46.00012],[10.50078,46.00005],[10.50319,46.00047],[10.50565,46.00143],[10.50679,46.00199],[10.50765,46.00211],[10.50834,46.00205],[10.50885,46.00179],[10.5092,46.00146],[10.51032,45.99929],[10.51074,45.99891],[10.51108,45.99871],[10.51415,45.9975],[10.51503,45.99705],[10.51589,45.99647],[10.51675,45.99617],[10.5175,45.99571],[10.51847,45.99478],[10.51984,45.99369],[10.52015,45.99332],[10.52024,45.99309],[10.52027,45.99273],[10.52017,45.99213],[10.51998,45.99165],[10.52005,45.99154],[10.52104,45.99142],[10.5214,45.9913],[10.52224,45.99078],[10.52258,45.99036],[10.52259,45.9901],[10.52212,45.98939],[10.52174,45.98808],[10.52165,45.98724],[10.52169,45.98665],[10.52191,45.98581],[10.52187,45.98498]]},"properties":{"ele":1500,"major":1}},{"type":"Feature","geometry":{"type":"LineString","coordinates":[[10.56542,45.98498],[10.56722,45.98706],[10.56843,45.9882],[10.56863,45.98855],[10.56867,45.98879],[10.5686,45.98903],[10.56848,45.98915],[10.5679,45.98941],[10.56687,45.98953],[10.56602,45.98942],[10.56533,45.98912],[10.56262,45.98748],[10.56217,45.987],[10.56156,45.98617],[10.56085,45.98545],[10.56048,45.98498]]},"properties":{"ele":1500,"major":1}},{"type":"Feature","geometry":{"type":"LineString","coordinates":[[10.47006,46.06948],[10.47091,46.06977],[10.47297,46.07073],[10.47572,46.0714],[10.47692,46.0719],[10.47763,46.07234],[10.47828,46.07293],[10.47885,46.07365],[10.48002,46.0746],[10.4802,46.07496],[10.48043,46.07579],[10.48099,46.07674],[10.48158,46.07758],[10.4823,46.07817],[10.48345,46.07878],[10.48426,46.0796],[10.48458,46.0802],[10.48458,46.08067],[10.4843,46.08101],[10.48396,46.08119],[10.48345,46.08133],[10.48293,46.08139],[10.48031,46.08115],[10.47898,46.0809],[10.47778,46.08044],[10.47712,46.08008],[10.47606,46.07937],[10.47503,46.07895],[10.47349,46.07813],[10.47197,46.07758],[10.47099,46.0771],[10.47006,46.0769]]},"properties":{"ele":1520,"major":0}},{"type":"Feature","geometry":{"type":"LineString","coordinates":[[10.54821,45.98498],[10.54696,45.98532],[10.54542,45.98591],[10.54439,45.98648],[10.54369,45.987],[10.54336,45.98742],[10.5425,45.98882],[10.54173,45.99046],[10.54123,45.9913],[10.53886,45.9944],[10.53838,45.9951],[10.53786,45.99571],[10.53757,45.99595],[10.53706,45.99619],[10.53666,45.99629],[10.53529,45.99644],[10.5346,45.9966],[10.53426,45.99677],[10.53306,45.99759],[10.5322,45.99784],[10.53185,45.99785],[10.53122,45.99738],[10.53082,45.99724],[10.53014,45.99715],[10.52964,45.99726],[10.52915,45.9975],[10.52859,45.99793],[10.52774,45.99845],[10.5267,45.99885],[10.52496,45.99976],[10.52467,46.0],[10.52376,46.00108],[10.52345,46.00167],[10.52317,46.00298],[10.52237,46.00453],[10.52197,46.00596],[10.52165,46.00668],[10.52166,46.00704],[10.52188,46.00799],[10.52184,46.00835],[10.52163,46.00871],[10.52052,46.00952],[10.52028,46.0099],[10.52025,46.01026],[10.52037,46.01145],[10.52024,46.01193],[10.52001,46.01211],[10.51967,46.01222],[10.51881,46.01231],[10.51778,46.0123],[10.51744,46.01238],[10.51692,46.01264],[10.5165,46.013],[10.51598,46.01359],[10.51522,46.01479],[10.51506,46.01514],[10.51485,46.0161],[10.51476,46.01741],[10.5145,46.01812],[10.51413,46.01967],[10.51423,46.02039],[10.51459,46.02146],[10.51458,46.0223],[10.51435,46.02313],[10.51435,46.02361],[10.51469,46.02456],[10.5152,46.02564],[10.51534,46.02635],[10.5152,46.02695],[10.51459,46.02814],[10.51456,46.02861],[10.51475,46.02957],[10.51472,46.02993],[10.51459,46.03016],[10.51435,46.03035],[10.51383,46.03042],[10.51332,46.03023],[10.51288,46.02993],[10.51256,46.02957],[10.51234,46.02909],[10.51207,46.02814],[10.51204,46.02718],[10.51186,46.02635],[10.51199,46.02516],[10.51179,46.0242],[10.51181,46.02361],[10.51124,46.02206],[10.51104,46.0211],[10.51099,46.02015],[10.51088,46.01956],[10.51037,46.01812],[10.5092,46.01643],[10.50844,46.01503],[10.50823,46.01455],[10.50768,46.01276],[10.50761,46.01169],[10.50745,46.01073],[10.50745,46.0093],[10.50764,46.00883],[10.50799,46.00847],[10.50833,46.00799],[10.50862,46.00775],[10.50866,46.00763],[10.50854,46.00692],[10.50851,46.00619],[10.50785,46.00453],[10.50748,46.00416],[10.50593,46.00335],[10.5037,46.0029],[10.50164,46.00207],[10.49924,46.00063],[10.49804,46.00025],[10.49683,45.99964],[10.49647,45.99941],[10.49576,45.99869],[10.49595,45.99857],[10.49718,45.99853],[10.49821,45.99862],[10.49924,45.99879],[10.50044,45.99919],[10.50336,45.99995],[10.50508,46.00083],[10.50696,46.00162],[10.50782,46.00174],[10.50834,46.00165],[10.50868,46.0015],[10.50902,46.00124],[10.5092,46.001],[10.50998,45.99964],[10.51023,45.9991],[10.51068,45.99869],[10.51108,45.99847],[10.51335,45.99774],[10.51486,45.99702],[10.51589,45.99634],[10.51692,45.99595],[10.51757,45.99547],[10.51864,45.9943],[10.51949,45.99368],[10.51984,45.99335],[10.51997,45.99309],[10.51999,45.99273],[10.51961,45.99165],[10.51967,45.99146],[10.52001,45.99128],[10.52087,45.99119],[10.52126,45.99106],[10.52197,45.99058],[10.52216,45.99022],[10.52191,45.98951],[10.52144,45.98736],[10.52145,45.98653],[10.52166,45.98569],[10.52161,45.98498]]},"properties":{"ele":1520,"major":0}},{"type":"Feature","geometry":{"type":"LineString","coordinates":[[10.56579,45.98498],[10.56745,45.98688],[10.56875,45.98796],[10.56918,45.98843],[10.56949,45.98891],[10.56964,45.98927],[10.56962,45.98959],[10.56945,45.98982],[10.56893,45.98998],[10.5667,45.98995],[10.56602,45.98985],[10.56533,45.98955],[10.56447,45.98904],[10.56361,45.9884],[10.56241,45.98763],[10.56195,45.98712],[10.56138,45.98629],[10.56047,45.98533],[10.5602,45.98498]]},"properties":{"ele":1520,"major":0}},{"type":"Feature","geometry":{"type":"LineString","coordinates":[[10.47006,46.06931],[10.4716,46.06984],[10.47311,46.07055],[10.47589,46.0712],[10.47727,46.07177],[10.4781,46.07234],[10.47915,46.07337],[10.48041,46.07436],[10.48061,46.07472],[10.48084,46.07567],[10.48123,46.07639],[10.48236,46.0777],[10.48362,46.07857],[10.48466,46.07972],[10.485,46.08032],[10.48511,46.08067],[10.4851,46.08091],[10.48495,46.08127],[10.48465,46.08158],[10.48413,46.0818],[10.48345,46.0819],[10.48259,46.08186],[10.48121,46.08152],[10.47933,46.08119],[10.47785,46.08067],[10.47589,46.07957],[10.47486,46.07914],[10.47349,46.0784],[10.47091,46.0773],[10.47006,46.0771]]},"properties":{"ele":1540,"major":0}},{"type":"Feature","geometry":{"type":"LineString","coordinates":[[10.51366,46.03423],[10.5136,46.0341],[10.51366,46.03392],[10.51384,46.0341],[10.51383,46.03417],[10.51366,46.03423]]},"properties":{"ele":1540,"major":0}},{"type":"Feature","geometry":{"type":"LineString","coordinates":[[10.55023,45.98498],[10.54593,45.98644],[10.54456,45.98699],[10.54397,45.98736],[10.54267,45.9892],[10.5419,45.9907],[10.54067,45.99249],[10.53928,45.99428],[10.53838,45.99559],[10.53786,45.99609],[10.53694,45.99642],[10.53529,45.99665],[10.53479,45.99678],[10.53426,45.99706],[10.53323,45.99777],[10.53271,45.99799],[10.5322,45.99813],[10.53185,45.99812],[10.53117,45.99754],[10.53082,45.99739],[10.53031,45.99729],[10.52979,45.99738],[10.52894,45.99806],[10.52831,45.99845],[10.52688,45.99904],[10.52513,45.99988],[10.52397,46.00119],[10.52373,46.00167],[10.52351,46.00263],[10.52329,46.00322],[10.52249,46.00477],[10.5222,46.00608],[10.52193,46.00668],[10.52193,46.00716],[10.5222,46.00811],[10.52213,46.00859],[10.52185,46.00895],[10.52088,46.00966],[10.52062,46.01002],[10.52058,46.0105],[10.52075,46.01193],[10.52071,46.01228],[10.52052,46.01243],[10.52018,46.01251],[10.51795,46.01254],[10.51726,46.01272],[10.51686,46.013],[10.51643,46.01348],[10.51546,46.01491],[10.51529,46.01526],[10.51509,46.0161],[10.51502,46.01741],[10.51471,46.01836],[10.5144,46.01967],[10.51438,46.02003],[10.51445,46.02051],[10.51475,46.02146],[10.51475,46.0223],[10.51457,46.02325],[10.5146,46.02361],[10.51495,46.02456],[10.51556,46.02587],[10.51568,46.02659],[10.51555,46.0273],[10.51513,46.02838],[10.51512,46.02873],[10.51528,46.02969],[10.5152,46.03026],[10.51503,46.03055],[10.51469,46.03091],[10.51417,46.03118],[10.51383,46.03123],[10.51349,46.0311],[10.5128,46.03054],[10.51229,46.03003],[10.51202,46.02957],[10.51164,46.02814],[10.5117,46.02718],[10.5116,46.02623],[10.51176,46.02528],[10.51157,46.0242],[10.51156,46.02349],[10.51108,46.02219],[10.51083,46.02122],[10.51066,46.01967],[10.51007,46.01824],[10.50934,46.01717],[10.50803,46.01479],[10.50741,46.01288],[10.50718,46.01073],[10.50719,46.00942],[10.50744,46.00883],[10.50787,46.00835],[10.50816,46.00787],[10.50839,46.00763],[10.50844,46.0074],[10.50832,46.00632],[10.50792,46.00561],[10.5075,46.00465],[10.50729,46.00441],[10.50679,46.00408],[10.50559,46.00355],[10.50319,46.00299],[10.50164,46.00239],[10.49975,46.00141],[10.49768,46.00072],[10.49581,45.9999],[10.49495,45.99965],[10.49403,45.99953],[10.4922,45.99896],[10.49173,45.99869],[10.49128,45.99833],[10.49105,45.99798],[10.49103,45.99774],[10.49121,45.9975],[10.49144,45.99738],[10.49203,45.99734],[10.49272,45.99743],[10.49392,45.99771],[10.49548,45.99774],[10.4989,45.99832],[10.50336,45.99955],[10.50405,45.99985],[10.50525,46.00053],[10.50696,46.0013],[10.50748,46.00141],[10.50782,46.00142],[10.50851,46.00126],[10.50885,46.00104],[10.5092,46.00061],[10.50952,46.0],[10.50983,45.99964],[10.51005,45.99903],[10.51045,45.99857],[10.51108,45.99824],[10.51314,45.99772],[10.51486,45.99688],[10.51589,45.99621],[10.51687,45.99583],[10.51745,45.99535],[10.51847,45.99413],[10.51951,45.99332],[10.51968,45.99297],[10.51966,45.99261],[10.51923,45.99165],[10.5192,45.99142],[10.51929,45.9913],[10.51954,45.99118],[10.52104,45.99085],[10.52155,45.99051],[10.52176,45.99022],[10.52178,45.98998],[10.52163,45.98891],[10.52127,45.98748],[10.52114,45.98665],[10.52115,45.98641],[10.52137,45.98569],[10.52133,45.98498]]},"properties":{"ele":1540,"major":0}},{"type":"Feature","geometry":{"type":"LineString","coordinates":[[10.56612,45.98498],[10.56773,45.98674],[10.5693,45.98796],[10.57048,45.98915],[10.57066,45.98951],[10.5706,45.98998],[10.57034,45.99034],[10.56996,45.99063],[10.56928,45.99094],[10.56876,45.99097],[10.56761,45.99058],[10.56602,45.99023],[10.56514,45.98987],[10.56224,45.98783],[10.56171,45.98724],[10.56115,45.98641],[10.55987,45.98498]]},"properties":{"ele":1540,"major":0}},{"type":"Feature","geometry":{"type":"LineString","coordinates":[[10.47006,46.06912],[10.4719,46.06972],[10.47347,46.07043],[10.47572,46.0709],[10.47732,46.0715],[10.4783,46.07214],[10.4795,46.07316],[10.4805,46.07389],[10.48097,46.07448],[10.48126,46.07555],[10.48163,46.07627],[10.48294,46.0777],[10.48379,46.0784],[10.48501,46.07984],[10.48555,46.08079],[10.48562,46.08198],[10.4855,46.08222],[10.48516,46.08245],[10.48465,46.08253],[10.48396,46.08254],[10.48242,46.08228],[10.48115,46.08186],[10.47915,46.08135],[10.47778,46.08082],[10.47455,46.07924],[10.47246,46.07815],[10.4707,46.07746],[10.47006,46.07729]]},"properties":{"ele":1560,"major":0}},{"type":"Feature","geometry":{"type":"LineString","coordinates":[[10.55136,45.98498],[10.54902,45.98583],[10.5461,45.98716],[10.54473,45.98758],[10.54421,45.9879],[10.54301,45.98939],[10.54229,45.9907],[10.54103,45.99249],[10.53953,45.9944],[10.53864,45.99571],[10.53831,45.99607],[10.53803,45.99627],[10.53718,45.99656],[10.53546,45.99682],[10.53494,45.99696],[10.53443,45.99721],[10.53323,45.99801],[10.53254,45.99834],[10.5322,45.99844],[10.53185,45.99842],[10.53171,45.99833],[10.53127,45.99786],[10.531,45.99765],[10.53048,45.99749],[10.53012,45.9975],[10.52989,45.99762],[10.52932,45.99821],[10.52875,45.99857],[10.5255,45.9999],[10.52523,46.00012],[10.52499,46.00048],[10.5243,46.00122],[10.52405,46.00167],[10.5235,46.00322],[10.5227,46.00477],[10.52245,46.00608],[10.52218,46.0068],[10.52221,46.00728],[10.52251,46.00811],[10.52253,46.00847],[10.52247,46.00871],[10.52222,46.00906],[10.52112,46.0099],[10.52088,46.01038],[10.52087,46.01085],[10.52099,46.01157],[10.52112,46.01193],[10.52156,46.01264],[10.52155,46.01281],[10.52138,46.01291],[10.52104,46.01293],[10.5195,46.01278],[10.51864,46.01278],[10.51795,46.01283],[10.51744,46.01296],[10.51703,46.01324],[10.51658,46.01376],[10.51569,46.01503],[10.51547,46.0155],[10.51536,46.01598],[10.51527,46.01741],[10.51462,46.01979],[10.51459,46.02015],[10.51466,46.02063],[10.51491,46.02146],[10.51483,46.02361],[10.51512,46.02444],[10.51576,46.02575],[10.51595,46.02635],[10.516,46.02683],[10.5159,46.02754],[10.51555,46.02861],[10.51562,46.02969],[10.51555,46.03038],[10.51491,46.03171],[10.51492,46.03195],[10.51516,46.03255],[10.51518,46.03279],[10.51497,46.03386],[10.51491,46.03493],[10.51465,46.03588],[10.51418,46.03719],[10.51393,46.03767],[10.51349,46.0381],[10.51297,46.03843],[10.51246,46.03861],[10.51211,46.03859],[10.51154,46.03839],[10.51108,46.0381],[10.51083,46.03767],[10.51075,46.03719],[10.51076,46.03684],[10.51097,46.036],[10.51109,46.03517],[10.51147,46.03422],[10.5117,46.03326],[10.51194,46.03271],[10.51246,46.03195],[10.51261,46.03147],[10.51248,46.031],[10.51174,46.02993],[10.51128,46.02826],[10.51127,46.0279],[10.5114,46.02706],[10.51137,46.02623],[10.51153,46.02528],[10.51134,46.02349],[10.51061,46.02122],[10.51044,46.01991],[10.51031,46.01944],[10.50979,46.01836],[10.50902,46.01716],[10.50842,46.01586],[10.50774,46.01479],[10.50717,46.013],[10.50702,46.01228],[10.50699,46.01133],[10.50688,46.01026],[10.50692,46.00966],[10.5072,46.00895],[10.50817,46.00751],[10.50821,46.00728],[10.50817,46.00668],[10.50801,46.0062],[10.50762,46.00561],[10.50714,46.00468],[10.50686,46.00441],[10.50645,46.00417],[10.50525,46.00369],[10.50319,46.00322],[10.50168,46.00263],[10.49993,46.00177],[10.49907,46.00148],[10.49615,46.00064],[10.49315,46.00012],[10.49014,45.99854],[10.48924,45.99798],[10.48898,45.99762],[10.48899,45.99714],[10.48909,45.9969],[10.48928,45.99677],[10.4898,45.99663],[10.49031,45.99661],[10.49203,45.99692],[10.49546,45.99738],[10.49838,45.99792],[10.49975,45.99823],[10.50113,45.99868],[10.50267,45.99905],[10.50379,45.99941],[10.50437,45.99964],[10.50662,46.00087],[10.50714,46.00107],[10.50782,46.00114],[10.50834,46.00103],[10.50885,46.0007],[10.50913,46.00036],[10.50929,46.0],[10.50971,45.9996],[10.50996,45.99869],[10.51015,45.99845],[10.51091,45.99808],[10.51246,45.99784],[10.51297,45.99769],[10.51486,45.99674],[10.51589,45.99607],[10.51675,45.99573],[10.5172,45.99535],[10.51829,45.994],[10.51915,45.99332],[10.51933,45.99297],[10.51933,45.99261],[10.5191,45.99213],[10.51854,45.99142],[10.5185,45.99118],[10.51863,45.99082],[10.51881,45.99078],[10.51967,45.99085],[10.52052,45.99074],[10.52121,45.99042],[10.52141,45.99022],[10.5215,45.98998],[10.52145,45.98879],[10.52079,45.98653],[10.52081,45.98629],[10.52108,45.98557],[10.52105,45.98498]]},"properties":{"ele":1560,"major":0}},{"type":"Feature","geometry":{"type":"LineString","coordinates":[[10.56644,45.98498],[10.56798,45.98653],[10.57099,45.98879],[10.57147,45.98939],[10.57156,45.98963],[10.57154,45.98998],[10.57134,45.99071],[10.57108,45.99118],[10.57101,45.99142],[10.57109,45.99165],[10.57168,45.9924],[10.57179,45.99285],[10.57168,45.99312],[10.57134,45.99344],[10.57082,45.99361],[10.57048,45.99354],[10.57014,45.99322],[10.56977,45.99237],[10.56944,45.99201],[10.56825,45.99157],[10.56705,45.99091],[10.56514,45.99022],[10.56431,45.98975],[10.56295,45.98867],[10.56204,45.98808],[10.56162,45.9876],[10.56086,45.98653],[10.55942,45.98498]]},"properties":{"ele":1560,"major":0}},{"type":"Feature","geometry":{"type":"LineString","coordinates":[[10.47006,46.06891],[10.47226,46.0696],[10.4738,46.07031],[10.47589,46.07074],[10.47744,46.07129],[10.48053,46.07347],[10.48087,46.07378],[10.48127,46.07436],[10.48144,46.07472],[10.48168,46.07555],[10.48199,46.07615],[10.48379,46.07805],[10.48448,46.07899],[10.48516,46.07969],[10.48544,46.0802],[10.48581,46.08067],[10.48619,46.08148],[10.48691,46.08234],[10.48702,46.0827],[10.48688,46.08289],[10.48636,46.08313],[10.48602,46.08322],[10.48551,46.08325],[10.48327,46.08298],[10.4819,46.0826],[10.47795,46.08109],[10.47452,46.07948],[10.47239,46.07829],[10.47006,46.0775]]},"properties":{"ele":1580,"major":0}},{"type":"Feature","geometry":{"type":"LineString","coordinates":[[10.55221,45.98498],[10.54919,45.9861],[10.54662,45.98741],[10.54504,45.98808],[10.54456,45.98835],[10.54357,45.98939],[10.54269,45.99082],[10.54215,45.99148],[10.54173,45.99213],[10.5398,45.99452],[10.53898,45.99571],[10.53855,45.99618],[10.53821,45.99644],[10.53752,45.9967],[10.53563,45.99698],[10.53506,45.99714],[10.5346,45.99735],[10.53271,45.99855],[10.5322,45.99874],[10.53185,45.99874],[10.53168,45.99867],[10.531,45.99792],[10.53065,45.99781],[10.53032,45.99786],[10.52956,45.99857],[10.52602,45.9999],[10.52558,46.00024],[10.52464,46.00131],[10.52367,46.00334],[10.52308,46.00441],[10.52284,46.00501],[10.5227,46.00608],[10.52245,46.00704],[10.52281,46.00811],[10.52283,46.00859],[10.52276,46.0089],[10.52244,46.0093],[10.52173,46.00978],[10.52138,46.01009],[10.5212,46.01038],[10.52112,46.01073],[10.52125,46.01157],[10.52155,46.01204],[10.52258,46.01296],[10.52375,46.01359],[10.52407,46.01383],[10.52432,46.01407],[10.5244,46.01419],[10.52438,46.01431],[10.52396,46.0146],[10.52379,46.01466],[10.52344,46.01464],[10.52293,46.01443],[10.52159,46.01359],[10.5207,46.01326],[10.5195,46.01304],[10.51829,46.01307],[10.51761,46.01324],[10.51709,46.01361],[10.51614,46.01479],[10.51576,46.0155],[10.51567,46.01586],[10.51554,46.01729],[10.51481,46.02015],[10.51485,46.02063],[10.51505,46.02146],[10.51504,46.02349],[10.51508,46.02373],[10.5153,46.02444],[10.51595,46.02563],[10.51623,46.02647],[10.51631,46.02706],[10.51625,46.02766],[10.51588,46.02873],[10.51585,46.03016],[10.51558,46.03147],[10.51558,46.03183],[10.51577,46.03279],[10.51557,46.03433],[10.51519,46.03588],[10.51469,46.03731],[10.51439,46.03791],[10.51297,46.03943],[10.51263,46.03959],[10.51229,46.03958],[10.5116,46.0393],[10.51057,46.03867],[10.51029,46.03839],[10.51012,46.03791],[10.51013,46.03743],[10.51036,46.03541],[10.51092,46.03398],[10.51127,46.03267],[10.5118,46.03159],[10.51188,46.03124],[10.51178,46.03088],[10.51136,46.03004],[10.51094,46.02814],[10.51096,46.02778],[10.51112,46.02706],[10.51115,46.02623],[10.51129,46.0254],[10.51117,46.02373],[10.51035,46.0211],[10.5101,46.01967],[10.50949,46.01836],[10.50871,46.01705],[10.50826,46.01598],[10.50745,46.01479],[10.50668,46.01228],[10.50669,46.01121],[10.50659,46.01038],[10.50664,46.0099],[10.50689,46.00918],[10.50793,46.00751],[10.50796,46.00692],[10.50781,46.00632],[10.50683,46.00477],[10.50658,46.00453],[10.50611,46.00427],[10.50508,46.0039],[10.50302,46.00337],[10.49958,46.00187],[10.49666,46.00105],[10.49502,46.00084],[10.49392,46.0005],[10.49289,46.00035],[10.49221,46.00012],[10.49083,45.99932],[10.48842,45.99824],[10.48809,45.99786],[10.48744,45.9969],[10.48628,45.99607],[10.48606,45.99583],[10.48604,45.99571],[10.48614,45.99547],[10.48636,45.99533],[10.48671,45.99529],[10.48722,45.99535],[10.48777,45.99547],[10.48894,45.99591],[10.4898,45.99615],[10.4922,45.99661],[10.49514,45.99702],[10.49924,45.99785],[10.50422,45.99929],[10.50475,45.99953],[10.50595,46.00024],[10.50714,46.0008],[10.50765,46.00089],[10.50817,46.00081],[10.50851,46.00068],[10.50877,46.00048],[10.50905,46.0],[10.50962,45.99953],[10.50972,45.99905],[10.50974,45.99857],[10.50988,45.99834],[10.51057,45.99799],[10.51091,45.99789],[10.51229,45.99777],[10.51292,45.99762],[10.51383,45.99709],[10.51486,45.99659],[10.51572,45.99602],[10.51658,45.99564],[10.51693,45.99535],[10.51818,45.9938],[10.51887,45.99321],[10.51898,45.99297],[10.51897,45.99261],[10.51877,45.99225],[10.51802,45.9913],[10.51795,45.99082],[10.51803,45.9907],[10.51832,45.99058],[10.51881,45.9905],[10.51967,45.99061],[10.52035,45.99055],[10.52104,45.99023],[10.52117,45.9901],[10.52128,45.98987],[10.52134,45.98915],[10.5213,45.98879],[10.52102,45.98772],[10.52051,45.98665],[10.52046,45.98641],[10.52048,45.98617],[10.52078,45.98545],[10.52076,45.98498]]},"properties":{"ele":1580,"major":0}},{"type":"Feature","geometry":{"type":"LineString","coordinates":[[10.56677,45.98498],[10.56722,45.98543],[10.56897,45.98688],[10.5715,45.98855],[10.57199,45.98903],[10.57232,45.98951],[10.57237,45.98975],[10.57219,45.99034],[10.57219,45.9907],[10.57274,45.99249],[10.57276,45.99285],[10.57258,45.99332],[10.5722,45.99384],[10.57185,45.99419],[10.57134,45.99452],[10.57099,45.99465],[10.57082,45.99464],[10.57048,45.99447],[10.56962,45.99382],[10.56915,45.99297],[10.56876,45.99257],[10.5679,45.99205],[10.5667,45.99119],[10.56481,45.99041],[10.5643,45.99014],[10.56275,45.98896],[10.56186,45.98843],[10.56155,45.98814],[10.56052,45.98662],[10.55949,45.98554],[10.5588,45.98498]]},"properties":{"ele":1580,"major":0}},{"type":"Feature","geometry":{"type":"LineString","coordinates":[[10.47006,46.06869],[10.47263,46.06948],[10.47413,46.07019],[10.47606,46.0706],[10.47744,46.07105],[10.47784,46.07127],[10.47915,46.07221],[10.48065,46.07317],[10.48113,46.07365],[10.48153,46.07424],[10.48232,46.07603],[10.48379,46.0776],[10.48448,46.0787],[10.48482,46.07901],[10.48533,46.07962],[10.48565,46.0802],[10.48607,46.08067],[10.48646,46.08127],[10.48722,46.08194],[10.48829,46.08258],[10.4884,46.0827],[10.48844,46.08294],[10.48823,46.08329],[10.48774,46.08366],[10.48722,46.08386],[10.48636,46.08401],[10.48551,46.08395],[10.48413,46.08352],[10.48276,46.08325],[10.48156,46.08287],[10.47946,46.08186],[10.47778,46.08122],[10.47435,46.07962],[10.47229,46.07844],[10.47006,46.07772]]},"properties":{"ele":1600,"major":1}},{"type":"Feature","geometry":{"type":"LineString","coordinates":[[10.55297,45.98498],[10.55005,45.98605],[10.54902,45.98649],[10.5474,45.98736],[10.54456,45.98909],[10.5439,45.98975],[10.54301,45.99113],[10.54009,45.99461],[10.53914,45.99595],[10.53872,45.99638],[10.53833,45.99666],[10.53769,45.99691],[10.5358,45.99717],[10.53512,45.99737],[10.5346,45.99762],[10.53271,45.99881],[10.5322,45.999],[10.53185,45.99903],[10.53145,45.99893],[10.53128,45.99881],[10.531,45.99833],[10.53082,45.99824],[10.53065,45.99828],[10.53024,45.99869],[10.52997,45.99885],[10.52868,45.99917],[10.52664,45.99988],[10.52585,46.00046],[10.52517,46.00119],[10.52344,46.00414],[10.52308,46.00501],[10.52277,46.00704],[10.5231,46.00811],[10.5231,46.00859],[10.52301,46.00906],[10.52276,46.00944],[10.5219,46.01003],[10.52155,46.01037],[10.52139,46.01073],[10.52137,46.01109],[10.52145,46.01145],[10.52166,46.01181],[10.52258,46.01261],[10.52344,46.01308],[10.52601,46.01419],[10.52644,46.01455],[10.52654,46.01479],[10.5265,46.01491],[10.52636,46.01504],[10.52602,46.01514],[10.52516,46.0151],[10.52447,46.01516],[10.52361,46.01507],[10.5226,46.01467],[10.52121,46.01383],[10.52052,46.01351],[10.51984,46.01335],[10.51898,46.0133],[10.51812,46.01339],[10.51761,46.01358],[10.51692,46.01417],[10.51628,46.01503],[10.51603,46.01562],[10.51585,46.01705],[10.51504,46.02027],[10.51522,46.0217],[10.51526,46.02349],[10.51537,46.02408],[10.51554,46.02456],[10.51611,46.02552],[10.51653,46.02671],[10.51663,46.02718],[10.51659,46.02778],[10.51623,46.02861],[10.51613,46.02909],[10.51598,46.03136],[10.51618,46.03279],[10.51608,46.0341],[10.5153,46.03672],[10.51503,46.03743],[10.51471,46.03803],[10.51397,46.03886],[10.51332,46.03985],[10.5128,46.04014],[10.51211,46.04016],[10.51169,46.04005],[10.51078,46.0397],[10.51011,46.03934],[10.50976,46.03886],[10.50957,46.03827],[10.5096,46.03779],[10.50986,46.0366],[10.50993,46.03529],[10.51052,46.03374],[10.51075,46.03255],[10.51118,46.03124],[10.51116,46.03088],[10.51096,46.03016],[10.51088,46.02933],[10.51063,46.02802],[10.51066,46.02766],[10.51086,46.02695],[10.51102,46.02552],[10.51101,46.02408],[10.51094,46.02361],[10.5106,46.02242],[10.51,46.02075],[10.50968,46.01932],[10.50929,46.01848],[10.50851,46.01711],[10.50803,46.01598],[10.50716,46.01479],[10.50682,46.01383],[10.50665,46.01312],[10.50634,46.0124],[10.50631,46.01205],[10.50645,46.00978],[10.50672,46.00918],[10.5076,46.00775],[10.50772,46.0074],[10.50771,46.0068],[10.50753,46.00632],[10.50654,46.00489],[10.50626,46.00465],[10.50576,46.0044],[10.50508,46.00417],[10.50319,46.00368],[10.50061,46.00246],[10.49958,46.00206],[10.49666,46.00126],[10.4946,46.00095],[10.49357,46.00063],[10.4922,46.00047],[10.49051,45.99953],[10.4898,45.9992],[10.48911,45.99896],[10.48808,45.99875],[10.48774,45.99861],[10.48677,45.99762],[10.48533,45.99666],[10.48461,45.99595],[10.48437,45.99547],[10.48414,45.99404],[10.4843,45.99387],[10.48465,45.99389],[10.48568,45.99444],[10.48808,45.9951],[10.48963,45.99573],[10.49031,45.99595],[10.49254,45.9964],[10.49443,45.99665],[10.49649,45.99701],[10.49958,45.9977],[10.50456,45.99916],[10.50508,45.99941],[10.50611,46.00006],[10.50714,46.00053],[10.50765,46.00062],[10.50817,46.00054],[10.50856,46.00036],[10.5089,45.99988],[10.50947,45.99953],[10.50959,45.99905],[10.50957,45.99845],[10.50971,45.99824],[10.50988,45.99811],[10.5104,45.99783],[10.51074,45.99774],[10.51229,45.99768],[10.5128,45.99757],[10.51366,45.99701],[10.51469,45.99651],[10.51555,45.99596],[10.51658,45.9954],[10.51799,45.99368],[10.51848,45.99321],[10.5186,45.99297],[10.51859,45.99261],[10.51806,45.99177],[10.51766,45.9913],[10.51745,45.99082],[10.51744,45.9907],[10.51751,45.99058],[10.51881,45.99034],[10.51967,45.99042],[10.52018,45.99038],[10.52083,45.9901],[10.52108,45.98975],[10.52119,45.98903],[10.52094,45.98796],[10.52081,45.9876],[10.52023,45.98665],[10.52012,45.98629],[10.52014,45.98605],[10.52043,45.98545],[10.52048,45.98498]]},"properties":{"ele":1600,"major":1}},{"type":"Feature","geometry":{"type":"LineString","coordinates":[[10.56712,45.98498],[10.56739,45.98524],[10.56954,45.98688],[10.57099,45.98772],[10.57185,45.9883],[10.57274,45.98915],[10.57297,45.98951],[10.57301,45.98975],[10.57286,45.99034],[10.57288,45.9907],[10.57318,45.99154],[10.57367,45.99249],[10.5737,45.99285],[10.57358,45.99321],[10.57309,45.99404],[10.57278,45.99487],[10.57234,45.99535],[10.57171,45.99571],[10.57082,45.99595],[10.57048,45.99591],[10.57035,45.99583],[10.56978,45.99476],[10.56907,45.99392],[10.56875,45.99332],[10.56842,45.99297],[10.56734,45.99225],[10.56636,45.99146],[10.5643,45.99051],[10.56258,45.98926],[10.56141,45.98867],[10.56119,45.98843],[10.56073,45.98748],[10.56035,45.98694],[10.559,45.98557],[10.558,45.98498]]},"properties":{"ele":1600,"major":1}},{"type":"Feature","geometry":{"type":"LineString","coordinates":[[10.47006,46.06844],[10.47109,46.06882],[10.47297,46.06934],[10.47445,46.07007],[10.47606,46.07042],[10.47758,46.07091],[10.47812,46.07121],[10.47933,46.07208],[10.48081,46.07293],[10.48121,46.07332],[10.48179,46.07412],[10.48218,46.07484],[10.48266,46.07591],[10.48394,46.07722],[10.48452,46.07841],[10.48499,46.07888],[10.4856,46.07972],[10.48586,46.0802],[10.48669,46.08115],[10.48705,46.08147],[10.48774,46.08187],[10.48905,46.08234],[10.48925,46.08258],[10.48925,46.08282],[10.4886,46.08401],[10.4884,46.08425],[10.48808,46.08446],[10.48757,46.08456],[10.48705,46.08457],[10.48602,46.08452],[10.4852,46.08436],[10.48465,46.08419],[10.48379,46.08381],[10.48259,46.08353],[10.48139,46.08311],[10.47922,46.08198],[10.47767,46.08139],[10.47418,46.07975],[10.47219,46.07865],[10.47006,46.07795]]},"properties":{"ele":1620,"major":0}},{"type":"Feature","geometry":{"type":"LineString","coordinates":[[10.53168,46.01754],[10.53119,46.01741],[10.53014,46.01693],[10.52937,46.01646],[10.52925,46.01634],[10.52927,46.01622],[10.53014,46.01624],[10.53117,46.01657],[10.53188,46.01717],[10.53194,46.01741],[10.53185,46.0175],[10.53168,46.01754]]},"properties":{"ele":1620,"major":0}},{"type":"Feature","geometry":{"type":"LineString","coordinates":[[10.55399,45.98498],[10.55022,45.98629],[10.54885,45.98689],[10.54759,45.9876],[10.54593,45.98896],[10.54459,45.98975],[10.54421,45.99013],[10.54336,45.99137],[10.54265,45.99225],[10.54121,45.99392],[10.54044,45.9947],[10.53944,45.99607],[10.53889,45.99662],[10.53838,45.997],[10.53786,45.99719],[10.53615,45.99736],[10.53529,45.99757],[10.5346,45.99789],[10.53288,45.99896],[10.5322,45.99923],[10.53168,45.99931],[10.53048,45.99928],[10.52928,45.99935],[10.52756,45.99977],[10.52685,46.00012],[10.52619,46.00061],[10.52572,46.00108],[10.52432,46.0031],[10.52362,46.0043],[10.52337,46.00489],[10.5231,46.00692],[10.52335,46.00811],[10.52331,46.00883],[10.52321,46.0093],[10.52293,46.00969],[10.52224,46.01014],[10.52184,46.0105],[10.52165,46.01085],[10.52163,46.01121],[10.52173,46.01151],[10.52197,46.01181],[10.52267,46.0124],[10.52327,46.01276],[10.52533,46.01355],[10.52666,46.01395],[10.52735,46.01431],[10.52781,46.01479],[10.52859,46.01586],[10.52842,46.01598],[10.52756,46.01595],[10.5267,46.01607],[10.52636,46.01606],[10.5255,46.01569],[10.52344,46.01526],[10.52224,46.01479],[10.52052,46.01385],[10.52001,46.01368],[10.5195,46.01361],[10.51847,46.01362],[10.51778,46.01381],[10.51724,46.01419],[10.51664,46.01491],[10.51638,46.0155],[10.51622,46.01669],[10.51533,46.02003],[10.51527,46.02051],[10.5154,46.0217],[10.51547,46.02337],[10.51563,46.02432],[10.51572,46.02459],[10.51623,46.02545],[10.51676,46.02671],[10.51697,46.02754],[10.51689,46.02802],[10.51643,46.02897],[10.5163,46.02993],[10.51627,46.03124],[10.51654,46.03279],[10.51642,46.0341],[10.51563,46.03672],[10.51536,46.03743],[10.51504,46.03803],[10.51433,46.03886],[10.51383,46.03976],[10.51349,46.04018],[10.51314,46.04041],[10.5128,46.04054],[10.51194,46.04059],[10.51079,46.04029],[10.50988,46.03984],[10.50943,46.03934],[10.50914,46.03851],[10.50915,46.03791],[10.50944,46.03708],[10.50953,46.0366],[10.50952,46.03565],[10.50959,46.03493],[10.51014,46.0335],[10.51027,46.03267],[10.5107,46.03124],[10.51055,46.02909],[10.51033,46.02778],[10.51039,46.02742],[10.5106,46.02683],[10.51072,46.02611],[10.51079,46.02408],[10.51036,46.02242],[10.50963,46.02051],[10.50946,46.01956],[10.5093,46.01908],[10.50782,46.01605],[10.50684,46.01479],[10.5065,46.01383],[10.50642,46.01324],[10.50606,46.0124],[10.50602,46.01157],[10.50621,46.01061],[10.50631,46.00966],[10.50687,46.00859],[10.50731,46.00794],[10.50747,46.00751],[10.50745,46.0068],[10.50725,46.00632],[10.50645,46.00523],[10.5059,46.00477],[10.50525,46.00451],[10.50309,46.00394],[10.5013,46.00297],[10.49993,46.00235],[10.49649,46.00142],[10.49443,46.00113],[10.4934,46.00079],[10.49218,46.00072],[10.48945,45.99943],[10.48774,45.99902],[10.48724,45.99881],[10.4865,45.99833],[10.48576,45.99762],[10.4843,45.99642],[10.48358,45.99523],[10.4831,45.99392],[10.48305,45.99356],[10.48311,45.99332],[10.48338,45.99309],[10.48379,45.99302],[10.48419,45.99309],[10.48499,45.99342],[10.48671,45.99435],[10.48831,45.99487],[10.49031,45.99569],[10.49289,45.99625],[10.49632,45.99675],[10.49958,45.99749],[10.50199,45.99814],[10.50456,45.99894],[10.50525,45.99924],[10.50645,45.99998],[10.50714,46.00027],[10.50748,46.00034],[10.50799,46.0003],[10.50834,46.00016],[10.50861,45.99988],[10.50929,45.99953],[10.50937,45.99941],[10.50944,45.99905],[10.5094,45.99833],[10.50954,45.99809],[10.50985,45.99786],[10.51023,45.99765],[10.51057,45.99757],[10.51229,45.99758],[10.5127,45.9975],[10.51297,45.99736],[10.51366,45.99681],[10.51452,45.99642],[10.51614,45.99547],[10.51655,45.99511],[10.51744,45.99404],[10.51814,45.99309],[10.51823,45.99285],[10.5182,45.99261],[10.51796,45.99225],[10.51783,45.99189],[10.51698,45.99082],[10.51694,45.99058],[10.51701,45.99046],[10.51726,45.99034],[10.51898,45.99018],[10.51967,45.99025],[10.52001,45.99022],[10.52052,45.99005],[10.52078,45.98987],[10.52095,45.98951],[10.52104,45.98903],[10.5208,45.98796],[10.52063,45.9876],[10.51987,45.98653],[10.51976,45.98617],[10.51979,45.98593],[10.52011,45.98533],[10.52019,45.98498]]},"properties":{"ele":1620,"major":0}},{"type":"Feature","geometry":{"type":"LineString","coordinates":[[10.56754,45.98498],[10.56907,45.98605],[10.56996,45.98678],[10.57189,45.98784],[10.57319,45.98903],[10.5734,45.9893],[10.57355,45.98963],[10.57358,45.99058],[10.5737,45.99106],[10.57441,45.99225],[10.57452,45.99261],[10.57443,45.99321],[10.57399,45.99416],[10.57396,45.99499],[10.57378,45.99535],[10.57202,45.99647],[10.57056,45.99714],[10.56962,45.99765],[10.56945,45.99765],[10.56929,45.9975],[10.56956,45.99631],[10.56937,45.99511],[10.56808,45.99327],[10.56602,45.99176],[10.5643,45.99089],[10.56241,45.98956],[10.56104,45.98901],[10.56074,45.98867],[10.56042,45.98772],[10.56001,45.98713],[10.55944,45.98665],[10.55884,45.98593],[10.55846,45.98561],[10.55798,45.98533],[10.55712,45.98498]]},"properties":{"ele":1620,"major":0}},{"type":"Feature","geometry":{"type":"LineString","coordinates":[[10.47006,46.06817],[10.47109,46.06859],[10.47332,46.06919],[10.47469,46.06992],[10.47624,46.07027],[10.47761,46.07073],[10.4783,46.07109],[10.47933,46.07186],[10.48054,46.07246],[10.48121,46.07293],[10.48156,46.07331],[10.48235,46.07448],[10.48305,46.07579],[10.48419,46.07698],[10.48438,46.07734],[10.48468,46.07829],[10.48516,46.07883],[10.48602,46.08013],[10.48688,46.08103],[10.48757,46.08152],[10.48825,46.08179],[10.48945,46.08204],[10.48976,46.08222],[10.48982,46.08246],[10.48976,46.0827],[10.48938,46.08341],[10.48927,46.08377],[10.48925,46.08472],[10.4891,46.08496],[10.48877,46.08524],[10.48842,46.08533],[10.48791,46.0853],[10.48533,46.08475],[10.48345,46.08406],[10.48207,46.08367],[10.4807,46.08309],[10.47898,46.08212],[10.47761,46.08161],[10.47589,46.08082],[10.47212,46.07892],[10.47092,46.07841],[10.47006,46.07816]]},"properties":{"ele":1640,"major":0}},{"type":"Feature","geometry":{"type":"LineString","coordinates":[[10.56808,45.98498],[10.56928,45.98574],[10.57037,45.98665],[10.5722,45.98761],[10.57377,45.98915],[10.57411,45.98975],[10.57447,45.99082],[10.57508,45.99225],[10.57515,45.99261],[10.57513,45.99309],[10.57493,45.99404],[10.57507,45.99523],[10.57488,45.99559],[10.57305,45.99651],[10.57202,45.9973],[10.56911,45.99875],[10.56859,45.99888],[10.56828,45.99881],[10.56819,45.99869],[10.56819,45.99845],[10.56841,45.99738],[10.56891,45.99619],[10.56893,45.99547],[10.56882,45.99511],[10.56846,45.99452],[10.56756,45.99343],[10.56584,45.99213],[10.56413,45.99119],[10.56224,45.98987],[10.56172,45.98968],[10.56062,45.98951],[10.56035,45.9894],[10.56022,45.98915],[10.5601,45.98808],[10.55988,45.9876],[10.55966,45.98734],[10.55897,45.98676],[10.55842,45.98605],[10.55812,45.98579],[10.5576,45.98551],[10.55675,45.98523],[10.55606,45.9851],[10.55554,45.98508],[10.55451,45.98526],[10.55332,45.98557],[10.55022,45.98665],[10.54885,45.98725],[10.54767,45.98796],[10.54645,45.98915],[10.54507,45.98998],[10.54463,45.99034],[10.5425,45.99309],[10.54165,45.99404],[10.54075,45.99487],[10.53969,45.99631],[10.53889,45.99705],[10.53845,45.99738],[10.53786,45.99757],[10.53632,45.99762],[10.53546,45.9978],[10.5346,45.99817],[10.53288,45.99919],[10.53203,45.9995],[10.52928,45.99966],[10.52773,45.99995],[10.5274,46.00012],[10.52631,46.00096],[10.52464,46.00308],[10.52381,46.00453],[10.52361,46.00513],[10.5234,46.00668],[10.5234,46.00704],[10.52359,46.00799],[10.52347,46.00942],[10.52338,46.00966],[10.52317,46.0099],[10.52242,46.01038],[10.52207,46.01072],[10.5219,46.01107],[10.52191,46.01133],[10.52207,46.0116],[10.52258,46.01209],[10.52347,46.01264],[10.52464,46.01308],[10.52756,46.01393],[10.528,46.01419],[10.52937,46.01526],[10.53151,46.01617],[10.53225,46.01669],[10.53292,46.01729],[10.53315,46.01765],[10.53323,46.01804],[10.53306,46.01822],[10.53271,46.01829],[10.5322,46.01827],[10.53151,46.01811],[10.53048,46.01766],[10.52962,46.01742],[10.52894,46.01698],[10.52777,46.01681],[10.52705,46.01655],[10.52619,46.01636],[10.52516,46.01592],[10.52344,46.01547],[10.52207,46.01495],[10.5207,46.01426],[10.52001,46.01403],[10.51915,46.01391],[10.51829,46.01395],[10.51778,46.01412],[10.51726,46.0145],[10.51692,46.01493],[10.51671,46.01538],[10.51654,46.01669],[10.51552,46.02051],[10.51569,46.02313],[10.51585,46.02444],[10.51705,46.02683],[10.5173,46.02766],[10.51727,46.02802],[10.51718,46.02826],[10.51663,46.02921],[10.51649,46.02993],[10.5165,46.03112],[10.51681,46.03231],[10.51685,46.03267],[10.51666,46.03422],[10.51598,46.0366],[10.5156,46.03755],[10.51525,46.03815],[10.51454,46.03898],[10.51383,46.04027],[10.51332,46.04068],[10.51263,46.04097],[10.51211,46.04105],[10.51143,46.04098],[10.51091,46.04086],[10.5104,46.04064],[10.50954,46.04008],[10.5092,46.0397],[10.50902,46.0394],[10.50876,46.03851],[10.50876,46.03791],[10.50921,46.03672],[10.50915,46.03553],[10.50933,46.03445],[10.50973,46.03338],[10.51034,46.03124],[10.51037,46.03076],[10.51029,46.02897],[10.51006,46.0279],[10.51004,46.02754],[10.51033,46.02671],[10.51047,46.02611],[10.51044,46.0248],[10.51053,46.02408],[10.51034,46.02301],[10.50933,46.02051],[10.50913,46.01944],[10.5089,46.01872],[10.5076,46.0161],[10.50667,46.01503],[10.50644,46.01467],[10.5063,46.01431],[10.50613,46.01324],[10.50586,46.0124],[10.50577,46.01157],[10.50606,46.01061],[10.50617,46.00954],[10.50673,46.00835],[10.50711,46.00787],[10.5072,46.00763],[10.50722,46.00704],[10.50703,46.00644],[10.50628,46.00548],[10.5057,46.00501],[10.50525,46.00482],[10.50284,46.00413],[10.5012,46.0031],[10.49993,46.00253],[10.49649,46.00159],[10.49443,46.00136],[10.49375,46.00107],[10.4934,46.00099],[10.49254,46.00099],[10.49203,46.00089],[10.49066,46.00042],[10.48911,45.99972],[10.48722,45.99924],[10.48602,45.99875],[10.48561,45.99845],[10.48477,45.9975],[10.48395,45.99678],[10.48365,45.99642],[10.4828,45.99476],[10.4824,45.99368],[10.48234,45.99297],[10.4825,45.99261],[10.48276,45.99246],[10.48327,45.99247],[10.48396,45.99263],[10.48512,45.99309],[10.48705,45.9942],[10.48842,45.99467],[10.49048,45.9955],[10.49289,45.99605],[10.49649,45.99658],[10.50181,45.99784],[10.50508,45.99892],[10.50654,45.99976],[10.50696,45.99995],[10.50748,46.00005],[10.50782,46.00001],[10.50902,45.99953],[10.50917,45.99941],[10.50927,45.99893],[10.50918,45.99833],[10.5092,45.99801],[10.50937,45.99771],[10.51023,45.99739],[10.51211,45.99748],[10.51263,45.99741],[10.51289,45.99726],[10.51354,45.99666],[10.51452,45.99621],[10.51577,45.99547],[10.51636,45.99499],[10.51733,45.9938],[10.51769,45.99321],[10.51782,45.99285],[10.51745,45.99177],[10.51686,45.99118],[10.51661,45.99082],[10.51655,45.99046],[10.51672,45.99022],[10.51744,45.99008],[10.51795,45.99013],[10.51898,45.99003],[10.51984,45.99007],[10.52035,45.98993],[10.52061,45.98975],[10.52081,45.98939],[10.52088,45.98903],[10.52068,45.98808],[10.52052,45.98772],[10.51956,45.98653],[10.51941,45.98617],[10.51946,45.98581],[10.5198,45.98521],[10.51987,45.98498]]},"properties":{"ele":1640,"major":0}},{"type":"Feature","geometry":{"type":"LineString","coordinates":[[10.47006,46.06785],[10.47126,46.06838],[10.47349,46.06894],[10.47486,46.06967],[10.47624,46.07003],[10.47778,46.07061],[10.47847,46.07099],[10.4795,46.07176],[10.4807,46.07227],[10.48139,46.07272],[10.48173,46.07308],[10.4828,46.0746],[10.48336,46.07555],[10.48443,46.07674],[10.48466,46.07722],[10.48485,46.07817],[10.4862,46.08008],[10.48721,46.08103],[10.48779,46.08139],[10.4886,46.08164],[10.48997,46.08179],[10.49018,46.08186],[10.49028,46.08198],[10.4903,46.08222],[10.49023,46.08246],[10.48967,46.08341],[10.48958,46.08377],[10.48962,46.08413],[10.49001,46.08496],[10.48997,46.08539],[10.4898,46.08573],[10.48955,46.08591],[10.48911,46.086],[10.48842,46.08595],[10.48654,46.08546],[10.48207,46.084],[10.4807,46.08339],[10.47864,46.08224],[10.47709,46.08165],[10.47246,46.07935],[10.47074,46.07858],[10.47006,46.07837]]},"properties":{"ele":1660,"major":0}},{"type":"Feature","geometry":{"type":"LineString","coordinates":[[10.51435,46.04602],[10.514,46.04571],[10.51277,46.04411],[10.51262,46.04375],[10.51259,46.04339],[10.51263,46.04318],[10.5128,46.04302],[10.51314,46.0431],[10.51349,46.04335],[10.51404,46.04411],[10.51424,46.04458],[10.51469,46.04538],[10.51476,46.04565],[10.51469,46.04592],[10.51452,46.04602],[10.51435,46.04602]]},"properties":{"ele":1660,"major":0}},{"type":"Feature","geometry":{"type":"LineString","coordinates":[[10.56885,45.98498],[10.56962,45.98551],[10.57065,45.98645],[10.57185,45.98706],[10.57237,45.9874],[10.57339,45.98843],[10.5742,45.98915],[10.57448,45.98951],[10.57527,45.99082],[10.57542,45.99118],[10.57568,45.99249],[10.57576,45.99392],[10.5761,45.99535],[10.57601,45.99571],[10.57563,45.99603],[10.57443,45.99646],[10.57358,45.9969],[10.57287,45.9975],[10.57185,45.99814],[10.57031,45.99875],[10.56911,45.99934],[10.56842,45.99951],[10.5679,45.9995],[10.56724,45.99929],[10.56702,45.99905],[10.56708,45.99881],[10.56753,45.99821],[10.56772,45.99786],[10.56839,45.99583],[10.56841,45.99559],[10.56833,45.99523],[10.568,45.99452],[10.56775,45.99416],[10.56555,45.99237],[10.56384,45.99142],[10.56207,45.99019],[10.56172,45.99007],[10.56121,45.99],[10.55984,45.99018],[10.55949,45.99015],[10.55932,45.99006],[10.5592,45.98975],[10.55961,45.98891],[10.5597,45.98855],[10.55967,45.98808],[10.55949,45.98772],[10.55859,45.98688],[10.55812,45.98628],[10.55778,45.98597],[10.55692,45.98563],[10.55606,45.98553],[10.55537,45.98565],[10.55434,45.98601],[10.55005,45.98717],[10.54919,45.9875],[10.54799,45.98816],[10.54679,45.98931],[10.54542,45.99022],[10.54486,45.9907],[10.54233,45.99385],[10.54107,45.99511],[10.54025,45.99631],[10.53906,45.99738],[10.53855,45.99773],[10.53786,45.99795],[10.53632,45.99793],[10.53546,45.9981],[10.53443,45.99853],[10.53271,45.9995],[10.53203,45.99972],[10.53134,45.99981],[10.53014,45.99985],[10.52825,46.00009],[10.52773,46.00029],[10.5267,46.00108],[10.52495,46.0031],[10.52413,46.00453],[10.52394,46.00513],[10.52368,46.00668],[10.52383,46.00787],[10.52369,46.00978],[10.52344,46.01013],[10.52276,46.01055],[10.52241,46.01085],[10.52222,46.01121],[10.52228,46.01145],[10.52282,46.01205],[10.52379,46.01261],[10.52482,46.01295],[10.52773,46.01371],[10.52979,46.01493],[10.53168,46.01593],[10.53341,46.01717],[10.53463,46.01848],[10.53573,46.0192],[10.53604,46.01956],[10.53609,46.01979],[10.53593,46.01991],[10.53563,46.01994],[10.53494,46.01982],[10.5346,46.01966],[10.53409,46.0193],[10.5334,46.019],[10.53155,46.01848],[10.53078,46.01836],[10.52859,46.01747],[10.5273,46.01705],[10.52516,46.01615],[10.52327,46.01562],[10.52087,46.01461],[10.52018,46.01438],[10.51932,46.01423],[10.51864,46.01421],[10.51795,46.01436],[10.51748,46.01467],[10.51726,46.01492],[10.51708,46.01526],[10.51685,46.01681],[10.51614,46.01932],[10.51584,46.02063],[10.516,46.02373],[10.51609,46.02456],[10.51658,46.02558],[10.51735,46.02695],[10.51755,46.02742],[10.51761,46.02778],[10.51754,46.02826],[10.51685,46.02933],[10.51668,46.03004],[10.51673,46.03112],[10.51709,46.03218],[10.51712,46.03243],[10.51686,46.03433],[10.51624,46.03672],[10.51602,46.03731],[10.51563,46.03803],[10.51475,46.0391],[10.51409,46.04041],[10.51366,46.04087],[10.51246,46.04176],[10.51211,46.04188],[10.51194,46.04187],[10.51057,46.04129],[10.50948,46.04053],[10.50913,46.04017],[10.5088,46.0397],[10.50858,46.03922],[10.50845,46.03874],[10.50844,46.03779],[10.50877,46.03708],[10.50886,46.03672],[10.50874,46.036],[10.50878,46.03553],[10.50899,46.03493],[10.50907,46.03433],[10.50994,46.03159],[10.51007,46.031],[10.51006,46.02897],[10.50975,46.02742],[10.51006,46.02659],[10.5102,46.02599],[10.51015,46.0248],[10.51023,46.02397],[10.51014,46.02301],[10.50972,46.02218],[10.50951,46.02146],[10.50908,46.02051],[10.50873,46.01896],[10.50837,46.01801],[10.50732,46.0161],[10.50633,46.01503],[10.50597,46.01443],[10.5059,46.01324],[10.50569,46.0124],[10.50557,46.01157],[10.50593,46.01051],[10.50604,46.00942],[10.50628,46.00901],[10.50648,46.00835],[10.50686,46.00775],[10.50694,46.00751],[10.5069,46.00692],[10.50671,46.00644],[10.50611,46.00573],[10.50543,46.00525],[10.50267,46.00433],[10.50216,46.00405],[10.50103,46.00322],[10.49975,46.00265],[10.49632,46.00172],[10.49512,46.00165],[10.49447,46.00155],[10.49409,46.00146],[10.49357,46.00121],[10.49306,46.00124],[10.49066,46.00081],[10.48997,46.00058],[10.48877,46.00001],[10.48654,45.99945],[10.48533,45.99896],[10.48499,45.99869],[10.48439,45.99786],[10.48344,45.9969],[10.4831,45.99642],[10.48172,45.99356],[10.48154,45.99297],[10.48138,45.99165],[10.48156,45.99137],[10.48173,45.99132],[10.48207,45.9914],[10.48321,45.99201],[10.48516,45.99281],[10.48722,45.99403],[10.49066,45.99531],[10.49306,45.9959],[10.49649,45.99638],[10.50181,45.99762],[10.50525,45.99876],[10.50696,45.99967],[10.50731,45.99975],[10.50799,45.99968],[10.50868,45.99948],[10.50885,45.99939],[10.50902,45.99916],[10.50907,45.99881],[10.5088,45.9975],[10.50885,45.99724],[10.5092,45.99717],[10.50971,45.99724],[10.51057,45.9972],[10.51211,45.99736],[10.51246,45.99732],[10.51278,45.99714],[10.51314,45.99672],[10.51349,45.99643],[10.51435,45.99606],[10.51539,45.99547],[10.51589,45.99514],[10.51616,45.99487],[10.51658,45.99431],[10.51715,45.99368],[10.5175,45.99297],[10.51715,45.99177],[10.51664,45.9913],[10.51623,45.9907],[10.51621,45.99034],[10.51636,45.9901],[10.5166,45.98998],[10.51744,45.98984],[10.51812,45.98999],[10.51881,45.98989],[10.51984,45.9899],[10.5203,45.98975],[10.52052,45.98955],[10.52067,45.98927],[10.52072,45.98903],[10.5206,45.98832],[10.52048,45.98796],[10.51996,45.98724],[10.51925,45.98653],[10.51905,45.98617],[10.51907,45.98581],[10.51951,45.98498]]},"properties":{"ele":1660,"major":0}},{"type":"Feature","geometry":{"type":"LineString","coordinates":[[10.6,46.02409],[10.59983,46.02391],[10.59968,46.02361],[10.59958,46.02313],[10.59973,46.02277],[10.6,46.0226]]},"properties":{"ele":1660,"major":0}},{"type":"Feature","geometry":{"type":"LineString","coordinates":[[10.47006,46.06743],[10.47066,46.06781],[10.47121,46.06805],[10.47212,46.06833],[10.474,46.06872],[10.47503,46.06925],[10.47641,46.06976],[10.4783,46.07066],[10.47961,46.07162],[10.48084,46.0721],[10.48173,46.07264],[10.48308,46.07448],[10.48362,46.07535],[10.48469,46.07651],[10.48495,46.0771],[10.48508,46.07817],[10.48636,46.08],[10.48739,46.08091],[10.48808,46.08129],[10.48894,46.08149],[10.49048,46.08149],[10.49086,46.08163],[10.49089,46.08174],[10.49079,46.08198],[10.49048,46.08258],[10.48999,46.08329],[10.48986,46.08365],[10.48994,46.08413],[10.49058,46.0852],[10.49062,46.08555],[10.49055,46.08603],[10.49035,46.08627],[10.48997,46.08644],[10.48928,46.08651],[10.4886,46.08644],[10.48688,46.08596],[10.48568,46.08551],[10.48259,46.08453],[10.48121,46.08396],[10.47864,46.08256],[10.47692,46.08185],[10.47435,46.08051],[10.47229,46.07952],[10.47057,46.07875],[10.47006,46.07858]]},"properties":{"ele":1680,"major":0}},{"type":"Feature","geometry":{"type":"LineString","coordinates":[[10.56978,45.98498],[10.57078,45.98617],[10.57237,45.98713],[10.57291,45.9876],[10.57357,45.98833],[10.57443,45.98903],[10.57563,45.99048],[10.57589,45.99094],[10.57611,45.99154],[10.57625,45.99273],[10.57664,45.99428],[10.57695,45.99523],[10.57689,45.99571],[10.57673,45.99595],[10.57649,45.99616],[10.57471,45.99702],[10.57364,45.99774],[10.57151,45.99896],[10.57031,45.99927],[10.56943,45.99964],[10.56842,45.99982],[10.56722,45.9997],[10.56653,45.99951],[10.56606,45.99929],[10.56589,45.99905],[10.56597,45.99881],[10.5667,45.9983],[10.56706,45.99798],[10.56736,45.9975],[10.56756,45.9969],[10.56784,45.99547],[10.56772,45.99499],[10.56747,45.99452],[10.5667,45.99377],[10.56588,45.99321],[10.56516,45.99256],[10.56344,45.99159],[10.56202,45.99058],[10.56172,45.99046],[10.56121,45.99038],[10.55949,45.99055],[10.55915,45.9905],[10.55885,45.99034],[10.55869,45.9901],[10.55867,45.98987],[10.55879,45.98951],[10.55926,45.98867],[10.55931,45.98832],[10.5592,45.98796],[10.55898,45.98767],[10.55819,45.987],[10.55751,45.98629],[10.55692,45.98604],[10.5564,45.98603],[10.55451,45.98665],[10.55321,45.987],[10.54988,45.98774],[10.54885,45.98813],[10.54816,45.98849],[10.54716,45.98939],[10.54598,45.99022],[10.54516,45.99094],[10.54338,45.99297],[10.54233,45.99434],[10.54151,45.99523],[10.54086,45.99642],[10.53872,45.998],[10.53825,45.99821],[10.53786,45.9983],[10.53632,45.99824],[10.53529,45.99843],[10.53439,45.99881],[10.53288,45.99968],[10.5322,45.99992],[10.53151,46.00003],[10.52945,46.00017],[10.52825,46.00039],[10.52773,46.00066],[10.5272,46.00108],[10.52539,46.00298],[10.52473,46.00394],[10.52425,46.00513],[10.52398,46.00668],[10.52408,46.00775],[10.52397,46.00895],[10.524,46.0099],[10.52379,46.01029],[10.52297,46.01085],[10.52275,46.01109],[10.52266,46.01145],[10.52287,46.01181],[10.52396,46.01252],[10.52499,46.01284],[10.52769,46.01348],[10.53014,46.01467],[10.53346,46.01681],[10.53495,46.01812],[10.53906,46.02063],[10.54015,46.02158],[10.54027,46.02182],[10.54025,46.02194],[10.54009,46.02206],[10.53975,46.02211],[10.53906,46.02199],[10.537,46.0213],[10.5358,46.02079],[10.5346,46.02045],[10.53409,46.02023],[10.53348,46.01967],[10.53271,46.01924],[10.5322,46.01904],[10.53134,46.01894],[10.53065,46.01875],[10.52964,46.01824],[10.52722,46.01731],[10.52509,46.01634],[10.5231,46.01575],[10.5207,46.01478],[10.51967,46.01455],[10.51881,46.01451],[10.51814,46.01467],[10.51764,46.01503],[10.51745,46.01538],[10.51712,46.01729],[10.51657,46.01896],[10.51627,46.02027],[10.51618,46.02087],[10.51617,46.0217],[10.51635,46.02468],[10.51665,46.0254],[10.51772,46.02718],[10.51787,46.02766],[10.51789,46.02814],[10.51775,46.02861],[10.51708,46.02945],[10.51689,46.03004],[10.51693,46.031],[10.51733,46.03207],[10.51736,46.03243],[10.51705,46.03445],[10.51646,46.03696],[10.51622,46.03755],[10.51593,46.03803],[10.51496,46.03922],[10.51435,46.04058],[10.51358,46.04184],[10.51359,46.04208],[10.51373,46.04244],[10.51432,46.04327],[10.51538,46.04501],[10.51565,46.04554],[10.51575,46.04589],[10.51571,46.04637],[10.51549,46.04673],[10.51486,46.04724],[10.51435,46.04742],[10.514,46.04732],[10.51383,46.04718],[10.5127,46.04554],[10.5124,46.04494],[10.51166,46.04315],[10.51133,46.04256],[10.51091,46.04208],[10.50965,46.04125],[10.50902,46.04067],[10.50842,46.0397],[10.50817,46.03898],[10.50816,46.03779],[10.50841,46.03684],[10.50831,46.03624],[10.50832,46.036],[10.50871,46.03493],[10.50885,46.03422],[10.5097,46.03147],[10.50986,46.03076],[10.50985,46.02897],[10.50944,46.02742],[10.50947,46.02718],[10.50977,46.02647],[10.50989,46.02599],[10.50987,46.0248],[10.50996,46.02397],[10.50996,46.02325],[10.50989,46.02289],[10.50954,46.02226],[10.50928,46.02146],[10.50879,46.02039],[10.50841,46.01872],[10.50803,46.01777],[10.50714,46.01628],[10.50593,46.01488],[10.50567,46.01431],[10.50572,46.01324],[10.50538,46.01145],[10.50576,46.01047],[10.50585,46.00942],[10.5061,46.00895],[10.50624,46.00835],[10.5066,46.00751],[10.50656,46.00704],[10.50636,46.00656],[10.50593,46.00603],[10.50525,46.00555],[10.50232,46.00441],[10.50181,46.00412],[10.5008,46.00334],[10.49975,46.00286],[10.49615,46.00184],[10.49495,46.00177],[10.49357,46.00145],[10.49031,46.00104],[10.48963,46.00084],[10.48825,46.00018],[10.48636,45.9998],[10.48516,45.99932],[10.48465,45.99893],[10.48396,45.99801],[10.48288,45.9969],[10.48214,45.99535],[10.48105,45.99344],[10.48064,45.99225],[10.48014,45.9913],[10.48004,45.99094],[10.48035,45.98987],[10.48053,45.98971],[10.48087,45.98967],[10.48108,45.98975],[10.4819,45.99034],[10.48285,45.9913],[10.48349,45.99177],[10.48533,45.99264],[10.48739,45.99388],[10.49048,45.99502],[10.49304,45.99571],[10.49649,45.99619],[10.49838,45.99667],[10.50199,45.99746],[10.50559,45.99865],[10.50714,45.9994],[10.50817,45.99939],[10.50852,45.99929],[10.50868,45.99917],[10.50882,45.99893],[10.50875,45.99809],[10.50852,45.99738],[10.50855,45.99714],[10.50868,45.99696],[10.50902,45.99689],[10.50988,45.99702],[10.51074,45.99702],[10.51177,45.99719],[10.51239,45.99714],[10.51332,45.99625],[10.51452,45.99574],[10.51557,45.99511],[10.51589,45.99483],[10.51636,45.99416],[10.51698,45.99356],[10.51719,45.99321],[10.51723,45.99285],[10.51698,45.99237],[10.51687,45.99189],[10.5163,45.9913],[10.51591,45.9907],[10.51589,45.99034],[10.51607,45.98998],[10.51641,45.98983],[10.51726,45.98971],[10.51761,45.98971],[10.51812,45.98983],[10.51967,45.98976],[10.52012,45.98963],[10.5204,45.98939],[10.52054,45.98903],[10.52045,45.98832],[10.52031,45.98796],[10.51974,45.98724],[10.51892,45.98653],[10.51867,45.98617],[10.51864,45.98593],[10.5187,45.98569],[10.51908,45.98498]]},"properties":{"ele":1680,"major":0}},{"type":"Feature","geometry":{"type":"LineString","coordinates":[[10.6,46.0248],[10.59914,46.02456],[10.59868,46.02432],[10.59822,46.02361],[10.59814,46.02325],[10.59824,46.02277],[10.59863,46.02226],[10.59915,46.022],[10.6,46.02182]]},"properties":{"ele":1680,"major":0}},{"type":"Feature","geometry":{"type":"LineString","coordinates":[[10.47006,46.06695],[10.47113,46.06757],[10.472,46.06793],[10.47263,46.06809],[10.47418,46.06834],[10.47486,46.06855],[10.47641,46.06935],[10.47847,46.07054],[10.47967,46.07145],[10.48156,46.07221],[10.48207,46.07255],[10.48388,46.0752],[10.48474,46.07603],[10.48499,46.07638],[10.48524,46.07698],[10.48529,46.07817],[10.48616,46.07948],[10.48647,46.07984],[10.48757,46.08076],[10.48836,46.08115],[10.48911,46.0813],[10.491,46.08121],[10.49134,46.0813],[10.49161,46.08151],[10.49154,46.08174],[10.491,46.08225],[10.49021,46.08329],[10.49011,46.08353],[10.49021,46.08413],[10.49084,46.08508],[10.491,46.08542],[10.49107,46.08591],[10.491,46.08624],[10.4908,46.08651],[10.49031,46.08676],[10.48963,46.08687],[10.48894,46.08685],[10.48842,46.08676],[10.48688,46.08631],[10.48448,46.08552],[10.48139,46.08436],[10.47864,46.08287],[10.47675,46.08205],[10.47418,46.08065],[10.47212,46.07967],[10.47006,46.07882]]},"properties":{"ele":1700,"major":1}},{"type":"Feature","geometry":{"type":"LineString","coordinates":[[10.57056,45.98498],[10.57066,45.98545],[10.57108,45.98605],[10.57271,45.98718],[10.57374,45.98824],[10.57486,45.98915],[10.57597,45.99041],[10.57649,45.99146],[10.57676,45.99261],[10.5773,45.9938],[10.5775,45.99511],[10.57747,45.99583],[10.57729,45.99619],[10.57704,45.99642],[10.57602,45.9969],[10.5751,45.9975],[10.57319,45.99857],[10.5722,45.99934],[10.57185,45.99954],[10.56945,45.99997],[10.56808,46.00003],[10.56722,45.99995],[10.56625,45.99976],[10.5656,45.99953],[10.56523,45.99929],[10.56513,45.99917],[10.56508,45.99893],[10.56523,45.99857],[10.5655,45.99836],[10.56653,45.99778],[10.56687,45.99738],[10.56703,45.99702],[10.56714,45.99666],[10.56734,45.99535],[10.5673,45.99499],[10.56713,45.99464],[10.56653,45.99402],[10.56546,45.99332],[10.56481,45.9928],[10.56327,45.99197],[10.56172,45.99093],[10.56138,45.9908],[10.56104,45.99076],[10.55915,45.99084],[10.55881,45.99079],[10.55846,45.99063],[10.55828,45.99034],[10.55824,45.98987],[10.55837,45.98951],[10.55884,45.98867],[10.55889,45.98832],[10.55882,45.98808],[10.55851,45.98772],[10.55726,45.98668],[10.55692,45.98652],[10.5564,45.98648],[10.55383,45.98735],[10.55177,45.98786],[10.54936,45.98837],[10.54885,45.98854],[10.54833,45.98881],[10.54606,45.99058],[10.54369,45.99297],[10.54192,45.99535],[10.54176,45.99571],[10.5416,45.99642],[10.54147,45.99668],[10.54117,45.9969],[10.54009,45.99742],[10.53872,45.99837],[10.53821,45.99857],[10.53786,45.99863],[10.53649,45.99852],[10.53563,45.9986],[10.53477,45.99888],[10.53323,45.99981],[10.53254,46.0001],[10.53151,46.00027],[10.52962,46.00035],[10.52842,46.0006],[10.52797,46.00084],[10.52752,46.00119],[10.52543,46.00334],[10.5249,46.00418],[10.5245,46.00525],[10.52431,46.00668],[10.52435,46.00763],[10.5242,46.00883],[10.52429,46.01002],[10.5242,46.01026],[10.52401,46.0105],[10.52337,46.01097],[10.52317,46.01121],[10.52308,46.01157],[10.52319,46.01181],[10.52384,46.01228],[10.5241,46.0124],[10.52499,46.01269],[10.52666,46.013],[10.52756,46.01324],[10.53048,46.0145],[10.53148,46.01526],[10.53391,46.01683],[10.53529,46.01796],[10.53924,46.02027],[10.54027,46.02097],[10.54151,46.0217],[10.54198,46.02218],[10.5422,46.02265],[10.5422,46.02289],[10.5421,46.02301],[10.54181,46.02312],[10.5413,46.02309],[10.53855,46.02237],[10.53786,46.02206],[10.53683,46.02191],[10.53546,46.02119],[10.53357,46.02056],[10.53307,46.02027],[10.53226,46.01967],[10.53134,46.01935],[10.52928,46.01834],[10.5272,46.01753],[10.52585,46.01684],[10.52482,46.01642],[10.5231,46.01591],[10.52087,46.01503],[10.52001,46.01486],[10.51915,46.01481],[10.51847,46.01498],[10.51806,46.01526],[10.51778,46.01584],[10.51742,46.01753],[10.51691,46.01896],[10.51676,46.01991],[10.51654,46.02075],[10.51648,46.02158],[10.51667,46.02337],[10.51661,46.02456],[10.51664,46.0248],[10.51694,46.02552],[10.51797,46.02718],[10.51814,46.02778],[10.51819,46.02849],[10.51804,46.02885],[10.51728,46.02969],[10.51712,46.03016],[10.51716,46.031],[10.51753,46.03195],[10.51758,46.03231],[10.51713,46.03529],[10.51675,46.03696],[10.51633,46.03791],[10.51515,46.03946],[10.51455,46.04101],[10.51433,46.04196],[10.51446,46.04256],[10.515,46.04363],[10.51604,46.0453],[10.51634,46.04613],[10.51639,46.04661],[10.51634,46.04697],[10.51593,46.04804],[10.51556,46.04863],[10.51552,46.04887],[10.51613,46.05006],[10.51658,46.05053],[10.51675,46.05082],[10.51675,46.05115],[10.51658,46.05129],[10.51641,46.05133],[10.51623,46.05127],[10.51609,46.05102],[10.51609,46.05054],[10.516,46.05018],[10.51524,46.04911],[10.51469,46.04871],[10.51372,46.04828],[10.51332,46.04787],[10.51264,46.04661],[10.51183,46.04565],[10.51151,46.04434],[10.51088,46.04291],[10.51025,46.0422],[10.5092,46.04152],[10.50879,46.04113],[10.50839,46.04053],[10.50796,46.03946],[10.50788,46.03886],[10.50798,46.03708],[10.50793,46.03624],[10.50846,46.03493],[10.50953,46.03124],[10.50967,46.03052],[10.50969,46.02945],[10.50963,46.02885],[10.50951,46.02838],[10.5092,46.02766],[10.50914,46.0273],[10.50957,46.02599],[10.50975,46.02325],[10.50967,46.02289],[10.50934,46.0223],[10.50905,46.02146],[10.50846,46.02015],[10.50813,46.01872],[10.50782,46.01789],[10.5075,46.01729],[10.50696,46.01652],[10.50572,46.01491],[10.5055,46.01443],[10.50547,46.01407],[10.50556,46.01324],[10.50517,46.01145],[10.50557,46.01026],[10.50563,46.00942],[10.50589,46.00883],[10.50612,46.00751],[10.5061,46.00704],[10.50585,46.00656],[10.50547,46.00608],[10.50495,46.00573],[10.50336,46.00502],[10.50206,46.00453],[10.50051,46.00346],[10.49974,46.0031],[10.49598,46.00197],[10.49512,46.00193],[10.49272,46.00148],[10.49048,46.00132],[10.4898,46.0012],[10.48912,46.00096],[10.48791,46.00038],[10.48602,46.00007],[10.48551,45.9999],[10.48499,45.99963],[10.4843,45.99908],[10.48368,45.99821],[10.48252,45.99714],[10.48184,45.99559],[10.48042,45.99344],[10.47982,45.99213],[10.47892,45.99106],[10.47882,45.99082],[10.47879,45.99046],[10.479,45.98987],[10.4795,45.98939],[10.48001,45.98909],[10.48053,45.9889],[10.48087,45.98885],[10.48121,45.9889],[10.48173,45.98915],[10.48207,45.98946],[10.48305,45.99094],[10.48352,45.99142],[10.48551,45.99249],[10.4872,45.99356],[10.48791,45.99389],[10.491,45.99497],[10.49254,45.9954],[10.4934,45.99558],[10.49615,45.99594],[10.49838,45.99648],[10.49975,45.99673],[10.50243,45.99738],[10.50593,45.99853],[10.50714,45.99907],[10.50817,45.99908],[10.50846,45.99893],[10.50857,45.99869],[10.50855,45.99809],[10.50827,45.99726],[10.50836,45.99678],[10.50851,45.99655],[10.50868,45.99653],[10.51005,45.99684],[10.51074,45.9968],[10.51143,45.99698],[10.51194,45.99695],[10.51314,45.99603],[10.51349,45.99585],[10.51435,45.99559],[10.5152,45.99511],[10.51561,45.99476],[10.5161,45.99404],[10.51681,45.99344],[10.51698,45.99309],[10.51695,45.99285],[10.51673,45.99249],[10.51648,45.99189],[10.51584,45.99118],[10.51559,45.9907],[10.51563,45.99022],[10.51589,45.98981],[10.51623,45.98968],[10.51726,45.98958],[10.5195,45.98962],[10.5199,45.98951],[10.52022,45.98927],[10.52032,45.98903],[10.52029,45.98843],[10.52014,45.98796],[10.51951,45.98724],[10.51855,45.98653],[10.51826,45.98617],[10.51821,45.98593],[10.51826,45.98569],[10.51863,45.98498]]},"properties":{"ele":1700,"major":1}},{"type":"Feature","geometry":{"type":"LineString","coordinates":[[10.6,46.02523],[10.59846,46.02504],[10.59777,46.02475],[10.59754,46.02456],[10.59738,46.02432],[10.5972,46.02373],[10.59714,46.02325],[10.59724,46.02277],[10.59741,46.02242],[10.59763,46.02206],[10.59794,46.02176],[10.59829,46.02159],[10.59873,46.02146],[10.6,46.02133]]},"properties":{"ele":1700,"major":1}},{"type":"Feature","geometry":{"type":"LineString","coordinates":[[10.47006,46.06657],[10.47057,46.06675],[10.47177,46.06739],[10.4725,46.06769],[10.47315,46.06784],[10.47452,46.06802],[10.47504,46.06817],[10.47675,46.06914],[10.47881,46.07051],[10.47984,46.07132],[10.48212,46.07222],[10.48249,46.07258],[10.48289,46.07329],[10.48346,46.074],[10.48413,46.07504],[10.48499,46.07585],[10.48521,46.07615],[10.48554,46.07698],[10.48551,46.07817],[10.48619,46.07925],[10.48654,46.07964],[10.48774,46.08058],[10.4886,46.08098],[10.48928,46.08108],[10.49117,46.08098],[10.49186,46.08109],[10.4922,46.08122],[10.49226,46.08139],[10.49211,46.08163],[10.49117,46.08244],[10.49044,46.08329],[10.49033,46.08353],[10.49043,46.08413],[10.49111,46.08508],[10.49128,46.08544],[10.49137,46.08591],[10.49132,46.08627],[10.49112,46.08663],[10.49066,46.08696],[10.49014,46.08717],[10.48963,46.08721],[10.48842,46.08707],[10.48742,46.08675],[10.48619,46.08647],[10.48482,46.08606],[10.48139,46.08469],[10.47898,46.08333],[10.47812,46.0829],[10.47675,46.08233],[10.474,46.08079],[10.47194,46.07981],[10.47006,46.07906]]},"properties":{"ele":1720,"major":0}},{"type":"Feature","geometry":{"type":"LineString","coordinates":[[10.57119,45.98498],[10.57113,45.98545],[10.57139,45.98593],[10.57331,45.98748],[10.57391,45.98812],[10.57501,45.98903],[10.5758,45.98983],[10.57621,45.99034],[10.57683,45.99161],[10.57724,45.99285],[10.57784,45.99392],[10.57797,45.99452],[10.57788,45.99595],[10.57772,45.99631],[10.57752,45.99655],[10.57717,45.99681],[10.57427,45.99845],[10.57356,45.99893],[10.5727,45.99964],[10.5722,45.99994],[10.57151,46.00012],[10.56962,46.00022],[10.56739,46.00016],[10.56653,46.00007],[10.56568,45.99988],[10.56497,45.99964],[10.56453,45.99941],[10.56435,45.99917],[10.56429,45.99881],[10.56431,45.99845],[10.56443,45.99821],[10.56477,45.99798],[10.56567,45.99764],[10.56602,45.99745],[10.56623,45.99726],[10.56644,45.9969],[10.56684,45.99535],[10.56682,45.99499],[10.56666,45.99464],[10.56636,45.99429],[10.56602,45.99403],[10.56464,45.99317],[10.5631,45.99238],[10.56165,45.99142],[10.56121,45.99119],[10.56069,45.99109],[10.55863,45.99114],[10.55813,45.99106],[10.55795,45.99096],[10.55777,45.9907],[10.5578,45.98998],[10.55797,45.98951],[10.55842,45.98867],[10.55846,45.98843],[10.5584,45.9882],[10.5581,45.98784],[10.55709,45.98712],[10.55675,45.98695],[10.5564,45.98692],[10.55572,45.98711],[10.554,45.9878],[10.54919,45.98883],[10.54851,45.98916],[10.54725,45.98998],[10.54653,45.99058],[10.54562,45.99154],[10.54439,45.99258],[10.54359,45.99344],[10.54233,45.99547],[10.54221,45.99595],[10.54219,45.99678],[10.54206,45.99702],[10.54191,45.99714],[10.54044,45.9976],[10.53992,45.99791],[10.53904,45.99857],[10.53838,45.99889],[10.53786,45.99897],[10.53649,45.99878],[10.53563,45.99884],[10.53477,45.99917],[10.53357,46.0],[10.53286,46.00036],[10.53168,46.00053],[10.52962,46.00053],[10.52859,46.00078],[10.52794,46.00119],[10.52708,46.00215],[10.52602,46.00311],[10.5255,46.00369],[10.52499,46.00457],[10.52473,46.00537],[10.52465,46.00751],[10.52443,46.00895],[10.52457,46.00978],[10.52455,46.01014],[10.5243,46.0106],[10.52355,46.01133],[10.52347,46.01157],[10.52357,46.01181],[10.52402,46.01216],[10.52496,46.01252],[10.5267,46.01282],[10.52773,46.01311],[10.53068,46.01431],[10.53168,46.01514],[10.53412,46.01669],[10.53551,46.01777],[10.53769,46.01898],[10.54044,46.02069],[10.54155,46.02122],[10.54214,46.02158],[10.54352,46.02301],[10.54369,46.02325],[10.54374,46.02349],[10.54369,46.02361],[10.54353,46.02373],[10.54318,46.02382],[10.54267,46.02385],[10.54181,46.02374],[10.53975,46.02318],[10.53769,46.02244],[10.53649,46.0221],[10.53512,46.02144],[10.53298,46.02063],[10.53139,46.01967],[10.52928,46.01854],[10.52705,46.01765],[10.52587,46.01705],[10.52474,46.01658],[10.5231,46.01606],[10.52104,46.01528],[10.52035,46.01513],[10.5195,46.01511],[10.51889,46.01526],[10.51839,46.01562],[10.51817,46.01598],[10.51799,46.01646],[10.51765,46.01789],[10.51727,46.01896],[10.51714,46.01991],[10.51685,46.02099],[10.51679,46.02158],[10.51703,46.02325],[10.51699,46.02456],[10.51707,46.02516],[10.51744,46.02597],[10.51821,46.02718],[10.51854,46.02838],[10.51856,46.02873],[10.51837,46.02909],[10.51761,46.02981],[10.5174,46.03028],[10.51741,46.031],[10.51775,46.03195],[10.51779,46.03243],[10.51754,46.03386],[10.5174,46.03529],[10.517,46.03708],[10.51664,46.03791],[10.51567,46.03922],[10.51541,46.0397],[10.51494,46.04101],[10.51485,46.04184],[10.5149,46.04244],[10.51515,46.04315],[10.51638,46.04518],[10.51702,46.04661],[10.51709,46.04708],[10.51692,46.04816],[10.51694,46.04863],[10.51713,46.04911],[10.51761,46.04986],[10.51791,46.0509],[10.518,46.05185],[10.51797,46.05221],[10.51788,46.05245],[10.5174,46.0528],[10.51709,46.05291],[10.51675,46.05295],[10.51611,46.0528],[10.51572,46.05253],[10.51469,46.05071],[10.51409,46.04947],[10.51292,46.0484],[10.5122,46.0472],[10.51108,46.04638],[10.51074,46.04601],[10.51036,46.04518],[10.51034,46.04494],[10.5105,46.04458],[10.51052,46.04434],[10.51044,46.04387],[10.51023,46.04333],[10.50988,46.04283],[10.50885,46.04204],[10.50857,46.04172],[10.50802,46.04089],[10.5077,46.04005],[10.50761,46.03922],[10.50767,46.03815],[10.5076,46.03636],[10.5077,46.036],[10.50823,46.03493],[10.50937,46.031],[10.5095,46.03028],[10.50951,46.02945],[10.5094,46.02873],[10.50924,46.02826],[10.50892,46.02766],[10.50885,46.0273],[10.5089,46.02695],[10.50926,46.02587],[10.50948,46.0242],[10.50952,46.02325],[10.50944,46.02289],[10.50815,46.02003],[10.50782,46.01872],[10.50748,46.01785],[10.50553,46.01491],[10.50538,46.01455],[10.50532,46.01419],[10.50541,46.01348],[10.50539,46.01312],[10.50497,46.01145],[10.50507,46.01085],[10.50533,46.01014],[10.50538,46.00942],[10.50555,46.00883],[10.50539,46.00799],[10.50558,46.00728],[10.50558,46.00704],[10.50535,46.00644],[10.50503,46.00608],[10.50468,46.00585],[10.50319,46.00515],[10.50181,46.00465],[10.49993,46.00346],[10.49615,46.00222],[10.49512,46.00208],[10.49272,46.00161],[10.48986,46.00143],[10.48903,46.00119],[10.48774,46.00065],[10.48585,46.00039],[10.48535,46.00024],[10.48499,46.00005],[10.48413,45.99939],[10.4838,45.99905],[10.48335,45.99833],[10.48211,45.99726],[10.48156,45.99576],[10.4812,45.99523],[10.47951,45.99309],[10.4791,45.99213],[10.47824,45.99094],[10.47807,45.99046],[10.47804,45.9901],[10.47809,45.98987],[10.47823,45.98963],[10.47868,45.98927],[10.48036,45.98846],[10.48087,45.98839],[10.48121,45.98844],[10.4819,45.98873],[10.48245,45.98915],[10.4829,45.98975],[10.48335,45.9907],[10.4839,45.9913],[10.48568,45.99234],[10.48722,45.99334],[10.48791,45.99368],[10.491,45.99473],[10.49269,45.99523],[10.49357,45.99541],[10.49581,45.99569],[10.49958,45.99648],[10.50113,45.99691],[10.50274,45.99726],[10.50615,45.99833],[10.50714,45.99875],[10.50748,45.99879],[10.50782,45.99876],[10.50817,45.99864],[10.50832,45.99833],[10.5083,45.99809],[10.50807,45.9975],[10.50805,45.99726],[10.50818,45.99666],[10.50834,45.99641],[10.50868,45.99633],[10.51023,45.99664],[10.51143,45.99648],[10.51229,45.99611],[10.51301,45.99571],[10.51417,45.99543],[10.51469,45.9952],[10.51524,45.99476],[10.51569,45.99404],[10.5166,45.99332],[10.51669,45.99309],[10.51666,45.99297],[10.51627,45.99213],[10.51554,45.9913],[10.51526,45.99082],[10.51525,45.99034],[10.5154,45.98998],[10.51559,45.98975],[10.51575,45.98963],[10.51606,45.98953],[10.51744,45.98946],[10.51932,45.98947],[10.51967,45.98938],[10.52001,45.98915],[10.52009,45.98891],[10.5201,45.98843],[10.51995,45.98796],[10.5194,45.98736],[10.51816,45.98653],[10.51782,45.98617],[10.51776,45.98593],[10.5178,45.98569],[10.51817,45.98498]]},"properties":{"ele":1720,"major":0}},{"type":"Feature","geometry":{"type":"LineString","coordinates":[[10.6,46.01681],[10.59926,46.01634],[10.5987,46.01574],[10.59819,46.01419],[10.59829,46.01386],[10.59863,46.01365],[10.59915,46.01358],[10.6,46.0137]]},"properties":{"ele":1720,"major":0}},{"type":"Feature","geometry":{"type":"LineString","coordinates":[[10.6,46.02562],[10.59897,46.02561],[10.59846,46.02554],[10.59777,46.02532],[10.59726,46.02506],[10.59691,46.02477],[10.5967,46.02444],[10.59655,46.02397],[10.59646,46.02325],[10.5965,46.02289],[10.59673,46.0223],[10.59709,46.02169],[10.59743,46.02133],[10.59777,46.02115],[10.59829,46.02101],[10.6,46.02093]]},"properties":{"ele":1720,"major":0}},{"type":"Feature","geometry":{"type":"LineString","coordinates":[[10.47006,46.06624],[10.47074,46.06648],[10.47212,46.0672],[10.4728,46.06748],[10.47349,46.06761],[10.47469,46.06772],[10.47538,46.06793],[10.47727,46.06901],[10.47827,46.06984],[10.48018,46.07125],[10.4819,46.07183],[10.48244,46.0721],[10.48276,46.07243],[10.48316,46.07317],[10.48381,46.074],[10.4843,46.07477],[10.48516,46.07559],[10.48546,46.07603],[10.48582,46.07698],[10.48575,46.07817],[10.48619,46.07894],[10.48654,46.07937],[10.48774,46.08029],[10.48842,46.08065],[10.48894,46.08081],[10.48997,46.08088],[10.491,46.08078],[10.4922,46.0808],[10.49275,46.08091],[10.49287,46.08103],[10.49287,46.08115],[10.49261,46.08151],[10.49117,46.08277],[10.49069,46.08329],[10.49056,46.08353],[10.49056,46.08389],[10.49064,46.08413],[10.49134,46.08506],[10.49152,46.08544],[10.4916,46.08603],[10.49148,46.08651],[10.49117,46.0869],[10.49048,46.08739],[10.49014,46.08752],[10.48963,46.08755],[10.48842,46.08736],[10.48722,46.08702],[10.48602,46.08682],[10.48448,46.08635],[10.48139,46.08503],[10.48018,46.08423],[10.47898,46.08357],[10.47812,46.08314],[10.47644,46.08246],[10.47418,46.08113],[10.4728,46.08044],[10.47177,46.07995],[10.47006,46.0793]]},"properties":{"ele":1740,"major":0}},{"type":"Feature","geometry":{"type":"LineString","coordinates":[[10.57188,45.98498],[10.5717,45.98521],[10.57162,45.98545],[10.57167,45.98569],[10.57182,45.98593],[10.57305,45.98705],[10.57357,45.98743],[10.57455,45.98843],[10.57528,45.98905],[10.57597,45.98975],[10.57649,45.9904],[10.57713,45.99177],[10.57748,45.99273],[10.57814,45.99392],[10.57832,45.99487],[10.57819,45.99607],[10.57803,45.99643],[10.57769,45.99682],[10.57683,45.99748],[10.57511,45.99838],[10.57305,45.99989],[10.57243,46.00024],[10.57185,46.00041],[10.57134,46.00046],[10.56687,46.00031],[10.56567,46.00015],[10.56378,45.99971],[10.5631,45.99968],[10.56241,45.99981],[10.56185,46.0],[10.5613,46.00036],[10.56066,46.00096],[10.56035,46.00111],[10.5601,46.00108],[10.56003,46.00096],[10.56007,46.00072],[10.56052,45.99964],[10.56072,45.99929],[10.56104,45.99893],[10.56157,45.99845],[10.56241,45.99798],[10.56344,45.9975],[10.56499,45.99698],[10.56537,45.99678],[10.56567,45.9965],[10.56596,45.99607],[10.56619,45.99535],[10.5662,45.99499],[10.56602,45.99464],[10.56562,45.99428],[10.56464,45.99367],[10.5631,45.99292],[10.56155,45.99181],[10.56104,45.99152],[10.56035,45.99141],[10.55812,45.9915],[10.55778,45.99145],[10.55743,45.9913],[10.55717,45.99094],[10.55717,45.99058],[10.55742,45.98975],[10.55794,45.98867],[10.55795,45.98836],[10.55776,45.98808],[10.55726,45.98773],[10.55675,45.98747],[10.5564,45.98742],[10.55589,45.98753],[10.55469,45.98807],[10.554,45.98828],[10.55022,45.98894],[10.54954,45.98911],[10.54851,45.98957],[10.5474,45.99022],[10.547,45.99058],[10.54617,45.99154],[10.54456,45.99275],[10.5437,45.99368],[10.54335,45.99428],[10.54273,45.99559],[10.5427,45.99607],[10.54285,45.99702],[10.54275,45.99726],[10.5426,45.99738],[10.54061,45.9979],[10.54009,45.9982],[10.53906,45.99899],[10.53838,45.9993],[10.53786,45.99933],[10.53649,45.99906],[10.5358,45.99907],[10.53512,45.9993],[10.53391,46.00025],[10.53353,46.00048],[10.53306,46.00065],[10.53203,46.00085],[10.52997,46.00069],[10.52945,46.00073],[10.52894,46.00087],[10.52851,46.00108],[10.52821,46.00131],[10.52742,46.00227],[10.52636,46.0032],[10.52567,46.00392],[10.52521,46.00465],[10.52499,46.00525],[10.52495,46.00573],[10.52499,46.00728],[10.52468,46.00895],[10.52483,46.01014],[10.52464,46.01063],[10.524,46.01145],[10.52398,46.01169],[10.52415,46.01193],[10.52516,46.0124],[10.52688,46.01269],[10.52791,46.01299],[10.53092,46.01419],[10.53186,46.01503],[10.53414,46.01646],[10.53563,46.01754],[10.53759,46.0186],[10.54066,46.02051],[10.54195,46.0211],[10.54255,46.02146],[10.54458,46.02301],[10.54478,46.02325],[10.54487,46.02361],[10.54474,46.02397],[10.54451,46.0242],[10.54421,46.02435],[10.5437,46.02444],[10.54301,46.02439],[10.54204,46.0242],[10.53992,46.02366],[10.53803,46.02283],[10.5358,46.02207],[10.5346,46.0215],[10.53306,46.02091],[10.52945,46.0188],[10.52825,46.01826],[10.52695,46.01777],[10.52447,46.01663],[10.52121,46.01552],[10.5207,46.0154],[10.52018,46.01536],[10.51967,46.01543],[10.51917,46.01562],[10.51881,46.0159],[10.51856,46.01622],[10.51831,46.01669],[10.51773,46.01872],[10.51749,46.02015],[10.5172,46.0211],[10.51714,46.0217],[10.51719,46.0223],[10.51742,46.02337],[10.5174,46.02456],[10.51747,46.0254],[10.51771,46.02599],[10.51839,46.02706],[10.51864,46.02786],[10.51891,46.02849],[10.51894,46.02885],[10.51877,46.02921],[10.518,46.02993],[10.51773,46.0304],[10.51768,46.031],[10.51797,46.03207],[10.51799,46.03267],[10.51775,46.03398],[10.51765,46.03529],[10.51741,46.03624],[10.51728,46.03708],[10.51702,46.03779],[10.51602,46.03934],[10.51546,46.04053],[10.51528,46.04113],[10.51523,46.04196],[10.5153,46.04256],[10.5155,46.04315],[10.51655,46.04482],[10.51759,46.04673],[10.51768,46.0472],[10.51764,46.04804],[10.51768,46.0484],[10.51835,46.04982],[10.51905,46.05233],[10.51887,46.05268],[10.5184,46.05304],[10.51778,46.05319],[10.51675,46.05325],[10.51579,46.05316],[10.51533,46.05292],[10.51508,46.05256],[10.51478,46.05173],[10.51358,46.04971],[10.51246,46.04864],[10.51194,46.04785],[10.51167,46.04756],[10.51007,46.04649],[10.50954,46.046],[10.50922,46.04542],[10.50889,46.04423],[10.50822,46.04327],[10.50804,46.04291],[10.50783,46.04172],[10.50732,46.04041],[10.50726,46.03982],[10.50743,46.03827],[10.50732,46.03636],[10.508,46.03493],[10.5092,46.03086],[10.50933,46.03016],[10.50933,46.02945],[10.5092,46.02874],[10.50902,46.02829],[10.50865,46.02766],[10.50858,46.0273],[10.50864,46.02683],[10.50922,46.02456],[10.50929,46.02337],[10.50919,46.02289],[10.50851,46.02131],[10.50788,46.02003],[10.5075,46.01872],[10.50726,46.01812],[10.50527,46.01467],[10.5052,46.01419],[10.50524,46.01312],[10.50477,46.01145],[10.50482,46.01073],[10.50511,46.01002],[10.5052,46.00906],[10.50517,46.00883],[10.50489,46.00835],[10.50483,46.00811],[10.50486,46.00787],[10.50515,46.00704],[10.50513,46.0068],[10.50498,46.00644],[10.50465,46.00608],[10.50427,46.00585],[10.50302,46.00528],[10.50156,46.00477],[10.49975,46.00366],[10.49581,46.00239],[10.49289,46.00178],[10.4898,46.00158],[10.48872,46.00131],[10.48757,46.00091],[10.48564,46.00072],[10.48516,46.0006],[10.48482,46.00043],[10.48413,45.99991],[10.48362,45.99936],[10.48291,45.99833],[10.48201,45.99762],[10.48173,45.99731],[10.48158,45.99702],[10.48139,45.99619],[10.48106,45.99559],[10.47933,45.99379],[10.47881,45.99312],[10.47847,45.99213],[10.47754,45.99058],[10.47732,45.9901],[10.4772,45.98963],[10.47728,45.98939],[10.47744,45.98925],[10.47898,45.98866],[10.48001,45.98806],[10.48053,45.98791],[10.48104,45.98794],[10.48207,45.98839],[10.4829,45.98903],[10.48335,45.98963],[10.48375,45.99058],[10.4843,45.99118],[10.48722,45.99309],[10.48808,45.99353],[10.49272,45.99502],[10.49357,45.99519],[10.49546,45.99542],[10.49958,45.99625],[10.50113,45.99673],[10.50336,45.99722],[10.50508,45.9978],[10.50628,45.9981],[10.50714,45.99844],[10.50748,45.9985],[10.50782,45.99839],[10.50795,45.99821],[10.50779,45.99726],[10.50804,45.99654],[10.50834,45.99621],[10.50868,45.99616],[10.50988,45.99639],[10.5104,45.9964],[10.51168,45.99595],[10.51273,45.99547],[10.51435,45.99515],[10.51489,45.99476],[10.51539,45.99392],[10.51622,45.99332],[10.51632,45.99309],[10.51596,45.99213],[10.51505,45.99118],[10.51466,45.99058],[10.51473,45.99022],[10.51515,45.98975],[10.5155,45.98951],[10.51589,45.98938],[10.51898,45.98932],[10.5195,45.98921],[10.51975,45.98903],[10.51986,45.98879],[10.5199,45.98843],[10.51982,45.98808],[10.51967,45.98785],[10.51915,45.98738],[10.51775,45.98653],[10.51748,45.98629],[10.51733,45.98605],[10.51733,45.98569],[10.51772,45.98498]]},"properties":{"ele":1740,"major":0}},{"type":"Feature","geometry":{"type":"LineString","coordinates":[[10.6,46.01719],[10.59875,46.01646],[10.59797,46.01586],[10.5971,46.01431],[10.59691,46.01371],[10.59701,46.01336],[10.59723,46.01312],[10.59794,46.01284],[10.59863,46.01281],[10.6,46.01302]]},"properties":{"ele":1740,"major":0}},{"type":"Feature","geometry":{"type":"LineString","coordinates":[[10.6,46.02597],[10.5989,46.02599],[10.59812,46.02588],[10.59737,46.02563],[10.59674,46.02528],[10.59641,46.02492],[10.59623,46.02452],[10.596,46.02361],[10.59594,46.02301],[10.59606,46.02243],[10.59646,46.02158],[10.59674,46.02116],[10.59709,46.02088],[10.59743,46.02071],[10.59794,46.0206],[10.6,46.02055]]},"properties":{"ele":1740,"major":0}},{"type":"Feature","geometry":{"type":"LineString","coordinates":[[10.47006,46.0659],[10.4728,46.06721],[10.47349,46.06736],[10.47503,46.06746],[10.47572,46.06768],[10.47778,46.06882],[10.4789,46.06996],[10.48036,46.07105],[10.48104,46.07135],[10.48224,46.07171],[10.48275,46.07198],[10.48305,46.07234],[10.48356,46.07329],[10.48461,46.0746],[10.48533,46.07531],[10.48557,46.07567],[10.48605,46.07686],[10.48611,46.07734],[10.48603,46.07817],[10.48629,46.07877],[10.48671,46.07925],[10.48774,46.08],[10.4886,46.08044],[10.48928,46.08063],[10.49014,46.08068],[10.49169,46.08053],[10.49237,46.08053],[10.49316,46.08067],[10.49332,46.08079],[10.49335,46.08091],[10.49327,46.08115],[10.49307,46.08139],[10.49144,46.08282],[10.49083,46.08353],[10.49079,46.08377],[10.49084,46.08401],[10.4916,46.08508],[10.49177,46.08555],[10.4918,46.08615],[10.49165,46.08663],[10.49134,46.08702],[10.49049,46.0877],[10.49014,46.08782],[10.48963,46.08785],[10.48825,46.08765],[10.48619,46.08723],[10.48516,46.08695],[10.48426,46.08663],[10.48139,46.08535],[10.48018,46.08448],[10.47915,46.08387],[10.47795,46.0833],[10.47624,46.08266],[10.47435,46.0815],[10.4728,46.08066],[10.4716,46.0801],[10.47006,46.07955]]},"properties":{"ele":1760,"major":0}},{"type":"Feature","geometry":{"type":"LineString","coordinates":[[10.57344,45.98498],[10.57237,45.98543],[10.57225,45.98569],[10.57232,45.98593],[10.57288,45.98664],[10.57357,45.98713],[10.57468,45.98832],[10.57563,45.98915],[10.57666,45.99034],[10.57735,45.99177],[10.57772,45.99273],[10.57836,45.99392],[10.57855,45.99476],[10.57859,45.99535],[10.5785,45.99595],[10.57832,45.99642],[10.57803,45.99682],[10.57734,45.99751],[10.57666,45.99799],[10.57553,45.99857],[10.57463,45.99929],[10.57254,46.00053],[10.57185,46.00069],[10.57117,46.00072],[10.56808,46.00049],[10.56636,46.00048],[10.56396,46.00017],[10.5631,46.00019],[10.56258,46.00032],[10.56223,46.00048],[10.56116,46.00143],[10.56018,46.00208],[10.55984,46.00221],[10.55945,46.00215],[10.55908,46.00167],[10.55898,46.00143],[10.55893,46.00108],[10.5592,46.0],[10.55945,45.99953],[10.55982,45.99917],[10.56138,45.99792],[10.56304,45.99714],[10.56361,45.99678],[10.56507,45.99535],[10.56516,45.99521],[10.56519,45.99499],[10.56506,45.99476],[10.56479,45.99452],[10.56268,45.99321],[10.56155,45.99227],[10.56093,45.99189],[10.56052,45.99179],[10.56001,45.99176],[10.55778,45.99188],[10.55726,45.99176],[10.55692,45.99154],[10.55669,45.99118],[10.55668,45.99058],[10.55683,45.98998],[10.55732,45.98879],[10.55736,45.98855],[10.55726,45.98833],[10.55709,45.98818],[10.55675,45.98803],[10.5564,45.988],[10.55606,45.98807],[10.55451,45.98867],[10.55348,45.98898],[10.55125,45.98913],[10.54988,45.98938],[10.54868,45.98985],[10.54777,45.99034],[10.54739,45.9907],[10.54649,45.99177],[10.5449,45.99279],[10.54421,45.99343],[10.54387,45.99389],[10.5434,45.99487],[10.54314,45.99559],[10.54317,45.99619],[10.54352,45.99726],[10.54344,45.9975],[10.54328,45.99762],[10.54284,45.99776],[10.54147,45.99797],[10.54095,45.99812],[10.54044,45.99842],[10.53924,45.99938],[10.53855,45.99967],[10.53786,45.99968],[10.53649,45.99935],[10.53597,45.99935],[10.53563,45.99942],[10.53512,45.99971],[10.53357,46.00128],[10.53324,46.00143],[10.53203,46.00132],[10.531,46.001],[10.53031,46.00088],[10.52962,46.00088],[10.52911,46.00102],[10.52875,46.00119],[10.52846,46.00143],[10.52765,46.00251],[10.52583,46.00418],[10.52536,46.00489],[10.52521,46.00537],[10.5252,46.00585],[10.52531,46.00716],[10.52501,46.00835],[10.52494,46.00895],[10.52507,46.00978],[10.52507,46.01026],[10.52498,46.01061],[10.52456,46.01157],[10.52465,46.01181],[10.52477,46.01193],[10.52516,46.01216],[10.5255,46.01228],[10.52688,46.01252],[10.52791,46.01282],[10.5311,46.01407],[10.53144,46.01431],[10.53219,46.01503],[10.53414,46.01622],[10.53597,46.01747],[10.53803,46.0186],[10.54091,46.02039],[10.54222,46.02099],[10.54412,46.02206],[10.54473,46.02252],[10.54525,46.02301],[10.54548,46.02337],[10.54552,46.02373],[10.54539,46.02408],[10.54507,46.02448],[10.54473,46.02473],[10.54421,46.0249],[10.54336,46.02487],[10.5413,46.02437],[10.53975,46.0239],[10.53762,46.02289],[10.53563,46.02221],[10.53455,46.0217],[10.53306,46.02111],[10.52928,46.01888],[10.52817,46.01836],[10.5263,46.01765],[10.52425,46.01669],[10.52138,46.01577],[10.5207,46.01563],[10.52018,46.01566],[10.51984,46.01577],[10.51915,46.01626],[10.51874,46.01681],[10.51828,46.01824],[10.5179,46.02015],[10.51758,46.02122],[10.51752,46.02194],[10.51756,46.0223],[10.51782,46.02313],[10.51777,46.02456],[10.51786,46.02563],[10.518,46.02599],[10.51852,46.02683],[10.51883,46.02778],[10.51924,46.02849],[10.51932,46.02885],[10.51913,46.02933],[10.51829,46.03014],[10.51803,46.03064],[10.51799,46.03112],[10.51817,46.03207],[10.51821,46.03279],[10.51798,46.0341],[10.51787,46.03541],[10.51766,46.03624],[10.51753,46.03719],[10.51732,46.03779],[10.51652,46.03922],[10.51576,46.04077],[10.51563,46.04125],[10.51558,46.0422],[10.51565,46.04268],[10.51584,46.04315],[10.51658,46.04425],[10.51806,46.04673],[10.51834,46.04792],[10.51888,46.04911],[10.5199,46.05197],[10.51998,46.05256],[10.51994,46.0528],[10.51982,46.05304],[10.5194,46.05328],[10.51847,46.05342],[10.51675,46.05347],[10.51538,46.0534],[10.51504,46.05328],[10.51486,46.05311],[10.51462,46.05268],[10.51435,46.05173],[10.51314,46.04984],[10.51211,46.04894],[10.51121,46.0478],[10.5104,46.04723],[10.50927,46.04661],[10.50878,46.04613],[10.50854,46.04565],[10.50816,46.04446],[10.50748,46.04342],[10.50727,46.04291],[10.50716,46.0416],[10.50691,46.04077],[10.50684,46.04029],[10.50717,46.03839],[10.50706,46.03648],[10.50717,46.03612],[10.50776,46.03493],[10.50842,46.03255],[10.50873,46.03171],[10.50913,46.03028],[10.50917,46.02969],[10.50904,46.02897],[10.50885,46.02844],[10.50842,46.02778],[10.50831,46.02718],[10.50836,46.02671],[10.5086,46.02575],[10.50903,46.02444],[10.50906,46.02349],[10.50896,46.02301],[10.50864,46.02218],[10.50758,46.02003],[10.50711,46.01848],[10.50679,46.01789],[10.50628,46.01714],[10.50586,46.01598],[10.50525,46.01498],[10.50512,46.01467],[10.50509,46.01312],[10.50487,46.01216],[10.50456,46.01145],[10.50452,46.01085],[10.50458,46.01061],[10.50485,46.01014],[10.50493,46.00978],[10.50486,46.00906],[10.50441,46.00811],[10.50447,46.00775],[10.50478,46.00704],[10.50478,46.0068],[10.50464,46.00644],[10.50444,46.0062],[10.50405,46.00593],[10.50284,46.0054],[10.50131,46.00489],[10.49941,46.00376],[10.49718,46.00304],[10.49409,46.00218],[10.49306,46.00197],[10.4898,46.00172],[10.48757,46.0012],[10.48533,46.00101],[10.48448,46.00069],[10.48413,46.00045],[10.48368,46.0],[10.48261,45.99845],[10.48173,45.99773],[10.48141,45.99738],[10.48123,45.99702],[10.481,45.99619],[10.4807,45.99568],[10.47915,45.99422],[10.47864,45.99362],[10.47823,45.99297],[10.47773,45.99165],[10.47648,45.98998],[10.47637,45.98975],[10.47632,45.98939],[10.47636,45.98915],[10.4765,45.98891],[10.47692,45.98863],[10.47847,45.98833],[10.47897,45.98808],[10.47958,45.9876],[10.48001,45.98738],[10.48053,45.98726],[10.48087,45.9873],[10.48139,45.98751],[10.48224,45.98804],[10.48327,45.98883],[10.48373,45.98939],[10.48426,45.99058],[10.48486,45.99118],[10.4865,45.99237],[10.48757,45.99303],[10.48817,45.99332],[10.48949,45.9938],[10.49169,45.99441],[10.49289,45.99481],[10.49375,45.99499],[10.49529,45.99517],[10.49718,45.99558],[10.49941,45.99596],[10.50113,45.99655],[10.50352,45.99702],[10.50559,45.99771],[10.50731,45.99803],[10.50745,45.99786],[10.50746,45.99738],[10.50757,45.99702],[10.5079,45.99642],[10.50825,45.99607],[10.50868,45.99599],[10.50988,45.99616],[10.51023,45.99616],[10.51126,45.9958],[10.51194,45.99546],[10.51257,45.99523],[10.51314,45.99509],[10.51383,45.99507],[10.51417,45.99498],[10.51438,45.99487],[10.51462,45.99464],[10.51509,45.9938],[10.51584,45.99321],[10.51587,45.99297],[10.51561,45.99213],[10.51441,45.99094],[10.51416,45.99058],[10.5141,45.99034],[10.51413,45.9901],[10.51435,45.98975],[10.51515,45.98939],[10.51572,45.98922],[10.51881,45.98914],[10.51928,45.98903],[10.51957,45.98879],[10.51966,45.98855],[10.51966,45.98832],[10.51958,45.98808],[10.5194,45.98784],[10.51881,45.98737],[10.51736,45.98653],[10.51698,45.98617],[10.51687,45.98593],[10.51687,45.98569],[10.51724,45.98498]]},"properties":{"ele":1760,"major":0}},{"type":"Feature","geometry":{"type":"LineString","coordinates":[[10.6,46.01749],[10.59782,46.01622],[10.59702,46.0155],[10.59656,46.01491],[10.59595,46.01383],[10.59561,46.013],[10.5955,46.0124],[10.59555,46.01216],[10.59571,46.01189],[10.59588,46.01177],[10.59623,46.0117],[10.6,46.01261]]},"properties":{"ele":1760,"major":0}},{"type":"Feature","geometry":{"type":"LineString","coordinates":[[10.6,46.02628],[10.5988,46.0263],[10.59794,46.0262],[10.59709,46.02595],[10.59651,46.02563],[10.59623,46.02536],[10.596,46.02492],[10.59564,46.02361],[10.59551,46.02277],[10.59557,46.0223],[10.59606,46.02122],[10.59629,46.02087],[10.59674,46.02051],[10.59709,46.02035],[10.5976,46.02024],[10.6,46.02021]]},"properties":{"ele":1760,"major":0}},{"type":"Feature","geometry":{"type":"LineString","coordinates":[[10.47006,46.06547],[10.47229,46.06674],[10.47297,46.06702],[10.47383,46.06717],[10.47538,46.06718],[10.47589,46.06729],[10.47624,46.06743],[10.4783,46.06862],[10.47864,46.06897],[10.47901,46.0696],[10.47932,46.06996],[10.48036,46.07075],[10.48087,46.07103],[10.48224,46.07145],[10.48293,46.07177],[10.48331,46.07222],[10.48387,46.07329],[10.48568,46.07529],[10.48631,46.07698],[10.48636,46.07746],[10.48633,46.07817],[10.48642,46.07853],[10.48679,46.07901],[10.48774,46.07973],[10.4886,46.08018],[10.48945,46.08043],[10.49031,46.08048],[10.49186,46.08027],[10.49237,46.08027],[10.49354,46.08043],[10.49376,46.08055],[10.49382,46.08067],[10.49375,46.08091],[10.49348,46.08127],[10.49165,46.08294],[10.49134,46.08329],[10.49115,46.08365],[10.49115,46.08389],[10.49123,46.08413],[10.49183,46.08508],[10.49197,46.08555],[10.492,46.08615],[10.4918,46.08675],[10.49151,46.08712],[10.49066,46.08788],[10.49014,46.08809],[10.48945,46.08814],[10.48825,46.08802],[10.48671,46.0877],[10.48502,46.08722],[10.48396,46.08684],[10.48139,46.08567],[10.48018,46.0847],[10.47898,46.08397],[10.47778,46.08345],[10.47606,46.08289],[10.47418,46.0817],[10.47332,46.08125],[10.47263,46.08077],[10.47091,46.08004],[10.47006,46.0798]]},"properties":{"ele":1780,"major":0}},{"type":"Feature","geometry":{"type":"LineString","coordinates":[[10.57482,45.98498],[10.57314,45.98569],[10.57297,45.98593],[10.573,45.98629],[10.57315,45.98653],[10.57374,45.98703],[10.57482,45.9882],[10.57587,45.98915],[10.57686,45.99034],[10.57756,45.99177],[10.57793,45.99273],[10.57849,45.9938],[10.57878,45.99487],[10.57882,45.99559],[10.5787,45.99607],[10.57841,45.99666],[10.57786,45.99732],[10.57734,45.99782],[10.57683,45.99821],[10.57597,45.9987],[10.57494,45.99952],[10.57408,45.99995],[10.57278,46.00072],[10.5722,46.00086],[10.57117,46.00093],[10.56808,46.00062],[10.56636,46.0007],[10.5643,46.00056],[10.56327,46.0006],[10.56258,46.00084],[10.56052,46.00243],[10.56001,46.00276],[10.55949,46.0029],[10.55915,46.00279],[10.55882,46.00239],[10.55837,46.00143],[10.55828,46.00024],[10.55838,45.99976],[10.55878,45.99929],[10.56001,45.9985],[10.56121,45.99757],[10.56247,45.9969],[10.5628,45.99666],[10.56309,45.99631],[10.56337,45.99559],[10.56344,45.99523],[10.56338,45.99487],[10.56317,45.9944],[10.56283,45.99392],[10.56138,45.99267],[10.56087,45.99234],[10.56052,45.99223],[10.56001,45.99218],[10.55829,45.99236],[10.5576,45.99237],[10.55706,45.99225],[10.55655,45.99201],[10.55633,45.99177],[10.5562,45.99142],[10.55624,45.98998],[10.55618,45.98951],[10.55606,45.98925],[10.55591,45.98915],[10.55554,45.98912],[10.55486,45.98924],[10.55366,45.98957],[10.55194,45.98946],[10.55091,45.98955],[10.5497,45.98987],[10.54878,45.99022],[10.54814,45.99058],[10.54782,45.99087],[10.54684,45.99201],[10.54516,45.99297],[10.54473,45.99332],[10.54421,45.99393],[10.54371,45.99499],[10.54354,45.99559],[10.54355,45.99595],[10.54364,45.99631],[10.54423,45.99738],[10.54418,45.99762],[10.54387,45.99785],[10.54336,45.998],[10.54198,45.99817],[10.5413,45.99835],[10.54078,45.99866],[10.53966,45.99964],[10.53889,46.00001],[10.53855,46.00007],[10.53803,46.00004],[10.53649,45.99968],[10.53615,45.99968],[10.5358,45.99977],[10.53547,46.0],[10.53529,46.00023],[10.53477,46.00096],[10.53426,46.00203],[10.53391,46.00227],[10.53357,46.00229],[10.53323,46.00219],[10.53185,46.00171],[10.531,46.00128],[10.53048,46.00111],[10.52979,46.00105],[10.52929,46.00119],[10.52876,46.0015],[10.52791,46.00272],[10.52623,46.00418],[10.52585,46.00459],[10.52559,46.00501],[10.52546,46.00549],[10.52562,46.00704],[10.52555,46.00751],[10.52527,46.00835],[10.52519,46.00883],[10.52532,46.01026],[10.52508,46.01145],[10.52524,46.01181],[10.52561,46.01205],[10.52594,46.01216],[10.52705,46.01239],[10.52808,46.0127],[10.52928,46.01321],[10.53127,46.01395],[10.53162,46.01419],[10.5322,46.01479],[10.53271,46.01516],[10.53411,46.01598],[10.53615,46.0173],[10.54009,46.01959],[10.54095,46.02018],[10.54456,46.02188],[10.54507,46.0223],[10.54564,46.02289],[10.54589,46.02325],[10.546,46.02361],[10.54598,46.02397],[10.54576,46.02441],[10.54542,46.02478],[10.54507,46.02502],[10.54473,46.02518],[10.54421,46.02529],[10.54318,46.0252],[10.5413,46.02476],[10.53958,46.02411],[10.53738,46.02301],[10.53537,46.0223],[10.53288,46.02121],[10.52997,46.01941],[10.52825,46.01854],[10.52619,46.01778],[10.52446,46.01693],[10.52327,46.0165],[10.52138,46.01597],[10.52052,46.01593],[10.52018,46.01603],[10.51984,46.01625],[10.5194,46.01669],[10.51908,46.01717],[10.5187,46.01836],[10.51806,46.02122],[10.51798,46.02206],[10.51827,46.02313],[10.51813,46.02444],[10.51823,46.02575],[10.51871,46.02671],[10.51905,46.02778],[10.5196,46.02861],[10.51966,46.02897],[10.51948,46.02945],[10.51862,46.03028],[10.51837,46.03076],[10.5183,46.03136],[10.51845,46.03302],[10.51778,46.0373],[10.51762,46.03779],[10.51696,46.0391],[10.51659,46.04005],[10.51606,46.04111],[10.5159,46.0422],[10.516,46.0428],[10.51754,46.0453],[10.51844,46.04661],[10.51956,46.04875],[10.52002,46.04982],[10.5204,46.05137],[10.52061,46.05197],[10.52133,46.05376],[10.52195,46.05471],[10.52297,46.05566],[10.52578,46.05781],[10.52722,46.0586],[10.52945,46.0596],[10.53117,46.06085],[10.53237,46.06153],[10.5334,46.06225],[10.53426,46.06306],[10.53496,46.06388],[10.53563,46.06449],[10.53649,46.0651],[10.537,46.06538],[10.53812,46.06626],[10.53889,46.06733],[10.53989,46.06829],[10.54001,46.06853],[10.53996,46.06865],[10.53979,46.06876],[10.53924,46.06897],[10.53615,46.06938],[10.53563,46.06927],[10.5345,46.06865],[10.53374,46.06839],[10.53315,46.06781],[10.53291,46.06734],[10.53264,46.0671],[10.53203,46.06685],[10.53031,46.06641],[10.52979,46.06613],[10.52928,46.06569],[10.52894,46.06553],[10.52842,46.06513],[10.52773,46.06486],[10.52688,46.06479],[10.52635,46.0646],[10.52533,46.06442],[10.52464,46.06412],[10.52398,46.06376],[10.52359,46.0634],[10.52313,46.06317],[10.52276,46.06284],[10.52224,46.06257],[10.52104,46.0615],[10.51955,46.06067],[10.51829,46.05958],[10.51761,46.05925],[10.51709,46.05914],[10.51675,46.05896],[10.51623,46.05882],[10.51606,46.0587],[10.51459,46.05721],[10.51422,46.0565],[10.51419,46.05602],[10.51455,46.05542],[10.51468,46.05507],[10.51463,46.05399],[10.51419,46.0528],[10.51396,46.05185],[10.51324,46.05066],[10.5128,46.05006],[10.51177,46.04913],[10.51108,46.04828],[10.51071,46.04792],[10.51005,46.04745],[10.50868,46.04679],[10.50834,46.04649],[10.50817,46.04621],[10.50763,46.0447],[10.50705,46.04363],[10.50682,46.04303],[10.50641,46.04101],[10.50637,46.04053],[10.50689,46.03851],[10.5068,46.03684],[10.50685,46.03636],[10.50749,46.03505],[10.50815,46.03255],[10.50854,46.03159],[10.50894,46.03016],[10.50895,46.02957],[10.50881,46.02897],[10.5086,46.02849],[10.5081,46.02778],[10.50799,46.02718],[10.50803,46.02671],[10.50824,46.02587],[10.50879,46.02444],[10.50882,46.02361],[10.5087,46.02301],[10.50848,46.02242],[10.50724,46.02003],[10.50686,46.0186],[10.50661,46.01812],[10.50594,46.01717],[10.50573,46.0161],[10.50498,46.01467],[10.50498,46.01348],[10.5049,46.01288],[10.50472,46.01216],[10.50437,46.01145],[10.50425,46.01085],[10.5043,46.01061],[10.50467,46.01002],[10.50473,46.00966],[10.50461,46.0093],[10.50401,46.00811],[10.50402,46.00787],[10.50438,46.00716],[10.50444,46.00692],[10.50438,46.00656],[10.50423,46.00632],[10.50371,46.00596],[10.50284,46.00559],[10.50106,46.00501],[10.49993,46.00428],[10.49907,46.00383],[10.49701,46.0032],[10.49563,46.00289],[10.49392,46.00233],[10.49254,46.00205],[10.48997,46.00188],[10.48774,46.00146],[10.48619,46.00141],[10.48533,46.00132],[10.48482,46.00118],[10.48405,46.00084],[10.48345,46.00033],[10.48231,45.99857],[10.48115,45.9975],[10.48094,45.99714],[10.48066,45.99631],[10.48036,45.99583],[10.47898,45.9945],[10.47847,45.9939],[10.47778,45.99285],[10.47721,45.99165],[10.47683,45.99118],[10.47588,45.99022],[10.4757,45.98987],[10.47562,45.98951],[10.47567,45.98891],[10.47587,45.98832],[10.47611,45.98796],[10.47641,45.98776],[10.47675,45.98768],[10.47778,45.9877],[10.47812,45.98764],[10.4795,45.987],[10.48018,45.98678],[10.4807,45.98674],[10.48121,45.98683],[10.48184,45.98712],[10.48373,45.98867],[10.48418,45.98927],[10.48472,45.99046],[10.48538,45.99118],[10.48654,45.99213],[10.48757,45.99276],[10.48825,45.99309],[10.4898,45.99369],[10.49169,45.99415],[10.49323,45.99465],[10.49529,45.99495],[10.49701,45.99533],[10.49941,45.99569],[10.5013,45.99639],[10.50387,45.99687],[10.50542,45.99741],[10.50662,45.99762],[10.50697,45.9975],[10.50792,45.99607],[10.50817,45.99587],[10.50868,45.99582],[10.50988,45.9959],[10.51023,45.99586],[10.51246,45.99501],[10.51297,45.99487],[10.51383,45.99484],[10.51421,45.99464],[10.5148,45.99368],[10.51527,45.99321],[10.51539,45.99285],[10.51528,45.99213],[10.51399,45.99094],[10.51367,45.99046],[10.51366,45.98998],[10.51376,45.98975],[10.514,45.98951],[10.51452,45.9893],[10.51555,45.98904],[10.51864,45.98894],[10.51898,45.98885],[10.51924,45.98867],[10.51936,45.98843],[10.51935,45.9882],[10.51909,45.98784],[10.51864,45.98748],[10.51716,45.98665],[10.5166,45.98617],[10.51647,45.98593],[10.51643,45.98569],[10.51648,45.98545],[10.51673,45.98498]]},"properties":{"ele":1780,"major":0}},{"type":"Feature","geometry":{"type":"LineString","coordinates":[[10.6,46.01778],[10.59713,46.0161],[10.59649,46.01562],[10.59602,46.01514],[10.59499,46.01348],[10.5947,46.01288],[10.59444,46.01169],[10.59447,46.01085],[10.59468,46.01048],[10.5952,46.01005],[10.59557,46.0099],[10.59606,46.00992],[10.59642,46.01014],[10.59721,46.01109],[10.59765,46.01145],[10.59882,46.01193],[10.6,46.01225]]},"properties":{"ele":1780,"major":0}},{"type":"Feature","geometry":{"type":"LineString","coordinates":[[10.6,46.02656],[10.59863,46.02657],[10.5976,46.02647],[10.59674,46.02624],[10.59623,46.02592],[10.59591,46.02552],[10.59576,46.02516],[10.59531,46.02349],[10.59516,46.02254],[10.59525,46.02206],[10.59571,46.02085],[10.59596,46.02051],[10.5964,46.02021],[10.59691,46.02],[10.59738,46.01991],[10.59932,46.01995],[10.6,46.0199]]},"properties":{"ele":1780,"major":0}},{"type":"Feature","geometry":{"type":"LineString","coordinates":[[10.47006,46.06478],[10.4705,46.06531],[10.47092,46.06567],[10.47212,46.0664],[10.47297,46.06679],[10.47349,46.06692],[10.474,46.06696],[10.47572,46.06683],[10.47624,46.06691],[10.47658,46.06704],[10.47876,46.06841],[10.47905,46.06876],[10.47951,46.06972],[10.48013,46.07031],[10.48104,46.07083],[10.48242,46.07125],[10.48317,46.07162],[10.48358,46.0721],[10.48395,46.07293],[10.48417,46.07329],[10.48533,46.07443],[10.48588,46.07508],[10.48653,46.07698],[10.4867,46.07841],[10.48705,46.07889],[10.48776,46.07948],[10.4886,46.07993],[10.48945,46.08019],[10.49031,46.08026],[10.49186,46.08],[10.49237,46.07999],[10.49392,46.08025],[10.49419,46.08043],[10.49426,46.08067],[10.49403,46.08103],[10.49207,46.08282],[10.49157,46.08353],[10.4915,46.08377],[10.49154,46.08413],[10.49203,46.08507],[10.49218,46.08567],[10.49215,46.08639],[10.49188,46.08698],[10.491,46.08788],[10.4906,46.08817],[10.48997,46.08837],[10.48911,46.08839],[10.48808,46.08833],[10.48673,46.08806],[10.48345,46.08694],[10.48121,46.08588],[10.48008,46.08484],[10.47898,46.08416],[10.47778,46.08368],[10.47589,46.08315],[10.47332,46.08156],[10.47256,46.08091],[10.47091,46.08024],[10.47006,46.08005]]},"properties":{"ele":1800,"major":1}},{"type":"Feature","geometry":{"type":"LineString","coordinates":[[10.57576,45.98498],[10.57511,45.9854],[10.57385,45.98593],[10.5736,45.98617],[10.57355,45.98641],[10.57438,45.98748],[10.576,45.98903],[10.57706,45.99034],[10.5777,45.99165],[10.57811,45.99273],[10.57866,45.9938],[10.57896,45.99487],[10.57901,45.99571],[10.57886,45.99619],[10.57855,45.9968],[10.57806,45.99738],[10.57717,45.99823],[10.57614,45.99893],[10.57511,45.9998],[10.57288,46.00091],[10.57254,46.00101],[10.57117,46.00112],[10.56927,46.00084],[10.5679,46.00075],[10.56619,46.00091],[10.56447,46.00092],[10.56344,46.00105],[10.56293,46.00122],[10.56224,46.00162],[10.55984,46.00339],[10.55949,46.00352],[10.55915,46.00346],[10.55863,46.00296],[10.55795,46.00165],[10.55785,46.00119],[10.5578,45.99976],[10.55795,45.99947],[10.55825,45.99917],[10.56014,45.99798],[10.56168,45.99654],[10.56183,45.99619],[10.56187,45.99523],[10.56224,45.99464],[10.56225,45.9944],[10.56215,45.99416],[10.56121,45.99324],[10.56087,45.99298],[10.56052,45.99283],[10.55984,45.99279],[10.55846,45.99295],[10.55778,45.99296],[10.55675,45.99281],[10.55589,45.9925],[10.55566,45.99225],[10.55555,45.99189],[10.55569,45.99082],[10.55566,45.99058],[10.55546,45.99022],[10.5552,45.99006],[10.55469,45.99002],[10.55348,45.99014],[10.5516,45.99004],[10.55123,45.9901],[10.54988,45.99056],[10.54868,45.99105],[10.54833,45.99128],[10.54732,45.99225],[10.54559,45.99318],[10.54509,45.99356],[10.54473,45.99394],[10.54439,45.99445],[10.54412,45.99499],[10.54394,45.99571],[10.54401,45.99607],[10.54418,45.99642],[10.54484,45.99726],[10.54495,45.9975],[10.54495,45.99774],[10.54472,45.99798],[10.54404,45.99821],[10.54233,45.99842],[10.54164,45.99861],[10.54132,45.99881],[10.54075,45.99941],[10.54018,45.99988],[10.53975,46.00013],[10.53911,46.00036],[10.53838,46.00042],[10.53666,46.00009],[10.53615,46.00018],[10.5358,46.00043],[10.53535,46.00096],[10.5346,46.00235],[10.53443,46.00252],[10.53409,46.00269],[10.53374,46.00273],[10.53323,46.0026],[10.53168,46.00202],[10.53036,46.00131],[10.52997,46.00125],[10.52962,46.00131],[10.52911,46.00155],[10.52821,46.00286],[10.52663,46.00418],[10.52604,46.00477],[10.52584,46.00513],[10.52574,46.00561],[10.5259,46.0068],[10.52588,46.00728],[10.52552,46.00835],[10.52543,46.00883],[10.52556,46.01002],[10.52551,46.01133],[10.52569,46.01169],[10.52619,46.01199],[10.52808,46.0125],[10.52945,46.0131],[10.53144,46.01383],[10.53181,46.01407],[10.53237,46.01465],[10.53288,46.01505],[10.54027,46.01947],[10.54112,46.02007],[10.54336,46.02111],[10.54441,46.02146],[10.54486,46.0217],[10.54542,46.02218],[10.54593,46.02274],[10.54618,46.02313],[10.54635,46.02361],[10.54634,46.02408],[10.54616,46.02456],[10.54585,46.02492],[10.54542,46.02521],[10.5449,46.02546],[10.54456,46.02555],[10.54284,46.02558],[10.54112,46.02508],[10.54009,46.02458],[10.53838,46.02386],[10.537,46.02306],[10.53512,46.02239],[10.53271,46.02133],[10.52992,46.01956],[10.52808,46.01861],[10.52619,46.01796],[10.52413,46.01695],[10.5231,46.01659],[10.52155,46.01621],[10.5207,46.01623],[10.52035,46.01637],[10.52009,46.01658],[10.51959,46.01717],[10.51939,46.01753],[10.5192,46.01812],[10.51905,46.0192],[10.5185,46.0217],[10.5185,46.02218],[10.51872,46.02313],[10.5185,46.02432],[10.51846,46.02492],[10.51855,46.02575],[10.51892,46.02659],[10.51915,46.02751],[10.51932,46.02784],[10.51984,46.02849],[10.51995,46.02873],[10.51997,46.02909],[10.51982,46.02957],[10.51896,46.0304],[10.51865,46.031],[10.51857,46.03171],[10.51871,46.03314],[10.51813,46.03636],[10.51801,46.03743],[10.51729,46.0391],[10.51698,46.04017],[10.51641,46.0414],[10.51626,46.04208],[10.51629,46.04268],[10.51652,46.04315],[10.51989,46.04816],[10.52057,46.04971],[10.52082,46.05114],[10.52097,46.05161],[10.52164,46.0528],[10.52214,46.05411],[10.5225,46.05459],[10.52344,46.05542],[10.52619,46.05757],[10.52756,46.05832],[10.52986,46.05924],[10.53151,46.06042],[10.53244,46.0609],[10.53323,46.06139],[10.5346,46.06257],[10.5362,46.06436],[10.53683,46.06485],[10.53838,46.06583],[10.53941,46.06691],[10.5411,46.06805],[10.54134,46.06829],[10.54155,46.06865],[10.5416,46.06912],[10.54134,46.06948],[10.53975,46.07019],[10.53941,46.07026],[10.53906,46.07025],[10.53769,46.07004],[10.53718,46.07011],[10.53615,46.07042],[10.53563,46.07028],[10.53446,46.06936],[10.53312,46.06865],[10.53286,46.06841],[10.53237,46.06777],[10.53211,46.06757],[10.52996,46.06698],[10.52927,46.06662],[10.52773,46.06566],[10.52499,46.06452],[10.52396,46.06397],[10.52343,46.06352],[10.5231,46.06336],[10.52258,46.06294],[10.52224,46.06278],[10.52035,46.06134],[10.5195,46.06082],[10.51847,46.05999],[10.51795,46.05972],[10.51606,46.059],[10.51525,46.0584],[10.51476,46.05793],[10.51433,46.05733],[10.51393,46.0565],[10.51386,46.0559],[10.51394,46.05399],[10.51391,46.05352],[10.51358,46.05209],[10.51314,46.05125],[10.51256,46.05042],[10.51057,46.0483],[10.50972,46.04768],[10.50833,46.04708],[10.50799,46.04682],[10.50776,46.04649],[10.50717,46.04482],[10.50662,46.04358],[10.5059,46.04125],[10.50583,46.04077],[10.50594,46.04029],[10.50645,46.03904],[10.50656,46.03862],[10.50653,46.03696],[10.50661,46.03636],[10.50719,46.03529],[10.50765,46.03362],[10.50785,46.03255],[10.50834,46.03144],[10.50868,46.03027],[10.50871,46.02969],[10.50852,46.02897],[10.50817,46.02838],[10.50773,46.0279],[10.50761,46.02742],[10.50766,46.02683],[10.50791,46.02587],[10.50851,46.02444],[10.50855,46.02373],[10.50844,46.02313],[10.50818,46.02242],[10.50682,46.02003],[10.50666,46.01896],[10.50655,46.0186],[10.50564,46.01729],[10.50555,46.0161],[10.50484,46.01467],[10.50483,46.01348],[10.50472,46.01264],[10.50456,46.01213],[10.50419,46.01145],[10.50401,46.01085],[10.50404,46.01061],[10.50444,46.01002],[10.5045,46.00966],[10.504,46.00871],[10.50367,46.00823],[10.5036,46.00799],[10.50365,46.00775],[10.50406,46.00704],[10.50408,46.00668],[10.50397,46.00644],[10.5037,46.00619],[10.50301,46.00585],[10.50096,46.00521],[10.49975,46.00442],[10.4989,46.00398],[10.49701,46.00341],[10.49563,46.00312],[10.49375,46.00248],[10.49254,46.00222],[10.48997,46.00203],[10.48791,46.00164],[10.48533,46.00159],[10.48465,46.0014],[10.48365,46.00096],[10.4833,46.00072],[10.48309,46.00048],[10.48201,45.99869],[10.48089,45.99762],[10.48061,45.99714],[10.48033,45.99642],[10.4801,45.99607],[10.47864,45.99452],[10.47673,45.99177],[10.47555,45.99056],[10.47516,45.98987],[10.47498,45.98927],[10.47502,45.98843],[10.47516,45.98796],[10.47551,45.98748],[10.47606,45.98711],[10.47658,45.98698],[10.47812,45.98687],[10.48036,45.98629],[10.48104,45.98626],[10.48173,45.98633],[10.48224,45.98652],[10.4826,45.98676],[10.48396,45.98817],[10.4845,45.98891],[10.48514,45.99034],[10.48584,45.99118],[10.48679,45.99201],[10.48825,45.99281],[10.48997,45.99352],[10.49171,45.99392],[10.4934,45.99446],[10.4954,45.99476],[10.49701,45.9951],[10.49941,45.99542],[10.5001,45.99563],[10.50147,45.9962],[10.50405,45.99669],[10.50559,45.9972],[10.50645,45.9973],[10.50662,45.99726],[10.50696,45.99696],[10.50748,45.99633],[10.50782,45.99573],[10.50799,45.99562],[10.50971,45.99562],[10.51023,45.99556],[10.5128,45.99466],[10.51366,45.99459],[10.514,45.99429],[10.51493,45.99297],[10.51501,45.99225],[10.51476,45.99189],[10.5134,45.99082],[10.51315,45.99046],[10.5131,45.99022],[10.51318,45.98987],[10.51332,45.98963],[10.5136,45.98939],[10.51452,45.98904],[10.51538,45.98886],[10.51761,45.98878],[10.51847,45.9886],[10.51891,45.98832],[10.51897,45.9882],[10.51894,45.98808],[10.51861,45.98772],[10.5168,45.98665],[10.51621,45.98617],[10.51606,45.98593],[10.51601,45.98569],[10.51619,45.98498]]},"properties":{"ele":1800,"major":1}},{"type":"Feature","geometry":{"type":"LineString","coordinates":[[10.6,46.01813],[10.59899,46.01741],[10.59661,46.0161],[10.59606,46.01569],[10.5955,46.01514],[10.59442,46.01371],[10.59414,46.01324],[10.59363,46.01133],[10.59362,46.01073],[10.59372,46.0105],[10.59392,46.01026],[10.59503,46.00935],[10.59554,46.00916],[10.59606,46.00916],[10.5964,46.00929],[10.59691,46.0097],[10.5976,46.01073],[10.59811,46.01121],[10.59897,46.0116],[10.6,46.01186]]},"properties":{"ele":1800,"major":1}},{"type":"Feature","geometry":{"type":"LineString","coordinates":[[10.6,46.02681],[10.59846,46.02684],[10.59726,46.02676],[10.59657,46.02661],[10.59606,46.02633],[10.5958,46.02599],[10.59554,46.02539],[10.59533,46.02444],[10.59503,46.02349],[10.59488,46.02242],[10.59497,46.02194],[10.59542,46.02051],[10.59571,46.02015],[10.59606,46.01993],[10.59657,46.01972],[10.59709,46.01961],[10.59915,46.01965],[10.6,46.01958]]},"properties":{"ele":1800,"major":1}},{"type":"Feature","geometry":{"type":"LineString","coordinates":[[10.47006,46.06383],[10.47023,46.06402],[10.47072,46.06495],[10.47098,46.06531],[10.47137,46.06567],[10.47212,46.06616],[10.4728,46.0665],[10.47366,46.06673],[10.47435,46.06671],[10.47572,46.06642],[10.47624,46.06645],[10.4768,46.06662],[10.47901,46.06805],[10.47938,46.06853],[10.47982,46.0696],[10.48001,46.06986],[10.48036,46.07016],[10.48121,46.07061],[10.48293,46.07119],[10.48344,46.0715],[10.48394,46.0721],[10.48438,46.07317],[10.48551,46.07422],[10.48613,46.07496],[10.48629,46.07531],[10.48649,46.07627],[10.48673,46.07698],[10.48697,46.07829],[10.48731,46.07877],[10.48791,46.0793],[10.48877,46.07974],[10.48945,46.07994],[10.48997,46.08001],[10.49066,46.07999],[10.49203,46.07969],[10.49254,46.07973],[10.4942,46.08008],[10.49454,46.08032],[10.49463,46.08055],[10.49458,46.08079],[10.49442,46.08103],[10.4926,46.08258],[10.49218,46.08305],[10.49192,46.08353],[10.49183,46.08389],[10.49185,46.08425],[10.49227,46.0852],[10.49238,46.08591],[10.4923,46.08663],[10.49203,46.08716],[10.49116,46.08806],[10.49066,46.0884],[10.48997,46.08859],[10.48894,46.08862],[10.48774,46.08857],[10.48688,46.0884],[10.48311,46.0871],[10.48121,46.08615],[10.4807,46.08575],[10.47994,46.08496],[10.47898,46.08434],[10.47795,46.08395],[10.47624,46.08358],[10.47572,46.08341],[10.47366,46.08216],[10.47315,46.08174],[10.47277,46.08127],[10.47246,46.08102],[10.47091,46.08044],[10.47006,46.0803]]},"properties":{"ele":1820,"major":0}},{"type":"Feature","geometry":{"type":"LineString","coordinates":[[10.57655,45.98498],[10.57636,45.98521],[10.57597,45.98552],[10.5745,45.98629],[10.57428,45.98653],[10.57421,45.98676],[10.57459,45.98736],[10.57626,45.98903],[10.57728,45.99034],[10.5779,45.99165],[10.57829,45.99273],[10.57887,45.99392],[10.57909,45.99476],[10.57918,45.99571],[10.57906,45.99616],[10.57884,45.99666],[10.5783,45.99738],[10.57717,45.99849],[10.5763,45.99917],[10.5753,46.00012],[10.57477,46.00042],[10.57254,46.0012],[10.57185,46.00118],[10.57099,46.00129],[10.56962,46.00102],[10.56808,46.00089],[10.56636,46.00108],[10.56464,46.00116],[10.56361,46.00135],[10.56293,46.00159],[10.56224,46.002],[10.56091,46.0031],[10.55984,46.00417],[10.55956,46.0043],[10.55932,46.00428],[10.55898,46.00405],[10.55846,46.00346],[10.55762,46.00191],[10.55751,46.00143],[10.55741,45.99988],[10.5575,45.99953],[10.55778,45.99914],[10.55846,45.99857],[10.55984,45.99773],[10.56032,45.99726],[10.56054,45.9969],[10.5606,45.99666],[10.56056,45.99642],[10.55991,45.99547],[10.55961,45.99428],[10.55932,45.99391],[10.55894,45.99368],[10.55692,45.99345],[10.55554,45.99304],[10.5552,45.99281],[10.55496,45.99249],[10.55483,45.99213],[10.55469,45.9913],[10.55451,45.99098],[10.554,45.99083],[10.5528,45.9908],[10.55057,45.99129],[10.54957,45.99165],[10.54885,45.99207],[10.54816,45.99263],[10.54679,45.99331],[10.54524,45.99437],[10.5449,45.99467],[10.54452,45.99523],[10.54442,45.99559],[10.54442,45.99583],[10.54463,45.99631],[10.54555,45.99738],[10.54575,45.99774],[10.54573,45.99809],[10.54543,45.99833],[10.5449,45.99845],[10.54301,45.99867],[10.54245,45.99881],[10.54205,45.99905],[10.54168,45.99953],[10.54135,45.99976],[10.54009,46.00044],[10.53924,46.00072],[10.53855,46.00078],[10.537,46.00048],[10.53649,46.00055],[10.53615,46.00075],[10.53583,46.00108],[10.53512,46.00227],[10.53484,46.00263],[10.53443,46.00295],[10.53409,46.00308],[10.53374,46.0031],[10.5334,46.00302],[10.53151,46.00232],[10.53014,46.00156],[10.52962,46.00158],[10.52928,46.00186],[10.52851,46.00298],[10.52714,46.00406],[10.52636,46.00482],[10.52617,46.00513],[10.52606,46.00561],[10.52607,46.00608],[10.52619,46.0068],[10.52617,46.00728],[10.52575,46.00847],[10.52569,46.00883],[10.52583,46.01109],[10.52589,46.01133],[10.52605,46.01157],[10.52653,46.01186],[10.52825,46.01236],[10.52945,46.01292],[10.53163,46.01371],[10.53203,46.01396],[10.53261,46.01455],[10.53319,46.01503],[10.53589,46.01658],[10.54044,46.01936],[10.54122,46.01991],[10.54353,46.02097],[10.54456,46.02128],[10.54507,46.02156],[10.54567,46.02206],[10.5461,46.02254],[10.54641,46.02301],[10.54663,46.02361],[10.54668,46.0242],[10.54656,46.02468],[10.54627,46.02502],[10.54589,46.02528],[10.5449,46.02576],[10.54353,46.02601],[10.54267,46.02596],[10.5413,46.02549],[10.53838,46.02414],[10.5367,46.02313],[10.53465,46.02242],[10.53223,46.02134],[10.53182,46.0211],[10.53001,46.01979],[10.52808,46.01878],[10.52602,46.01807],[10.52424,46.01717],[10.52327,46.0168],[10.52173,46.01644],[10.52121,46.01645],[10.52087,46.01652],[10.52052,46.01668],[10.52018,46.01697],[10.51982,46.01741],[10.51965,46.01777],[10.519,46.0217],[10.519,46.02218],[10.51918,46.02313],[10.51886,46.02444],[10.5188,46.02504],[10.51888,46.02575],[10.51914,46.02647],[10.51932,46.02737],[10.51954,46.02778],[10.52014,46.02849],[10.52027,46.02885],[10.52029,46.02921],[10.52014,46.02969],[10.51921,46.03064],[10.51888,46.03136],[10.51884,46.03183],[10.51897,46.0329],[10.51896,46.0335],[10.51883,46.03433],[10.5184,46.03624],[10.51828,46.03743],[10.51765,46.03898],[10.51737,46.04029],[10.51671,46.04184],[10.51662,46.04244],[10.51673,46.04291],[10.51886,46.04601],[10.52033,46.04792],[10.521,46.04971],[10.52131,46.05137],[10.52149,46.05173],[10.52207,46.0526],[10.52253,46.05388],[10.52292,46.05447],[10.52466,46.0559],[10.52658,46.05733],[10.52731,46.05781],[10.528,46.05816],[10.53029,46.059],[10.53195,46.06019],[10.5337,46.06126],[10.53462,46.06198],[10.53575,46.06305],[10.53704,46.06448],[10.53874,46.06555],[10.53987,46.06662],[10.54167,46.06793],[10.54203,46.06829],[10.54353,46.07013],[10.54389,46.07067],[10.54437,46.07162],[10.54513,46.07269],[10.54532,46.07305],[10.54538,46.07329],[10.54535,46.07341],[10.54524,46.07351],[10.54507,46.07351],[10.54387,46.0733],[10.54267,46.07288],[10.54227,46.07269],[10.54164,46.07227],[10.54065,46.07186],[10.53992,46.07144],[10.53941,46.07126],[10.53803,46.071],[10.53769,46.071],[10.53615,46.07123],[10.53563,46.07116],[10.53533,46.07103],[10.53483,46.07067],[10.53384,46.06972],[10.5323,46.06888],[10.53134,46.06821],[10.52842,46.06717],[10.52758,46.06674],[10.52601,46.06543],[10.52379,46.06418],[10.52241,46.06311],[10.52077,46.06209],[10.51967,46.06114],[10.51881,46.06051],[10.51584,46.05924],[10.51493,46.05864],[10.51427,46.05804],[10.51372,46.05709],[10.51332,46.05582],[10.51323,46.05495],[10.51341,46.05399],[10.51344,46.05328],[10.51328,46.05256],[10.51298,46.05185],[10.51118,46.04947],[10.51055,46.04875],[10.50954,46.04805],[10.50799,46.04742],[10.50753,46.04697],[10.50714,46.04613],[10.50676,46.04494],[10.5064,46.04411],[10.50595,46.04256],[10.50527,46.04101],[10.50532,46.04053],[10.50619,46.03874],[10.50623,46.03827],[10.50621,46.03708],[10.50635,46.03636],[10.50696,46.03526],[10.50736,46.03362],[10.50748,46.03267],[10.50808,46.03136],[10.50835,46.0304],[10.50836,46.02981],[10.50817,46.02914],[10.5079,46.02873],[10.50731,46.02807],[10.50716,46.02766],[10.50724,46.02706],[10.50752,46.02599],[10.50815,46.02444],[10.50821,46.02385],[10.50812,46.02325],[10.50783,46.02254],[10.50708,46.0211],[10.5063,46.02003],[10.50625,46.01979],[10.50628,46.01896],[10.50617,46.0186],[10.50547,46.01765],[10.50529,46.01729],[10.50536,46.01622],[10.50523,46.01574],[10.50471,46.01467],[10.50466,46.01336],[10.50455,46.01252],[10.50439,46.0121],[10.504,46.01145],[10.50377,46.01073],[10.50385,46.0105],[10.50422,46.00993],[10.50424,46.00966],[10.50367,46.00871],[10.50327,46.00823],[10.50317,46.00799],[10.50321,46.00775],[10.50366,46.00704],[10.50372,46.0068],[10.50366,46.00656],[10.50336,46.00625],[10.50284,46.00599],[10.50233,46.00582],[10.5013,46.00561],[10.50078,46.00542],[10.49958,46.00457],[10.49872,46.00412],[10.49701,46.00363],[10.49563,46.00333],[10.49357,46.00262],[10.49254,46.0024],[10.48997,46.00218],[10.48791,46.00178],[10.48585,46.00185],[10.48516,46.00181],[10.48436,46.00155],[10.48327,46.00106],[10.48274,46.0006],[10.48212,45.99964],[10.48167,45.99881],[10.48063,45.99774],[10.47984,45.99629],[10.47881,45.99513],[10.47744,45.99321],[10.47531,45.99082],[10.47454,45.98951],[10.4743,45.98879],[10.47441,45.98808],[10.47473,45.98748],[10.47538,45.98686],[10.47606,45.98644],[10.47658,45.98633],[10.47761,45.98634],[10.47864,45.98624],[10.48018,45.98589],[10.48121,45.98575],[10.48207,45.98573],[10.48259,45.98581],[10.48327,45.98609],[10.48396,45.98687],[10.48482,45.98844],[10.48545,45.9901],[10.48593,45.99082],[10.48688,45.99176],[10.48791,45.99239],[10.49014,45.99334],[10.49203,45.99377],[10.49357,45.99429],[10.49581,45.99461],[10.49718,45.99489],[10.49958,45.99517],[10.50027,45.99538],[10.5013,45.99583],[10.50201,45.99607],[10.50405,45.99648],[10.50559,45.99695],[10.50628,45.99701],[10.50662,45.99689],[10.507,45.99654],[10.50728,45.99619],[10.50759,45.99547],[10.50782,45.99529],[10.50817,45.99523],[10.50954,45.99534],[10.51023,45.99527],[10.51246,45.99456],[10.51349,45.99408],[10.514,45.99364],[10.51453,45.99297],[10.51469,45.99225],[10.51466,45.99213],[10.51445,45.99189],[10.51299,45.99094],[10.51266,45.99058],[10.51256,45.99034],[10.51258,45.98998],[10.51276,45.98963],[10.513,45.98939],[10.51366,45.98905],[10.51469,45.98876],[10.51572,45.98863],[10.51761,45.98855],[10.51812,45.98839],[10.51846,45.9882],[10.5185,45.98808],[10.51844,45.98796],[10.51818,45.98772],[10.51622,45.98653],[10.5158,45.98617],[10.51559,45.98569],[10.51567,45.98498]]},"properties":{"ele":1820,"major":0}},{"type":"Feature","geometry":{"type":"LineString","coordinates":[[10.6,46.02706],[10.59794,46.02711],[10.59674,46.02705],[10.59624,46.02695],[10.59588,46.0268],[10.59562,46.02659],[10.59549,46.02635],[10.59512,46.02456],[10.5948,46.02361],[10.59462,46.02254],[10.59466,46.02206],[10.59515,46.02015],[10.59537,46.01991],[10.59571,46.01968],[10.5964,46.0194],[10.59726,46.01926],[10.59932,46.01928],[10.59965,46.0192],[10.59983,46.01908],[10.59994,46.01884],[10.59965,46.01836],[10.59909,46.01777],[10.59818,46.01717],[10.59672,46.01646],[10.59596,46.01598],[10.59503,46.01514],[10.59417,46.01418],[10.59382,46.01372],[10.59359,46.01324],[10.59328,46.01205],[10.59289,46.01109],[10.59282,46.01073],[10.59289,46.0105],[10.59314,46.01018],[10.59485,46.00882],[10.59537,46.00854],[10.59606,46.00844],[10.59657,46.00861],[10.59726,46.00924],[10.59757,46.00966],[10.59798,46.0105],[10.59831,46.01085],[10.59897,46.0112],[10.59949,46.01133],[10.6,46.01137]]},"properties":{"ele":1820,"major":0}},{"type":"Feature","geometry":{"type":"LineString","coordinates":[[10.47006,46.06322],[10.4704,46.06352],[10.47067,46.06388],[10.47142,46.06531],[10.47179,46.06567],[10.47231,46.06603],[10.47297,46.06634],[10.47383,46.06653],[10.47435,46.06647],[10.47538,46.06609],[10.47572,46.06603],[10.47641,46.06605],[10.47709,46.06628],[10.47864,46.06724],[10.47933,46.0678],[10.47974,46.06841],[10.48018,46.06953],[10.48057,46.06996],[10.48123,46.07031],[10.48293,46.0709],[10.48371,46.07138],[10.4843,46.0721],[10.48456,46.07293],[10.4847,46.07317],[10.48576,46.07412],[10.48636,46.07485],[10.48654,46.07525],[10.48667,46.07615],[10.48693,46.07698],[10.48715,46.07805],[10.48744,46.07853],[10.48808,46.0791],[10.48894,46.07952],[10.48997,46.07973],[10.49066,46.07972],[10.49186,46.07943],[10.49254,46.07945],[10.4946,46.07995],[10.49491,46.0802],[10.49498,46.08043],[10.49492,46.08079],[10.49468,46.08115],[10.49392,46.08169],[10.49301,46.08246],[10.49258,46.08294],[10.49231,46.08341],[10.49217,46.08389],[10.49215,46.08425],[10.49252,46.08544],[10.49258,46.08627],[10.49247,46.08686],[10.49221,46.08734],[10.49143,46.08817],[10.49091,46.08853],[10.49031,46.08875],[10.48928,46.08881],[10.48774,46.08878],[10.48671,46.08862],[10.48293,46.08731],[10.48224,46.08699],[10.48104,46.0863],[10.48045,46.08579],[10.47964,46.08496],[10.47898,46.08453],[10.47812,46.08421],[10.47641,46.08388],[10.47555,46.08363],[10.47418,46.08284],[10.47366,46.08247],[10.47297,46.08189],[10.47265,46.08139],[10.47236,46.08115],[10.47091,46.08065],[10.47006,46.08054]]},"properties":{"ele":1840,"major":0}},{"type":"Feature","geometry":{"type":"LineString","coordinates":[[10.57727,45.98498],[10.57683,45.98555],[10.57649,45.98588],[10.57546,45.98643],[10.57517,45.98665],[10.57501,45.98688],[10.575,45.98712],[10.57524,45.9876],[10.57679,45.98927],[10.57747,45.99022],[10.57807,45.99154],[10.57842,45.99261],[10.57898,45.9938],[10.57922,45.99476],[10.57933,45.99571],[10.57906,45.99659],[10.57864,45.99726],[10.57636,45.99953],[10.57567,46.00036],[10.57528,46.0006],[10.57237,46.00138],[10.57099,46.00144],[10.56962,46.00116],[10.56911,46.00117],[10.5679,46.00104],[10.56653,46.00123],[10.56464,46.00134],[10.56396,46.00148],[10.5631,46.00178],[10.56233,46.00227],[10.56123,46.00334],[10.56018,46.00473],[10.55966,46.00511],[10.55932,46.00514],[10.55898,46.00482],[10.55829,46.00384],[10.55735,46.00215],[10.55723,46.00167],[10.55712,46.0],[10.55718,45.99953],[10.55746,45.99905],[10.55846,45.99801],[10.55944,45.99738],[10.55975,45.99702],[10.55977,45.99666],[10.55923,45.99583],[10.5589,45.99464],[10.55863,45.9943],[10.55829,45.99412],[10.55657,45.99388],[10.55537,45.99347],[10.55486,45.99316],[10.55452,45.99285],[10.5541,45.99189],[10.55387,45.99165],[10.55348,45.99149],[10.5528,45.99145],[10.55142,45.99172],[10.55052,45.99201],[10.55001,45.99237],[10.54919,45.99326],[10.54868,45.99368],[10.54833,45.99385],[10.5473,45.99417],[10.5461,45.99473],[10.54559,45.99502],[10.54524,45.9953],[10.54503,45.99571],[10.54508,45.99607],[10.54539,45.99654],[10.54625,45.9975],[10.54651,45.99798],[10.54647,45.99833],[10.5461,45.99867],[10.54559,45.99882],[10.54421,45.9989],[10.54346,45.99905],[10.54303,45.99929],[10.54266,45.99976],[10.54233,46.00003],[10.54112,46.0004],[10.54027,46.00078],[10.53941,46.00106],[10.53872,46.00111],[10.53718,46.0009],[10.53673,46.00096],[10.53624,46.00131],[10.53496,46.00298],[10.53444,46.00334],[10.53409,46.00345],[10.53374,46.00346],[10.5334,46.00339],[10.53014,46.00213],[10.52979,46.00214],[10.52867,46.00322],[10.52724,46.0043],[10.52669,46.00489],[10.52648,46.00525],[10.52638,46.00573],[10.52646,46.00728],[10.52605,46.00847],[10.52598,46.00895],[10.52606,46.01073],[10.52619,46.01121],[10.52636,46.01144],[10.52688,46.01175],[10.5283,46.01216],[10.52962,46.01279],[10.53134,46.01337],[10.53212,46.01371],[10.53245,46.01395],[10.5331,46.01467],[10.53356,46.01503],[10.53632,46.01657],[10.53777,46.01753],[10.53906,46.01826],[10.5413,46.01975],[10.54353,46.02074],[10.54473,46.02114],[10.54511,46.02134],[10.54576,46.02185],[10.54619,46.0223],[10.54653,46.02277],[10.5468,46.02337],[10.54697,46.02408],[10.54699,46.02468],[10.54679,46.02504],[10.54645,46.0253],[10.54507,46.02601],[10.54439,46.02623],[10.54353,46.02632],[10.5425,46.02621],[10.54112,46.02574],[10.53838,46.02442],[10.53649,46.02325],[10.53438,46.02254],[10.532,46.02146],[10.53132,46.0211],[10.53019,46.02015],[10.52911,46.01947],[10.52773,46.01884],[10.52585,46.01819],[10.52361,46.0171],[10.52207,46.01671],[10.52121,46.01673],[10.5207,46.01693],[10.52038,46.01717],[10.52008,46.01753],[10.51992,46.01789],[10.51943,46.02182],[10.51961,46.02313],[10.51952,46.02361],[10.51918,46.02468],[10.51915,46.02516],[10.51954,46.0273],[10.51973,46.02766],[10.52044,46.02849],[10.52063,46.02897],[10.52064,46.02933],[10.52047,46.02981],[10.51953,46.03076],[10.51917,46.03147],[10.51912,46.03207],[10.51924,46.0335],[10.51919,46.03422],[10.5189,46.03517],[10.51866,46.03624],[10.51853,46.03755],[10.51798,46.03898],[10.51787,46.03994],[10.51775,46.04041],[10.51706,46.0422],[10.51704,46.04268],[10.51722,46.04315],[10.51761,46.04377],[10.51847,46.04482],[10.5193,46.04601],[10.52043,46.04732],[10.52084,46.04792],[10.52103,46.0484],[10.52141,46.04982],[10.52172,46.05125],[10.52197,46.05173],[10.52249,46.05245],[10.52304,46.05388],[10.52346,46.05447],[10.52487,46.05566],[10.52769,46.05769],[10.52825,46.05797],[10.52997,46.05848],[10.53066,46.05876],[10.53241,46.06007],[10.53406,46.06114],[10.53494,46.0618],[10.53631,46.06305],[10.53752,46.06436],[10.5394,46.06555],[10.54053,46.06662],[10.54224,46.06793],[10.5443,46.06984],[10.54512,46.07127],[10.5468,46.07293],[10.54708,46.07341],[10.54748,46.07434],[10.54765,46.07458],[10.54879,46.07531],[10.54954,46.07604],[10.55039,46.07674],[10.55117,46.07722],[10.5516,46.07758],[10.55168,46.07782],[10.55151,46.07817],[10.55131,46.07841],[10.55108,46.07849],[10.54971,46.07819],[10.54919,46.07797],[10.54745,46.07686],[10.5466,46.07579],[10.54608,46.07531],[10.54542,46.07503],[10.54421,46.07472],[10.54387,46.07451],[10.54318,46.07389],[10.54284,46.0737],[10.5413,46.07328],[10.54078,46.07306],[10.53947,46.0721],[10.53906,46.07188],[10.53803,46.07167],[10.53649,46.07174],[10.53597,46.07171],[10.53529,46.07153],[10.53477,46.07128],[10.53237,46.06952],[10.53014,46.06831],[10.52825,46.06763],[10.52724,46.0671],[10.52653,46.06653],[10.5255,46.06549],[10.52482,46.06506],[10.52343,46.06436],[10.5219,46.06317],[10.52042,46.06221],[10.51881,46.06094],[10.51829,46.06065],[10.51538,46.05935],[10.51452,46.05879],[10.51398,46.05828],[10.51366,46.05786],[10.51337,46.05733],[10.51285,46.05578],[10.51276,46.05483],[10.51304,46.05328],[10.51294,46.0528],[10.51275,46.05233],[10.51231,46.05173],[10.51138,46.05078],[10.51078,46.04959],[10.51028,46.04899],[10.50954,46.04855],[10.50799,46.04799],[10.50765,46.04774],[10.50731,46.04736],[10.50662,46.04589],[10.50638,46.04506],[10.50604,46.04423],[10.50592,46.04339],[10.50572,46.0428],[10.50542,46.04217],[10.50491,46.04137],[10.50477,46.04101],[10.50477,46.04065],[10.50488,46.04029],[10.50574,46.03874],[10.50587,46.03696],[10.50617,46.03612],[10.50672,46.03517],[10.50702,46.03362],[10.50714,46.03267],[10.50773,46.03136],[10.50793,46.03064],[10.50796,46.03016],[10.50783,46.02969],[10.50758,46.02921],[10.50702,46.02849],[10.50675,46.02778],[10.5068,46.0273],[10.50705,46.02635],[10.50766,46.02468],[10.50775,46.02408],[10.50765,46.02337],[10.50703,46.0217],[10.50669,46.0211],[10.50597,46.02039],[10.50581,46.02015],[10.50574,46.01991],[10.50583,46.01908],[10.50576,46.01872],[10.50512,46.01777],[10.50494,46.01741],[10.50494,46.01705],[10.5051,46.0161],[10.50499,46.01562],[10.50455,46.01455],[10.5044,46.01252],[10.50426,46.01216],[10.50381,46.01145],[10.50354,46.01073],[10.5036,46.0105],[10.50393,46.0099],[10.50395,46.00966],[10.50343,46.00883],[10.50286,46.00823],[10.50274,46.00799],[10.50278,46.00763],[10.50322,46.00692],[10.50318,46.00656],[10.50292,46.00632],[10.5025,46.00613],[10.50113,46.00586],[10.50061,46.00568],[10.50012,46.00537],[10.49925,46.00465],[10.49855,46.00431],[10.49684,46.00381],[10.49563,46.00355],[10.49357,46.00281],[10.49254,46.00259],[10.48997,46.00234],[10.48791,46.00192],[10.48516,46.00204],[10.4843,46.00178],[10.48293,46.00114],[10.48243,46.00072],[10.48127,45.99893],[10.48051,45.99809],[10.4798,45.99678],[10.47872,45.99547],[10.47738,45.99344],[10.47503,45.99094],[10.47396,45.98927],[10.47375,45.98867],[10.47382,45.98784],[10.47411,45.98724],[10.4744,45.98688],[10.47521,45.98611],[10.47589,45.98571],[10.47641,45.98564],[10.47744,45.98575],[10.4783,45.98576],[10.48173,45.98529],[10.48276,45.98522],[10.48327,45.9853],[10.48362,45.98545],[10.48389,45.98569],[10.48482,45.98704],[10.4853,45.9882],[10.48569,45.98975],[10.48613,45.99058],[10.48651,45.99106],[10.48701,45.99154],[10.48791,45.99212],[10.49031,45.99314],[10.4922,45.99359],[10.49375,45.99412],[10.49443,45.99425],[10.49615,45.99442],[10.49735,45.99465],[10.49975,45.9949],[10.50052,45.99511],[10.50277,45.99595],[10.50525,45.99662],[10.50611,45.99672],[10.50662,45.99652],[10.50696,45.99619],[10.50732,45.99523],[10.50748,45.99499],[10.50765,45.99487],[10.50817,45.99482],[10.5092,45.99502],[10.50971,45.99505],[10.51194,45.99453],[10.51251,45.99428],[10.51349,45.99368],[10.51414,45.99297],[10.51436,45.99237],[10.51435,45.99213],[10.51427,45.99201],[10.51366,45.99159],[10.51263,45.99105],[10.51234,45.99082],[10.51218,45.99058],[10.5121,45.9901],[10.51216,45.98987],[10.51236,45.98951],[10.5128,45.98912],[10.51383,45.98873],[10.51486,45.9885],[10.51726,45.98829],[10.51765,45.9882],[10.51781,45.98808],[10.51775,45.98784],[10.51723,45.98736],[10.51579,45.98653],[10.51539,45.98617],[10.51518,45.98569],[10.51519,45.98498]]},"properties":{"ele":1840,"major":0}},{"type":"Feature","geometry":{"type":"LineString","coordinates":[[10.6,46.0273],[10.59743,46.0274],[10.59657,46.02736],[10.59554,46.02711],[10.59525,46.02695],[10.59507,46.02671],[10.59505,46.02575],[10.59495,46.02492],[10.59484,46.02444],[10.59454,46.02361],[10.59438,46.02242],[10.59475,46.02003],[10.59491,46.01979],[10.59519,46.01956],[10.59606,46.01913],[10.59691,46.0189],[10.59812,46.01889],[10.59863,46.01882],[10.59897,46.01865],[10.59903,46.01836],[10.59873,46.01789],[10.5983,46.01753],[10.59768,46.01717],[10.5964,46.01658],[10.59571,46.01613],[10.59459,46.01514],[10.59391,46.01443],[10.59349,46.01383],[10.59307,46.013],[10.59278,46.01205],[10.59229,46.01109],[10.59221,46.01073],[10.59232,46.01038],[10.59262,46.01002],[10.59363,46.0093],[10.59466,46.00835],[10.59537,46.00802],[10.59606,46.00793],[10.5964,46.00797],[10.59674,46.0081],[10.59726,46.00847],[10.59785,46.00918],[10.59836,46.01026],[10.59863,46.01056],[10.59897,46.01076],[10.59932,46.01086],[10.6,46.01083]]},"properties":{"ele":1840,"major":0}},{"type":"Feature","geometry":{"type":"LineString","coordinates":[[10.47006,46.0627],[10.4705,46.06305],[10.47115,46.06376],[10.47143,46.06423],[10.47177,46.06519],[10.47208,46.06555],[10.47257,46.06591],[10.47315,46.06617],[10.47383,46.0663],[10.47435,46.06622],[10.47538,46.06577],[10.47589,46.06567],[10.47658,46.06568],[10.47727,46.06589],[10.47847,46.06659],[10.4795,46.06742],[10.47995,46.06805],[10.48052,46.06936],[10.48081,46.06972],[10.48139,46.07004],[10.4831,46.07069],[10.48398,46.07127],[10.48459,46.07198],[10.48487,46.07293],[10.485,46.07317],[10.48602,46.07408],[10.48661,46.07484],[10.48675,46.0752],[10.4869,46.07627],[10.48735,46.07793],[10.48768,46.07841],[10.48825,46.0789],[10.4886,46.07909],[10.48911,46.07927],[10.49014,46.07943],[10.49083,46.07939],[10.49186,46.07918],[10.49272,46.07921],[10.49481,46.07972],[10.49519,46.07996],[10.49532,46.08032],[10.49523,46.08079],[10.49494,46.08127],[10.49323,46.08255],[10.49289,46.08294],[10.4927,46.08329],[10.49255,46.08377],[10.49249,46.08425],[10.49277,46.08567],[10.49282,46.08651],[10.49272,46.08698],[10.49247,46.08746],[10.49177,46.08829],[10.49134,46.08863],[10.49066,46.08889],[10.4898,46.08899],[10.48774,46.08896],[10.48654,46.08882],[10.48568,46.08857],[10.48276,46.0875],[10.48207,46.08718],[10.48087,46.08642],[10.48027,46.08591],[10.47948,46.08508],[10.47898,46.08474],[10.47812,46.08442],[10.47641,46.08412],[10.47526,46.08377],[10.47383,46.08297],[10.47286,46.0821],[10.47248,46.08151],[10.47219,46.08127],[10.47091,46.08087],[10.47006,46.08078]]},"properties":{"ele":1860,"major":0}},{"type":"Feature","geometry":{"type":"LineString","coordinates":[[10.47851,45.98498],[10.4795,45.9851],[10.48036,45.98507],[10.48092,45.98498]]},"properties":{"ele":1860,"major":0}},{"type":"Feature","geometry":{"type":"LineString","coordinates":[[10.48387,45.98498],[10.48438,45.98545],[10.4856,45.98748],[10.48585,45.98832],[10.48598,45.98951],[10.48633,45.99034],[10.48705,45.99122],[10.48757,45.99164],[10.48801,45.99189],[10.49048,45.99292],[10.49237,45.99337],[10.49392,45.99394],[10.49495,45.99409],[10.49615,45.99412],[10.49769,45.99438],[10.5001,45.99462],[10.50199,45.99518],[10.50353,45.99583],[10.5049,45.99628],[10.50576,45.99641],[10.50628,45.99634],[10.50669,45.99607],[10.50689,45.99571],[10.50711,45.99487],[10.50748,45.99438],[10.50782,45.99432],[10.50851,45.99445],[10.5092,45.99468],[10.50971,45.99473],[10.51177,45.99435],[10.51246,45.99405],[10.51314,45.9936],[10.51376,45.99297],[10.51403,45.99237],[10.51401,45.99213],[10.51392,45.99201],[10.51337,45.99165],[10.51218,45.99106],[10.51183,45.9907],[10.51174,45.99046],[10.51172,45.9901],[10.51194,45.98953],[10.51237,45.98903],[10.51312,45.98867],[10.51435,45.98837],[10.51623,45.98814],[10.51689,45.98784],[10.51697,45.98772],[10.51696,45.9876],[10.51678,45.98736],[10.51538,45.98656],[10.51495,45.98617],[10.51473,45.98569],[10.51474,45.98498]]},"properties":{"ele":1860,"major":0}},{"type":"Feature","geometry":{"type":"LineString","coordinates":[[10.57794,45.98498],[10.57769,45.98543],[10.57729,45.98593],[10.57671,45.98641],[10.57588,45.98688],[10.57569,45.98712],[10.57565,45.98736],[10.57572,45.9876],[10.57595,45.98796],[10.57702,45.98915],[10.57757,45.98987],[10.5781,45.99094],[10.57845,45.99189],[10.57861,45.99261],[10.57916,45.99392],[10.57945,45.99535],[10.57944,45.99595],[10.57915,45.99678],[10.57875,45.99738],[10.57778,45.99833],[10.57717,45.99911],[10.57654,45.99976],[10.57597,46.00052],[10.57574,46.00072],[10.57546,46.00086],[10.57391,46.00113],[10.57271,46.00148],[10.57185,46.00159],[10.57082,46.00158],[10.56979,46.00134],[10.56876,46.00133],[10.5679,46.0012],[10.56653,46.00139],[10.56481,46.00147],[10.56413,46.00161],[10.56327,46.00193],[10.56272,46.00227],[10.56184,46.00322],[10.56091,46.00465],[10.56035,46.00535],[10.55984,46.0058],[10.55966,46.00587],[10.55932,46.00585],[10.55898,46.00566],[10.55881,46.00545],[10.55841,46.00453],[10.55755,46.00298],[10.55709,46.00227],[10.55696,46.00179],[10.55687,45.99964],[10.55705,45.99917],[10.55773,45.99821],[10.55809,45.99738],[10.55859,45.99666],[10.55864,45.99642],[10.55859,45.99583],[10.55841,45.99499],[10.55812,45.99465],[10.55779,45.99452],[10.55623,45.99433],[10.55537,45.99402],[10.55448,45.99344],[10.55337,45.99225],[10.55314,45.99214],[10.5528,45.99212],[10.5516,45.99235],[10.55108,45.99253],[10.55045,45.99297],[10.54956,45.99404],[10.54911,45.9944],[10.54868,45.99457],[10.54679,45.99505],[10.54641,45.99523],[10.54593,45.99559],[10.54574,45.99595],[10.54581,45.99631],[10.54603,45.99666],[10.54686,45.99762],[10.54708,45.99798],[10.54715,45.99821],[10.54711,45.99845],[10.54696,45.99868],[10.54645,45.99905],[10.54593,45.99923],[10.54456,45.99931],[10.5441,45.99941],[10.5437,45.99964],[10.54311,46.00024],[10.54272,46.00048],[10.5413,46.00079],[10.53979,46.00131],[10.53924,46.00139],[10.53786,46.0014],[10.537,46.0015],[10.53649,46.00182],[10.53512,46.0033],[10.5347,46.00358],[10.53426,46.00374],[10.53374,46.00379],[10.5334,46.00374],[10.53168,46.00308],[10.53065,46.00277],[10.53014,46.00272],[10.52979,46.00278],[10.52804,46.00394],[10.5276,46.0043],[10.52716,46.00477],[10.52693,46.00513],[10.52676,46.00561],[10.52675,46.0074],[10.52636,46.00857],[10.52629,46.00906],[10.52632,46.01061],[10.52647,46.01109],[10.52666,46.01133],[10.52722,46.01164],[10.52859,46.01207],[10.52979,46.01266],[10.53158,46.01324],[10.53244,46.01359],[10.53278,46.01383],[10.53336,46.01455],[10.53393,46.01503],[10.53649,46.01641],[10.538,46.01741],[10.53927,46.01812],[10.54147,46.01963],[10.54353,46.02051],[10.54473,46.02093],[10.54527,46.02122],[10.54593,46.02174],[10.54635,46.02218],[10.54675,46.02277],[10.54701,46.02337],[10.54732,46.02444],[10.54735,46.0248],[10.54718,46.02516],[10.54679,46.02547],[10.54524,46.02628],[10.54456,46.02649],[10.5437,46.02655],[10.54284,46.02651],[10.54164,46.02622],[10.54077,46.02587],[10.53838,46.02466],[10.5363,46.02337],[10.53563,46.0231],[10.53409,46.02264],[10.53306,46.02209],[10.53115,46.02122],[10.53075,46.02099],[10.52968,46.02003],[10.52886,46.01956],[10.52716,46.01884],[10.52567,46.01832],[10.52361,46.01737],[10.52224,46.01699],[10.52138,46.01699],[10.52088,46.01717],[10.52056,46.01741],[10.52028,46.01777],[10.52016,46.01812],[10.5198,46.0217],[10.51999,46.02289],[10.51999,46.02325],[10.51989,46.02373],[10.51955,46.02468],[10.5195,46.02528],[10.51973,46.02695],[10.51983,46.0273],[10.52001,46.02761],[10.52077,46.02849],[10.52098,46.02897],[10.52101,46.02933],[10.52093,46.02969],[10.5208,46.02993],[10.51984,46.03088],[10.51956,46.03136],[10.51943,46.03171],[10.51939,46.03219],[10.51951,46.03362],[10.5195,46.03423],[10.51898,46.036],[10.51882,46.03755],[10.51838,46.03886],[10.51826,46.04005],[10.51748,46.04244],[10.51749,46.0428],[10.51771,46.04339],[10.51972,46.04601],[10.52092,46.04732],[10.52126,46.0478],[10.52145,46.04828],[10.52169,46.04947],[10.52224,46.05125],[10.52301,46.05245],[10.52361,46.05399],[10.52408,46.05459],[10.52519,46.05554],[10.52808,46.0576],[10.52876,46.05788],[10.53048,46.05831],[10.53137,46.05876],[10.53293,46.06007],[10.53512,46.06157],[10.53693,46.06317],[10.53786,46.06417],[10.53992,46.06548],[10.5412,46.06674],[10.54323,46.06829],[10.54456,46.06942],[10.54503,46.06996],[10.54545,46.07079],[10.5457,46.07115],[10.54713,46.07238],[10.54848,46.074],[10.55074,46.07588],[10.55142,46.07631],[10.55278,46.07698],[10.55332,46.07734],[10.55387,46.07782],[10.55455,46.07853],[10.55532,46.0796],[10.55598,46.08032],[10.55641,46.08115],[10.55644,46.08151],[10.55629,46.08174],[10.55589,46.08194],[10.55537,46.08201],[10.55383,46.08175],[10.55212,46.08115],[10.55139,46.08079],[10.55057,46.07999],[10.55022,46.07977],[10.54821,46.07913],[10.54633,46.07758],[10.54542,46.07651],[10.54503,46.07615],[10.54421,46.07585],[10.5425,46.07558],[10.54147,46.0751],[10.54122,46.07484],[10.5409,46.07424],[10.54061,46.07389],[10.53941,46.07288],[10.53889,46.07255],[10.53821,46.07228],[10.53597,46.07205],[10.53477,46.07168],[10.53323,46.07083],[10.53203,46.06982],[10.52979,46.06862],[10.52825,46.06803],[10.52756,46.0677],[10.52636,46.06688],[10.52516,46.0656],[10.52464,46.06528],[10.52344,46.06477],[10.52293,46.06448],[10.52154,46.06329],[10.51881,46.06136],[10.51795,46.06088],[10.51476,46.05936],[10.51405,46.05888],[10.51358,46.0584],[10.51291,46.05733],[10.51245,46.05602],[10.51238,46.05471],[10.51264,46.05328],[10.51244,46.05256],[10.51194,46.05198],[10.51052,46.05078],[10.51031,46.05042],[10.5102,46.04971],[10.50988,46.04926],[10.50938,46.04899],[10.50834,46.04869],[10.50799,46.04853],[10.50765,46.04828],[10.50714,46.04772],[10.50626,46.04589],[10.50564,46.04423],[10.5056,46.04339],[10.50546,46.04291],[10.50513,46.04232],[10.50454,46.04148],[10.50434,46.04101],[10.50437,46.04041],[10.50504,46.03874],[10.50536,46.03719],[10.50643,46.03505],[10.50681,46.03279],[10.50734,46.03136],[10.50746,46.03088],[10.50751,46.0304],[10.50742,46.02993],[10.50652,46.02861],[10.50633,46.02778],[10.50667,46.02635],[10.50726,46.02456],[10.5073,46.0242],[10.50723,46.02373],[10.50694,46.02289],[10.50667,46.0217],[10.50638,46.02122],[10.50556,46.02051],[10.50537,46.02027],[10.50526,46.01991],[10.50535,46.0192],[10.50532,46.01884],[10.50463,46.01777],[10.50453,46.01753],[10.50454,46.01729],[10.50478,46.01634],[10.50482,46.01598],[10.50477,46.01562],[10.50438,46.01431],[10.50425,46.01264],[10.50413,46.01228],[10.50367,46.01157],[10.50332,46.01073],[10.50335,46.0105],[10.50362,46.0099],[10.5036,46.00954],[10.50321,46.00895],[10.50255,46.00835],[10.50226,46.00787],[10.50226,46.00751],[10.5025,46.00692],[10.50249,46.00668],[10.50216,46.00642],[10.50078,46.00611],[10.50027,46.00591],[10.49975,46.00557],[10.49907,46.00494],[10.49854,46.00465],[10.49678,46.00406],[10.49546,46.00374],[10.49453,46.00334],[10.4934,46.00296],[10.49254,46.00278],[10.4898,46.00247],[10.48774,46.00204],[10.48705,46.00206],[10.48568,46.00224],[10.48499,46.00223],[10.48448,46.00209],[10.48362,46.00175],[10.48293,46.00141],[10.48242,46.00108],[10.48207,46.00072],[10.48121,45.99947],[10.48023,45.99833],[10.47958,45.99702],[10.47853,45.99571],[10.47724,45.99356],[10.47675,45.99304],[10.47588,45.99225],[10.4749,45.99118],[10.47342,45.98903],[10.4733,45.98867],[10.47326,45.9882],[10.47331,45.98748],[10.47344,45.987],[10.47374,45.98641],[10.47462,45.98545],[10.47492,45.98498]]},"properties":{"ele":1860,"major":0}},{"type":"Feature","geometry":{"type":"LineString","coordinates":[[10.6,46.02754],[10.5964,46.02764],[10.59517,46.02742],[10.59485,46.0273],[10.59461,46.02706],[10.59456,46.02671],[10.59472,46.02599],[10.59472,46.02528],[10.5946,46.02456],[10.59426,46.02361],[10.59414,46.02254],[10.5943,46.02134],[10.5943,46.02027],[10.59436,46.01991],[10.59447,46.01967],[10.59468,46.01945],[10.59537,46.01903],[10.59657,46.0185],[10.59777,46.01836],[10.598,46.01824],[10.59807,46.01801],[10.59794,46.01777],[10.59763,46.01753],[10.5964,46.01697],[10.59588,46.01665],[10.59379,46.01479],[10.59335,46.01419],[10.59263,46.01288],[10.59228,46.01207],[10.5917,46.01121],[10.59164,46.01097],[10.59172,46.0105],[10.59202,46.01002],[10.59332,46.00906],[10.59426,46.00799],[10.59485,46.00771],[10.59588,46.00751],[10.59674,46.00763],[10.59743,46.00802],[10.59823,46.00895],[10.5988,46.01002],[10.59897,46.01021],[10.59915,46.01031],[10.59949,46.01039],[10.6,46.01033]]},"properties":{"ele":1860,"major":0}},{"type":"Feature","geometry":{"type":"LineString","coordinates":[[10.47006,46.06225],[10.47057,46.06261],[10.47179,46.06376],[10.47198,46.06412],[10.47209,46.06483],[10.47223,46.06519],[10.47246,46.06547],[10.47287,46.06579],[10.47332,46.06598],[10.47383,46.06605],[10.47435,46.06595],[10.47538,46.06549],[10.47606,46.06532],[10.47675,46.06533],[10.47744,46.06556],[10.47847,46.06613],[10.47932,46.06674],[10.47967,46.06706],[10.48014,46.06769],[10.48086,46.06912],[10.48116,46.06948],[10.48155,46.06972],[10.48259,46.07013],[10.48327,46.07049],[10.48439,46.07127],[10.48474,46.07162],[10.48497,46.07198],[10.48516,46.07293],[10.48529,46.07317],[10.48621,46.074],[10.48683,46.07484],[10.48695,46.0752],[10.48709,46.07627],[10.4875,46.0777],[10.48774,46.0781],[10.48825,46.07856],[10.48894,46.0789],[10.48997,46.07907],[10.49083,46.07907],[10.4922,46.0789],[10.49306,46.07897],[10.49512,46.07954],[10.49554,46.07984],[10.49566,46.0802],[10.49552,46.08079],[10.49512,46.08148],[10.49478,46.08179],[10.49357,46.08262],[10.49327,46.08294],[10.49306,46.08329],[10.49287,46.08401],[10.49284,46.08448],[10.4931,46.08663],[10.493,46.0871],[10.49272,46.08767],[10.4922,46.08834],[10.49168,46.08877],[10.491,46.08904],[10.48997,46.08917],[10.48739,46.08912],[10.48619,46.08899],[10.48516,46.08868],[10.48276,46.08775],[10.4819,46.08734],[10.48087,46.08666],[10.48007,46.08603],[10.4793,46.0852],[10.47881,46.08487],[10.478,46.0846],[10.47606,46.08426],[10.47501,46.08389],[10.47366,46.08319],[10.47265,46.08222],[10.47229,46.08168],[10.47209,46.08151],[10.47109,46.08113],[10.47006,46.08101]]},"properties":{"ele":1880,"major":0}},{"type":"Feature","geometry":{"type":"LineString","coordinates":[[10.48457,45.98498],[10.48522,45.98617],[10.48596,45.98724],[10.48613,45.9876],[10.48628,45.9882],[10.48627,45.98939],[10.48653,45.9901],[10.48722,45.99099],[10.48808,45.99162],[10.49048,45.99258],[10.49254,45.99308],[10.49426,45.99375],[10.49495,45.99383],[10.49632,45.9938],[10.49769,45.99401],[10.50061,45.99432],[10.5025,45.99484],[10.50382,45.99559],[10.50456,45.99591],[10.50508,45.99606],[10.50559,45.99611],[10.50611,45.99604],[10.50647,45.99583],[10.50663,45.99559],[10.50688,45.99476],[10.50718,45.99428],[10.50748,45.99406],[10.50782,45.994],[10.50817,45.99403],[10.50937,45.99438],[10.50971,45.99442],[10.5116,45.99413],[10.51194,45.99403],[10.51239,45.9938],[10.51349,45.99283],[10.51367,45.99249],[10.51368,45.99225],[10.51363,45.99213],[10.51314,45.99177],[10.51214,45.9913],[10.51177,45.99106],[10.51148,45.9907],[10.51138,45.99022],[10.51149,45.98975],[10.51177,45.98925],[10.51206,45.98891],[10.51243,45.98867],[10.51366,45.98828],[10.51589,45.98794],[10.51612,45.98784],[10.51637,45.9876],[10.51636,45.98748],[10.51626,45.98736],[10.51503,45.98665],[10.5145,45.98617],[10.51426,45.98557],[10.51428,45.98498]]},"properties":{"ele":1880,"major":0}},{"type":"Feature","geometry":{"type":"LineString","coordinates":[[10.56121,46.08512],[10.56104,46.08507],[10.56087,46.08489],[10.56087,46.08466],[10.56104,46.08466],[10.5613,46.08484],[10.56138,46.08499],[10.56134,46.08508],[10.56121,46.08512]]},"properties":{"ele":1880,"major":0}},{"type":"Feature","geometry":{"type":"LineString","coordinates":[[10.57855,45.98498],[10.57837,45.98533],[10.57786,45.98607],[10.57734,45.98655],[10.57646,45.98712],[10.57629,45.98736],[10.57627,45.9876],[10.5766,45.9882],[10.57802,45.98998],[10.57842,45.99082],[10.57869,45.99165],[10.57887,45.99273],[10.57932,45.99404],[10.57959,45.99547],[10.57956,45.99607],[10.57933,45.99678],[10.57894,45.99738],[10.57788,45.99845],[10.57734,45.99922],[10.57676,45.99988],[10.57614,46.00072],[10.57588,46.00096],[10.57563,46.00109],[10.57511,46.0012],[10.57391,46.00131],[10.57288,46.00159],[10.57202,46.00172],[10.57065,46.0017],[10.56979,46.00149],[10.56876,46.00148],[10.5679,46.00138],[10.5667,46.00154],[10.56464,46.00162],[10.56413,46.00176],[10.56327,46.00213],[10.5628,46.00251],[10.56225,46.00322],[10.56138,46.00479],[10.5603,46.00632],[10.56001,46.0066],[10.55984,46.00666],[10.55949,46.00665],[10.55898,46.00634],[10.55857,46.00585],[10.55806,46.00441],[10.55738,46.0031],[10.55681,46.00227],[10.55669,46.00191],[10.5566,45.99964],[10.55671,45.99929],[10.55734,45.99809],[10.55754,45.9969],[10.55777,45.99631],[10.55788,45.99583],[10.55788,45.99559],[10.55778,45.99535],[10.55743,45.99509],[10.5564,45.99501],[10.55589,45.99489],[10.55451,45.99413],[10.55348,45.99328],[10.55297,45.99312],[10.55245,45.99311],[10.55177,45.99328],[10.55138,45.99344],[10.55104,45.99368],[10.55036,45.9944],[10.54988,45.9947],[10.54902,45.99495],[10.5473,45.99529],[10.54679,45.99553],[10.54645,45.99582],[10.54633,45.99607],[10.54638,45.99642],[10.5466,45.99678],[10.54748,45.99786],[10.54764,45.99821],[10.54767,45.99845],[10.54759,45.99869],[10.5473,45.99902],[10.54645,45.99959],[10.54593,45.99973],[10.54507,45.99977],[10.54456,45.99988],[10.54421,46.00004],[10.54336,46.00065],[10.5425,46.00098],[10.54095,46.00127],[10.53992,46.0016],[10.53838,46.0017],[10.537,46.0021],[10.53632,46.00254],[10.53529,46.0036],[10.5346,46.00396],[10.53391,46.00408],[10.5334,46.00406],[10.53117,46.00328],[10.53065,46.00316],[10.53014,46.00314],[10.52962,46.00328],[10.5286,46.00382],[10.52808,46.0042],[10.52763,46.00465],[10.52732,46.00513],[10.52716,46.00561],[10.52707,46.00751],[10.5267,46.00871],[10.52659,46.0093],[10.52658,46.0105],[10.52669,46.01085],[10.52688,46.01113],[10.52735,46.01145],[10.52859,46.01187],[10.52997,46.01252],[10.53185,46.01312],[10.53273,46.01348],[10.53321,46.01383],[10.53372,46.01455],[10.53412,46.01491],[10.53529,46.01557],[10.53684,46.01634],[10.53845,46.01741],[10.53958,46.01805],[10.54153,46.01944],[10.54233,46.01982],[10.54473,46.0207],[10.54542,46.02108],[10.5461,46.02163],[10.54651,46.02206],[10.54683,46.02254],[10.54721,46.02337],[10.54761,46.02444],[10.54768,46.0248],[10.54753,46.02528],[10.54713,46.02567],[10.54553,46.02647],[10.54507,46.02663],[10.54404,46.02673],[10.54267,46.02667],[10.54147,46.02634],[10.54056,46.02599],[10.53957,46.02552],[10.53612,46.02349],[10.53546,46.02323],[10.53391,46.02278],[10.53288,46.02217],[10.53055,46.0211],[10.52962,46.02026],[10.52876,46.01974],[10.5243,46.01793],[10.52241,46.01737],[10.52155,46.01729],[10.52112,46.01741],[10.52077,46.01765],[10.52052,46.01798],[10.5204,46.01836],[10.52012,46.02158],[10.52032,46.02277],[10.52034,46.02325],[10.52024,46.02373],[10.51989,46.02468],[10.51985,46.02528],[10.52002,46.02683],[10.52011,46.02718],[10.52032,46.02754],[10.52122,46.02861],[10.52136,46.02897],[10.52138,46.02945],[10.52113,46.03004],[10.52016,46.031],[10.51986,46.03147],[10.51972,46.03183],[10.51966,46.03243],[10.51977,46.03398],[10.51974,46.03445],[10.5194,46.03541],[10.51923,46.03612],[10.51911,46.03755],[10.51884,46.03874],[10.51874,46.03994],[10.51826,46.0416],[10.51795,46.04244],[10.51793,46.0428],[10.51805,46.04327],[10.51833,46.04375],[10.52011,46.04601],[10.52137,46.04732],[10.52171,46.0478],[10.52189,46.04828],[10.52218,46.04971],[10.52287,46.05125],[10.52344,46.05228],[10.52417,46.05411],[10.52454,46.05459],[10.52519,46.05519],[10.52816,46.05733],[10.52894,46.05768],[10.53082,46.0581],[10.53168,46.05854],[10.5334,46.06007],[10.53543,46.0615],[10.53632,46.06233],[10.53738,46.06317],[10.53831,46.06412],[10.53998,46.06507],[10.54048,46.06543],[10.54166,46.06674],[10.54353,46.06809],[10.54515,46.06948],[10.54546,46.06984],[10.54583,46.07055],[10.54619,46.07103],[10.54748,46.07212],[10.54851,46.07319],[10.55036,46.07496],[10.55142,46.07573],[10.55297,46.07649],[10.55379,46.07698],[10.55757,46.07996],[10.55785,46.08032],[10.55816,46.08115],[10.55882,46.08222],[10.55907,46.08305],[10.55881,46.08316],[10.55795,46.0831],[10.55572,46.08315],[10.55503,46.08311],[10.55451,46.083],[10.5528,46.08213],[10.55091,46.08143],[10.54954,46.08054],[10.54799,46.07986],[10.54721,46.07936],[10.54443,46.07698],[10.54387,46.07677],[10.54246,46.07662],[10.54084,46.07555],[10.54044,46.07516],[10.53994,46.07424],[10.53968,46.07389],[10.53923,46.07341],[10.53872,46.07302],[10.53821,46.07277],[10.53769,46.07261],[10.5358,46.07229],[10.53512,46.07211],[10.53416,46.07174],[10.53315,46.07127],[10.53271,46.07097],[10.53184,46.07019],[10.53014,46.06916],[10.52928,46.06873],[10.52773,46.06814],[10.52642,46.06734],[10.52585,46.06686],[10.52495,46.06579],[10.5243,46.06541],[10.52299,46.06495],[10.52255,46.06472],[10.52118,46.0634],[10.51915,46.06191],[10.51419,46.05936],[10.51364,46.059],[10.51313,46.05852],[10.51225,46.05709],[10.51202,46.0565],[10.51203,46.05435],[10.5122,46.05328],[10.51215,46.05292],[10.51205,46.05268],[10.5116,46.0522],[10.51024,46.05125],[10.5095,46.05066],[10.50874,46.04959],[10.50782,46.04894],[10.50693,46.04792],[10.50592,46.04589],[10.50525,46.04427],[10.5052,46.04399],[10.50527,46.04339],[10.50517,46.04303],[10.5049,46.04256],[10.50413,46.04148],[10.50394,46.04101],[10.50396,46.04053],[10.50451,46.03779],[10.50472,46.03731],[10.50557,46.03612],[10.50603,46.03517],[10.50641,46.03326],[10.507,46.03124],[10.5071,46.0304],[10.50695,46.02993],[10.50611,46.0288],[10.50593,46.0279],[10.50598,46.02754],[10.50684,46.02456],[10.50688,46.02408],[10.50652,46.02301],[10.50629,46.0217],[10.50593,46.02123],[10.50516,46.02063],[10.50495,46.02039],[10.50482,46.02003],[10.50485,46.01908],[10.50479,46.01884],[10.5041,46.01777],[10.50408,46.01741],[10.50445,46.01634],[10.50451,46.01562],[10.50423,46.01419],[10.50399,46.0124],[10.50345,46.01157],[10.50312,46.01085],[10.50312,46.0105],[10.50333,46.00978],[10.50324,46.00942],[10.50299,46.00906],[10.50196,46.00811],[10.50168,46.00763],[10.5015,46.00704],[10.50132,46.0068],[10.49959,46.00596],[10.49872,46.00524],[10.49804,46.00485],[10.49666,46.00435],[10.49546,46.00403],[10.49428,46.00346],[10.49306,46.00306],[10.48997,46.00266],[10.48757,46.00217],[10.48551,46.00243],[10.48482,46.00241],[10.4843,46.00227],[10.48345,46.00193],[10.48259,46.00149],[10.48217,46.00119],[10.48172,46.00072],[10.48104,45.99976],[10.47998,45.99869],[10.47936,45.99726],[10.4783,45.99586],[10.47709,45.99367],[10.47658,45.99312],[10.4757,45.99237],[10.47457,45.99118],[10.4731,45.98915],[10.47295,45.98879],[10.47285,45.98832],[10.47294,45.98676],[10.47315,45.98617],[10.47371,45.98533],[10.47386,45.98498]]},"properties":{"ele":1880,"major":0}},{"type":"Feature","geometry":{"type":"LineString","coordinates":[[10.6,46.02776],[10.59691,46.0279],[10.59588,46.02787],[10.59451,46.0277],[10.59417,46.02755],[10.59409,46.02742],[10.59407,46.02695],[10.59435,46.02611],[10.59442,46.02563],[10.59426,46.02456],[10.5939,46.02337],[10.59387,46.02242],[10.59402,46.02134],[10.59394,46.02039],[10.59397,46.01991],[10.59408,46.01956],[10.59434,46.01923],[10.59564,46.01836],[10.59602,46.01801],[10.59612,46.01777],[10.59596,46.01741],[10.59547,46.01681],[10.59331,46.01474],[10.59211,46.01256],[10.59114,46.01133],[10.59103,46.01085],[10.59114,46.01038],[10.59136,46.01002],[10.59162,46.00978],[10.59302,46.00883],[10.59332,46.00847],[10.59382,46.00759],[10.59434,46.0073],[10.5952,46.00714],[10.59623,46.00711],[10.59674,46.00722],[10.59715,46.0074],[10.59769,46.00775],[10.59808,46.00811],[10.59932,46.00968],[10.59966,46.00982],[10.6,46.00982]]},"properties":{"ele":1880,"major":0}},{"type":"Feature","geometry":{"type":"LineString","coordinates":[[10.47006,46.06188],[10.47057,46.06218],[10.47238,46.06364],[10.47255,46.064],[10.47259,46.06472],[10.47267,46.06507],[10.47293,46.06543],[10.47328,46.06567],[10.47366,46.06577],[10.474,46.06576],[10.47589,46.06502],[10.47641,46.06494],[10.47675,46.06497],[10.47744,46.06518],[10.47812,46.06554],[10.47881,46.06596],[10.47969,46.06662],[10.48022,46.06722],[10.48104,46.06864],[10.48139,46.06908],[10.48176,46.06936],[10.48293,46.06994],[10.48379,46.0705],[10.48468,46.07115],[10.48519,46.07162],[10.48536,46.07198],[10.48541,46.07281],[10.48549,46.07305],[10.48566,46.07329],[10.48645,46.074],[10.48696,46.07472],[10.48714,46.0752],[10.48725,46.07615],[10.48765,46.07746],[10.48791,46.07792],[10.48825,46.07824],[10.48894,46.07858],[10.4898,46.07873],[10.49083,46.07876],[10.49254,46.07862],[10.49357,46.07873],[10.49546,46.07937],[10.49591,46.07972],[10.49602,46.08008],[10.49577,46.08091],[10.49537,46.08163],[10.495,46.08198],[10.49386,46.08282],[10.49343,46.08341],[10.49325,46.08401],[10.49317,46.0846],[10.49319,46.0852],[10.49338,46.08627],[10.4934,46.08675],[10.49323,46.08736],[10.49287,46.08806],[10.49249,46.08853],[10.49176,46.08901],[10.49103,46.08925],[10.49014,46.08935],[10.48619,46.08923],[10.48482,46.08885],[10.48259,46.08791],[10.48173,46.08749],[10.48001,46.08628],[10.47924,46.08544],[10.47881,46.0851],[10.47795,46.08481],[10.47589,46.0844],[10.47503,46.0841],[10.47373,46.08353],[10.47349,46.08338],[10.47287,46.08282],[10.47212,46.08194],[10.47177,46.08167],[10.47109,46.08137],[10.47006,46.08125]]},"properties":{"ele":1900,"major":1}},{"type":"Feature","geometry":{"type":"LineString","coordinates":[[10.485,45.98498],[10.48558,45.98617],[10.4863,45.98712],[10.48656,45.9876],[10.4867,45.98832],[10.4866,45.98939],[10.48674,45.98987],[10.48704,45.99034],[10.48739,45.99072],[10.48825,45.99135],[10.48911,45.99173],[10.49048,45.9922],[10.49272,45.99274],[10.49409,45.99329],[10.4946,45.99343],[10.49512,45.99346],[10.49666,45.99341],[10.50061,45.99389],[10.50164,45.99411],[10.50284,45.9945],[10.50387,45.99524],[10.50439,45.99553],[10.5049,45.99573],[10.50542,45.99581],[10.50593,45.99575],[10.50628,45.99556],[10.50656,45.99487],[10.50693,45.99428],[10.50714,45.99404],[10.50748,45.99385],[10.50782,45.99377],[10.50834,45.99379],[10.50971,45.99413],[10.51128,45.99392],[10.51194,45.99368],[10.51263,45.993],[10.5132,45.99261],[10.5133,45.99237],[10.51318,45.99213],[10.5128,45.99185],[10.5116,45.99121],[10.51117,45.9907],[10.51107,45.99046],[10.51106,45.99022],[10.51118,45.98975],[10.51149,45.98915],[10.51177,45.98879],[10.51211,45.98854],[10.51297,45.98821],[10.51495,45.98784],[10.51558,45.9876],[10.51562,45.98748],[10.51556,45.98736],[10.51452,45.9866],[10.514,45.98605],[10.51381,45.98557],[10.51385,45.98498]]},"properties":{"ele":1900,"major":1}},{"type":"Feature","geometry":{"type":"LineString","coordinates":[[10.57912,45.98498],[10.57881,45.98557],[10.57832,45.98629],[10.57786,45.98679],[10.57714,45.98736],[10.577,45.98755],[10.57697,45.98772],[10.57705,45.98808],[10.57735,45.98867],[10.57854,45.99022],[10.57904,45.99154],[10.57911,45.99189],[10.57914,45.99285],[10.57945,45.99404],[10.57972,45.99547],[10.57967,45.99631],[10.57951,45.99678],[10.57906,45.99747],[10.57807,45.99845],[10.57625,46.00096],[10.5758,46.0013],[10.57528,46.00142],[10.57391,46.00149],[10.57271,46.00177],[10.57202,46.00186],[10.57065,46.00183],[10.56979,46.00164],[10.56808,46.00157],[10.56705,46.00172],[10.56584,46.0017],[10.56516,46.0018],[10.56464,46.00177],[10.56413,46.00191],[10.56338,46.00227],[10.56291,46.00275],[10.56254,46.00334],[10.56166,46.00513],[10.56056,46.00704],[10.56016,46.00728],[10.55984,46.00731],[10.55949,46.00726],[10.55898,46.00701],[10.55845,46.00644],[10.55818,46.00585],[10.55802,46.00501],[10.55765,46.00406],[10.55724,46.00322],[10.55656,46.00227],[10.55645,46.00203],[10.55632,45.99964],[10.55646,45.99917],[10.55687,45.99833],[10.55699,45.99774],[10.55694,45.99714],[10.55675,45.99629],[10.55657,45.99606],[10.554,45.99445],[10.55331,45.99395],[10.55297,45.99384],[10.55263,45.99383],[10.55211,45.994],[10.55125,45.99469],[10.55091,45.99489],[10.55012,45.99511],[10.54782,45.9955],[10.5473,45.99568],[10.54696,45.99593],[10.54683,45.99619],[10.54688,45.99654],[10.54795,45.99798],[10.54818,45.99845],[10.54819,45.99869],[10.54808,45.99893],[10.54765,45.99943],[10.54688,46.0],[10.54645,46.00025],[10.54605,46.00036],[10.54473,46.00044],[10.54336,46.00104],[10.54233,46.00141],[10.54027,46.00184],[10.53889,46.00196],[10.53803,46.00227],[10.53718,46.00247],[10.53649,46.00291],[10.53546,46.00394],[10.53477,46.00426],[10.53391,46.00436],[10.53323,46.00431],[10.53117,46.00364],[10.53065,46.00353],[10.53014,46.0035],[10.52962,46.00362],[10.52894,46.0039],[10.52842,46.00425],[10.52802,46.00465],[10.52772,46.00513],[10.52755,46.00561],[10.52752,46.00668],[10.52738,46.00799],[10.52692,46.00942],[10.5269,46.01038],[10.52699,46.01073],[10.52715,46.01097],[10.52769,46.01133],[10.52876,46.01173],[10.53014,46.01237],[10.53306,46.01336],[10.53353,46.01371],[10.53399,46.01443],[10.53435,46.01479],[10.5354,46.01538],[10.53716,46.01622],[10.53872,46.01728],[10.53992,46.01798],[10.54095,46.01882],[10.54164,46.01926],[10.54233,46.01959],[10.54473,46.02045],[10.54566,46.02099],[10.54627,46.02148],[10.54686,46.02218],[10.54793,46.02456],[10.54797,46.02504],[10.54787,46.0254],[10.54763,46.02575],[10.5473,46.02599],[10.54564,46.02671],[10.54507,46.02686],[10.54421,46.02691],[10.54267,46.02684],[10.54061,46.02617],[10.53941,46.02559],[10.53754,46.02444],[10.53597,46.02362],[10.53374,46.0229],[10.53271,46.02224],[10.53048,46.02124],[10.5301,46.02099],[10.52945,46.02038],[10.52894,46.02006],[10.52464,46.0183],[10.52241,46.01773],[10.52155,46.01765],[10.52121,46.01774],[10.52089,46.01801],[10.52069,46.01836],[10.52058,46.01884],[10.52039,46.02146],[10.52044,46.02194],[10.52065,46.02277],[10.52067,46.02313],[10.52056,46.02373],[10.52021,46.02468],[10.52017,46.02528],[10.52045,46.02706],[10.52072,46.02754],[10.52159,46.02849],[10.52173,46.02885],[10.52178,46.02933],[10.52172,46.02969],[10.52155,46.03004],[10.52126,46.0304],[10.52037,46.03124],[10.52015,46.03159],[10.51998,46.03207],[10.51991,46.03302],[10.52002,46.03445],[10.51963,46.03565],[10.51947,46.03636],[10.51934,46.03839],[10.51934,46.03946],[10.51885,46.0416],[10.51843,46.04256],[10.51841,46.04303],[10.51852,46.04339],[10.51872,46.04375],[10.52027,46.04577],[10.52171,46.0472],[10.52206,46.04768],[10.52231,46.04828],[10.5226,46.04947],[10.52312,46.05042],[10.52394,46.05233],[10.52439,46.05364],[10.52463,46.05411],[10.52499,46.05459],[10.52563,46.05519],[10.52842,46.05718],[10.52911,46.05746],[10.531,46.0578],[10.53151,46.05801],[10.53203,46.05833],[10.53369,46.05995],[10.53546,46.06122],[10.53655,46.06221],[10.53768,46.06305],[10.53855,46.0639],[10.54084,46.06519],[10.5412,46.06555],[10.54185,46.0665],[10.54387,46.06799],[10.54548,46.06936],[10.54582,46.06972],[10.54623,46.07043],[10.54672,46.07103],[10.54885,46.07293],[10.54993,46.07377],[10.5512,46.07508],[10.55177,46.07545],[10.55367,46.07639],[10.55572,46.0778],[10.55735,46.07865],[10.55915,46.07984],[10.55949,46.0802],[10.55993,46.08091],[10.56055,46.08163],[10.56129,46.08294],[10.56165,46.08341],[10.56234,46.08413],[10.56361,46.08527],[10.56619,46.08812],[10.56649,46.08853],[10.5669,46.08948],[10.56693,46.08984],[10.56687,46.09014],[10.5667,46.09047],[10.56652,46.09067],[10.56602,46.09097],[10.56567,46.09103],[10.56481,46.09097],[10.56421,46.09067],[10.56381,46.09008],[10.56362,46.08925],[10.56344,46.08888],[10.5632,46.08853],[10.56234,46.08758],[10.56152,46.08686],[10.55829,46.08477],[10.5576,46.08442],[10.55675,46.08408],[10.55589,46.08389],[10.55469,46.08372],[10.554,46.0835],[10.55297,46.08276],[10.55245,46.08246],[10.54942,46.08127],[10.54833,46.08067],[10.5465,46.07948],[10.54404,46.0774],[10.54353,46.07723],[10.54233,46.07723],[10.54181,46.07708],[10.54002,46.07567],[10.53976,46.07531],[10.53941,46.07454],[10.53915,46.07412],[10.53872,46.07365],[10.5383,46.07329],[10.53785,46.07305],[10.53735,46.07288],[10.53493,46.07234],[10.53366,46.07186],[10.53271,46.07143],[10.53133,46.07031],[10.52997,46.06937],[10.52911,46.06895],[10.52756,46.06837],[10.52605,46.06745],[10.52551,46.06698],[10.52482,46.06606],[10.52447,46.0658],[10.52396,46.06557],[10.52276,46.06521],[10.52224,46.06495],[10.5218,46.0646],[10.52082,46.06352],[10.5197,46.06257],[10.51915,46.06218],[10.5172,46.06126],[10.51554,46.06031],[10.51339,46.05924],[10.51283,46.05888],[10.51243,46.05852],[10.51161,46.05709],[10.51147,46.05673],[10.51147,46.05638],[10.51166,46.05554],[10.5117,46.05507],[10.51165,46.05388],[10.51169,46.05316],[10.5116,46.05284],[10.51108,46.05233],[10.5086,46.05066],[10.50827,46.0503],[10.50748,46.04916],[10.50651,46.04768],[10.50544,46.04565],[10.50504,46.0447],[10.50487,46.04411],[10.50491,46.04351],[10.50486,46.04315],[10.50466,46.0428],[10.50385,46.04172],[10.5036,46.04113],[10.50359,46.04065],[10.50375,46.0397],[10.5038,46.03862],[10.50387,46.03827],[10.50432,46.03719],[10.50524,46.03612],[10.50559,46.03541],[10.50579,46.03433],[10.50643,46.03231],[10.50664,46.03124],[10.50671,46.03052],[10.50668,46.03028],[10.50657,46.03004],[10.50575,46.02909],[10.50565,46.02885],[10.50559,46.02849],[10.50562,46.02766],[10.5065,46.02444],[10.50649,46.02397],[10.50619,46.02313],[10.50608,46.0223],[10.50593,46.02179],[10.50559,46.02135],[10.50475,46.02075],[10.50444,46.02039],[10.50434,46.02003],[10.50426,46.01896],[10.50363,46.01789],[10.50363,46.01741],[10.50414,46.0161],[10.50423,46.01503],[10.50378,46.0124],[10.50322,46.01157],[10.50288,46.01085],[10.50286,46.0105],[10.503,46.00978],[10.50291,46.00942],[10.50267,46.00911],[10.50166,46.00823],[10.50061,46.00698],[10.49907,46.00608],[10.4982,46.00537],[10.49701,46.00483],[10.49529,46.00429],[10.494,46.00358],[10.49272,46.00318],[10.4898,46.0028],[10.48757,46.00231],[10.48705,46.00233],[10.48551,46.0026],[10.48465,46.00259],[10.48345,46.0022],[10.48259,46.00177],[10.48205,46.00143],[10.48146,46.00084],[10.4807,45.99986],[10.47964,45.99893],[10.47945,45.99857],[10.47909,45.9975],[10.47812,45.99607],[10.47692,45.99375],[10.47653,45.99332],[10.47555,45.99249],[10.47435,45.9913],[10.47365,45.99034],[10.47302,45.98963],[10.4727,45.98915],[10.47255,45.98879],[10.47249,45.98843],[10.47256,45.98653],[10.47271,45.98605],[10.47331,45.98498]]},"properties":{"ele":1900,"major":1}},{"type":"Feature","geometry":{"type":"LineString","coordinates":[[10.6,46.02797],[10.5964,46.02815],[10.59434,46.02812],[10.59382,46.02803],[10.59356,46.02778],[10.59351,46.02754],[10.59354,46.0273],[10.59402,46.02575],[10.59378,46.0242],[10.59345,46.02313],[10.59348,46.02254],[10.5937,46.02146],[10.59359,46.02039],[10.59362,46.01979],[10.59373,46.01944],[10.594,46.01903],[10.59489,46.01824],[10.59508,46.01801],[10.59517,46.01777],[10.59517,46.01741],[10.59496,46.01693],[10.59451,46.01634],[10.59331,46.01527],[10.59297,46.01485],[10.59247,46.01371],[10.59205,46.013],[10.59062,46.01133],[10.59048,46.01097],[10.59045,46.0105],[10.59053,46.01002],[10.5907,46.00978],[10.59106,46.00954],[10.59228,46.00895],[10.59279,46.00848],[10.593,46.00811],[10.59326,46.00716],[10.59344,46.00692],[10.594,46.00664],[10.59468,46.00645],[10.5952,46.00647],[10.59606,46.00663],[10.59709,46.00699],[10.59804,46.00763],[10.59932,46.0089],[10.59966,46.00914],[10.6,46.00925]]},"properties":{"ele":1900,"major":1}},{"type":"Feature","geometry":{"type":"LineString","coordinates":[[10.47006,46.06155],[10.47057,46.06181],[10.47177,46.06271],[10.47304,46.06352],[10.47323,46.06388],[10.47316,46.06483],[10.47325,46.06507],[10.47349,46.0653],[10.47383,46.0654],[10.47435,46.06532],[10.47572,46.06471],[10.47624,46.0646],[10.47692,46.06466],[10.47778,46.06499],[10.47898,46.06569],[10.48001,46.06651],[10.48052,46.0671],[10.48127,46.06829],[10.48173,46.0688],[10.4831,46.06963],[10.48549,46.07138],[10.48574,46.07174],[10.48568,46.07269],[10.48576,46.07305],[10.48593,46.07329],[10.48667,46.074],[10.48709,46.0746],[10.48731,46.0752],[10.48744,46.07615],[10.48784,46.07734],[10.48808,46.07775],[10.48842,46.07804],[10.48911,46.07833],[10.4898,46.07843],[10.49083,46.07845],[10.49289,46.07834],[10.49392,46.07846],[10.49546,46.07902],[10.49591,46.07924],[10.49628,46.0796],[10.49641,46.08008],[10.49619,46.08079],[10.49575,46.08163],[10.49529,46.08213],[10.49425,46.08294],[10.49392,46.08337],[10.49371,46.08377],[10.49354,46.08436],[10.4935,46.08496],[10.4937,46.08639],[10.49369,46.08686],[10.49348,46.08758],[10.49311,46.08829],[10.49267,46.08877],[10.49186,46.08921],[10.49117,46.08941],[10.49014,46.08954],[10.48602,46.08941],[10.48516,46.08923],[10.48448,46.08901],[10.48259,46.08816],[10.48156,46.08762],[10.47984,46.08644],[10.47906,46.08555],[10.47864,46.08525],[10.47778,46.08498],[10.47589,46.08459],[10.47349,46.08365],[10.47261,46.08294],[10.47194,46.08219],[10.47153,46.08186],[10.47091,46.0816],[10.47006,46.0815]]},"properties":{"ele":1920,"major":0}},{"type":"Feature","geometry":{"type":"LineString","coordinates":[[10.48536,45.98498],[10.48591,45.98617],[10.48671,45.98712],[10.48702,45.98772],[10.48716,45.98843],[10.48699,45.98939],[10.48712,45.98987],[10.48757,45.99042],[10.48842,45.99102],[10.48963,45.99151],[10.49177,45.99213],[10.49289,45.99239],[10.49478,45.99296],[10.49735,45.99303],[10.49941,45.99339],[10.50113,45.99351],[10.50199,45.99366],[10.50302,45.99409],[10.50394,45.99487],[10.50446,45.99523],[10.5049,45.99542],[10.50542,45.99548],[10.50576,45.99543],[10.50608,45.99523],[10.50689,45.99404],[10.50748,45.99366],[10.50799,45.99355],[10.50849,45.99356],[10.50988,45.99387],[10.51091,45.99372],[10.51157,45.99344],[10.51267,45.99249],[10.51273,45.99237],[10.51265,45.99213],[10.51235,45.99189],[10.51143,45.99135],[10.51088,45.9907],[10.51076,45.99046],[10.51073,45.99022],[10.51084,45.98975],[10.51114,45.98915],[10.51143,45.98875],[10.51177,45.98845],[10.51246,45.98812],[10.51422,45.98772],[10.51471,45.98748],[10.51476,45.98736],[10.51464,45.98712],[10.51376,45.98629],[10.51342,45.98581],[10.51334,45.98545],[10.51338,45.98498]]},"properties":{"ele":1920,"major":0}},{"type":"Feature","geometry":{"type":"LineString","coordinates":[[10.57971,45.98498],[10.57932,45.98581],[10.57858,45.987],[10.57777,45.98784],[10.57766,45.98832],[10.57771,45.98855],[10.5779,45.98891],[10.57882,45.9901],[10.57942,45.99165],[10.57946,45.99213],[10.57937,45.99309],[10.57988,45.99559],[10.57982,45.99642],[10.57964,45.9969],[10.57931,45.99738],[10.57815,45.99857],[10.57687,46.00036],[10.57631,46.00126],[10.57597,46.00153],[10.57563,46.00161],[10.57391,46.00166],[10.5722,46.00199],[10.57065,46.00196],[10.56945,46.00175],[10.56825,46.00182],[10.56739,46.00196],[10.56584,46.00188],[10.56533,46.00195],[10.56464,46.00195],[10.56413,46.00206],[10.56352,46.00239],[10.56318,46.00275],[10.56171,46.00585],[10.56121,46.00723],[10.56098,46.00751],[10.56069,46.00768],[10.56001,46.00776],[10.55932,46.00762],[10.55863,46.00725],[10.55812,46.00668],[10.55788,46.00596],[10.55772,46.00489],[10.5574,46.00394],[10.55695,46.0031],[10.55631,46.00227],[10.55617,46.00191],[10.55615,46.00096],[10.55601,45.99964],[10.55611,45.99917],[10.55656,45.99809],[10.55658,45.99762],[10.55649,45.99726],[10.55606,45.99664],[10.55503,45.99579],[10.55434,45.99541],[10.55348,45.99517],[10.55211,45.99543],[10.54988,45.99549],[10.54885,45.99559],[10.54799,45.99576],[10.54748,45.99601],[10.54729,45.99631],[10.54736,45.99666],[10.54861,45.99833],[10.54873,45.99857],[10.54875,45.99881],[10.54859,45.99917],[10.5483,45.99953],[10.54706,46.00048],[10.54662,46.00074],[10.5461,46.00087],[10.54473,46.00091],[10.54147,46.00193],[10.54027,46.00217],[10.53924,46.00228],[10.53838,46.0026],[10.53752,46.0028],[10.53683,46.0032],[10.53563,46.00432],[10.53529,46.00451],[10.53494,46.00462],[10.53426,46.00468],[10.5334,46.00462],[10.53117,46.00399],[10.53014,46.00385],[10.52962,46.00394],[10.52911,46.00414],[10.5287,46.00441],[10.52835,46.00477],[10.52807,46.00525],[10.52795,46.00573],[10.52779,46.00835],[10.52738,46.00918],[10.52728,46.00954],[10.52731,46.01038],[10.52739,46.01061],[10.52755,46.01085],[10.52809,46.01121],[10.53014,46.01214],[10.53345,46.01324],[10.53388,46.01359],[10.53431,46.01431],[10.53466,46.01467],[10.53563,46.01523],[10.53752,46.01607],[10.53889,46.01705],[10.54009,46.01778],[10.54105,46.0186],[10.54164,46.01901],[10.5425,46.01943],[10.5449,46.02028],[10.54596,46.02087],[10.54651,46.02134],[10.54709,46.02206],[10.54821,46.02456],[10.54829,46.02504],[10.54824,46.02563],[10.54813,46.02599],[10.54793,46.02623],[10.54576,46.02691],[10.54507,46.02706],[10.54421,46.0271],[10.54267,46.027],[10.54198,46.02672],[10.54061,46.0263],[10.53925,46.02563],[10.53745,46.02456],[10.5358,46.02375],[10.53357,46.02302],[10.53271,46.02239],[10.53185,46.02199],[10.53127,46.02182],[10.5302,46.02122],[10.52969,46.02087],[10.52928,46.02048],[10.52894,46.02028],[10.52464,46.01853],[10.52293,46.01808],[10.52207,46.01796],[10.52155,46.01799],[10.52125,46.01812],[10.52104,46.01836],[10.52087,46.01872],[10.52079,46.0192],[10.52068,46.02015],[10.52063,46.02134],[10.52069,46.02182],[10.52097,46.02277],[10.52098,46.02313],[10.52087,46.02373],[10.52051,46.02468],[10.52047,46.02516],[10.52082,46.02695],[10.5211,46.02742],[10.52192,46.02826],[10.52209,46.02873],[10.52215,46.02945],[10.52207,46.02985],[10.5219,46.03022],[10.52166,46.03052],[10.52063,46.03147],[10.52036,46.03195],[10.52021,46.03243],[10.52013,46.03314],[10.52029,46.03457],[10.51983,46.03612],[10.51972,46.03719],[10.51976,46.03827],[10.51995,46.0391],[10.51996,46.03958],[10.51966,46.04065],[10.51949,46.04172],[10.51896,46.04268],[10.5189,46.04315],[10.51913,46.04375],[10.52064,46.04577],[10.52104,46.0462],[10.52207,46.04708],[10.52243,46.04756],[10.52307,46.04923],[10.5237,46.05042],[10.52454,46.05304],[10.52506,46.05411],[10.52543,46.05459],[10.52594,46.05507],[10.52859,46.05696],[10.52928,46.05723],[10.53117,46.05748],[10.53168,46.05766],[10.53216,46.05793],[10.53271,46.0584],[10.53411,46.05995],[10.53563,46.06105],[10.53679,46.06209],[10.53796,46.06293],[10.53888,46.06376],[10.53949,46.06412],[10.54088,46.06472],[10.54129,46.06495],[10.54164,46.06531],[10.54206,46.06614],[10.54237,46.0665],[10.54409,46.06781],[10.54592,46.06936],[10.54624,46.06972],[10.54674,46.07055],[10.54729,46.07115],[10.54902,46.07263],[10.5508,46.07389],[10.55139,46.0746],[10.55176,46.07496],[10.55383,46.07604],[10.55606,46.07752],[10.55778,46.07829],[10.55966,46.07931],[10.56035,46.07983],[10.56127,46.08103],[10.56184,46.0821],[10.56305,46.08389],[10.56605,46.08698],[10.56687,46.08813],[10.56745,46.08925],[10.5676,46.08984],[10.56763,46.09067],[10.56755,46.09222],[10.56739,46.09282],[10.56719,46.09317],[10.56653,46.09395],[10.56584,46.09435],[10.5655,46.0944],[10.56516,46.09433],[10.56499,46.09422],[10.56484,46.09401],[10.56457,46.0927],[10.56441,46.09222],[10.5642,46.09186],[10.56344,46.09098],[10.56259,46.08936],[10.5606,46.0871],[10.55949,46.08626],[10.55709,46.08487],[10.55606,46.08449],[10.55469,46.08421],[10.55383,46.08395],[10.55333,46.08365],[10.55265,46.08305],[10.55207,46.0827],[10.55142,46.08242],[10.54885,46.08153],[10.54829,46.08127],[10.54599,46.07972],[10.54421,46.07811],[10.5437,46.07777],[10.54318,46.07763],[10.54198,46.07764],[10.5413,46.07739],[10.53944,46.07591],[10.53924,46.07563],[10.53872,46.07458],[10.53821,46.07393],[10.53769,46.07348],[10.5367,46.07305],[10.5346,46.07251],[10.53242,46.07162],[10.5316,46.07103],[10.53033,46.06996],[10.52964,46.06948],[10.52894,46.06915],[10.52756,46.06867],[10.52567,46.06758],[10.52526,46.06722],[10.52466,46.06638],[10.5243,46.06606],[10.52379,46.06582],[10.52241,46.06541],[10.5219,46.06513],[10.52142,46.06472],[10.51987,46.06305],[10.51915,46.06244],[10.51864,46.06215],[10.5166,46.06126],[10.51469,46.06013],[10.5127,46.05924],[10.51211,46.05888],[10.51173,46.05852],[10.51128,46.05781],[10.51089,46.05685],[10.51091,46.0565],[10.5113,46.05554],[10.51139,46.05495],[10.5113,46.05423],[10.51094,46.05304],[10.51074,46.0528],[10.50828,46.05102],[10.50775,46.05042],[10.5068,46.04851],[10.5051,46.04577],[10.50477,46.04494],[10.50459,46.04423],[10.50457,46.04351],[10.50448,46.04315],[10.50351,46.04184],[10.50324,46.04113],[10.50323,46.04065],[10.50337,46.03982],[10.50338,46.03886],[10.50345,46.03851],[10.50409,46.03696],[10.50475,46.03624],[10.50508,46.03576],[10.50525,46.03526],[10.50542,46.03433],[10.50609,46.03267],[10.50621,46.03219],[10.50631,46.031],[10.50626,46.0304],[10.50604,46.03004],[10.5053,46.02933],[10.50517,46.02885],[10.50532,46.02766],[10.50574,46.02611],[10.50593,46.02516],[10.50616,46.02444],[10.50619,46.02408],[10.50559,46.02197],[10.50525,46.02152],[10.50432,46.02087],[10.50398,46.02051],[10.50382,46.02015],[10.50365,46.01896],[10.50312,46.01801],[10.5031,46.01777],[10.50317,46.01741],[10.50375,46.01622],[10.50398,46.01526],[10.504,46.01491],[10.50387,46.01413],[10.50364,46.01336],[10.50355,46.0124],[10.50276,46.01121],[10.50256,46.01073],[10.50251,46.01026],[10.50258,46.00966],[10.50251,46.00942],[10.50027,46.00724],[10.49975,46.00688],[10.49872,46.00632],[10.4977,46.00549],[10.49701,46.00517],[10.49529,46.00461],[10.49409,46.0039],[10.49339,46.00358],[10.49254,46.00334],[10.49151,46.00325],[10.48911,46.00284],[10.48757,46.00245],[10.48705,46.00248],[10.48533,46.0028],[10.48448,46.00278],[10.48382,46.00263],[10.48327,46.00241],[10.48242,46.00199],[10.48175,46.00155],[10.48128,46.00108],[10.48053,46.00014],[10.4795,45.99938],[10.47921,45.99905],[10.47873,45.99762],[10.47784,45.99607],[10.47709,45.99447],[10.47671,45.9938],[10.47626,45.99332],[10.474,45.9913],[10.47332,45.99043],[10.47255,45.98963],[10.47233,45.98927],[10.47217,45.98891],[10.47212,45.98855],[10.47225,45.98736],[10.47221,45.98629],[10.47233,45.98593],[10.47287,45.98498]]},"properties":{"ele":1920,"major":0}},{"type":"Feature","geometry":{"type":"LineString","coordinates":[[10.6,46.02818],[10.5988,46.02831],[10.59417,46.02845],[10.59348,46.02834],[10.59331,46.02825],[10.59311,46.02802],[10.59306,46.02754],[10.59342,46.02635],[10.59349,46.02575],[10.59337,46.02408],[10.59301,46.02313],[10.59296,46.02277],[10.59302,46.0223],[10.59333,46.02134],[10.59325,46.02039],[10.59327,46.01979],[10.59335,46.01944],[10.59358,46.01896],[10.59437,46.01789],[10.59448,46.01753],[10.59449,46.01729],[10.59436,46.01693],[10.59411,46.01658],[10.59314,46.01564],[10.59264,46.01503],[10.5924,46.01455],[10.59216,46.01371],[10.59174,46.013],[10.59125,46.01246],[10.59049,46.01181],[10.5902,46.01145],[10.58993,46.01085],[10.58971,46.00966],[10.58976,46.00942],[10.59005,46.00916],[10.59142,46.00884],[10.59211,46.00854],[10.59232,46.00835],[10.59252,46.00799],[10.59261,46.00763],[10.59264,46.00692],[10.59286,46.00656],[10.59331,46.00625],[10.594,46.00593],[10.59468,46.00577],[10.59554,46.00585],[10.59691,46.00654],[10.59805,46.00728],[10.59949,46.00854],[10.6,46.00876]]},"properties":{"ele":1920,"major":0}},{"type":"Feature","geometry":{"type":"LineString","coordinates":[[10.47006,46.03869],[10.47023,46.03896],[10.47052,46.03994],[10.47067,46.04017],[10.47115,46.04065],[10.47125,46.04089],[10.47121,46.04101],[10.47096,46.04125],[10.47052,46.04148],[10.47006,46.04163]]},"properties":{"ele":1940,"major":0}},{"type":"Feature","geometry":{"type":"LineString","coordinates":[[10.47006,46.06123],[10.47074,46.06156],[10.47212,46.06254],[10.47385,46.0634],[10.47402,46.06364],[10.47406,46.06388],[10.474,46.06448],[10.47403,46.0646],[10.47418,46.06473],[10.47452,46.06473],[10.47572,46.06427],[10.47641,46.06425],[10.47709,46.06438],[10.47761,46.06455],[10.47881,46.06522],[10.4795,46.06569],[10.48036,46.06645],[10.48156,46.068],[10.48194,46.06841],[10.48327,46.06929],[10.48448,46.07039],[10.48588,46.07127],[10.48608,46.0715],[10.48615,46.07174],[10.48599,46.07269],[10.48604,46.07305],[10.4862,46.07329],[10.48678,46.07389],[10.48722,46.07452],[10.48747,46.0752],[10.48768,46.07627],[10.48808,46.07731],[10.48842,46.07773],[10.48894,46.078],[10.48963,46.07815],[10.49306,46.07807],[10.49375,46.07811],[10.49426,46.07822],[10.49581,46.07885],[10.4963,46.07913],[10.4967,46.0796],[10.49682,46.0802],[10.49667,46.08079],[10.4961,46.08174],[10.49563,46.08226],[10.4946,46.08312],[10.49402,46.08401],[10.49388,46.08448],[10.49384,46.08508],[10.49401,46.08639],[10.494,46.08686],[10.49375,46.08785],[10.49346,46.08841],[10.49299,46.08889],[10.4922,46.08931],[10.49117,46.0896],[10.49014,46.08972],[10.48791,46.0896],[10.48568,46.08957],[10.48474,46.08936],[10.48413,46.08916],[10.48259,46.08842],[10.48139,46.08775],[10.47955,46.08651],[10.47886,46.08567],[10.47852,46.08544],[10.47778,46.08519],[10.47589,46.08478],[10.47332,46.08378],[10.47289,46.08341],[10.47234,46.08305],[10.47162,46.08234],[10.47129,46.0821],[10.47074,46.08189],[10.47006,46.08183]]},"properties":{"ele":1940,"major":0}},{"type":"Feature","geometry":{"type":"LineString","coordinates":[[10.4857,45.98498],[10.48619,45.9861],[10.48712,45.98712],[10.4874,45.9876],[10.48762,45.98843],[10.4875,45.98939],[10.48762,45.98987],[10.48793,45.99022],[10.4886,45.99067],[10.48945,45.99102],[10.4946,45.99248],[10.49752,45.99263],[10.49975,45.99303],[10.5013,45.99303],[10.50199,45.99312],[10.50267,45.99337],[10.50319,45.99368],[10.5042,45.99464],[10.50456,45.9949],[10.5049,45.99505],[10.50525,45.99511],[10.50576,45.99498],[10.50678,45.99392],[10.50748,45.99348],[10.50782,45.99337],[10.50834,45.99334],[10.50885,45.99338],[10.50988,45.99359],[10.5104,45.99354],[10.51108,45.99331],[10.51205,45.99249],[10.51211,45.99237],[10.51207,45.99213],[10.5113,45.99154],[10.51058,45.9907],[10.51043,45.99046],[10.51037,45.9901],[10.51047,45.98975],[10.51085,45.98903],[10.5111,45.98867],[10.51143,45.98837],[10.51211,45.98799],[10.51366,45.98758],[10.51406,45.98736],[10.51412,45.98724],[10.51404,45.987],[10.51318,45.98617],[10.5129,45.98581],[10.51278,45.98545],[10.51279,45.98498]]},"properties":{"ele":1940,"major":0}},{"type":"Feature","geometry":{"type":"LineString","coordinates":[[10.56574,46.09698],[10.56564,46.09639],[10.56529,46.09567],[10.56481,46.09506],[10.56431,46.09425],[10.56381,46.09258],[10.56281,46.09103],[10.56219,46.08984],[10.55976,46.0871],[10.55916,46.08663],[10.55773,46.08579],[10.55654,46.0852],[10.55554,46.08483],[10.554,46.08444],[10.55348,46.08426],[10.55308,46.08401],[10.55212,46.08317],[10.5516,46.08288],[10.54851,46.08183],[10.54772,46.08151],[10.5466,46.08067],[10.54548,46.07996],[10.54456,46.07904],[10.54353,46.07825],[10.54301,46.07808],[10.54181,46.078],[10.54095,46.07767],[10.53907,46.07627],[10.53793,46.0746],[10.53723,46.07389],[10.53674,46.07353],[10.53615,46.07324],[10.5346,46.07277],[10.53323,46.07226],[10.53193,46.07162],[10.53105,46.07103],[10.53002,46.07007],[10.52945,46.06966],[10.52894,46.06941],[10.52736,46.06888],[10.52545,46.06781],[10.52485,46.06734],[10.5243,46.0666],[10.5239,46.06626],[10.52224,46.06566],[10.52173,46.06539],[10.52104,46.06478],[10.51948,46.06305],[10.51892,46.06257],[10.51641,46.06143],[10.51503,46.06055],[10.51435,46.06019],[10.51204,46.05924],[10.5116,46.05896],[10.51125,46.05864],[10.51068,46.05781],[10.51037,46.05685],[10.51045,46.05638],[10.51091,46.05555],[10.51104,46.05519],[10.51105,46.05471],[10.51091,46.05426],[10.5104,46.05362],[10.50924,46.0528],[10.50866,46.05197],[10.50776,46.05114],[10.50731,46.05054],[10.50703,46.04994],[10.50648,46.0484],[10.50473,46.04583],[10.50451,46.04518],[10.50417,46.04327],[10.50317,46.04196],[10.50285,46.04113],[10.50283,46.04065],[10.50303,46.03886],[10.50312,46.03851],[10.50387,46.03676],[10.50457,46.03576],[10.50486,46.03481],[10.50576,46.03286],[10.50594,46.03231],[10.50596,46.03124],[10.50582,46.03064],[10.50555,46.03028],[10.50472,46.02969],[10.50455,46.02933],[10.50563,46.02504],[10.50584,46.02444],[10.50589,46.02408],[10.5058,46.02361],[10.50525,46.0222],[10.5049,46.02178],[10.50387,46.02101],[10.50342,46.02051],[10.5032,46.02003],[10.50298,46.01908],[10.50254,46.01824],[10.50253,46.01801],[10.5026,46.01777],[10.50337,46.01622],[10.5037,46.01514],[10.50373,46.01479],[10.50339,46.01359],[10.50334,46.01252],[10.50228,46.01085],[10.5021,46.01026],[10.50207,46.00966],[10.502,46.00942],[10.50162,46.00895],[10.50027,46.00769],[10.49958,46.00722],[10.49838,46.00656],[10.49735,46.00571],[10.49684,46.00546],[10.49523,46.00489],[10.49392,46.00412],[10.49306,46.00372],[10.49237,46.00354],[10.49169,46.00347],[10.48894,46.00297],[10.48757,46.00259],[10.48705,46.00263],[10.48516,46.00301],[10.48413,46.00297],[10.48345,46.00281],[10.48297,46.00263],[10.48207,46.00217],[10.48152,46.00179],[10.48023,46.00036],[10.47915,45.99963],[10.47882,45.99929],[10.47866,45.99893],[10.47838,45.99786],[10.47807,45.99714],[10.47675,45.99432],[10.47643,45.9938],[10.47503,45.99245],[10.4736,45.9913],[10.4722,45.98987],[10.47177,45.98927],[10.47167,45.98891],[10.47167,45.98855],[10.47196,45.98736],[10.47182,45.98617],[10.47195,45.98581],[10.47247,45.98498]]},"properties":{"ele":1940,"major":0}},{"type":"Feature","geometry":{"type":"LineString","coordinates":[[10.5803,45.98498],[10.58013,45.98545],[10.57954,45.98653],[10.57923,45.98727],[10.579,45.9876],[10.57835,45.9882],[10.57824,45.98855],[10.57835,45.98891],[10.57906,45.98993],[10.57969,45.99165],[10.57974,45.99213],[10.57957,45.99297],[10.57956,45.99332],[10.57979,45.99464],[10.58004,45.99559],[10.58001,45.99642],[10.5799,45.99678],[10.57969,45.99714],[10.57922,45.99774],[10.57823,45.99869],[10.57707,46.00036],[10.57651,46.00155],[10.57614,46.00176],[10.5758,46.00183],[10.57408,46.00183],[10.5722,46.00214],[10.57065,46.00209],[10.56945,46.0019],[10.56876,46.00197],[10.56756,46.00223],[10.56584,46.00207],[10.56447,46.00214],[10.56413,46.00223],[10.56361,46.00255],[10.5633,46.00298],[10.56208,46.00585],[10.56168,46.00751],[10.56152,46.00775],[10.56117,46.00799],[10.56035,46.00811],[10.55984,46.00806],[10.55932,46.00792],[10.55831,46.0074],[10.55795,46.00708],[10.55774,46.0068],[10.55758,46.0062],[10.55748,46.00489],[10.55721,46.00394],[10.55675,46.0031],[10.55598,46.00215],[10.55587,46.00179],[10.55581,46.00084],[10.55563,45.99953],[10.55572,45.99917],[10.55612,45.99821],[10.55616,45.99786],[10.5561,45.9975],[10.55588,45.99714],[10.55537,45.99668],[10.55469,45.99624],[10.55417,45.99607],[10.55383,45.99606],[10.55245,45.99627],[10.55074,45.9959],[10.54971,45.99582],[10.54868,45.99592],[10.54799,45.99616],[10.54779,45.99642],[10.54785,45.99678],[10.54833,45.9975],[10.54918,45.99845],[10.54926,45.99869],[10.54924,45.99893],[10.54901,45.99941],[10.54868,45.99978],[10.5473,46.00077],[10.5467,46.00108],[10.5461,46.00121],[10.5449,46.00125],[10.5437,46.00151],[10.54233,46.00185],[10.54112,46.00234],[10.53786,46.00318],[10.537,46.00364],[10.53648,46.00406],[10.5358,46.00474],[10.53529,46.00502],[10.5346,46.00507],[10.53357,46.00496],[10.53134,46.00435],[10.53031,46.00419],[10.52997,46.0042],[10.52945,46.00435],[10.52911,46.00454],[10.52873,46.00489],[10.52846,46.00537],[10.52835,46.00585],[10.52828,46.00823],[10.52768,46.00954],[10.52774,46.01026],[10.52799,46.01073],[10.52865,46.01121],[10.53014,46.01191],[10.5322,46.01262],[10.53357,46.01295],[10.53391,46.01309],[10.53424,46.01336],[10.53472,46.01419],[10.53509,46.01455],[10.5358,46.01498],[10.53752,46.01568],[10.53803,46.01597],[10.5393,46.01693],[10.54044,46.01768],[10.54129,46.01848],[10.54181,46.01886],[10.54267,46.01926],[10.5452,46.02015],[10.54635,46.02075],[10.54685,46.02122],[10.54736,46.02194],[10.54794,46.02349],[10.54844,46.02444],[10.54887,46.02635],[10.54888,46.02659],[10.54878,46.02671],[10.54832,46.02683],[10.54713,46.02685],[10.54542,46.0272],[10.54473,46.02728],[10.5437,46.02725],[10.54228,46.02706],[10.54147,46.02671],[10.54078,46.0265],[10.53992,46.02604],[10.53922,46.02575],[10.53851,46.0254],[10.538,46.02504],[10.53666,46.0243],[10.53512,46.02368],[10.5334,46.02312],[10.53247,46.02242],[10.53082,46.0218],[10.52962,46.02102],[10.52911,46.02058],[10.52876,46.0204],[10.52499,46.01888],[10.5231,46.01831],[10.52207,46.01824],[10.52153,46.01836],[10.52128,46.0186],[10.52115,46.01884],[10.52094,46.01991],[10.52088,46.02146],[10.52125,46.02265],[10.52128,46.02301],[10.52119,46.02361],[10.52078,46.0248],[10.52078,46.02528],[10.52104,46.02641],[10.5212,46.02683],[10.52154,46.0273],[10.52215,46.0279],[10.52234,46.02826],[10.5225,46.02909],[10.52253,46.02969],[10.52244,46.03016],[10.52227,46.03052],[10.52087,46.03179],[10.52057,46.03231],[10.52041,46.03279],[10.52036,46.03338],[10.52056,46.03469],[10.52013,46.03624],[10.52004,46.03743],[10.52013,46.03815],[10.52062,46.03934],[10.52067,46.03982],[10.52019,46.0416],[10.51997,46.04208],[10.51947,46.0428],[10.51941,46.04303],[10.51941,46.04339],[10.51954,46.04375],[10.51983,46.04423],[10.52104,46.04577],[10.52141,46.04613],[10.52236,46.04685],[10.52278,46.04732],[10.52327,46.04848],[10.52413,46.05006],[10.52433,46.05066],[10.52482,46.0528],[10.52533,46.05388],[10.52567,46.05436],[10.52636,46.05501],[10.52876,46.05667],[10.52918,46.05685],[10.52962,46.05696],[10.53157,46.05709],[10.53203,46.05725],[10.53254,46.05755],[10.53311,46.05804],[10.53399,46.05936],[10.5344,46.05983],[10.53598,46.06102],[10.53718,46.06208],[10.53807,46.06269],[10.5389,46.0634],[10.53941,46.06376],[10.54009,46.06409],[10.54147,46.06454],[10.54181,46.06472],[10.54219,46.06519],[10.5425,46.06603],[10.54276,46.06638],[10.54627,46.06929],[10.54654,46.0696],[10.54704,46.07043],[10.54806,46.0715],[10.54936,46.07252],[10.55125,46.07368],[10.55232,46.07484],[10.554,46.07574],[10.5564,46.07731],[10.56026,46.07901],[10.56087,46.07945],[10.56216,46.08103],[10.56275,46.08195],[10.5634,46.0827],[10.56358,46.08305],[10.56379,46.08377],[10.56401,46.08413],[10.56513,46.08544],[10.56626,46.08651],[10.5667,46.08707],[10.56785,46.08901],[10.56812,46.0896],[10.56848,46.09115],[10.56864,46.0927],[10.56859,46.09317],[10.56842,46.09359],[10.5681,46.09401],[10.56654,46.0952],[10.56633,46.09544],[10.56615,46.09591],[10.5661,46.09627],[10.56612,46.09651],[10.56628,46.09698]]},"properties":{"ele":1940,"major":0}},{"type":"Feature","geometry":{"type":"LineString","coordinates":[[10.6,46.02838],[10.59863,46.02855],[10.594,46.02873],[10.59314,46.02861],[10.59291,46.02849],[10.59269,46.02826],[10.59262,46.02802],[10.59265,46.02766],[10.59293,46.02659],[10.593,46.02611],[10.593,46.02432],[10.59291,46.02385],[10.59257,46.02301],[10.59251,46.02242],[10.59258,46.02206],[10.59287,46.02134],[10.59296,46.01956],[10.59314,46.01905],[10.59376,46.01777],[10.59384,46.01729],[10.59368,46.01693],[10.59279,46.01596],[10.59218,46.01503],[10.59202,46.01467],[10.59184,46.01371],[10.59159,46.01322],[10.59108,46.01265],[10.59005,46.01184],[10.58965,46.01133],[10.58934,46.01073],[10.58894,46.00942],[10.58902,46.00906],[10.58919,46.00888],[10.58953,46.00867],[10.59022,46.00845],[10.59142,46.00827],[10.59176,46.00812],[10.59201,46.00775],[10.59211,46.0068],[10.59244,46.00632],[10.59289,46.00596],[10.59365,46.00553],[10.594,46.0054],[10.59451,46.00532],[10.59537,46.00537],[10.59623,46.0057],[10.59817,46.00704],[10.59949,46.00816],[10.6,46.00839]]},"properties":{"ele":1940,"major":0}},{"type":"Feature","geometry":{"type":"LineString","coordinates":[[10.47006,46.03795],[10.47045,46.03827],[10.471,46.03946],[10.47143,46.03991],[10.47229,46.04023],[10.47366,46.04039],[10.47384,46.04053],[10.47371,46.04077],[10.47322,46.04101],[10.47006,46.04199]]},"properties":{"ele":1960,"major":0}},{"type":"Feature","geometry":{"type":"LineString","coordinates":[[10.47006,46.0609],[10.47087,46.06126],[10.47246,46.06236],[10.47436,46.06305],[10.47521,46.06372],[10.47736,46.06412],[10.47795,46.06435],[10.47847,46.06465],[10.4795,46.06533],[10.48022,46.06591],[10.48082,46.0665],[10.48204,46.06793],[10.48366,46.06912],[10.48464,46.07019],[10.48621,46.07115],[10.48641,46.07138],[10.48652,46.07174],[10.48632,46.07269],[10.48635,46.07305],[10.48733,46.07436],[10.48766,46.07531],[10.48786,46.07615],[10.48827,46.0771],[10.4886,46.07752],[10.48911,46.07778],[10.48963,46.07786],[10.49117,46.07781],[10.4934,46.07783],[10.49443,46.07796],[10.49605,46.07865],[10.49668,46.07901],[10.49692,46.07924],[10.49714,46.0796],[10.49729,46.08032],[10.49715,46.08091],[10.49651,46.08186],[10.49597,46.08246],[10.495,46.08329],[10.4946,46.08381],[10.49435,46.08425],[10.49424,46.0846],[10.49419,46.08508],[10.49432,46.08627],[10.4943,46.08698],[10.49408,46.08806],[10.49385,46.08853],[10.49336,46.08901],[10.49272,46.08937],[10.49151,46.08972],[10.49031,46.08989],[10.48945,46.0899],[10.48791,46.08975],[10.48551,46.08971],[10.48465,46.08956],[10.48396,46.08936],[10.48224,46.08851],[10.48131,46.08794],[10.48018,46.08714],[10.47943,46.08675],[10.47916,46.08651],[10.47874,46.08591],[10.47847,46.08567],[10.47783,46.08544],[10.47641,46.08514],[10.47521,46.08477],[10.47311,46.08389],[10.47268,46.08353],[10.47224,46.08329],[10.47109,46.08246],[10.47057,46.08227],[10.47006,46.08224]]},"properties":{"ele":1960,"major":0}},{"type":"Feature","geometry":{"type":"LineString","coordinates":[[10.48604,45.98498],[10.48629,45.98569],[10.48649,45.98605],[10.4868,45.98641],[10.48749,45.987],[10.48779,45.98748],[10.48814,45.98855],[10.48818,45.98951],[10.48825,45.98976],[10.48852,45.9901],[10.48908,45.99046],[10.48963,45.99067],[10.49117,45.99102],[10.49272,45.99155],[10.49478,45.99209],[10.49581,45.99219],[10.49718,45.99222],[10.49958,45.99256],[10.50164,45.99262],[10.50216,45.99271],[10.50267,45.99292],[10.50336,45.99335],[10.50471,45.99452],[10.50525,45.99468],[10.50576,45.99454],[10.50685,45.99368],[10.50765,45.99323],[10.50851,45.99316],[10.50988,45.99325],[10.51023,45.99322],[10.51091,45.99297],[10.51146,45.99249],[10.51156,45.99225],[10.51152,45.99213],[10.51108,45.99166],[10.51075,45.99118],[10.51016,45.99058],[10.51003,45.99034],[10.50999,45.9901],[10.51008,45.98975],[10.5104,45.98915],[10.51074,45.9886],[10.511,45.98832],[10.51183,45.98784],[10.51331,45.98736],[10.51353,45.98712],[10.51336,45.98676],[10.51261,45.98617],[10.51221,45.98569],[10.51207,45.98533],[10.51207,45.98498]]},"properties":{"ele":1960,"major":0}},{"type":"Feature","geometry":{"type":"LineString","coordinates":[[10.49718,46.04257],[10.49695,46.04244],[10.49675,46.04172],[10.4964,46.04125],[10.49591,46.04089],[10.4946,46.04023],[10.49344,46.0391],[10.49312,46.03839],[10.49316,46.03815],[10.49312,46.03767],[10.49323,46.0375],[10.49357,46.03736],[10.49409,46.03742],[10.49581,46.038],[10.49787,46.03859],[10.49838,46.03883],[10.49941,46.0395],[10.50042,46.04041],[10.50051,46.04065],[10.50042,46.04089],[10.49924,46.04192],[10.49821,46.04243],[10.49752,46.04258],[10.49718,46.04257]]},"properties":{"ele":1960,"major":0}},{"type":"Feature","geometry":{"type":"LineString","coordinates":[[10.56459,46.09698],[10.56436,46.09627],[10.56403,46.09484],[10.56361,46.0937],[10.56298,46.09258],[10.56253,46.09151],[10.5618,46.0902],[10.56121,46.08941],[10.55881,46.08698],[10.55778,46.08638],[10.55554,46.08531],[10.55486,46.08505],[10.55366,46.08473],[10.55314,46.08451],[10.55272,46.08425],[10.5519,46.08353],[10.55129,46.08317],[10.54748,46.08184],[10.54696,46.08155],[10.54509,46.0802],[10.54421,46.07937],[10.54353,46.07891],[10.54296,46.07865],[10.5413,46.07824],[10.54066,46.07793],[10.53872,46.07659],[10.53719,46.0746],[10.53613,46.07365],[10.53546,46.07331],[10.53313,46.07246],[10.53237,46.07203],[10.53167,46.07174],[10.53068,46.07115],[10.52969,46.07019],[10.5292,46.06984],[10.52864,46.0696],[10.52705,46.06908],[10.52533,46.06814],[10.5244,46.06745],[10.52373,46.06674],[10.52344,46.06652],[10.5219,46.06584],[10.52126,46.06543],[10.51984,46.06397],[10.51915,46.06313],[10.51864,46.06269],[10.51623,46.06159],[10.51486,46.0607],[10.51417,46.06034],[10.51216,46.05959],[10.51143,46.05925],[10.51094,46.05888],[10.51051,46.0584],[10.5101,46.05769],[10.50991,46.05673],[10.51004,46.05626],[10.51063,46.05519],[10.51068,46.05483],[10.51057,46.05448],[10.51038,46.05423],[10.51008,46.05399],[10.5091,46.05352],[10.50878,46.05328],[10.50851,46.05293],[10.50807,46.05209],[10.50696,46.05075],[10.5067,46.05018],[10.50642,46.04887],[10.50624,46.0484],[10.5053,46.04708],[10.50467,46.04637],[10.50439,46.04589],[10.50388,46.04339],[10.50257,46.04172],[10.50226,46.04089],[10.50225,46.04029],[10.50281,46.03851],[10.50325,46.03767],[10.50394,46.036],[10.5042,46.03505],[10.50493,46.03398],[10.50556,46.03267],[10.50568,46.03231],[10.50568,46.03159],[10.50559,46.03124],[10.50542,46.03093],[10.50508,46.03062],[10.50406,46.03004],[10.50376,46.02969],[10.50368,46.02945],[10.50374,46.02921],[10.50422,46.02861],[10.50452,46.02802],[10.5056,46.02408],[10.50542,46.02333],[10.5049,46.02249],[10.50456,46.02212],[10.50353,46.02132],[10.50294,46.02063],[10.50267,46.02015],[10.50235,46.0192],[10.50188,46.01836],[10.50194,46.01801],[10.50243,46.01729],[10.50298,46.01622],[10.50332,46.01514],[10.50336,46.01479],[10.50305,46.01371],[10.50306,46.01252],[10.50193,46.01085],[10.5017,46.01026],[10.50156,46.00954],[10.50146,46.0093],[10.50072,46.00847],[10.49993,46.00782],[10.49821,46.00689],[10.49684,46.00592],[10.49512,46.00515],[10.49375,46.00435],[10.49289,46.00398],[10.491,46.00351],[10.4886,46.00307],[10.48757,46.00275],[10.48688,46.00284],[10.48499,46.00326],[10.48448,46.00329],[10.48379,46.00321],[10.4831,46.00304],[10.48242,46.00277],[10.48169,46.00239],[10.48104,46.00193],[10.48018,46.00094],[10.47881,45.99996],[10.47833,45.99941],[10.47817,45.99905],[10.47789,45.99786],[10.47745,45.99654],[10.47665,45.99476],[10.47618,45.99392],[10.47551,45.99321],[10.47452,45.9923],[10.47332,45.99154],[10.4726,45.99094],[10.47177,45.99005],[10.47143,45.98956],[10.47125,45.98915],[10.47123,45.98867],[10.47164,45.98736],[10.4714,45.98641],[10.4714,45.98617],[10.47152,45.98581],[10.47206,45.98498]]},"properties":{"ele":1960,"major":0}},{"type":"Feature","geometry":{"type":"LineString","coordinates":[[10.58085,45.98498],[10.58057,45.98569],[10.58001,45.98665],[10.57962,45.98772],[10.57901,45.98843],[10.57892,45.98867],[10.57895,45.98891],[10.57931,45.98975],[10.57994,45.99177],[10.57994,45.99237],[10.57973,45.99332],[10.57994,45.99464],[10.58023,45.99571],[10.58019,45.99654],[10.58006,45.9969],[10.57982,45.99726],[10.57932,45.99786],[10.57837,45.99871],[10.57726,46.00036],[10.57699,46.00096],[10.57693,46.00155],[10.57686,46.00167],[10.57666,46.0018],[10.57597,46.00202],[10.57425,46.00202],[10.57374,46.00218],[10.57305,46.00217],[10.5722,46.00233],[10.56945,46.00209],[10.56903,46.00215],[10.56825,46.00243],[10.56773,46.00251],[10.56705,46.0025],[10.5655,46.00223],[10.56464,46.00229],[10.56421,46.00239],[10.56378,46.00268],[10.5635,46.0031],[10.5631,46.00422],[10.56235,46.00596],[10.56205,46.00763],[10.56184,46.00799],[10.56151,46.00823],[10.56104,46.00835],[10.56052,46.00838],[10.56001,46.00835],[10.55949,46.00824],[10.55881,46.00798],[10.55819,46.00763],[10.5577,46.00728],[10.55738,46.00692],[10.55726,46.0066],[10.55721,46.0062],[10.55726,46.00489],[10.557,46.00394],[10.55645,46.00298],[10.55569,46.00215],[10.55551,46.00167],[10.55543,46.0006],[10.55518,45.99953],[10.55523,45.99917],[10.55561,45.99809],[10.55559,45.99774],[10.55537,45.99737],[10.55486,45.99695],[10.55434,45.99673],[10.554,45.99672],[10.55263,45.99699],[10.55194,45.997],[10.55154,45.9969],[10.55039,45.99639],[10.54988,45.99628],[10.54936,45.99626],[10.54885,45.99635],[10.54851,45.99653],[10.5484,45.99678],[10.54846,45.99702],[10.54868,45.99738],[10.54955,45.99821],[10.54971,45.99845],[10.5497,45.99893],[10.54945,45.99953],[10.54919,45.99987],[10.5489,46.00012],[10.54713,46.00123],[10.54645,46.00145],[10.54507,46.00154],[10.54233,46.00202],[10.5413,46.00259],[10.54009,46.00306],[10.53821,46.00353],[10.53769,46.00374],[10.53683,46.00424],[10.536,46.00513],[10.53546,46.00541],[10.53494,46.00546],[10.53391,46.00535],[10.53134,46.00468],[10.53031,46.00452],[10.52997,46.00455],[10.52962,46.00466],[10.52928,46.00487],[10.52903,46.00513],[10.52884,46.00549],[10.52874,46.00585],[10.52876,46.00823],[10.5286,46.00859],[10.5282,46.00918],[10.52805,46.00966],[10.52816,46.01026],[10.52845,46.01073],[10.52872,46.01097],[10.52934,46.01133],[10.53082,46.01194],[10.53254,46.01252],[10.53391,46.01275],[10.53443,46.01293],[10.5348,46.01324],[10.53514,46.01395],[10.53546,46.01429],[10.53615,46.0147],[10.53781,46.01538],[10.53838,46.01571],[10.54061,46.01743],[10.54154,46.01836],[10.54201,46.01872],[10.54284,46.0191],[10.54587,46.02015],[10.54679,46.02063],[10.5473,46.0212],[10.54776,46.02206],[10.54812,46.02325],[10.54871,46.02444],[10.54909,46.02563],[10.54976,46.02683],[10.54988,46.02718],[10.54986,46.02742],[10.54971,46.02749],[10.54936,46.02748],[10.54816,46.02723],[10.54748,46.02717],[10.54507,46.02745],[10.54421,46.02747],[10.54267,46.02729],[10.54166,46.02706],[10.5413,46.02687],[10.54095,46.02678],[10.53992,46.02616],[10.53838,46.02554],[10.53776,46.02504],[10.53666,46.02448],[10.53477,46.02373],[10.53329,46.02325],[10.53236,46.02254],[10.53185,46.0223],[10.53079,46.02194],[10.52876,46.02059],[10.5255,46.01927],[10.52327,46.01856],[10.52224,46.01852],[10.52173,46.01868],[10.52155,46.01884],[10.52138,46.01914],[10.52114,46.02015],[10.52112,46.02146],[10.52152,46.02254],[10.52157,46.02301],[10.52147,46.02361],[10.52109,46.0248],[10.5211,46.0254],[10.52149,46.02659],[10.52184,46.02706],[10.52243,46.02766],[10.52265,46.02802],[10.52293,46.02933],[10.52297,46.03004],[10.52289,46.0304],[10.52271,46.03076],[10.52241,46.03107],[10.52121,46.03198],[10.5208,46.03255],[10.52062,46.03302],[10.5206,46.0335],[10.52085,46.03481],[10.52045,46.03636],[10.52038,46.03708],[10.52041,46.03767],[10.52058,46.03827],[10.52146,46.03958],[10.52162,46.03994],[10.52163,46.04017],[10.52141,46.04077],[10.51997,46.04291],[10.51989,46.04315],[10.5199,46.04351],[10.52002,46.04387],[10.52024,46.04423],[10.52143,46.04565],[10.52182,46.04601],[10.52285,46.04673],[10.52322,46.0472],[10.52356,46.04804],[10.5243,46.04929],[10.52481,46.05042],[10.525,46.05102],[10.52519,46.05268],[10.52573,46.05388],[10.52613,46.05435],[10.52688,46.05497],[10.52842,46.05598],[10.52911,46.05635],[10.52945,46.05647],[10.52997,46.05654],[10.53203,46.0565],[10.53237,46.05658],[10.53271,46.05677],[10.5334,46.05739],[10.53374,46.05781],[10.53396,46.05816],[10.53439,46.05924],[10.53472,46.05971],[10.53525,46.06019],[10.5364,46.06102],[10.53745,46.06198],[10.53924,46.06332],[10.53975,46.06364],[10.54061,46.06398],[10.54185,46.06424],[10.54233,46.06448],[10.54266,46.06495],[10.5429,46.06591],[10.54313,46.06626],[10.54403,46.0671],[10.54645,46.06907],[10.54671,46.06936],[10.54742,46.07043],[10.54829,46.07138],[10.5487,46.07174],[10.54954,46.07232],[10.5516,46.0735],[10.55202,46.07389],[10.55251,46.07448],[10.55281,46.07472],[10.554,46.07538],[10.55657,46.07704],[10.55949,46.0783],[10.56069,46.07871],[10.56121,46.07903],[10.56214,46.0802],[10.56294,46.08103],[10.56417,46.08246],[10.56442,46.08294],[10.56455,46.08365],[10.56474,46.08413],[10.5655,46.08517],[10.56687,46.08656],[10.56762,46.08794],[10.56844,46.08925],[10.56866,46.08972],[10.56914,46.09115],[10.56935,46.09246],[10.56937,46.09294],[10.56931,46.09353],[10.5691,46.09413],[10.56876,46.09459],[10.56802,46.09532],[10.56783,46.09567],[10.56786,46.09603],[10.56843,46.09698]]},"properties":{"ele":1960,"major":0}},{"type":"Feature","geometry":{"type":"LineString","coordinates":[[10.6,46.02856],[10.59829,46.02882],[10.59382,46.02899],[10.59331,46.02895],[10.59279,46.02882],[10.59245,46.02861],[10.59225,46.02838],[10.5922,46.02802],[10.59251,46.02647],[10.59264,46.02432],[10.59256,46.02397],[10.59217,46.02289],[10.5921,46.0223],[10.59236,46.02122],[10.59259,46.01956],[10.59312,46.01801],[10.5932,46.01741],[10.59301,46.01705],[10.59228,46.01622],[10.59166,46.01503],[10.59154,46.01455],[10.59153,46.01383],[10.59135,46.01336],[10.59096,46.01288],[10.58983,46.01205],[10.58918,46.01133],[10.58895,46.01097],[10.58869,46.01038],[10.58848,46.00978],[10.5884,46.0093],[10.58852,46.00883],[10.5887,46.00859],[10.58902,46.00833],[10.5897,46.00802],[10.59077,46.00775],[10.59125,46.00756],[10.59142,46.00731],[10.59165,46.00644],[10.59182,46.0062],[10.5921,46.00596],[10.59331,46.00519],[10.59417,46.00493],[10.5952,46.00497],[10.59571,46.00509],[10.59623,46.00532],[10.59674,46.00564],[10.59845,46.00692],[10.59949,46.0078],[10.6,46.00806]]},"properties":{"ele":1960,"major":0}},{"type":"Feature","geometry":{"type":"LineString","coordinates":[[10.6,46.0538],[10.59966,46.05365],[10.59961,46.05352],[10.59978,46.05316],[10.6,46.05291]]},"properties":{"ele":1960,"major":0}},{"type":"Feature","geometry":{"type":"LineString","coordinates":[[10.47006,46.03749],[10.4704,46.03766],[10.47066,46.03791],[10.47092,46.03827],[10.47143,46.0392],[10.47194,46.03957],[10.47263,46.03973],[10.47486,46.03964],[10.47509,46.0397],[10.47523,46.03982],[10.47526,46.03994],[10.47519,46.04029],[10.47503,46.04053],[10.47462,46.04089],[10.474,46.04123],[10.47293,46.0416],[10.47006,46.04226]]},"properties":{"ele":1980,"major":0}},{"type":"Feature","geometry":{"type":"LineString","coordinates":[[10.47006,46.06058],[10.47109,46.06099],[10.4723,46.06186],[10.4728,46.06214],[10.47332,46.06233],[10.47469,46.06268],[10.47589,46.06339],[10.47769,46.06388],[10.47847,46.06427],[10.47982,46.06519],[10.48057,46.06579],[10.48207,46.06744],[10.48396,46.06894],[10.48495,46.07007],[10.48649,46.07103],[10.48671,46.07129],[10.48684,46.07162],[10.48683,46.07198],[10.48669,46.07269],[10.4867,46.07305],[10.48747,46.07424],[10.48802,46.07591],[10.4886,46.07707],[10.48885,46.07734],[10.48928,46.07753],[10.48963,46.07758],[10.49117,46.07753],[10.49375,46.07759],[10.49426,46.07764],[10.49478,46.07777],[10.49671,46.07865],[10.49718,46.07895],[10.49758,46.07948],[10.49776,46.07996],[10.4978,46.08032],[10.49769,46.08091],[10.49734,46.08151],[10.4964,46.0827],[10.49529,46.08373],[10.49475,46.08448],[10.49461,46.08508],[10.49469,46.08627],[10.49457,46.08746],[10.49439,46.08829],[10.49411,46.08877],[10.49357,46.08925],[10.49289,46.08958],[10.49169,46.08989],[10.49031,46.09007],[10.48533,46.08984],[10.4843,46.08967],[10.48362,46.08947],[10.48309,46.08925],[10.48207,46.08868],[10.48001,46.0873],[10.47901,46.08686],[10.47878,46.08663],[10.47847,46.08611],[10.47812,46.08585],[10.47503,46.08498],[10.47297,46.08401],[10.47248,46.08365],[10.47197,46.08341],[10.47091,46.08277],[10.47006,46.08251]]},"properties":{"ele":1980,"major":0}},{"type":"Feature","geometry":{"type":"LineString","coordinates":[[10.48638,45.98498],[10.48656,45.98557],[10.48677,45.98593],[10.4871,45.98629],[10.48788,45.98688],[10.48807,45.98712],[10.48867,45.98855],[10.48901,45.98975],[10.4892,45.98998],[10.48957,45.99022],[10.49151,45.99071],[10.49289,45.99115],[10.49478,45.99165],[10.49735,45.99182],[10.50216,45.99233],[10.50302,45.99276],[10.50473,45.99406],[10.50508,45.99421],[10.50542,45.99426],[10.50593,45.99411],[10.50765,45.99305],[10.50971,45.99293],[10.51057,45.99268],[10.51088,45.99237],[10.51099,45.99213],[10.51097,45.99201],[10.51076,45.99154],[10.51057,45.99126],[10.50972,45.99046],[10.50962,45.99022],[10.50963,45.98987],[10.5104,45.98852],[10.51074,45.98811],[10.51126,45.9878],[10.51267,45.98724],[10.51284,45.98712],[10.51289,45.987],[10.51276,45.98676],[10.51213,45.98629],[10.51155,45.98569],[10.51133,45.98533],[10.51126,45.98498]]},"properties":{"ele":1980,"major":0}},{"type":"Feature","geometry":{"type":"LineString","coordinates":[[10.56388,46.09698],[10.56349,46.09472],[10.56335,46.09425],[10.56303,46.09365],[10.56237,46.09282],[10.56204,46.09163],[10.5614,46.09044],[10.56077,46.0896],[10.55886,46.0877],[10.5583,46.08722],[10.55751,46.08675],[10.55503,46.08553],[10.55277,46.08472],[10.55222,46.08436],[10.55142,46.08371],[10.55091,46.08344],[10.54713,46.08207],[10.54627,46.08154],[10.5437,46.07956],[10.54301,46.07924],[10.54112,46.07857],[10.54027,46.07812],[10.53906,46.07734],[10.53838,46.0768],[10.53725,46.07555],[10.53655,46.0746],[10.53609,46.07412],[10.53564,46.07377],[10.53512,46.07348],[10.53306,46.07264],[10.53237,46.07222],[10.53151,46.0719],[10.53074,46.0715],[10.5302,46.07115],[10.52945,46.07042],[10.52894,46.07007],[10.5267,46.06931],[10.52533,46.06861],[10.52403,46.06769],[10.5229,46.06674],[10.52155,46.06602],[10.52104,46.06567],[10.51934,46.06388],[10.51881,46.06324],[10.5183,46.06281],[10.51606,46.06173],[10.5148,46.0609],[10.514,46.06048],[10.51126,46.05951],[10.51091,46.05934],[10.51046,46.059],[10.51003,46.05852],[10.50975,46.05804],[10.50955,46.05745],[10.50949,46.05697],[10.50955,46.05638],[10.51013,46.05507],[10.51011,46.05471],[10.50976,46.05435],[10.50885,46.05393],[10.50832,46.05352],[10.50815,46.05328],[10.50763,46.05221],[10.50662,46.05088],[10.50631,46.05018],[10.50616,46.04887],[10.50599,46.0484],[10.50559,46.04783],[10.50439,46.0465],[10.50411,46.04601],[10.50396,46.04542],[10.50376,46.04399],[10.5036,46.04351],[10.50319,46.04296],[10.50199,46.04181],[10.50147,46.04156],[10.50113,46.04157],[10.50061,46.0417],[10.5001,46.04197],[10.49907,46.04268],[10.49821,46.04311],[10.49629,46.04375],[10.49495,46.04428],[10.4946,46.04433],[10.49443,46.04426],[10.49454,46.04399],[10.49522,46.04327],[10.49555,46.0428],[10.49582,46.0422],[10.49586,46.04172],[10.49571,46.04137],[10.4955,46.04113],[10.4946,46.04067],[10.4931,46.03922],[10.49258,46.03827],[10.49239,46.03779],[10.49237,46.03743],[10.49254,46.03708],[10.49289,46.03679],[10.49323,46.03669],[10.49375,46.03668],[10.49443,46.03684],[10.49546,46.03717],[10.49864,46.03851],[10.49993,46.03932],[10.50044,46.03957],[10.50113,46.03975],[10.50164,46.03967],[10.50195,46.03946],[10.50216,46.03923],[10.50295,46.03779],[10.50348,46.03624],[10.50369,46.03505],[10.50387,46.03475],[10.50466,46.03386],[10.50538,46.03231],[10.5054,46.03183],[10.5052,46.03136],[10.5049,46.03108],[10.50387,46.03051],[10.50336,46.03014],[10.50306,46.02981],[10.50292,46.02933],[10.50307,46.02897],[10.50383,46.02838],[10.50419,46.02778],[10.50462,46.02611],[10.5053,46.0242],[10.50527,46.02373],[10.50508,46.02328],[10.50473,46.02286],[10.50323,46.0217],[10.50277,46.02122],[10.50222,46.02027],[10.5018,46.01932],[10.50139,46.01872],[10.5013,46.01848],[10.50135,46.01812],[10.50212,46.01717],[10.50268,46.0161],[10.50283,46.01562],[10.50292,46.01479],[10.50258,46.01371],[10.50276,46.01288],[10.50269,46.0124],[10.50248,46.01205],[10.50179,46.01121],[10.50157,46.01085],[10.50134,46.01038],[10.50097,46.0093],[10.50064,46.00883],[10.50027,46.00845],[10.4996,46.00799],[10.49821,46.00729],[10.49351,46.00453],[10.49272,46.00422],[10.49095,46.0037],[10.48856,46.00322],[10.48757,46.00295],[10.48688,46.00306],[10.48568,46.00342],[10.48499,46.00355],[10.4843,46.00359],[10.48362,46.00352],[10.48293,46.00335],[10.48224,46.0031],[10.48084,46.00239],[10.4803,46.00203],[10.47967,46.00128],[10.47847,46.00033],[10.47783,45.99953],[10.47749,45.99857],[10.47714,45.99678],[10.47696,45.99619],[10.47641,45.99497],[10.47576,45.99392],[10.47519,45.99321],[10.47435,45.99247],[10.47383,45.99215],[10.47274,45.99165],[10.47219,45.9913],[10.47185,45.99094],[10.47126,45.98996],[10.47103,45.98939],[10.47092,45.98891],[10.47097,45.9882],[10.47125,45.98736],[10.47099,45.98653],[10.47095,45.98617],[10.47112,45.98569],[10.47161,45.98498]]},"properties":{"ele":1980,"major":0}},{"type":"Feature","geometry":{"type":"LineString","coordinates":[[10.58133,45.98498],[10.58112,45.98556],[10.5804,45.98676],[10.5801,45.98784],[10.57967,45.98867],[10.5796,45.98903],[10.57973,45.99034],[10.58014,45.99177],[10.58013,45.99237],[10.57989,45.99344],[10.58009,45.99461],[10.58044,45.99583],[10.58038,45.99666],[10.58016,45.99714],[10.57956,45.99786],[10.57837,45.99891],[10.57745,46.00036],[10.57726,46.00084],[10.57723,46.00108],[10.5773,46.00155],[10.57717,46.00188],[10.577,46.00198],[10.57614,46.00219],[10.5746,46.00219],[10.57391,46.00237],[10.57316,46.00239],[10.57237,46.00264],[10.57048,46.00238],[10.56962,46.00234],[10.56928,46.0024],[10.56842,46.00276],[10.56756,46.00285],[10.56687,46.00277],[10.5655,46.00242],[10.56499,46.00242],[10.56447,46.00251],[10.56396,46.00286],[10.56372,46.00322],[10.56324,46.00465],[10.56263,46.00596],[10.56227,46.00787],[10.56204,46.00823],[10.56171,46.00847],[10.56121,46.00858],[10.56052,46.00861],[10.55984,46.00856],[10.55932,46.00844],[10.55863,46.00817],[10.55795,46.00778],[10.55741,46.0074],[10.55706,46.00704],[10.55691,46.00668],[10.55684,46.00632],[10.55686,46.00585],[10.55701,46.00501],[10.55684,46.00406],[10.55657,46.0035],[10.5563,46.0031],[10.55543,46.00227],[10.55512,46.00179],[10.55504,46.00143],[10.55503,46.0006],[10.55472,45.99941],[10.55471,45.99833],[10.55452,45.99798],[10.55426,45.99786],[10.55366,45.99775],[10.55125,45.99765],[10.55065,45.9975],[10.54971,45.99703],[10.54953,45.99702],[10.54938,45.99714],[10.5494,45.99726],[10.54959,45.9975],[10.5501,45.99786],[10.55028,45.99809],[10.55034,45.99833],[10.55032,45.99869],[10.55011,45.99917],[10.54971,45.99989],[10.5494,46.00024],[10.54743,46.00143],[10.54645,46.00171],[10.54524,46.0018],[10.5425,46.00215],[10.54201,46.00239],[10.54112,46.00301],[10.54027,46.00342],[10.53838,46.0039],[10.53735,46.00435],[10.537,46.00458],[10.53615,46.00544],[10.5358,46.00565],[10.53546,46.00576],[10.53494,46.00579],[10.53409,46.00571],[10.53323,46.00553],[10.53168,46.00506],[10.53048,46.00487],[10.53014,46.00488],[10.52979,46.00499],[10.52945,46.00523],[10.52928,46.00546],[10.52916,46.00573],[10.52911,46.00608],[10.52916,46.00823],[10.52902,46.00859],[10.52853,46.0093],[10.52841,46.00966],[10.52853,46.01026],[10.52884,46.01073],[10.52914,46.01097],[10.5298,46.01133],[10.5322,46.01222],[10.53288,46.0124],[10.53443,46.01258],[10.53499,46.01276],[10.5354,46.01312],[10.53568,46.01371],[10.53588,46.01395],[10.53644,46.01431],[10.53821,46.01513],[10.53913,46.01574],[10.54078,46.01713],[10.54167,46.01812],[10.54215,46.01854],[10.54318,46.01901],[10.5463,46.02003],[10.54685,46.02027],[10.54721,46.02051],[10.54755,46.02087],[10.54776,46.02122],[10.54818,46.0223],[10.54843,46.02325],[10.54954,46.02567],[10.55038,46.02683],[10.55088,46.0273],[10.55282,46.02838],[10.55393,46.02921],[10.55417,46.02956],[10.55451,46.03028],[10.55453,46.03052],[10.55434,46.03073],[10.55417,46.03077],[10.55383,46.03072],[10.55263,46.03027],[10.55065,46.02921],[10.54975,46.02838],[10.54919,46.02797],[10.54816,46.02757],[10.54713,46.02746],[10.5449,46.02765],[10.54421,46.02765],[10.54301,46.0275],[10.54147,46.02717],[10.54078,46.02687],[10.53992,46.0263],[10.53855,46.02578],[10.53806,46.02552],[10.53753,46.02504],[10.53718,46.02486],[10.53477,46.02391],[10.53323,46.02338],[10.53204,46.02254],[10.53065,46.02202],[10.53008,46.0217],[10.52894,46.02088],[10.52844,46.02063],[10.52739,46.02021],[10.52688,46.01993],[10.52533,46.01941],[10.52327,46.01879],[10.52293,46.01877],[10.52224,46.01887],[10.5219,46.01905],[10.52173,46.01925],[10.52145,46.01991],[10.52134,46.02039],[10.52138,46.02143],[10.5218,46.02242],[10.52187,46.02277],[10.52183,46.02325],[10.52143,46.0248],[10.52143,46.0254],[10.5216,46.02599],[10.52184,46.02647],[10.52283,46.02754],[10.52305,46.0279],[10.52342,46.02957],[10.52346,46.03004],[10.52335,46.03052],[10.52306,46.031],[10.52269,46.03136],[10.52142,46.03231],[10.5211,46.03267],[10.52092,46.03302],[10.52087,46.03362],[10.52115,46.03481],[10.52087,46.03588],[10.52077,46.03648],[10.52075,46.03719],[10.52087,46.03791],[10.52112,46.03839],[10.52155,46.03886],[10.52241,46.03934],[10.52258,46.03938],[10.52327,46.03932],[10.52464,46.03885],[10.52602,46.03866],[10.52653,46.03872],[10.5269,46.03886],[10.52717,46.0391],[10.52724,46.03934],[10.52719,46.03958],[10.52688,46.03997],[10.5255,46.04078],[10.52516,46.04085],[10.52361,46.04086],[10.52293,46.04074],[10.52241,46.041],[10.52155,46.0416],[10.52087,46.04238],[10.52046,46.04303],[10.5204,46.04327],[10.52041,46.04363],[10.52062,46.04411],[10.5218,46.04542],[10.52219,46.04577],[10.52321,46.04649],[10.52359,46.04697],[10.52399,46.04792],[10.5254,46.05054],[10.52572,46.05125],[10.52582,46.05173],[10.52573,46.05245],[10.52576,46.0528],[10.52612,46.05376],[10.52653,46.05424],[10.52748,46.05495],[10.52825,46.05544],[10.52911,46.05585],[10.52962,46.05599],[10.53014,46.05604],[10.53237,46.0559],[10.53288,46.05599],[10.53323,46.05615],[10.53371,46.05662],[10.53397,46.05697],[10.5345,46.05804],[10.53492,46.05936],[10.53527,46.05983],[10.53683,46.06102],[10.5377,46.06186],[10.53958,46.06325],[10.54061,46.06368],[10.54233,46.06393],[10.54284,46.06423],[10.54314,46.06472],[10.54328,46.06567],[10.54352,46.06614],[10.54446,46.0671],[10.54663,46.06888],[10.5477,46.07031],[10.54885,46.07156],[10.54971,46.07213],[10.55166,46.07317],[10.55212,46.07353],[10.55314,46.07453],[10.55705,46.07698],[10.55966,46.07802],[10.56105,46.07841],[10.56164,46.07877],[10.56258,46.08006],[10.56348,46.08091],[10.56495,46.08258],[10.5652,46.08305],[10.56537,46.08389],[10.56553,46.08425],[10.56597,46.08484],[10.56678,46.08567],[10.56722,46.08627],[10.56795,46.08782],[10.56887,46.08925],[10.56942,46.09032],[10.56979,46.09151],[10.56988,46.09234],[10.56988,46.09329],[10.5698,46.09389],[10.56963,46.09448],[10.56905,46.09544],[10.56892,46.09579],[10.56915,46.09698]]},"properties":{"ele":1980,"major":0}},{"type":"Feature","geometry":{"type":"LineString","coordinates":[[10.6,46.02875],[10.59846,46.02904],[10.59365,46.02925],[10.59314,46.02921],[10.59262,46.02906],[10.59224,46.02885],[10.59186,46.02849],[10.59177,46.02814],[10.592,46.02718],[10.59225,46.02444],[10.59219,46.02408],[10.5918,46.02277],[10.59175,46.02218],[10.59193,46.02063],[10.59228,46.0192],[10.59261,46.01824],[10.59266,46.01765],[10.59251,46.01729],[10.59166,46.01634],[10.59108,46.01514],[10.59103,46.01467],[10.59113,46.01383],[10.59097,46.01336],[10.59055,46.01288],[10.5893,46.01193],[10.58865,46.01121],[10.58807,46.01014],[10.58795,46.00942],[10.58798,46.00906],[10.58809,46.00871],[10.58833,46.00831],[10.58863,46.00799],[10.59016,46.00716],[10.59042,46.00692],[10.59096,46.00608],[10.59247,46.00501],[10.59297,46.00474],[10.59365,46.00456],[10.59417,46.00452],[10.59485,46.00455],[10.59554,46.00471],[10.59606,46.0049],[10.59691,46.00542],[10.59962,46.00751],[10.6,46.00771]]},"properties":{"ele":1980,"major":0}},{"type":"Feature","geometry":{"type":"LineString","coordinates":[[10.6,46.05448],[10.59949,46.05459],[10.59863,46.05511],[10.59794,46.05518],[10.59743,46.05512],[10.59697,46.05495],[10.59669,46.05471],[10.59661,46.05447],[10.59673,46.05399],[10.59709,46.05365],[10.5976,46.05341],[10.59863,46.05305],[10.59932,46.05262],[10.59957,46.05233],[10.6,46.05153]]},"properties":{"ele":1980,"major":0}},{"type":"Feature","geometry":{"type":"LineString","coordinates":[[10.47006,46.0371],[10.4704,46.03724],[10.47074,46.0375],[10.4716,46.03867],[10.4719,46.03898],[10.47246,46.03925],[10.47297,46.0393],[10.47435,46.03913],[10.47589,46.03877],[10.47658,46.03867],[10.47709,46.03872],[10.47721,46.03886],[10.47717,46.0391],[10.477,46.03934],[10.47566,46.04065],[10.47521,46.04101],[10.47459,46.04137],[10.47383,46.04169],[10.47298,46.04196],[10.47126,46.04225],[10.47006,46.04253]]},"properties":{"ele":2000,"major":1}},{"type":"Feature","geometry":{"type":"LineString","coordinates":[[10.47006,46.06024],[10.47152,46.06078],[10.47272,46.06162],[10.47315,46.06184],[10.47497,46.06233],[10.47641,46.06315],[10.47821,46.06376],[10.48021,46.06507],[10.48099,46.06567],[10.48215,46.06698],[10.48424,46.06876],[10.4853,46.06996],[10.48654,46.07073],[10.48688,46.07107],[10.48705,46.07136],[10.48712,46.07162],[10.48702,46.07269],[10.48709,46.07317],[10.48765,46.07424],[10.48822,46.07579],[10.48877,46.07671],[10.48911,46.07711],[10.48963,46.07729],[10.49392,46.07733],[10.49443,46.07737],[10.49495,46.07751],[10.49701,46.07843],[10.49758,46.07877],[10.49787,46.07907],[10.4981,46.07948],[10.49827,46.07996],[10.49832,46.08043],[10.49824,46.08091],[10.49807,46.08139],[10.4978,46.08186],[10.49718,46.0827],[10.49666,46.08382],[10.49649,46.08403],[10.49563,46.08447],[10.49529,46.08488],[10.49514,46.08544],[10.49514,46.08615],[10.4949,46.08782],[10.49471,46.08841],[10.49443,46.0889],[10.49378,46.08948],[10.49306,46.08983],[10.49186,46.09007],[10.49048,46.09023],[10.48963,46.09024],[10.48516,46.08996],[10.48413,46.0898],[10.48327,46.08958],[10.48194,46.08889],[10.48001,46.0876],[10.4795,46.0874],[10.47864,46.08723],[10.47836,46.0871],[10.47791,46.08639],[10.47767,46.08615],[10.47729,46.08591],[10.47675,46.08571],[10.47538,46.08539],[10.47469,46.08517],[10.474,46.08482],[10.47334,46.08436],[10.47194,46.08369],[10.47064,46.08294],[10.47006,46.08273]]},"properties":{"ele":2000,"major":1}},{"type":"Feature","geometry":{"type":"LineString","coordinates":[[10.48673,45.98498],[10.48695,45.98557],[10.48721,45.98593],[10.48816,45.98665],[10.48848,45.987],[10.4887,45.98736],[10.48966,45.98951],[10.48984,45.98975],[10.49022,45.98998],[10.49083,45.99018],[10.49478,45.99114],[10.49666,45.99119],[10.50199,45.99197],[10.50284,45.99235],[10.5049,45.99375],[10.50525,45.99387],[10.50559,45.99391],[10.50628,45.9937],[10.50765,45.99286],[10.50817,45.99278],[10.50885,45.99282],[10.50954,45.99274],[10.51023,45.99248],[10.51061,45.99213],[10.51064,45.99189],[10.51052,45.99154],[10.51033,45.9913],[10.50957,45.9907],[10.50935,45.99046],[10.50923,45.99022],[10.50923,45.98987],[10.5094,45.98951],[10.5104,45.98798],[10.51091,45.98764],[10.51183,45.98724],[10.51208,45.987],[10.512,45.98676],[10.51089,45.98557],[10.51074,45.98528],[10.51067,45.98498]]},"properties":{"ele":2000,"major":1}},{"type":"Feature","geometry":{"type":"LineString","coordinates":[[10.56328,46.09698],[10.56301,46.09472],[10.56289,46.09425],[10.56263,46.09377],[10.56187,46.09282],[10.56154,46.09163],[10.56107,46.09067],[10.56055,46.08996],[10.55991,46.08925],[10.55795,46.08745],[10.55721,46.08698],[10.55586,46.08639],[10.55469,46.08577],[10.55245,46.08492],[10.55047,46.08365],[10.54679,46.08228],[10.54595,46.08174],[10.54473,46.08073],[10.54353,46.07991],[10.5413,46.07906],[10.53992,46.07832],[10.53906,46.07778],[10.53833,46.07722],[10.53682,46.07579],[10.53624,46.07496],[10.53574,46.07436],[10.53502,46.07377],[10.53274,46.07269],[10.53237,46.07246],[10.53134,46.07205],[10.53031,46.07155],[10.52986,46.07127],[10.52911,46.0706],[10.52876,46.0704],[10.52623,46.06948],[10.52499,46.06894],[10.52241,46.06693],[10.52121,46.06625],[10.52074,46.06591],[10.51849,46.0634],[10.51775,46.06281],[10.51606,46.06196],[10.51469,46.06107],[10.51383,46.06061],[10.51302,46.06031],[10.51091,46.05969],[10.51018,46.05936],[10.50984,46.05912],[10.50961,46.05888],[10.50938,46.05852],[10.50906,46.05745],[10.50903,46.05662],[10.50937,46.05542],[10.50937,46.05489],[10.50923,46.05471],[10.50834,46.05405],[10.50793,46.05364],[10.5077,46.05328],[10.50733,46.05245],[10.50611,46.05066],[10.50591,46.05006],[10.50592,46.04911],[10.50578,46.04851],[10.50547,46.04804],[10.50422,46.04673],[10.50395,46.04637],[10.50372,46.04565],[10.50354,46.04423],[10.5034,46.04375],[10.50306,46.04327],[10.50233,46.04258],[10.50181,46.04225],[10.50147,46.04213],[10.50113,46.04209],[10.50078,46.04214],[10.50027,46.04238],[10.49928,46.04303],[10.49855,46.04343],[10.49632,46.04427],[10.49375,46.04562],[10.49323,46.04575],[10.49289,46.04565],[10.49275,46.04554],[10.49264,46.04518],[10.49289,46.0446],[10.49323,46.04421],[10.49443,46.04321],[10.49484,46.0428],[10.4951,46.04232],[10.49516,46.04184],[10.49509,46.0416],[10.49494,46.04137],[10.49432,46.04089],[10.49368,46.04017],[10.49289,46.03954],[10.4922,46.03862],[10.49198,46.03815],[10.49186,46.03755],[10.49192,46.03708],[10.49214,46.03672],[10.49267,46.03636],[10.49323,46.03622],[10.49399,46.03624],[10.49495,46.03644],[10.49563,46.03668],[10.49711,46.03755],[10.49907,46.03837],[10.50027,46.03904],[10.50096,46.03923],[10.50147,46.03918],[10.50181,46.039],[10.50207,46.03874],[10.50277,46.03767],[10.50312,46.0366],[10.50334,46.03493],[10.50357,46.03457],[10.50439,46.03372],[10.50504,46.03231],[10.50505,46.03195],[10.50488,46.03159],[10.50456,46.03135],[10.50336,46.03067],[10.50286,46.03028],[10.5025,46.02982],[10.50239,46.02933],[10.50244,46.02909],[10.50258,46.02885],[10.5035,46.02814],[10.50383,46.02766],[10.50426,46.02599],[10.50498,46.02432],[10.50503,46.02408],[10.50498,46.02373],[10.50479,46.02337],[10.50456,46.02311],[10.50287,46.02194],[10.50247,46.02158],[10.50215,46.0211],[10.50139,46.01956],[10.50091,46.01884],[10.50078,46.01848],[10.50082,46.01824],[10.50095,46.01801],[10.50179,46.01717],[10.50248,46.01586],[10.50255,46.01538],[10.50251,46.01491],[10.50215,46.01395],[10.50208,46.01359],[10.50231,46.01276],[10.5023,46.0124],[10.50212,46.01205],[10.50116,46.01085],[10.50042,46.00918],[10.49993,46.0086],[10.49937,46.00823],[10.49808,46.00763],[10.49684,46.00688],[10.49563,46.00637],[10.49447,46.00549],[10.49317,46.00465],[10.49083,46.00391],[10.48911,46.00346],[10.48774,46.00319],[10.48705,46.00328],[10.48585,46.00372],[10.48516,46.00389],[10.4843,46.00395],[10.48345,46.00388],[10.48206,46.00346],[10.48027,46.00263],[10.47949,46.00215],[10.47791,46.00048],[10.47711,45.99929],[10.47675,45.99833],[10.47671,45.9969],[10.47658,45.99617],[10.47616,45.99523],[10.47505,45.99344],[10.47471,45.99309],[10.474,45.99256],[10.47209,45.99177],[10.47171,45.99154],[10.47138,45.99118],[10.47087,45.98987],[10.47064,45.98903],[10.47062,45.98808],[10.47072,45.98736],[10.47042,45.98629],[10.47055,45.98569],[10.47107,45.98498]]},"properties":{"ele":2000,"major":1}},{"type":"Feature","geometry":{"type":"LineString","coordinates":[[10.58178,45.98498],[10.58161,45.98545],[10.58077,45.98688],[10.58049,45.98796],[10.58006,45.98903],[10.57994,45.98963],[10.57999,45.99046],[10.58026,45.99144],[10.58033,45.99189],[10.58029,45.99249],[10.58007,45.99344],[10.5802,45.9944],[10.58066,45.99583],[10.58069,45.99619],[10.5806,45.99678],[10.58051,45.99702],[10.58025,45.99738],[10.57957,45.99809],[10.57855,45.99892],[10.57803,45.99968],[10.57751,46.00072],[10.57751,46.00108],[10.57764,46.00155],[10.57752,46.00203],[10.57717,46.00223],[10.57649,46.00237],[10.57494,46.00234],[10.57425,46.00252],[10.5734,46.00262],[10.57271,46.00297],[10.57237,46.00307],[10.57185,46.00302],[10.57048,46.00264],[10.57014,46.0026],[10.56962,46.00266],[10.56876,46.0031],[10.5679,46.00319],[10.56705,46.0031],[10.56533,46.00269],[10.56499,46.00267],[10.56464,46.00275],[10.56413,46.00308],[10.56389,46.00346],[10.56349,46.00477],[10.56285,46.00608],[10.56251,46.00799],[10.56224,46.00845],[10.5619,46.00871],[10.56138,46.00882],[10.56035,46.00882],[10.55966,46.00876],[10.55915,46.00864],[10.55863,46.00846],[10.55795,46.00809],[10.55742,46.00775],[10.55692,46.00732],[10.55661,46.0068],[10.55647,46.0062],[10.55648,46.00573],[10.55676,46.00489],[10.55667,46.00418],[10.55657,46.00387],[10.55606,46.00314],[10.55486,46.00215],[10.55458,46.00179],[10.55452,46.00143],[10.55459,46.00084],[10.55454,46.00036],[10.554,45.99901],[10.55366,45.99867],[10.55331,45.99854],[10.5528,45.99846],[10.55194,45.99851],[10.55142,45.99863],[10.55108,45.99879],[10.55057,45.99929],[10.54997,46.00024],[10.54973,46.00048],[10.54782,46.0016],[10.5473,46.0018],[10.54645,46.00198],[10.5437,46.00227],[10.54301,46.00228],[10.54256,46.00239],[10.54215,46.00259],[10.54112,46.00335],[10.54027,46.0038],[10.53855,46.00422],[10.53752,46.00463],[10.53714,46.00489],[10.53632,46.0057],[10.5358,46.00599],[10.53512,46.00608],[10.53409,46.006],[10.53323,46.00584],[10.53168,46.00537],[10.53065,46.00522],[10.53031,46.00522],[10.52997,46.00533],[10.52962,46.00566],[10.52952,46.00596],[10.52948,46.00632],[10.52954,46.00823],[10.52936,46.00871],[10.52888,46.00942],[10.52877,46.00978],[10.52889,46.01026],[10.52911,46.01062],[10.52945,46.01091],[10.53001,46.01121],[10.53237,46.01209],[10.53306,46.01223],[10.53494,46.0124],[10.53563,46.01263],[10.53594,46.01288],[10.53631,46.01348],[10.53658,46.01371],[10.53821,46.01465],[10.54014,46.01598],[10.54095,46.01673],[10.54182,46.01789],[10.54233,46.01837],[10.543,46.01872],[10.54473,46.01936],[10.54673,46.01991],[10.54725,46.02015],[10.54759,46.02039],[10.54793,46.02075],[10.54812,46.0211],[10.54874,46.02313],[10.54946,46.02492],[10.54975,46.0254],[10.55066,46.02659],[10.55108,46.027],[10.5516,46.02737],[10.55317,46.02814],[10.55442,46.02885],[10.55475,46.02909],[10.55503,46.02942],[10.55523,46.02993],[10.55526,46.0304],[10.55505,46.03088],[10.55469,46.03122],[10.55434,46.03129],[10.554,46.03125],[10.55297,46.03091],[10.55163,46.03004],[10.55037,46.02933],[10.54902,46.02831],[10.54811,46.0279],[10.54754,46.02778],[10.54696,46.02774],[10.54473,46.02785],[10.54387,46.02781],[10.54284,46.02765],[10.5413,46.02725],[10.54078,46.02701],[10.53992,46.02647],[10.53872,46.02601],[10.53786,46.02555],[10.53743,46.02516],[10.5372,46.02504],[10.53323,46.02354],[10.5317,46.02254],[10.52997,46.02186],[10.52878,46.02099],[10.5267,46.02],[10.52361,46.0191],[10.52293,46.01904],[10.52241,46.01919],[10.52207,46.01941],[10.52173,46.01996],[10.52156,46.02051],[10.52165,46.02134],[10.52209,46.0223],[10.52217,46.02265],[10.52214,46.02313],[10.52183,46.02456],[10.52177,46.02516],[10.52182,46.02552],[10.52198,46.02599],[10.5222,46.02635],[10.5232,46.0273],[10.52347,46.02766],[10.5236,46.02802],[10.52365,46.02873],[10.52389,46.02969],[10.52391,46.03004],[10.5238,46.03052],[10.52344,46.03112],[10.52276,46.03178],[10.52157,46.03267],[10.52121,46.03321],[10.52117,46.03374],[10.52149,46.03493],[10.52121,46.03588],[10.52113,46.03636],[10.52114,46.03708],[10.5213,46.03779],[10.52148,46.03815],[10.52173,46.03842],[10.52207,46.03865],[10.52241,46.03878],[10.52293,46.03886],[10.52344,46.03884],[10.5255,46.03838],[10.52636,46.03836],[10.52703,46.03851],[10.52753,46.03874],[10.5278,46.03898],[10.52793,46.03934],[10.52783,46.0397],[10.52753,46.04005],[10.52705,46.04048],[10.52653,46.04078],[10.5255,46.04107],[10.52361,46.04115],[10.52276,46.04144],[10.52207,46.04177],[10.52154,46.0422],[10.52107,46.0428],[10.52092,46.04315],[10.5209,46.04363],[10.52114,46.04411],[10.52215,46.04518],[10.52361,46.04634],[10.52396,46.04677],[10.52437,46.0478],[10.52523,46.04959],[10.52658,46.05149],[10.52684,46.05197],[10.52687,46.05233],[10.52655,46.05292],[10.5265,46.05316],[10.52653,46.05343],[10.52669,46.05376],[10.52705,46.05415],[10.52808,46.05494],[10.52859,46.05524],[10.52928,46.05549],[10.52979,46.05557],[10.53048,46.05556],[10.53288,46.05521],[10.5334,46.05528],[10.53369,46.05542],[10.53402,46.05578],[10.53443,46.05641],[10.53532,46.05924],[10.53546,46.05953],[10.53571,46.05983],[10.537,46.06083],[10.5381,46.06186],[10.53975,46.06305],[10.54027,46.06328],[10.54095,46.06345],[10.54284,46.06356],[10.54336,46.06386],[10.54361,46.06424],[10.54376,46.06555],[10.54404,46.06614],[10.54475,46.06698],[10.54689,46.06876],[10.54865,46.07103],[10.54902,46.07141],[10.54971,46.07186],[10.55184,46.07293],[10.55245,46.07341],[10.55347,46.07436],[10.55541,46.07567],[10.55726,46.07678],[10.55778,46.07702],[10.56001,46.0778],[10.56154,46.07817],[10.56191,46.07841],[10.56291,46.07984],[10.56388,46.08079],[10.56531,46.08234],[10.56577,46.08294],[10.56625,46.08401],[10.56695,46.08484],[10.56739,46.08552],[10.56836,46.08782],[10.56946,46.08948],[10.56995,46.09044],[10.57022,46.09115],[10.57034,46.09175],[10.57032,46.09353],[10.57019,46.09448],[10.56975,46.09591],[10.56971,46.09698]]},"properties":{"ele":2000,"major":1}},{"type":"Feature","geometry":{"type":"LineString","coordinates":[[10.6,46.02895],[10.59863,46.02924],[10.59503,46.02949],[10.59348,46.02954],[10.59297,46.02947],[10.59245,46.02929],[10.5919,46.02897],[10.5915,46.02861],[10.59139,46.02838],[10.59136,46.02814],[10.59159,46.02718],[10.59158,46.02623],[10.5918,46.02468],[10.59143,46.02242],[10.59147,46.02075],[10.5921,46.01836],[10.59214,46.01777],[10.59194,46.01735],[10.59106,46.01646],[10.59045,46.01538],[10.59039,46.01491],[10.59065,46.01383],[10.59052,46.01336],[10.59011,46.01288],[10.58908,46.01205],[10.58836,46.01133],[10.58762,46.01038],[10.5875,46.01014],[10.58745,46.00978],[10.58766,46.00883],[10.58799,46.00795],[10.58874,46.0068],[10.58917,46.00632],[10.58948,46.00608],[10.59091,46.00533],[10.59202,46.00453],[10.59245,46.00432],[10.59279,46.00423],[10.59365,46.00415],[10.59451,46.00419],[10.5952,46.0043],[10.59588,46.00452],[10.59691,46.00512],[10.59812,46.00608],[10.6,46.00733]]},"properties":{"ele":2000,"major":1}},{"type":"Feature","geometry":{"type":"LineString","coordinates":[[10.6,46.05506],[10.59897,46.05556],[10.59846,46.05566],[10.59777,46.05565],[10.59709,46.05553],[10.5964,46.05527],[10.59607,46.05495],[10.59599,46.05459],[10.59613,46.05399],[10.59657,46.05349],[10.59714,46.05316],[10.59846,46.05265],[10.59904,46.05221],[10.59936,46.05173],[10.59983,46.05053],[10.6,46.05025]]},"properties":{"ele":2000,"major":1}},{"type":"Feature","geometry":{"type":"LineString","coordinates":[[10.47006,46.03675],[10.4704,46.03684],[10.47074,46.03705],[10.47194,46.03846],[10.47229,46.03872],[10.47263,46.03884],[10.47297,46.03888],[10.47366,46.03882],[10.4762,46.03827],[10.47761,46.03809],[10.4783,46.03814],[10.4784,46.03827],[10.47841,46.03839],[10.47815,46.03886],[10.47719,46.03994],[10.47606,46.04094],[10.47521,46.04146],[10.47332,46.04221],[10.47143,46.04249],[10.47006,46.04282]]},"properties":{"ele":2020,"major":0}},{"type":"Feature","geometry":{"type":"LineString","coordinates":[[10.47006,46.0599],[10.47215,46.06055],[10.47349,46.06141],[10.47521,46.06202],[10.47673,46.06293],[10.47847,46.06358],[10.4807,46.06495],[10.48154,46.06555],[10.48279,46.0671],[10.4843,46.0684],[10.48561,46.06984],[10.48671,46.07057],[10.48706,46.07091],[10.48727,46.07127],[10.48736,46.07162],[10.4873,46.07269],[10.48734,46.07305],[10.48788,46.07436],[10.4881,46.07508],[10.4886,46.07596],[10.48911,46.07661],[10.4894,46.07686],[10.48974,46.07698],[10.49031,46.07703],[10.49254,46.07709],[10.49409,46.07702],[10.4946,46.07708],[10.49546,46.07738],[10.49735,46.07823],[10.49805,46.07865],[10.49836,46.07901],[10.49865,46.0796],[10.4988,46.08008],[10.49883,46.08055],[10.49874,46.08127],[10.49849,46.08198],[10.49831,46.08234],[10.49787,46.08289],[10.49774,46.08317],[10.49771,46.08353],[10.4978,46.08389],[10.49808,46.08448],[10.49864,46.0852],[10.5001,46.08651],[10.50164,46.08811],[10.50213,46.08889],[10.50277,46.09032],[10.50267,46.09042],[10.5025,46.09043],[10.50199,46.09033],[10.50147,46.09009],[10.50078,46.08961],[10.49936,46.08853],[10.49872,46.08758],[10.49764,46.08663],[10.49716,46.08591],[10.4968,46.08567],[10.49632,46.08554],[10.49598,46.08564],[10.49581,46.08586],[10.49556,46.08651],[10.49525,46.08794],[10.49483,46.08889],[10.49455,46.08925],[10.49415,46.0896],[10.49357,46.08996],[10.49323,46.09009],[10.49151,46.09032],[10.4898,46.09039],[10.48636,46.09021],[10.48585,46.0901],[10.48482,46.09006],[10.48327,46.0898],[10.48276,46.08961],[10.48185,46.08913],[10.48036,46.08811],[10.47984,46.08783],[10.4795,46.08771],[10.47847,46.08757],[10.47808,46.08746],[10.47778,46.08722],[10.4773,46.08651],[10.47675,46.08606],[10.47636,46.08591],[10.47486,46.0856],[10.47418,46.08535],[10.47373,46.08508],[10.47325,46.0846],[10.47292,46.08436],[10.47006,46.08295]]},"properties":{"ele":2020,"major":0}},{"type":"Feature","geometry":{"type":"LineString","coordinates":[[10.48715,45.98498],[10.48729,45.98533],[10.48753,45.98569],[10.48856,45.98653],[10.48899,45.987],[10.48937,45.9876],[10.49007,45.98903],[10.49048,45.98951],[10.49085,45.98975],[10.49306,45.99031],[10.49409,45.9905],[10.49512,45.99065],[10.49615,45.99059],[10.49701,45.99066],[10.50181,45.99165],[10.50274,45.99201],[10.50387,45.99283],[10.50473,45.99335],[10.50525,45.99355],[10.50576,45.99361],[10.50611,45.99356],[10.50645,45.99342],[10.50748,45.99277],[10.50782,45.99262],[10.50834,45.99255],[10.50902,45.99265],[10.50971,45.99251],[10.51016,45.99225],[10.51034,45.99201],[10.51035,45.99177],[10.51023,45.9915],[10.50907,45.99058],[10.50884,45.99022],[10.50881,45.98998],[10.50893,45.98963],[10.51005,45.98792],[10.5104,45.9876],[10.51114,45.98712],[10.51131,45.98688],[10.51119,45.98653],[10.5104,45.98551],[10.51024,45.98498]]},"properties":{"ele":2020,"major":0}},{"type":"Feature","geometry":{"type":"LineString","coordinates":[[10.56276,46.09698],[10.56269,46.09579],[10.56243,46.09425],[10.56226,46.09389],[10.5617,46.09317],[10.56142,46.0927],[10.56109,46.09163],[10.56071,46.09079],[10.56011,46.08996],[10.55938,46.08913],[10.55803,46.08794],[10.55741,46.08746],[10.55692,46.08716],[10.55451,46.08605],[10.55211,46.08508],[10.55005,46.08383],[10.54662,46.08257],[10.54541,46.08174],[10.54439,46.08083],[10.54353,46.08028],[10.54301,46.08003],[10.54138,46.07948],[10.54061,46.07912],[10.53924,46.07829],[10.53811,46.07746],[10.53724,46.07662],[10.53635,46.07591],[10.53511,46.07436],[10.53442,46.07377],[10.5322,46.07261],[10.52989,46.07162],[10.52894,46.07094],[10.52843,46.07067],[10.52702,46.07007],[10.525,46.06936],[10.52447,46.06907],[10.52224,46.06734],[10.52052,46.06626],[10.52017,46.06591],[10.51956,46.06507],[10.51903,46.06448],[10.51809,46.06352],[10.51704,46.06269],[10.51589,46.06211],[10.51452,46.06119],[10.51366,46.06075],[10.51246,46.06034],[10.51023,46.0598],[10.5094,46.05947],[10.50903,46.05924],[10.50882,46.059],[10.50854,46.05852],[10.50842,46.05804],[10.50844,46.05673],[10.5087,46.05554],[10.50869,46.05519],[10.50862,46.05495],[10.50752,46.05364],[10.50694,46.05245],[10.50573,46.05066],[10.50554,46.05006],[10.50563,46.04911],[10.5055,46.04851],[10.50525,46.04816],[10.50439,46.04733],[10.5037,46.04649],[10.50352,46.04601],[10.5032,46.04399],[10.50295,46.04363],[10.50216,46.04292],[10.50181,46.04272],[10.5013,46.04256],[10.50096,46.04257],[10.50061,46.04267],[10.49855,46.04381],[10.49632,46.04465],[10.49426,46.04603],[10.49357,46.04637],[10.49289,46.04644],[10.49254,46.04631],[10.4922,46.04602],[10.49203,46.04572],[10.49196,46.04542],[10.492,46.04506],[10.4921,46.04482],[10.49268,46.04411],[10.4942,46.0428],[10.49443,46.04244],[10.4945,46.04196],[10.4944,46.04148],[10.49424,46.04125],[10.4934,46.04036],[10.49246,46.03958],[10.49165,46.03862],[10.4915,46.03815],[10.49143,46.03731],[10.49153,46.03684],[10.49177,46.03648],[10.49237,46.03609],[10.49306,46.03589],[10.49409,46.03592],[10.49512,46.03608],[10.49598,46.03641],[10.49685,46.03708],[10.49744,46.03743],[10.49922,46.03815],[10.50027,46.03866],[10.50096,46.03881],[10.50147,46.03873],[10.50199,46.03841],[10.50258,46.03755],[10.50287,46.0366],[10.50296,46.03517],[10.50304,46.03481],[10.50326,46.03445],[10.50405,46.03362],[10.50459,46.03243],[10.50462,46.03207],[10.5045,46.03183],[10.50422,46.03159],[10.50288,46.03076],[10.50244,46.0304],[10.50208,46.02993],[10.50199,46.02945],[10.50204,46.02909],[10.50222,46.02873],[10.50319,46.02792],[10.50339,46.02766],[10.50352,46.0273],[10.50376,46.02611],[10.50463,46.02444],[10.50473,46.02408],[10.5047,46.02385],[10.50456,46.02356],[10.50426,46.02325],[10.50239,46.02206],[10.502,46.0217],[10.50032,46.0186],[10.50033,46.01836],[10.5005,46.01801],[10.50142,46.01717],[10.50202,46.01634],[10.50222,46.01586],[10.50226,46.0155],[10.50217,46.01503],[10.5016,46.01359],[10.50161,46.01336],[10.50186,46.01264],[10.50183,46.01228],[10.50163,46.01193],[10.50078,46.01089],[10.50048,46.01038],[10.5,46.0093],[10.49961,46.00883],[10.49907,46.00845],[10.49779,46.00787],[10.49666,46.00722],[10.49563,46.00683],[10.49512,46.00656],[10.49426,46.00586],[10.4934,46.00539],[10.4932,46.00501],[10.49285,46.00477],[10.48911,46.0036],[10.48774,46.00345],[10.48712,46.00358],[10.48602,46.00409],[10.48533,46.00431],[10.4843,46.0044],[10.48362,46.00434],[10.48276,46.00414],[10.48173,46.00379],[10.47942,46.00275],[10.47869,46.00227],[10.47801,46.00155],[10.47692,46.00009],[10.4761,45.99869],[10.47594,45.99809],[10.47615,45.9969],[10.47611,45.99607],[10.47546,45.99464],[10.47483,45.99356],[10.47452,45.99324],[10.47383,45.99277],[10.47176,45.99201],[10.47126,45.99174],[10.47092,45.99142],[10.47083,45.99118],[10.47068,45.99022],[10.47027,45.98891],[10.47023,45.98791],[10.47006,45.98728]]},"properties":{"ele":2020,"major":0}},{"type":"Feature","geometry":{"type":"LineString","coordinates":[[10.58219,45.98498],[10.58203,45.98545],[10.58117,45.98688],[10.58084,45.98796],[10.58037,45.98915],[10.58022,45.98975],[10.58022,45.99046],[10.58051,45.99189],[10.58047,45.99249],[10.58026,45.99321],[10.58029,45.99404],[10.58047,45.99476],[10.58091,45.99595],[10.58086,45.9969],[10.58076,45.99714],[10.58047,45.9975],[10.57972,45.99821],[10.57875,45.99893],[10.5782,45.99967],[10.57779,46.0006],[10.57778,46.00096],[10.57793,46.00143],[10.57794,46.00179],[10.57786,46.00214],[10.57763,46.00251],[10.57734,46.00264],[10.57511,46.00251],[10.5746,46.00266],[10.57357,46.00283],[10.57288,46.0033],[10.57237,46.00343],[10.57168,46.00336],[10.57014,46.00305],[10.56979,46.00311],[10.56894,46.00346],[10.5679,46.00352],[10.56705,46.0034],[10.5655,46.003],[10.56499,46.00299],[10.56464,46.00309],[10.5643,46.00332],[10.56407,46.0037],[10.56371,46.00489],[10.56308,46.00608],[10.56272,46.00811],[10.56241,46.0087],[10.56207,46.00897],[10.56172,46.00906],[10.56121,46.00907],[10.55984,46.00901],[10.55898,46.00887],[10.55846,46.00869],[10.55778,46.00832],[10.5571,46.00787],[10.55675,46.00754],[10.55637,46.00692],[10.55609,46.00596],[10.55616,46.00549],[10.55652,46.00477],[10.5565,46.0043],[10.5564,46.00395],[10.55572,46.00317],[10.55418,46.00203],[10.55399,46.00155],[10.55406,46.00048],[10.55383,45.99984],[10.55361,45.99953],[10.55332,45.99929],[10.55297,45.99913],[10.55263,45.99906],[10.55194,45.99907],[10.55125,45.9993],[10.55083,45.99964],[10.55039,46.00036],[10.55005,46.0007],[10.54799,46.00187],[10.54748,46.00206],[10.54662,46.00224],[10.54524,46.00235],[10.54284,46.00265],[10.54181,46.00318],[10.54112,46.00372],[10.54044,46.00412],[10.53975,46.00434],[10.53855,46.00455],[10.53769,46.00487],[10.53718,46.00524],[10.53649,46.00596],[10.53597,46.00625],[10.53529,46.00635],[10.53409,46.00627],[10.53306,46.00608],[10.53168,46.00568],[10.531,46.00558],[10.53031,46.00565],[10.53005,46.00585],[10.5299,46.00632],[10.52993,46.00787],[10.52988,46.00835],[10.52968,46.00883],[10.52929,46.00942],[10.52916,46.00978],[10.52925,46.01026],[10.52948,46.01061],[10.52979,46.01087],[10.53031,46.01113],[10.53254,46.01195],[10.53323,46.01206],[10.53529,46.01219],[10.53584,46.01228],[10.53632,46.01244],[10.53662,46.01264],[10.53711,46.01324],[10.53739,46.01348],[10.53911,46.01479],[10.54027,46.0155],[10.54078,46.01589],[10.54147,46.01667],[10.5421,46.01777],[10.5426,46.01824],[10.54329,46.0186],[10.5449,46.01923],[10.54696,46.01973],[10.54748,46.01996],[10.54794,46.02027],[10.54829,46.02063],[10.54853,46.0211],[10.54901,46.02289],[10.54956,46.02456],[10.54992,46.02516],[10.55087,46.02635],[10.55125,46.02675],[10.55177,46.02714],[10.55503,46.02871],[10.55537,46.02897],[10.55553,46.02921],[10.55575,46.02981],[10.55573,46.0304],[10.55537,46.0312],[10.55503,46.03163],[10.55469,46.03174],[10.55417,46.0317],[10.55297,46.03122],[10.55125,46.03004],[10.55016,46.02945],[10.54885,46.02861],[10.54799,46.02823],[10.54696,46.02803],[10.54473,46.02805],[10.54353,46.02797],[10.54284,46.02784],[10.54112,46.02731],[10.53992,46.02665],[10.53872,46.02613],[10.53786,46.02569],[10.53718,46.02523],[10.53323,46.02369],[10.53156,46.02265],[10.52997,46.02202],[10.52863,46.0211],[10.5267,46.02015],[10.52361,46.01933],[10.5231,46.01927],[10.52261,46.01944],[10.52224,46.01972],[10.52195,46.02015],[10.52181,46.02063],[10.5219,46.02122],[10.52237,46.02218],[10.52247,46.02254],[10.52245,46.02301],[10.52221,46.0242],[10.52219,46.02516],[10.52227,46.02563],[10.52241,46.02597],[10.52258,46.0262],[10.52362,46.02706],[10.52396,46.02754],[10.52411,46.02802],[10.52413,46.02885],[10.52434,46.03004],[10.52417,46.03064],[10.52361,46.03144],[10.52293,46.03214],[10.5219,46.03287],[10.52156,46.03338],[10.52155,46.03386],[10.52186,46.03493],[10.52184,46.03517],[10.52155,46.03599],[10.5215,46.03636],[10.52155,46.03696],[10.52173,46.03759],[10.52188,46.03791],[10.52211,46.03815],[10.52241,46.03832],[10.52293,46.03845],[10.52361,46.03846],[10.52585,46.03812],[10.5265,46.03815],[10.52715,46.03827],[10.52776,46.03851],[10.52815,46.03874],[10.52838,46.03898],[10.5285,46.03934],[10.52842,46.0397],[10.52816,46.04005],[10.52739,46.04082],[10.52688,46.04114],[10.52636,46.04133],[10.52567,46.04146],[10.52361,46.04154],[10.52293,46.04173],[10.52241,46.04197],[10.52193,46.04232],[10.52161,46.04268],[10.52136,46.04315],[10.52134,46.04351],[10.52156,46.04399],[10.52242,46.04494],[10.52389,46.04613],[10.5243,46.04661],[10.52513,46.04875],[10.5255,46.04947],[10.52757,46.05221],[10.52769,46.05268],[10.52743,46.05352],[10.52758,46.05388],[10.52808,46.05447],[10.52857,46.05483],[10.52911,46.05506],[10.52979,46.05518],[10.53031,46.05514],[10.53112,46.05495],[10.53443,46.05404],[10.53477,46.05399],[10.53512,46.05401],[10.53525,46.05411],[10.53528,46.05423],[10.53484,46.05507],[10.5348,46.05542],[10.53503,46.05638],[10.53515,46.05757],[10.5357,46.05924],[10.53617,46.05983],[10.53734,46.06078],[10.53851,46.06186],[10.53927,46.06245],[10.53992,46.06284],[10.54044,46.06304],[10.54112,46.06316],[10.5425,46.0631],[10.54301,46.06314],[10.5434,46.06329],[10.5439,46.06364],[10.54423,46.06412],[10.54423,46.06507],[10.54431,46.06555],[10.54495,46.06674],[10.54559,46.06735],[10.54703,46.06853],[10.54762,46.06912],[10.54886,46.07091],[10.54936,46.0714],[10.55211,46.07273],[10.55254,46.07305],[10.55366,46.07408],[10.55537,46.07535],[10.5576,46.07665],[10.55812,46.07687],[10.56035,46.07758],[10.56172,46.07782],[10.56201,46.07793],[10.56224,46.07811],[10.56282,46.07913],[10.56317,46.0796],[10.56413,46.08059],[10.56501,46.08163],[10.56601,46.08258],[10.56687,46.08358],[10.56756,46.08426],[10.56772,46.0846],[10.56809,46.08603],[10.56873,46.0877],[10.56989,46.08948],[10.57061,46.09091],[10.5708,46.09151],[10.57084,46.0921],[10.57073,46.09294],[10.57069,46.09436],[10.57056,46.09579],[10.57023,46.09698]]},"properties":{"ele":2020,"major":0}},{"type":"Feature","geometry":{"type":"LineString","coordinates":[[10.6,45.9868],[10.59969,45.98629],[10.59961,45.98593],[10.59964,45.98557],[10.59985,45.98498]]},"properties":{"ele":2020,"major":0}},{"type":"Feature","geometry":{"type":"LineString","coordinates":[[10.6,46.02916],[10.59863,46.02943],[10.59348,46.02984],[10.59297,46.02977],[10.59235,46.02957],[10.59156,46.02909],[10.59115,46.02873],[10.59102,46.02849],[10.59096,46.02814],[10.59116,46.02718],[10.59115,46.02611],[10.5913,46.02492],[10.59108,46.02206],[10.59108,46.02063],[10.59147,46.01908],[10.59157,46.01836],[10.59156,46.01789],[10.5914,46.01753],[10.59063,46.01669],[10.58985,46.0155],[10.58979,46.01526],[10.5898,46.01491],[10.59009,46.01383],[10.59004,46.01348],[10.58987,46.01312],[10.58716,46.0105],[10.58698,46.01026],[10.58691,46.01002],[10.58737,46.00859],[10.58769,46.0068],[10.58783,46.00644],[10.58816,46.0059],[10.58858,46.00561],[10.58987,46.00513],[10.59096,46.0043],[10.59176,46.00389],[10.59262,46.0038],[10.59382,46.00383],[10.59485,46.00395],[10.59571,46.00416],[10.59657,46.00462],[10.59846,46.00605],[10.6,46.0069]]},"properties":{"ele":2020,"major":0}},{"type":"Feature","geometry":{"type":"LineString","coordinates":[[10.6,46.05549],[10.59925,46.05578],[10.59863,46.05594],[10.59794,46.05598],[10.59734,46.0559],[10.59606,46.05554],[10.59569,46.05519],[10.59557,46.05495],[10.59552,46.05459],[10.5957,46.05388],[10.59623,46.0533],[10.59687,46.05292],[10.59812,46.05242],[10.59869,46.05197],[10.59913,46.05125],[10.59962,46.05006],[10.6,46.04955]]},"properties":{"ele":2020,"major":0}},{"type":"Feature","geometry":{"type":"LineString","coordinates":[[10.47006,46.03646],[10.47057,46.03657],[10.47091,46.03675],[10.47126,46.03707],[10.47212,46.0381],[10.47246,46.03834],[10.47297,46.0385],[10.474,46.03842],[10.47555,46.03804],[10.47709,46.03779],[10.47864,46.03746],[10.47898,46.03747],[10.47925,46.03755],[10.47937,46.03767],[10.47941,46.03791],[10.47931,46.03827],[10.47905,46.03862],[10.47817,46.03946],[10.47692,46.04084],[10.47624,46.04134],[10.47521,46.04182],[10.47355,46.04244],[10.47132,46.0428],[10.47006,46.04311]]},"properties":{"ele":2040,"major":0}},{"type":"Feature","geometry":{"type":"LineString","coordinates":[[10.47006,46.05953],[10.47261,46.06019],[10.47324,46.06043],[10.47458,46.06126],[10.47555,46.06178],[10.47675,46.0626],[10.47895,46.06352],[10.4813,46.06483],[10.4819,46.06524],[10.48242,46.06582],[10.48287,46.06662],[10.48314,46.06698],[10.48448,46.06814],[10.48588,46.06972],[10.48689,46.07043],[10.48727,46.07079],[10.48746,46.07115],[10.48755,46.0715],[10.48759,46.07305],[10.48825,46.07496],[10.48877,46.0758],[10.4895,46.07651],[10.48997,46.07671],[10.491,46.07682],[10.49254,46.07682],[10.49409,46.07667],[10.4946,46.07672],[10.49546,46.07703],[10.49775,46.07805],[10.49855,46.07855],[10.49889,46.07901],[10.49914,46.0796],[10.49931,46.0802],[10.49935,46.08079],[10.49933,46.08139],[10.49919,46.08198],[10.49915,46.08258],[10.49895,46.08282],[10.49855,46.08307],[10.49841,46.08329],[10.49843,46.08365],[10.49863,46.08425],[10.49882,46.0846],[10.4995,46.08544],[10.50181,46.08775],[10.50319,46.08936],[10.50418,46.09091],[10.50456,46.09212],[10.50459,46.09258],[10.50439,46.09275],[10.50422,46.09274],[10.50353,46.09231],[10.50302,46.09181],[10.50164,46.09138],[10.50119,46.09115],[10.50078,46.09075],[10.50023,46.08996],[10.49879,46.08889],[10.49823,46.08806],[10.49787,46.08766],[10.49735,46.0873],[10.49666,46.087],[10.49632,46.08702],[10.49615,46.08717],[10.49523,46.08889],[10.49476,46.08948],[10.49399,46.09008],[10.49323,46.09037],[10.49117,46.09053],[10.48808,46.09048],[10.48499,46.09023],[10.48379,46.09],[10.4831,46.08997],[10.48259,46.08978],[10.4815,46.08925],[10.47967,46.08808],[10.4778,46.0877],[10.47736,46.08734],[10.47667,46.08651],[10.47632,46.08627],[10.47452,46.08588],[10.47383,46.08565],[10.47336,46.08532],[10.47294,46.08472],[10.47269,46.08448],[10.47006,46.0832]]},"properties":{"ele":2040,"major":0}},{"type":"Feature","geometry":{"type":"LineString","coordinates":[[10.48763,45.98498],[10.48774,45.98522],[10.48802,45.98557],[10.48922,45.98665],[10.49021,45.98772],[10.4906,45.98879],[10.49092,45.98915],[10.49134,45.98944],[10.49229,45.98975],[10.49357,45.99004],[10.49495,45.99017],[10.49684,45.99013],[10.49855,45.99041],[10.50044,45.99092],[10.50233,45.99155],[10.50298,45.99189],[10.50387,45.9926],[10.50456,45.99301],[10.50525,45.99326],[10.50593,45.99332],[10.50645,45.9932],[10.50765,45.99249],[10.50834,45.99237],[10.50902,45.99247],[10.50937,45.99243],[10.5098,45.99225],[10.51001,45.99201],[10.51005,45.99177],[10.50993,45.99154],[10.5087,45.99058],[10.50851,45.99034],[10.50843,45.9901],[10.50845,45.98987],[10.50856,45.98963],[10.50983,45.98772],[10.51048,45.98712],[10.51064,45.98688],[10.51061,45.98653],[10.51002,45.98557],[10.50985,45.98498]]},"properties":{"ele":2040,"major":0}},{"type":"Feature","geometry":{"type":"LineString","coordinates":[[10.56234,46.09698],[10.5623,46.09591],[10.56199,46.09425],[10.56177,46.09377],[10.56107,46.0927],[10.56035,46.09091],[10.55972,46.08996],[10.55923,46.08936],[10.55829,46.08852],[10.55709,46.08757],[10.5564,46.08721],[10.55263,46.08564],[10.5516,46.08511],[10.54971,46.08401],[10.54627,46.08276],[10.54507,46.08191],[10.54431,46.08115],[10.54353,46.08061],[10.54284,46.08029],[10.54095,46.07966],[10.54009,46.07921],[10.53838,46.07804],[10.537,46.07685],[10.5359,46.07603],[10.53519,46.07531],[10.53431,46.07412],[10.53372,46.07365],[10.53185,46.07265],[10.52951,46.07174],[10.52809,46.07091],[10.52711,46.07043],[10.52447,46.06943],[10.52207,46.06771],[10.52035,46.06666],[10.5198,46.06614],[10.51876,46.06472],[10.51778,46.06374],[10.51666,46.06281],[10.51538,46.06205],[10.51435,46.06131],[10.51366,46.06097],[10.51243,46.06055],[10.51023,46.06015],[10.50885,46.05977],[10.50821,46.05947],[10.50748,46.05897],[10.50673,46.05864],[10.50661,46.0584],[10.50668,46.05816],[10.50682,46.05793],[10.5074,46.05733],[10.50751,46.05709],[10.50797,46.05566],[10.50804,46.0553],[10.50799,46.05495],[10.50776,46.05447],[10.50701,46.0534],[10.50628,46.05197],[10.50544,46.05078],[10.50521,46.05006],[10.5053,46.04911],[10.50521,46.04863],[10.50497,46.04828],[10.50405,46.04737],[10.50348,46.04661],[10.50328,46.04613],[10.50296,46.04423],[10.5027,46.04387],[10.50216,46.04346],[10.50164,46.04315],[10.5013,46.04306],[10.50078,46.04308],[10.50044,46.04317],[10.49883,46.04399],[10.49663,46.04482],[10.49625,46.04506],[10.49479,46.04625],[10.49412,46.04661],[10.49357,46.0468],[10.49306,46.04688],[10.49254,46.04685],[10.4922,46.04671],[10.49186,46.04642],[10.4916,46.04601],[10.49147,46.04554],[10.49147,46.04518],[10.49162,46.0447],[10.49176,46.04446],[10.49221,46.04399],[10.49372,46.04268],[10.4939,46.04232],[10.49391,46.04184],[10.49382,46.04137],[10.49357,46.04102],[10.49161,46.03934],[10.49115,46.03874],[10.49108,46.03851],[10.49097,46.03731],[10.4911,46.03672],[10.49133,46.03636],[10.49203,46.03591],[10.49277,46.03565],[10.49392,46.03564],[10.49512,46.03578],[10.49563,46.03592],[10.49615,46.03614],[10.4973,46.03708],[10.49804,46.03747],[10.50044,46.03834],[10.50096,46.03841],[10.5013,46.03836],[10.50164,46.03824],[10.50199,46.03799],[10.50238,46.03743],[10.5026,46.0366],[10.50268,46.03505],[10.50275,46.03469],[10.50302,46.03425],[10.50375,46.03338],[10.50407,46.03267],[10.50412,46.03231],[10.50398,46.03195],[10.5036,46.03159],[10.50192,46.0304],[10.50168,46.03004],[10.50161,46.02957],[10.50168,46.02909],[10.50189,46.02861],[10.50275,46.02778],[10.50293,46.02754],[10.50303,46.02718],[10.50312,46.02635],[10.50323,46.02599],[10.50424,46.02456],[10.50439,46.0242],[10.50439,46.02396],[10.50429,46.02373],[10.50405,46.02347],[10.50207,46.0223],[10.50164,46.02194],[10.5001,46.01924],[10.49985,46.0186],[10.49991,46.01824],[10.50013,46.01789],[10.50174,46.01634],[10.50195,46.01598],[10.50198,46.01562],[10.50191,46.01526],[10.50113,46.01359],[10.50116,46.01336],[10.50144,46.01264],[10.50142,46.01216],[10.50068,46.01121],[10.50044,46.01076],[10.5,46.01026],[10.49944,46.0093],[10.49912,46.00895],[10.49855,46.00858],[10.49478,46.00682],[10.49405,46.0062],[10.4934,46.00594],[10.49289,46.00561],[10.49276,46.00513],[10.49247,46.00489],[10.49186,46.00475],[10.49031,46.00423],[10.48911,46.00376],[10.48842,46.00367],[10.48791,46.0037],[10.4875,46.00382],[10.4863,46.00441],[10.48551,46.0047],[10.48465,46.00488],[10.48396,46.00488],[10.48276,46.00458],[10.48112,46.00406],[10.47881,46.00304],[10.4783,46.00273],[10.47775,46.00227],[10.47727,46.00172],[10.47624,46.00017],[10.47523,45.99845],[10.47516,45.99798],[10.47555,45.99666],[10.47557,45.99619],[10.47524,45.99487],[10.4747,45.9938],[10.4744,45.99344],[10.47383,45.99306],[10.47332,45.99285],[10.47194,45.99245],[10.47097,45.99201],[10.47048,45.99165],[10.47029,45.9913],[10.47035,45.99046],[10.47032,45.98998],[10.47006,45.98928]]},"properties":{"ele":2040,"major":0}},{"type":"Feature","geometry":{"type":"LineString","coordinates":[[10.58255,45.98498],[10.58238,45.98557],[10.58186,45.98629],[10.58156,45.98688],[10.58118,45.98796],[10.58075,45.98891],[10.58048,45.98998],[10.58047,45.99058],[10.5807,45.99213],[10.58044,45.99321],[10.58044,45.99404],[10.58068,45.99487],[10.58113,45.99595],[10.58117,45.99642],[10.58112,45.99702],[10.58102,45.99726],[10.58072,45.99762],[10.57988,45.99833],[10.57903,45.99893],[10.57834,45.99976],[10.57816,46.00024],[10.57807,46.00072],[10.57821,46.00143],[10.57824,46.00239],[10.57817,46.00263],[10.57786,46.00284],[10.57734,46.00292],[10.57614,46.00272],[10.57528,46.00267],[10.57477,46.00284],[10.57389,46.00298],[10.57366,46.0031],[10.57314,46.00358],[10.57288,46.00369],[10.57254,46.00374],[10.57202,46.0037],[10.57099,46.0035],[10.57031,46.00346],[10.56911,46.00379],[10.56808,46.00382],[10.56722,46.00371],[10.56567,46.00332],[10.56516,46.00329],[10.56481,46.00338],[10.5645,46.00358],[10.56434,46.00382],[10.56392,46.00501],[10.5633,46.00608],[10.56315,46.00668],[10.56315,46.00728],[10.56287,46.00835],[10.56258,46.00896],[10.56224,46.00923],[10.56155,46.00934],[10.55966,46.00922],[10.55881,46.00908],[10.55795,46.00875],[10.55712,46.00823],[10.55667,46.00787],[10.55623,46.00719],[10.55587,46.00632],[10.55575,46.00585],[10.55582,46.00537],[10.55627,46.00465],[10.55627,46.0043],[10.55619,46.00406],[10.55554,46.00341],[10.55417,46.00248],[10.55379,46.00215],[10.55351,46.00155],[10.55344,46.00048],[10.55331,46.00012],[10.55295,45.99976],[10.55228,45.99955],[10.55177,45.99961],[10.55142,45.99977],[10.55044,46.00084],[10.54816,46.00209],[10.54748,46.00234],[10.54679,46.00251],[10.54473,46.0027],[10.54301,46.00299],[10.542,46.00346],[10.5413,46.00409],[10.54075,46.00441],[10.53996,46.00465],[10.53872,46.00481],[10.53786,46.00508],[10.53745,46.00537],[10.53666,46.00624],[10.53615,46.00651],[10.53529,46.00662],[10.53409,46.00654],[10.53117,46.00596],[10.53082,46.006],[10.53064,46.00608],[10.53048,46.00625],[10.53032,46.0068],[10.53032,46.00787],[10.53026,46.00835],[10.53013,46.00871],[10.52969,46.00942],[10.52956,46.00978],[10.52962,46.01026],[10.52987,46.01061],[10.53021,46.01085],[10.53073,46.01109],[10.53271,46.01179],[10.5334,46.01189],[10.53615,46.01204],[10.53666,46.01214],[10.53703,46.01228],[10.53735,46.01252],[10.53791,46.01324],[10.53927,46.01443],[10.54084,46.01538],[10.54132,46.01574],[10.54181,46.01641],[10.54243,46.01765],[10.54292,46.01812],[10.54357,46.01848],[10.5449,46.01903],[10.54645,46.01934],[10.54719,46.01956],[10.54782,46.01985],[10.54842,46.02027],[10.54875,46.02063],[10.549,46.0211],[10.54929,46.02277],[10.54977,46.02444],[10.55015,46.02504],[10.55104,46.02611],[10.5516,46.02666],[10.55216,46.02706],[10.55348,46.02771],[10.55537,46.02846],[10.55561,46.02861],[10.55581,46.02885],[10.5561,46.02957],[10.55612,46.03016],[10.55563,46.03195],[10.55554,46.03213],[10.55537,46.03227],[10.55503,46.03236],[10.55469,46.03238],[10.55417,46.03225],[10.55331,46.03165],[10.55263,46.03127],[10.55108,46.03013],[10.54851,46.02882],[10.54782,46.02855],[10.54696,46.02835],[10.54439,46.02825],[10.54318,46.02812],[10.54267,46.028],[10.54112,46.02746],[10.53951,46.02659],[10.53803,46.02592],[10.537,46.02533],[10.53323,46.02385],[10.53151,46.02282],[10.52979,46.02208],[10.5279,46.02087],[10.5267,46.02032],[10.52567,46.02],[10.52327,46.01949],[10.52293,46.01959],[10.52248,46.01991],[10.5222,46.02027],[10.52208,46.02063],[10.52218,46.02122],[10.52266,46.02218],[10.52277,46.02254],[10.52277,46.02289],[10.52253,46.02408],[10.52267,46.02528],[10.52293,46.02587],[10.52405,46.02683],[10.52436,46.0273],[10.52457,46.02802],[10.52459,46.02897],[10.52474,46.03004],[10.52468,46.0304],[10.52453,46.03076],[10.52361,46.03205],[10.52324,46.03243],[10.52233,46.03302],[10.52205,46.03338],[10.52198,46.03386],[10.52226,46.03505],[10.52191,46.03624],[10.5219,46.0366],[10.52202,46.03708],[10.52224,46.03755],[10.52245,46.03779],[10.52276,46.03799],[10.5231,46.03809],[10.52361,46.03814],[10.52602,46.03792],[10.52688,46.038],[10.52752,46.03815],[10.52814,46.03839],[10.52859,46.03866],[10.5289,46.03898],[10.529,46.03934],[10.52891,46.0397],[10.52869,46.04005],[10.52787,46.04101],[10.52739,46.0414],[10.52697,46.0416],[10.52636,46.04174],[10.5255,46.04181],[10.52396,46.0418],[10.5231,46.04198],[10.52244,46.04232],[10.52205,46.04268],[10.52182,46.04303],[10.52179,46.04351],[10.52204,46.04399],[10.52275,46.04482],[10.52423,46.04601],[10.52464,46.04649],[10.5248,46.04685],[10.52531,46.04851],[10.52567,46.04923],[10.52712,46.05114],[10.52795,46.05209],[10.52826,46.05256],[10.52837,46.05292],[10.52833,46.05376],[10.52844,46.05411],[10.52876,46.05446],[10.52911,46.05465],[10.52945,46.05475],[10.52997,46.05475],[10.53082,46.05454],[10.53288,46.05384],[10.5346,46.05336],[10.5358,46.05296],[10.53649,46.05285],[10.53683,46.05287],[10.537,46.05295],[10.53709,46.05304],[10.53712,46.05328],[10.53691,46.05376],[10.53657,46.05423],[10.53575,46.05495],[10.53555,46.05542],[10.53546,46.05721],[10.53552,46.05793],[10.53599,46.05912],[10.53659,46.05983],[10.53923,46.06209],[10.54,46.06257],[10.54061,46.06277],[10.54112,46.06285],[10.5425,46.06272],[10.54301,46.06274],[10.54353,46.06291],[10.54425,46.0634],[10.54461,46.06376],[10.54475,46.064],[10.54482,46.06436],[10.54483,46.06531],[10.54514,46.06626],[10.54537,46.06674],[10.54638,46.06769],[10.54806,46.06912],[10.54833,46.06949],[10.54897,46.07067],[10.54954,46.07125],[10.55039,46.07168],[10.55194,46.07229],[10.55249,46.07258],[10.5556,46.0752],[10.55778,46.07643],[10.55846,46.07671],[10.56035,46.07727],[10.56207,46.07751],[10.56241,46.07763],[10.56258,46.07776],[10.56275,46.07803],[10.563,46.07877],[10.5632,46.07913],[10.56524,46.08151],[10.56653,46.08261],[10.56722,46.08313],[10.56806,46.08365],[10.56842,46.08401],[10.56848,46.08436],[10.56837,46.08508],[10.56841,46.08567],[10.56906,46.08758],[10.5693,46.08806],[10.56996,46.08898],[10.57047,46.08984],[10.57116,46.09115],[10.57131,46.09163],[10.57132,46.0921],[10.57111,46.09329],[10.57111,46.09484],[10.57119,46.09603],[10.57104,46.09651],[10.57075,46.09698]]},"properties":{"ele":2040,"major":0}},{"type":"Feature","geometry":{"type":"LineString","coordinates":[[10.6,45.99185],[10.59977,45.99154],[10.59969,45.99118],[10.59973,45.99094],[10.59996,45.99046],[10.59996,45.9901],[10.59961,45.98951],[10.59891,45.98867],[10.59869,45.98796],[10.59866,45.987],[10.59896,45.98557],[10.59917,45.98498]]},"properties":{"ele":2040,"major":0}},{"type":"Feature","geometry":{"type":"LineString","coordinates":[[10.6,46.02938],[10.5988,46.0296],[10.59743,46.0297],[10.59417,46.03012],[10.59348,46.03014],[10.59279,46.03003],[10.59218,46.02981],[10.59105,46.02909],[10.5907,46.02873],[10.59057,46.02849],[10.59052,46.02814],[10.59075,46.02695],[10.59072,46.02599],[10.59081,46.02361],[10.59071,46.0223],[10.5907,46.02051],[10.59105,46.0192],[10.59099,46.01812],[10.5908,46.01765],[10.58966,46.0161],[10.58937,46.0155],[10.58929,46.01479],[10.5895,46.01359],[10.58944,46.01324],[10.58933,46.013],[10.58868,46.01228],[10.58646,46.01038],[10.58633,46.01002],[10.58698,46.00871],[10.58704,46.00823],[10.58696,46.00751],[10.58699,46.00716],[10.58714,46.00668],[10.58747,46.00606],[10.58799,46.00538],[10.58919,46.00467],[10.5899,46.00382],[10.59039,46.00354],[10.59142,46.00341],[10.59297,46.00348],[10.59468,46.00365],[10.59571,46.00388],[10.5964,46.0042],[10.59853,46.00585],[10.59932,46.00627],[10.6,46.00654]]},"properties":{"ele":2040,"major":0}},{"type":"Feature","geometry":{"type":"LineString","coordinates":[[10.6,46.05577],[10.5988,46.05614],[10.59812,46.05624],[10.59743,46.05618],[10.59623,46.05591],[10.59587,46.05578],[10.59554,46.05552],[10.59522,46.05507],[10.59511,46.05459],[10.59513,46.05423],[10.59525,46.05388],[10.59574,46.05328],[10.5964,46.05285],[10.59794,46.05212],[10.59838,46.05173],[10.59873,46.05114],[10.59935,46.04971],[10.59973,46.04911],[10.6,46.04882]]},"properties":{"ele":2040,"major":0}},{"type":"Feature","geometry":{"type":"LineString","coordinates":[[10.47006,46.03618],[10.47074,46.0363],[10.47114,46.03648],[10.47143,46.03673],[10.47229,46.03778],[10.47268,46.03803],[10.47315,46.03816],[10.474,46.03812],[10.47555,46.03775],[10.47709,46.03749],[10.47967,46.03682],[10.48001,46.03681],[10.48018,46.03689],[10.48033,46.03719],[10.48019,46.03779],[10.47988,46.03827],[10.4785,46.03958],[10.47735,46.04101],[10.47675,46.04145],[10.47593,46.04184],[10.47383,46.04261],[10.47143,46.04306],[10.47006,46.0434]]},"properties":{"ele":2060,"major":0}},{"type":"Feature","geometry":{"type":"LineString","coordinates":[[10.47006,46.05904],[10.47143,46.0595],[10.4732,46.05995],[10.474,46.06026],[10.47486,46.06078],[10.47709,46.06249],[10.47932,46.0634],[10.48085,46.06412],[10.48173,46.06457],[10.48224,46.06495],[10.48276,46.06554],[10.48318,46.06638],[10.48349,46.06686],[10.48479,46.06805],[10.48602,46.06953],[10.48722,46.07041],[10.48747,46.07067],[10.48765,46.07103],[10.48773,46.07138],[10.48782,46.07305],[10.48835,46.07472],[10.48894,46.07565],[10.48963,46.07623],[10.49014,46.07647],[10.49117,46.07661],[10.49237,46.07657],[10.49409,46.07633],[10.49478,46.07641],[10.49546,46.07666],[10.49826,46.07793],[10.49903,46.07841],[10.4993,46.07877],[10.49955,46.07936],[10.49988,46.08067],[10.49995,46.08139],[10.49993,46.08174],[10.49971,46.0827],[10.49934,46.08341],[10.49923,46.08377],[10.49925,46.08413],[10.49936,46.08448],[10.50016,46.08567],[10.50336,46.08899],[10.50456,46.09056],[10.50534,46.09198],[10.50657,46.09389],[10.50665,46.09413],[10.50662,46.09436],[10.50645,46.09466],[10.50622,46.09484],[10.50542,46.09515],[10.50508,46.09521],[10.50439,46.09514],[10.50387,46.09498],[10.50284,46.0944],[10.50233,46.09394],[10.50156,46.09258],[10.50021,46.09127],[10.49954,46.09008],[10.49838,46.08927],[10.49768,46.08829],[10.49735,46.08802],[10.49701,46.08786],[10.49666,46.08786],[10.49632,46.08804],[10.49518,46.08948],[10.49453,46.09008],[10.49392,46.09042],[10.49323,46.09062],[10.49151,46.09073],[10.48791,46.09065],[10.48452,46.09032],[10.48379,46.09014],[10.48293,46.09014],[10.48241,46.08996],[10.48104,46.08933],[10.47939,46.08829],[10.47881,46.08813],[10.47757,46.08794],[10.47709,46.08762],[10.47658,46.08694],[10.47606,46.08657],[10.47555,46.08641],[10.47435,46.08621],[10.47366,46.08597],[10.47305,46.08555],[10.47252,46.08472],[10.47225,46.08448],[10.47143,46.08405],[10.47006,46.08346]]},"properties":{"ele":2060,"major":0}},{"type":"Feature","geometry":{"type":"LineString","coordinates":[[10.48819,45.98498],[10.48842,45.98533],[10.48901,45.98593],[10.48997,45.98675],[10.49094,45.98748],[10.49113,45.98784],[10.49121,45.98832],[10.49135,45.98867],[10.49158,45.98891],[10.49199,45.98915],[10.49289,45.98947],[10.49375,45.98964],[10.49718,45.98972],[10.4984,45.98987],[10.49924,45.99004],[10.50096,45.99068],[10.50267,45.99145],[10.50319,45.99177],[10.50388,45.99237],[10.50456,45.99277],[10.50508,45.99295],[10.50576,45.99303],[10.50645,45.99291],[10.50745,45.99237],[10.50782,45.99224],[10.50851,45.99218],[10.5092,45.99226],[10.50952,45.99213],[10.50963,45.99201],[10.50967,45.99177],[10.50954,45.99155],[10.50843,45.9907],[10.50813,45.99034],[10.50806,45.9901],[10.5082,45.98963],[10.50918,45.9882],[10.5095,45.9876],[10.50996,45.98712],[10.5101,45.98688],[10.51009,45.98653],[10.5096,45.98557],[10.50945,45.98498]]},"properties":{"ele":2060,"major":0}},{"type":"Feature","geometry":{"type":"LineString","coordinates":[[10.56198,46.09698],[10.56194,46.09603],[10.56152,46.09413],[10.56137,46.09377],[10.56072,46.0927],[10.55989,46.09079],[10.55938,46.08996],[10.55886,46.08936],[10.55804,46.08865],[10.55692,46.08779],[10.55623,46.08742],[10.55263,46.08596],[10.54971,46.08432],[10.5461,46.08301],[10.54473,46.0821],[10.54404,46.08138],[10.5434,46.08091],[10.54267,46.08058],[10.54078,46.07991],[10.53992,46.07948],[10.53786,46.07798],[10.53666,46.07693],[10.53499,46.07579],[10.53442,46.0752],[10.53379,46.07412],[10.5334,46.07377],[10.53287,46.07341],[10.53151,46.0727],[10.52999,46.07222],[10.52877,46.07174],[10.52667,46.07055],[10.52425,46.0696],[10.5216,46.06781],[10.52,46.06686],[10.51956,46.0665],[10.51901,46.06591],[10.51862,46.06543],[10.51825,46.06483],[10.51773,46.06424],[10.51641,46.06307],[10.51417,46.06146],[10.51349,46.06114],[10.51211,46.0607],[10.51005,46.06046],[10.50768,46.05995],[10.50593,46.05935],[10.50536,46.059],[10.50523,46.05876],[10.5053,46.05852],[10.50642,46.05733],[10.50721,46.0559],[10.50743,46.0553],[10.50743,46.05483],[10.50731,46.05447],[10.50657,46.05328],[10.50604,46.05221],[10.50516,46.0509],[10.50488,46.04994],[10.50488,46.04911],[10.5048,46.04875],[10.50459,46.0484],[10.5037,46.0474],[10.50327,46.04673],[10.50302,46.04613],[10.50275,46.04458],[10.50255,46.04423],[10.50229,46.04399],[10.50181,46.04369],[10.5013,46.0435],[10.50078,46.04348],[10.50027,46.0436],[10.49701,46.04495],[10.49664,46.04518],[10.49563,46.04612],[10.49514,46.04649],[10.4946,46.04677],[10.49357,46.04717],[10.49289,46.04728],[10.49237,46.04724],[10.49186,46.04703],[10.49154,46.04673],[10.49123,46.04625],[10.49103,46.04565],[10.491,46.04506],[10.49108,46.04458],[10.49119,46.04434],[10.49141,46.04411],[10.49285,46.04291],[10.4932,46.04256],[10.49334,46.0422],[10.49334,46.04172],[10.49328,46.04137],[10.49302,46.04101],[10.49237,46.0404],[10.49117,46.0395],[10.49076,46.03898],[10.4904,46.03755],[10.49059,46.03672],[10.49079,46.03636],[10.49103,46.03612],[10.49142,46.03588],[10.49203,46.03558],[10.49254,46.03542],[10.49323,46.03539],[10.49495,46.03552],[10.49581,46.03572],[10.49632,46.03594],[10.49752,46.03693],[10.49838,46.03738],[10.50027,46.03797],[10.50078,46.03801],[10.5013,46.03793],[10.50181,46.03769],[10.50216,46.03727],[10.5023,46.03672],[10.5024,46.03576],[10.5024,46.03505],[10.50249,46.03457],[10.50267,46.03418],[10.50336,46.03326],[10.5036,46.03267],[10.50359,46.03219],[10.50325,46.03171],[10.50167,46.03064],[10.50141,46.0304],[10.50124,46.03004],[10.50122,46.02957],[10.50129,46.02909],[10.50142,46.02873],[10.50225,46.02742],[10.50228,46.02623],[10.50254,46.02587],[10.50362,46.02492],[10.504,46.02432],[10.50403,46.02397],[10.50389,46.02373],[10.50358,46.02349],[10.50284,46.02304],[10.50156,46.02242],[10.50116,46.02206],[10.50061,46.02104],[10.49977,46.01967],[10.49944,46.01896],[10.49936,46.0186],[10.49942,46.01824],[10.49981,46.01765],[10.50113,46.01658],[10.50168,46.01598],[10.50169,46.01562],[10.50159,46.01526],[10.50074,46.01371],[10.50078,46.01336],[10.50112,46.01252],[10.5011,46.01216],[10.5009,46.01181],[10.5005,46.01133],[10.50027,46.01088],[10.49954,46.01026],[10.49874,46.00918],[10.49847,46.00895],[10.49785,46.00859],[10.49458,46.00716],[10.49424,46.00692],[10.49375,46.00635],[10.49289,46.00591],[10.49237,46.00535],[10.49221,46.00525],[10.49186,46.00514],[10.49123,46.00477],[10.48911,46.00394],[10.4886,46.00383],[10.48808,46.0039],[10.48671,46.00462],[10.48568,46.00506],[10.48482,46.00533],[10.48413,46.00535],[10.48345,46.00521],[10.48087,46.00447],[10.47841,46.00346],[10.47772,46.0031],[10.47713,46.00263],[10.47669,46.00215],[10.4763,46.00143],[10.47572,46.00055],[10.47517,45.99941],[10.47465,45.99881],[10.47442,45.99845],[10.47436,45.99809],[10.47442,45.99774],[10.47495,45.99654],[10.47504,45.99583],[10.47492,45.99487],[10.47449,45.99392],[10.47416,45.99356],[10.47366,45.99326],[10.47194,45.99283],[10.47006,45.99193]]},"properties":{"ele":2060,"major":0}},{"type":"Feature","geometry":{"type":"LineString","coordinates":[[10.58291,45.98498],[10.58272,45.98569],[10.58215,45.98653],[10.58175,45.9876],[10.58108,45.98879],[10.58074,45.99022],[10.58075,45.99106],[10.58091,45.99213],[10.58062,45.99321],[10.58059,45.99404],[10.58085,45.99487],[10.58134,45.99595],[10.58144,45.99678],[10.5814,45.99714],[10.58129,45.99738],[10.58099,45.99774],[10.57922,45.99905],[10.57855,45.99984],[10.57844,46.00024],[10.57841,46.00084],[10.57869,46.00239],[10.57852,46.00275],[10.57817,46.00298],[10.57772,46.0031],[10.57734,46.00312],[10.57597,46.00288],[10.57528,46.00288],[10.57408,46.00325],[10.5734,46.00384],[10.57305,46.00398],[10.57271,46.00403],[10.57048,46.00376],[10.56928,46.00408],[10.56808,46.0041],[10.56739,46.00402],[10.56567,46.00363],[10.56533,46.00362],[10.56499,46.0037],[10.56464,46.00398],[10.56418,46.00501],[10.56348,46.0062],[10.56336,46.0068],[10.56337,46.00728],[10.56315,46.00823],[10.56286,46.00906],[10.5627,46.0093],[10.56241,46.00952],[10.5619,46.00963],[10.55949,46.00943],[10.55846,46.00922],[10.55759,46.00883],[10.55655,46.00811],[10.55618,46.00763],[10.55552,46.0062],[10.55542,46.00585],[10.55548,46.00525],[10.55591,46.00453],[10.55588,46.00418],[10.55537,46.00367],[10.55358,46.00239],[10.55308,46.00167],[10.55263,46.00056],[10.55241,46.00036],[10.55211,46.00027],[10.55177,46.00035],[10.5505,46.00119],[10.54864,46.00215],[10.54782,46.0025],[10.54645,46.00284],[10.54517,46.00298],[10.54318,46.00332],[10.5425,46.00364],[10.54164,46.00433],[10.54095,46.00469],[10.54027,46.00491],[10.53889,46.00507],[10.53803,46.00531],[10.53763,46.00561],[10.53694,46.00644],[10.53632,46.00674],[10.53563,46.00686],[10.5346,46.00685],[10.53374,46.00677],[10.53237,46.00649],[10.53168,46.00643],[10.53117,46.00652],[10.53088,46.0068],[10.53077,46.00716],[10.53062,46.00847],[10.52995,46.00978],[10.52999,46.01026],[10.53028,46.01061],[10.531,46.01099],[10.53288,46.01162],[10.53443,46.01177],[10.53666,46.01182],[10.53718,46.01191],[10.53752,46.01204],[10.53778,46.01228],[10.53838,46.01312],[10.53958,46.0142],[10.54027,46.01466],[10.54147,46.01526],[10.54181,46.01551],[10.54213,46.01598],[10.54271,46.01741],[10.54297,46.01777],[10.54324,46.01801],[10.54384,46.01836],[10.54507,46.01888],[10.54662,46.01916],[10.54752,46.01944],[10.54833,46.01985],[10.54904,46.02039],[10.54933,46.02075],[10.54948,46.0211],[10.54962,46.02289],[10.54996,46.0242],[10.55022,46.02469],[10.55108,46.02573],[10.55177,46.02642],[10.55247,46.02695],[10.55366,46.02752],[10.55554,46.02816],[10.55589,46.02838],[10.55617,46.02873],[10.5564,46.02945],[10.55643,46.03004],[10.55618,46.03124],[10.55618,46.03243],[10.55607,46.03267],[10.55589,46.03283],[10.55554,46.03292],[10.55503,46.03291],[10.55408,46.03267],[10.55356,46.03231],[10.55311,46.03183],[10.55108,46.03034],[10.54799,46.02895],[10.54679,46.02865],[10.54318,46.02832],[10.54267,46.0282],[10.54147,46.02773],[10.5408,46.02754],[10.54044,46.02738],[10.53988,46.02695],[10.53803,46.0261],[10.537,46.02551],[10.53323,46.02401],[10.5313,46.02289],[10.52962,46.02216],[10.52757,46.02087],[10.52653,46.02042],[10.52567,46.02015],[10.52344,46.01974],[10.5231,46.01983],[10.52276,46.02004],[10.52246,46.02039],[10.52234,46.02075],[10.5224,46.0211],[10.52292,46.02218],[10.52307,46.02265],[10.52283,46.02397],[10.52296,46.0248],[10.52315,46.02528],[10.52339,46.02563],[10.52446,46.02659],[10.52476,46.02706],[10.52498,46.02802],[10.52515,46.03004],[10.52511,46.0304],[10.52492,46.03088],[10.52399,46.03231],[10.52362,46.03267],[10.52276,46.03324],[10.5225,46.03362],[10.52247,46.03398],[10.52265,46.03517],[10.52233,46.03624],[10.52232,46.0366],[10.52241,46.03696],[10.52258,46.03727],[10.52285,46.03755],[10.52344,46.0378],[10.52636,46.03776],[10.52722,46.03787],[10.52822,46.03815],[10.52875,46.03839],[10.52911,46.03865],[10.52938,46.03898],[10.52947,46.03934],[10.52934,46.03982],[10.52899,46.04029],[10.52808,46.04133],[10.52739,46.04181],[10.52653,46.04203],[10.52379,46.04208],[10.52327,46.0422],[10.5228,46.04244],[10.5224,46.0428],[10.52222,46.04315],[10.52222,46.04351],[10.52246,46.04399],[10.5231,46.04475],[10.52457,46.04589],[10.5249,46.04625],[10.52514,46.04673],[10.52549,46.04828],[10.52575,46.04887],[10.52734,46.05102],[10.52871,46.05256],[10.52896,46.05304],[10.52915,46.05388],[10.52945,46.05416],[10.52997,46.05424],[10.53065,46.05411],[10.53271,46.05336],[10.53438,46.05292],[10.53532,46.05245],[10.53638,46.05173],[10.53683,46.05154],[10.53752,46.05146],[10.53797,46.05161],[10.53816,46.05185],[10.53826,46.05221],[10.53827,46.05268],[10.53818,46.05304],[10.53792,46.05352],[10.53742,46.05423],[10.53702,46.05459],[10.53633,46.05507],[10.53616,46.0553],[10.53576,46.05709],[10.53575,46.05781],[10.53593,46.0584],[10.53632,46.0591],[10.53685,46.05971],[10.53769,46.06047],[10.53958,46.06196],[10.54027,46.06233],[10.54078,46.06246],[10.5413,46.06248],[10.54301,46.0622],[10.54336,46.06227],[10.5437,46.06245],[10.54473,46.06331],[10.5452,46.06388],[10.54533,46.06436],[10.54537,46.06555],[10.54556,46.06626],[10.54572,46.06662],[10.54672,46.06769],[10.54835,46.069],[10.54868,46.06947],[10.5491,46.07043],[10.54954,46.07096],[10.55057,46.07151],[10.55228,46.07213],[10.55297,46.07246],[10.55346,46.07281],[10.55589,46.07507],[10.55795,46.07623],[10.55881,46.07657],[10.56052,46.07703],[10.56121,46.07712],[10.56258,46.07714],[10.56293,46.07723],[10.5631,46.07739],[10.56319,46.07758],[10.56329,46.07853],[10.5635,46.07901],[10.56544,46.08139],[10.5667,46.08238],[10.56756,46.08286],[10.56859,46.08332],[10.56905,46.08365],[10.56918,46.08389],[10.5692,46.08413],[10.56887,46.08508],[10.56879,46.08567],[10.56938,46.08758],[10.56955,46.08794],[10.57031,46.08899],[10.57157,46.09103],[10.57185,46.09175],[10.57181,46.0921],[10.57152,46.09306],[10.57143,46.09401],[10.57149,46.09484],[10.57169,46.09579],[10.57169,46.09615],[10.57159,46.09651],[10.57128,46.09698]]},"properties":{"ele":2060,"major":0}},{"type":"Feature","geometry":{"type":"LineString","coordinates":[[10.6,45.99292],[10.59814,45.99094],[10.59809,45.9907],[10.5984,45.9901],[10.59838,45.98975],[10.59825,45.98951],[10.59743,45.98855],[10.59704,45.98772],[10.59692,45.98712],[10.59694,45.98676],[10.5976,45.98588],[10.59781,45.98533],[10.59786,45.98498]]},"properties":{"ele":2060,"major":0}},{"type":"Feature","geometry":{"type":"LineString","coordinates":[[10.6,46.02959],[10.59897,46.02977],[10.59743,46.02991],[10.59434,46.0304],[10.59348,46.03044],[10.59279,46.03032],[10.59208,46.03004],[10.59068,46.02921],[10.59029,46.02885],[10.59011,46.02849],[10.59006,46.02814],[10.59033,46.02683],[10.59027,46.02468],[10.59035,46.02337],[10.59029,46.02254],[10.59035,46.02134],[10.59031,46.02051],[10.59064,46.01932],[10.59061,46.0186],[10.59029,46.01777],[10.58977,46.01693],[10.58919,46.01615],[10.58891,46.0155],[10.58878,46.01467],[10.58892,46.01336],[10.58881,46.01288],[10.58844,46.0124],[10.58747,46.01153],[10.5861,46.01055],[10.58593,46.01032],[10.58582,46.01002],[10.58587,46.00978],[10.5864,46.00906],[10.58661,46.00859],[10.58664,46.00823],[10.58648,46.0074],[10.58668,46.00668],[10.58764,46.00515],[10.58845,46.0043],[10.58871,46.00358],[10.58895,46.00334],[10.58919,46.00322],[10.59005,46.0031],[10.59176,46.00313],[10.59434,46.00335],[10.59571,46.00361],[10.59623,46.00381],[10.59657,46.00402],[10.59794,46.00517],[10.59863,46.00567],[10.59932,46.00602],[10.6,46.00627]]},"properties":{"ele":2060,"major":0}},{"type":"Feature","geometry":{"type":"LineString","coordinates":[[10.6,46.05599],[10.59863,46.05641],[10.59812,46.05648],[10.59743,46.05641],[10.59606,46.05607],[10.59554,46.05582],[10.59505,46.0553],[10.5948,46.05483],[10.59471,46.05435],[10.59486,46.05376],[10.59503,46.05351],[10.5954,46.05316],[10.59606,46.05274],[10.59757,46.05197],[10.59798,46.05161],[10.59923,46.04899],[10.59966,46.04839],[10.6,46.04804]]},"properties":{"ele":2060,"major":0}},{"type":"Feature","geometry":{"type":"LineString","coordinates":[[10.47006,46.03587],[10.47074,46.03595],[10.47143,46.03622],[10.47173,46.03648],[10.47246,46.03743],[10.4728,46.03768],[10.47332,46.03783],[10.47435,46.03777],[10.47709,46.0372],[10.47898,46.03663],[10.48018,46.03617],[10.48053,46.03621],[10.4807,46.03636],[10.48089,46.03672],[10.48095,46.03708],[10.48079,46.03767],[10.48049,46.03815],[10.47898,46.0395],[10.47788,46.04101],[10.47729,46.04148],[10.47606,46.04207],[10.47404,46.0428],[10.4716,46.04328],[10.47006,46.04369]]},"properties":{"ele":2080,"major":0}},{"type":"Feature","geometry":{"type":"LineString","coordinates":[[10.47006,46.05834],[10.4704,46.05845],[10.47191,46.05924],[10.47383,46.05976],[10.47464,46.06007],[10.47555,46.06067],[10.47672,46.06186],[10.47737,46.06233],[10.47812,46.06268],[10.48156,46.06396],[10.48242,46.0645],[10.4831,46.06531],[10.48353,46.06626],[10.48392,46.06686],[10.48507,46.06793],[10.48619,46.06938],[10.48746,46.07031],[10.48777,46.07067],[10.48791,46.07115],[10.48804,46.07305],[10.48842,46.07441],[10.4886,46.07478],[10.48906,46.07543],[10.48963,46.0759],[10.49031,46.07625],[10.49117,46.07639],[10.49237,46.07631],[10.49392,46.07601],[10.49495,46.0761],[10.49563,46.07634],[10.4989,46.07784],[10.49943,46.07817],[10.49971,46.07853],[10.4999,46.07901],[10.50055,46.08127],[10.5005,46.08186],[10.49987,46.08389],[10.49987,46.08425],[10.50003,46.08472],[10.50039,46.08544],[10.50077,46.08591],[10.50233,46.08764],[10.50353,46.08879],[10.50439,46.08985],[10.50509,46.09079],[10.50585,46.09198],[10.50718,46.09377],[10.50756,46.09448],[10.50782,46.09583],[10.50765,46.09598],[10.50628,46.09606],[10.50559,46.09601],[10.50387,46.09558],[10.50284,46.09505],[10.502,46.09436],[10.50102,46.09294],[10.49975,46.09166],[10.49898,46.09032],[10.49871,46.09008],[10.49787,46.08955],[10.49718,46.08889],[10.49701,46.0888],[10.49666,46.08879],[10.49615,46.08904],[10.49502,46.09008],[10.49447,46.09044],[10.49375,46.09072],[10.49306,46.09087],[10.49169,46.09094],[10.48945,46.09081],[10.48757,46.09081],[10.4843,46.09043],[10.48362,46.09029],[10.48276,46.09029],[10.48212,46.09008],[10.48078,46.08948],[10.47915,46.08848],[10.47847,46.08829],[10.47742,46.08817],[10.47688,46.08782],[10.47641,46.0872],[10.47589,46.08684],[10.47538,46.08667],[10.47418,46.08647],[10.47349,46.08621],[10.47268,46.08567],[10.47249,46.08544],[10.47218,46.08484],[10.47194,46.08458],[10.47157,46.08436],[10.47006,46.08373]]},"properties":{"ele":2080,"major":0}},{"type":"Feature","geometry":{"type":"LineString","coordinates":[[10.48882,45.98498],[10.48905,45.98533],[10.4895,45.98581],[10.49134,45.98702],[10.49161,45.98736],[10.49203,45.98835],[10.4922,45.98856],[10.49254,45.98878],[10.49323,45.989],[10.49443,45.98919],[10.49907,45.98946],[10.49958,45.98957],[10.50044,45.98995],[10.50284,45.99128],[10.50355,45.99177],[10.50405,45.99224],[10.50439,45.99245],[10.50508,45.99269],[10.50559,45.99274],[10.50628,45.99263],[10.50782,45.992],[10.50885,45.99191],[10.50907,45.99177],[10.50894,45.99154],[10.5079,45.99058],[10.50773,45.99034],[10.50766,45.9901],[10.50776,45.98975],[10.50839,45.98891],[10.50889,45.98808],[10.50919,45.98736],[10.50957,45.98688],[10.50957,45.98653],[10.50914,45.98557],[10.509,45.98498]]},"properties":{"ele":2080,"major":0}},{"type":"Feature","geometry":{"type":"LineString","coordinates":[[10.56164,46.09698],[10.56158,46.09603],[10.5612,46.09496],[10.56106,46.09401],[10.56011,46.09222],[10.55982,46.09139],[10.55949,46.09067],[10.55905,46.08996],[10.55851,46.08936],[10.55778,46.08876],[10.55675,46.08803],[10.55572,46.08749],[10.55245,46.0862],[10.54971,46.0846],[10.54696,46.08364],[10.54552,46.08305],[10.54456,46.08246],[10.54354,46.08151],[10.54318,46.08127],[10.54248,46.08091],[10.54044,46.08008],[10.53958,46.0796],[10.53768,46.07817],[10.53649,46.07713],[10.53485,46.07615],[10.53426,46.07572],[10.53389,46.07531],[10.5335,46.07448],[10.53327,46.07412],[10.5329,46.07377],[10.53224,46.07329],[10.53134,46.07284],[10.52882,46.0721],[10.52792,46.07174],[10.52686,46.07103],[10.52602,46.07055],[10.52375,46.0696],[10.52106,46.06781],[10.51963,46.06698],[10.51829,46.06571],[10.51795,46.06531],[10.51749,46.0646],[10.51702,46.06412],[10.51448,46.06198],[10.514,46.06166],[10.51332,46.06134],[10.51194,46.06094],[10.51005,46.06082],[10.50679,46.0603],[10.50538,46.05983],[10.50365,46.05912],[10.50356,46.059],[10.50366,46.05876],[10.50508,46.0579],[10.50578,46.05721],[10.50671,46.05566],[10.50688,46.05519],[10.50691,46.05471],[10.50675,46.05423],[10.50611,46.05316],[10.50564,46.05221],[10.50493,46.05114],[10.50451,46.04982],[10.5043,46.04875],[10.5031,46.04697],[10.50274,46.04613],[10.50245,46.0447],[10.50231,46.04446],[10.50199,46.04417],[10.5013,46.04386],[10.50061,46.04383],[10.49993,46.04402],[10.49788,46.04482],[10.49701,46.04528],[10.49598,46.04626],[10.49539,46.04673],[10.49478,46.04705],[10.49357,46.04752],[10.49289,46.04765],[10.4922,46.04764],[10.49169,46.04745],[10.49134,46.04715],[10.49092,46.04649],[10.49066,46.04589],[10.49048,46.04506],[10.49049,46.04446],[10.49058,46.04423],[10.49083,46.04392],[10.49168,46.04327],[10.49253,46.04244],[10.49271,46.04208],[10.49275,46.0416],[10.49265,46.04125],[10.4923,46.04077],[10.4919,46.04041],[10.49073,46.03958],[10.49048,46.03933],[10.49027,46.03898],[10.49,46.03743],[10.49009,46.03672],[10.49034,46.03624],[10.49066,46.03596],[10.49117,46.03565],[10.4922,46.03524],[10.49306,46.03517],[10.49495,46.0353],[10.49581,46.03548],[10.49632,46.03568],[10.49683,46.036],[10.49784,46.03684],[10.49855,46.03721],[10.5001,46.03763],[10.50061,46.03765],[10.50113,46.03756],[10.50164,46.03736],[10.50194,46.03696],[10.50213,46.03576],[10.50211,46.03505],[10.50219,46.03457],[10.50246,46.03398],[10.50297,46.03326],[10.50316,46.03279],[10.50319,46.03231],[10.50302,46.03195],[10.5025,46.03149],[10.50127,46.03076],[10.50099,46.03052],[10.50082,46.03016],[10.50078,46.02969],[10.50089,46.02897],[10.50141,46.02766],[10.50139,46.02647],[10.50147,46.02611],[10.50181,46.02575],[10.50284,46.02514],[10.50329,46.0248],[10.50362,46.02432],[10.50364,46.02397],[10.50346,46.02373],[10.50297,46.02337],[10.50125,46.02265],[10.50086,46.02242],[10.50061,46.02219],[10.50035,46.02182],[10.50004,46.0211],[10.49941,46.02003],[10.49884,46.01872],[10.49892,46.01824],[10.49951,46.01729],[10.50096,46.0164],[10.50136,46.01598],[10.50139,46.01574],[10.50129,46.01538],[10.50042,46.01371],[10.50045,46.01336],[10.50081,46.01252],[10.50084,46.01228],[10.50078,46.01205],[10.50057,46.01169],[10.49994,46.01097],[10.49874,46.01002],[10.49828,46.0093],[10.49787,46.00895],[10.49701,46.00854],[10.49511,46.00787],[10.49416,46.0074],[10.49375,46.00706],[10.49361,46.00668],[10.49343,46.00644],[10.49237,46.00569],[10.49171,46.00549],[10.49138,46.00513],[10.49072,46.00477],[10.48894,46.0041],[10.4886,46.00402],[10.48825,46.00407],[10.48739,46.0047],[10.48551,46.00556],[10.48499,46.00573],[10.4843,46.00579],[10.48345,46.00568],[10.48242,46.00537],[10.48087,46.005],[10.47812,46.004],[10.47761,46.00371],[10.47658,46.00295],[10.47567,46.00203],[10.475,46.00084],[10.47457,45.99964],[10.47387,45.99893],[10.47368,45.99857],[10.47364,45.99821],[10.47373,45.99774],[10.47444,45.99654],[10.47462,45.99583],[10.47465,45.99535],[10.47459,45.99487],[10.47422,45.99404],[10.474,45.9938],[10.47365,45.99356],[10.47315,45.99343],[10.47177,45.99326],[10.47126,45.99304],[10.47006,45.99237]]},"properties":{"ele":2080,"major":0}},{"type":"Feature","geometry":{"type":"LineString","coordinates":[[10.58325,45.98498],[10.58313,45.98569],[10.58253,45.98665],[10.58226,45.98748],[10.58133,45.98891],[10.581,45.99082],[10.58098,45.9913],[10.5811,45.99213],[10.5808,45.99321],[10.58075,45.99392],[10.58095,45.9947],[10.58153,45.99595],[10.58173,45.9969],[10.58168,45.99726],[10.5815,45.99762],[10.58129,45.99786],[10.57958,45.99906],[10.57882,45.99988],[10.57875,46.00012],[10.57874,46.00096],[10.57899,46.00215],[10.57899,46.00251],[10.57882,46.00286],[10.57837,46.00318],[10.57752,46.00331],[10.5758,46.00307],[10.57528,46.00311],[10.57443,46.00342],[10.57357,46.00413],[10.57305,46.00429],[10.57237,46.00427],[10.57134,46.00408],[10.57065,46.00403],[10.56945,46.00435],[10.56876,46.00442],[10.56756,46.00433],[10.56584,46.00399],[10.56526,46.00406],[10.56494,46.0043],[10.56369,46.0062],[10.56344,46.0081],[10.563,46.00942],[10.56267,46.00978],[10.56207,46.00995],[10.55984,46.00973],[10.55863,46.00948],[10.55778,46.00918],[10.55657,46.00846],[10.55603,46.00787],[10.55514,46.00608],[10.55507,46.00549],[10.55533,46.00453],[10.55526,46.00418],[10.5548,46.0037],[10.55331,46.00253],[10.55228,46.00135],[10.55207,46.00119],[10.55177,46.00111],[10.55142,46.00115],[10.55108,46.00128],[10.54782,46.00278],[10.54353,46.00369],[10.54267,46.00407],[10.54164,46.0047],[10.54078,46.00506],[10.54027,46.0052],[10.53889,46.00534],[10.53838,46.00548],[10.53786,46.00582],[10.53718,46.00666],[10.53666,46.00692],[10.5358,46.0071],[10.53494,46.00713],[10.53391,46.00705],[10.53254,46.00682],[10.53203,46.00679],[10.53154,46.00692],[10.53131,46.00716],[10.53118,46.00751],[10.53099,46.00859],[10.53043,46.00954],[10.53032,46.0099],[10.53038,46.01026],[10.53065,46.01056],[10.53152,46.01097],[10.53306,46.01145],[10.5346,46.01161],[10.537,46.01157],[10.53752,46.01166],[10.53786,46.0118],[10.53816,46.01205],[10.53877,46.013],[10.53975,46.01388],[10.54044,46.01435],[10.54181,46.01495],[10.54233,46.0153],[10.54252,46.01562],[10.54306,46.01729],[10.54332,46.01765],[10.54373,46.01801],[10.54439,46.01838],[10.54507,46.01865],[10.54696,46.01903],[10.54782,46.01931],[10.54894,46.01991],[10.54954,46.02039],[10.54984,46.02087],[10.54995,46.02122],[10.54992,46.02301],[10.55002,46.02361],[10.55039,46.02443],[10.55108,46.02528],[10.55186,46.02611],[10.55279,46.02683],[10.55383,46.02731],[10.55589,46.02798],[10.55623,46.02821],[10.55646,46.02849],[10.5566,46.02897],[10.55669,46.02993],[10.55652,46.03124],[10.55664,46.03207],[10.55665,46.03267],[10.55657,46.03305],[10.5564,46.03328],[10.55589,46.03345],[10.55537,46.03345],[10.55486,46.03336],[10.55417,46.03309],[10.55348,46.03264],[10.55275,46.03183],[10.55125,46.03068],[10.54816,46.0293],[10.5473,46.02903],[10.54662,46.02889],[10.54387,46.02863],[10.54301,46.02849],[10.54233,46.02828],[10.54142,46.0279],[10.54056,46.02766],[10.54027,46.02753],[10.5397,46.02706],[10.53786,46.0262],[10.53687,46.02563],[10.53306,46.0241],[10.53117,46.02301],[10.52952,46.0223],[10.52743,46.02099],[10.52653,46.02058],[10.52567,46.02031],[10.52361,46.02002],[10.52327,46.02009],[10.52293,46.02026],[10.52271,46.02051],[10.52262,46.02075],[10.5227,46.02122],[10.52334,46.02265],[10.52333,46.02301],[10.52313,46.02397],[10.52315,46.02432],[10.52326,46.02468],[10.52345,46.02504],[10.52379,46.02544],[10.52464,46.02614],[10.52496,46.02647],[10.52525,46.02706],[10.52538,46.02778],[10.52557,46.03016],[10.52542,46.03088],[10.52446,46.03243],[10.52411,46.03279],[10.52325,46.03338],[10.52298,46.03374],[10.52293,46.03422],[10.52303,46.03517],[10.52275,46.03636],[10.52281,46.03684],[10.52296,46.03708],[10.52321,46.03731],[10.52379,46.03754],[10.52447,46.0376],[10.52585,46.03757],[10.5267,46.03762],[10.52739,46.03772],[10.52862,46.03803],[10.52912,46.03827],[10.52955,46.03862],[10.5298,46.03898],[10.52991,46.03946],[10.52985,46.03982],[10.52952,46.04029],[10.52834,46.04148],[10.52756,46.042],[10.52705,46.04218],[10.52653,46.04226],[10.52396,46.04231],[10.52344,46.04242],[10.5231,46.04259],[10.52276,46.04291],[10.52264,46.04315],[10.52264,46.04351],[10.52285,46.04399],[10.52344,46.04469],[10.52481,46.04565],[10.52519,46.04601],[10.5255,46.04661],[10.52573,46.04816],[10.52604,46.04887],[10.52701,46.05006],[10.52776,46.05114],[10.52979,46.0533],[10.53013,46.05352],[10.53048,46.05357],[10.531,46.05349],[10.5325,46.05292],[10.53409,46.05252],[10.53473,46.05221],[10.53574,46.05149],[10.53666,46.05111],[10.53718,46.051],[10.53786,46.05095],[10.53821,46.05099],[10.53855,46.05115],[10.53876,46.05137],[10.53887,46.05173],[10.53885,46.05245],[10.53872,46.05305],[10.53849,46.05352],[10.53791,46.05435],[10.53765,46.05459],[10.53683,46.05512],[10.53655,46.05542],[10.536,46.05733],[10.536,46.05781],[10.53619,46.0584],[10.53657,46.059],[10.53731,46.05983],[10.53855,46.06083],[10.54009,46.06177],[10.54044,46.06191],[10.54078,46.06199],[10.5413,46.06198],[10.54301,46.06153],[10.54353,46.0616],[10.54404,46.06186],[10.54542,46.06338],[10.54568,46.06376],[10.54581,46.06424],[10.54586,46.06579],[10.54598,46.06626],[10.54617,46.06662],[10.54696,46.0676],[10.54833,46.06865],[10.54868,46.06899],[10.54899,46.06948],[10.54941,46.07043],[10.54988,46.07091],[10.55091,46.07143],[10.5527,46.07198],[10.5535,46.07234],[10.55396,46.07269],[10.55606,46.07484],[10.55697,46.07543],[10.55829,46.07612],[10.55932,46.07649],[10.56069,46.0768],[10.56172,46.07684],[10.56327,46.07666],[10.56361,46.07672],[10.56378,46.07684],[10.5639,46.07722],[10.56365,46.07829],[10.56374,46.07877],[10.56403,46.07924],[10.56563,46.08127],[10.56619,46.08174],[10.56687,46.08217],[10.5679,46.08262],[10.56945,46.08314],[10.56968,46.08329],[10.56985,46.08353],[10.56991,46.08377],[10.56986,46.08413],[10.56931,46.0852],[10.56919,46.08567],[10.56923,46.08603],[10.56962,46.08746],[10.56984,46.08794],[10.57047,46.08877],[10.57134,46.09015],[10.57207,46.09103],[10.57239,46.09163],[10.57236,46.09198],[10.5719,46.09306],[10.57172,46.09389],[10.57174,46.0946],[10.57208,46.09579],[10.57213,46.09615],[10.57206,46.09651],[10.57178,46.09698]]},"properties":{"ele":2080,"major":0}},{"type":"Feature","geometry":{"type":"LineString","coordinates":[[10.6,45.99456],[10.59956,45.9944],[10.59914,45.99404],[10.59888,45.99297],[10.5986,45.99249],[10.59814,45.99213],[10.59709,45.99154],[10.5968,45.99118],[10.59674,45.99094],[10.59677,45.99022],[10.5967,45.98987],[10.5959,45.98832],[10.59549,45.98724],[10.59485,45.98629],[10.59468,45.98593],[10.59463,45.98545],[10.59485,45.98498]]},"properties":{"ele":2080,"major":0}},{"type":"Feature","geometry":{"type":"LineString","coordinates":[[10.6,46.0298],[10.5976,46.03011],[10.59434,46.03073],[10.59348,46.03078],[10.59279,46.03062],[10.59176,46.03017],[10.5903,46.02933],[10.58988,46.02896],[10.58969,46.02861],[10.58964,46.02826],[10.5899,46.02671],[10.58972,46.02456],[10.58996,46.0217],[10.5899,46.02051],[10.59026,46.01932],[10.59024,46.01872],[10.58978,46.01765],[10.58941,46.01705],[10.58876,46.01622],[10.58848,46.01562],[10.58825,46.01455],[10.58838,46.01336],[10.58827,46.01276],[10.58802,46.0124],[10.5873,46.0117],[10.58593,46.01073],[10.58545,46.01002],[10.58537,46.00978],[10.58594,46.00895],[10.58612,46.00859],[10.58617,46.00823],[10.58603,46.00751],[10.58605,46.00716],[10.58632,46.00656],[10.587,46.00561],[10.58736,46.00477],[10.58748,46.0043],[10.58739,46.0037],[10.58756,46.00346],[10.58789,46.00322],[10.58847,46.00298],[10.58936,46.00282],[10.59022,46.00283],[10.594,46.00305],[10.59571,46.00336],[10.59657,46.00371],[10.59794,46.0049],[10.5988,46.00553],[10.59949,46.00587],[10.6,46.00603]]},"properties":{"ele":2080,"major":0}},{"type":"Feature","geometry":{"type":"LineString","coordinates":[[10.6,46.0562],[10.59863,46.05664],[10.59812,46.05672],[10.59743,46.05665],[10.59588,46.0562],[10.59537,46.05592],[10.59486,46.05542],[10.59443,46.05471],[10.59432,46.05423],[10.59439,46.05376],[10.59471,46.05328],[10.5954,46.0528],[10.59713,46.05185],[10.59753,46.05149],[10.5979,46.05054],[10.59874,46.04887],[10.59949,46.04773],[10.59977,46.04744],[10.6,46.0473]]},"properties":{"ele":2080,"major":0}},{"type":"Feature","geometry":{"type":"LineString","coordinates":[[10.47006,46.03552],[10.47103,46.03565],[10.4716,46.03586],[10.47209,46.03624],[10.47264,46.03696],[10.47297,46.03726],[10.47339,46.03743],[10.474,46.03749],[10.47658,46.03704],[10.47864,46.03646],[10.47936,46.03612],[10.48018,46.03537],[10.48036,46.03529],[10.4807,46.03526],[10.48104,46.03541],[10.4812,46.03565],[10.48138,46.03708],[10.48128,46.03767],[10.48098,46.03815],[10.48053,46.0386],[10.47931,46.03958],[10.47892,46.04005],[10.4783,46.04107],[10.47778,46.04152],[10.47662,46.04208],[10.47435,46.04293],[10.4716,46.04352],[10.47074,46.04374],[10.47006,46.044]]},"properties":{"ele":2100,"major":1}},{"type":"Feature","geometry":{"type":"LineString","coordinates":[[10.47006,46.05783],[10.47074,46.05806],[10.47183,46.05876],[10.47229,46.05898],[10.47435,46.05956],[10.47538,46.05995],[10.47606,46.06043],[10.47682,46.0615],[10.4772,46.06186],[10.47772,46.06221],[10.47858,46.06257],[10.4819,46.06367],[10.48232,46.06388],[10.48276,46.06423],[10.4834,46.06507],[10.48378,46.06603],[10.48422,46.06674],[10.48533,46.06779],[10.48636,46.06924],[10.48678,46.0696],[10.48768,46.07019],[10.48802,46.07055],[10.48813,46.07091],[10.48828,46.07317],[10.4885,46.07412],[10.48889,46.07484],[10.4894,46.07543],[10.48963,46.0756],[10.49031,46.07597],[10.49117,46.07615],[10.4922,46.07607],[10.49375,46.07568],[10.49512,46.0758],[10.49579,46.07603],[10.49924,46.07761],[10.4999,46.07805],[10.5002,46.07853],[10.50054,46.07984],[10.50102,46.08079],[10.50111,46.08115],[10.50108,46.08163],[10.50062,46.08305],[10.50047,46.08389],[10.50056,46.0846],[10.50085,46.08544],[10.50117,46.08591],[10.50233,46.08733],[10.5037,46.08864],[10.50462,46.08972],[10.50596,46.09163],[10.50786,46.09401],[10.50879,46.09544],[10.50971,46.09632],[10.51077,46.09698]]},"properties":{"ele":2100,"major":1}},{"type":"Feature","geometry":{"type":"LineString","coordinates":[[10.48942,45.98498],[10.48963,45.98526],[10.48997,45.98555],[10.49108,45.98617],[10.49172,45.98665],[10.49203,45.987],[10.49263,45.98808],[10.49306,45.98839],[10.49409,45.98866],[10.49615,45.98899],[10.49804,45.98907],[10.49941,45.98902],[10.50009,45.98915],[10.50078,45.98952],[10.50374,45.99165],[10.50428,45.99213],[10.5049,45.99239],[10.50542,45.99245],[10.50611,45.99233],[10.5078,45.99165],[10.50796,45.99154],[10.50799,45.99142],[10.50792,45.99118],[10.50733,45.99046],[10.50721,45.9901],[10.50735,45.98975],[10.50807,45.98891],[10.50848,45.9882],[10.50898,45.98676],[10.50898,45.98641],[10.50865,45.98557],[10.50849,45.98498]]},"properties":{"ele":2100,"major":1}},{"type":"Feature","geometry":{"type":"LineString","coordinates":[[10.50701,46.09698],[10.50645,46.09676],[10.5037,46.09592],[10.50302,46.0956],[10.50233,46.09517],[10.50164,46.09451],[10.50061,46.09317],[10.49943,46.09198],[10.49855,46.09056],[10.49811,46.0902],[10.49701,46.08957],[10.49666,46.0895],[10.49615,46.0896],[10.49581,46.0898],[10.49512,46.09037],[10.4946,46.09064],[10.49357,46.09099],[10.49254,46.09113],[10.49151,46.09113],[10.48945,46.09097],[10.48739,46.09098],[10.48533,46.09064],[10.48262,46.09044],[10.4819,46.09021],[10.4807,46.08969],[10.47943,46.08889],[10.47895,46.08865],[10.4783,46.08847],[10.47744,46.08841],[10.4771,46.08829],[10.47658,46.08796],[10.47616,46.08734],[10.47555,46.08699],[10.47383,46.08664],[10.47332,46.08644],[10.47263,46.08603],[10.47203,46.08555],[10.47182,46.08532],[10.4717,46.08496],[10.47151,46.08472],[10.47006,46.084]]},"properties":{"ele":2100,"major":1}},{"type":"Feature","geometry":{"type":"LineString","coordinates":[[10.5613,46.09698],[10.56124,46.09615],[10.5607,46.09496],[10.56057,46.09389],[10.55977,46.09234],[10.55924,46.09079],[10.55881,46.09008],[10.55842,46.0896],[10.55726,46.0887],[10.55554,46.08772],[10.55245,46.08651],[10.5505,46.08532],[10.54961,46.08484],[10.54686,46.08389],[10.5448,46.08305],[10.5442,46.0827],[10.54323,46.08186],[10.54284,46.0816],[10.54161,46.08091],[10.53975,46.08001],[10.53816,46.07889],[10.53616,46.07722],[10.5354,46.07674],[10.53424,46.07615],[10.53374,46.0758],[10.53334,46.07531],[10.53295,46.07448],[10.53272,46.07412],[10.53239,46.07377],[10.53194,46.07341],[10.53117,46.07302],[10.52842,46.07228],[10.52739,46.0719],[10.52585,46.07079],[10.52361,46.06979],[10.52224,46.06894],[10.52087,46.068],[10.51934,46.0671],[10.51898,46.0668],[10.51765,46.06543],[10.51713,46.06472],[10.51658,46.06415],[10.51417,46.06219],[10.51349,46.06175],[10.51289,46.0615],[10.51194,46.06124],[10.5104,46.06119],[10.50868,46.06098],[10.50662,46.06087],[10.50473,46.06026],[10.50266,46.05995],[10.50198,46.05971],[10.50176,46.05947],[10.50169,46.05912],[10.50176,46.05888],[10.50196,46.05864],[10.50267,46.05828],[10.50424,46.05781],[10.50473,46.05754],[10.50508,46.05721],[10.50611,46.05566],[10.50629,46.05519],[10.50636,46.05459],[10.50618,46.05399],[10.50526,46.05233],[10.50465,46.05137],[10.50443,46.05054],[10.50383,46.04875],[10.50277,46.04697],[10.50244,46.04613],[10.50218,46.04494],[10.50206,46.0447],[10.50181,46.04445],[10.50147,46.04425],[10.50113,46.04414],[10.50044,46.04415],[10.49975,46.04433],[10.49804,46.04497],[10.49726,46.04542],[10.49604,46.04661],[10.49557,46.04697],[10.49495,46.04731],[10.49357,46.04783],[10.49272,46.04801],[10.49203,46.04803],[10.49151,46.04786],[10.49114,46.04756],[10.49089,46.0472],[10.49031,46.04607],[10.48995,46.04494],[10.48992,46.04458],[10.49008,46.04411],[10.49031,46.04376],[10.49111,46.04303],[10.49187,46.0422],[10.49211,46.04172],[10.49216,46.04137],[10.4921,46.04113],[10.49185,46.04077],[10.49031,46.03958],[10.48999,46.03922],[10.48978,46.03886],[10.48973,46.03815],[10.48952,46.03731],[10.48951,46.03708],[10.48966,46.0366],[10.48995,46.03612],[10.49031,46.03579],[10.49083,46.03546],[10.49189,46.03505],[10.49289,46.03495],[10.49478,46.03506],[10.49581,46.03525],[10.49649,46.0355],[10.49692,46.03576],[10.49813,46.03672],[10.49872,46.03703],[10.49993,46.03733],[10.50078,46.03728],[10.50133,46.03708],[10.50164,46.03674],[10.50182,46.03588],[10.50183,46.03493],[10.50189,46.03457],[10.50216,46.03398],[10.50264,46.03326],[10.50279,46.0329],[10.50283,46.03243],[10.50258,46.03195],[10.50196,46.03147],[10.50065,46.03076],[10.50038,46.0304],[10.50029,46.02993],[10.50041,46.02909],[10.50077,46.02778],[10.50084,46.02647],[10.50097,46.02599],[10.5013,46.02563],[10.50292,46.02468],[10.50321,46.02432],[10.50322,46.02397],[10.50304,46.02373],[10.50267,46.02346],[10.50067,46.02277],[10.5001,46.02238],[10.49971,46.02182],[10.49946,46.0211],[10.49878,46.01979],[10.49836,46.01872],[10.49844,46.01824],[10.49907,46.01715],[10.49941,46.01689],[10.50059,46.01634],[10.50097,46.01598],[10.501,46.01574],[10.50092,46.01538],[10.50013,46.01371],[10.50018,46.01324],[10.50054,46.0124],[10.50053,46.01205],[10.50027,46.01162],[10.49958,46.01102],[10.49838,46.01025],[10.49787,46.00951],[10.49752,46.00918],[10.49701,46.00891],[10.49478,46.00816],[10.49357,46.00763],[10.4932,46.00728],[10.49318,46.00668],[10.4929,46.00632],[10.4922,46.00581],[10.49151,46.00566],[10.49124,46.00537],[10.49055,46.00489],[10.48963,46.00454],[10.48877,46.00429],[10.48842,46.00428],[10.48825,46.00435],[10.48739,46.00506],[10.48551,46.00597],[10.48482,46.00619],[10.48413,46.00625],[10.48327,46.00616],[10.48224,46.00585],[10.48018,46.00542],[10.47778,46.00459],[10.47727,46.00434],[10.47503,46.00242],[10.47457,46.00191],[10.47425,46.00131],[10.47371,45.99988],[10.47323,45.99917],[10.47306,45.99881],[10.473,45.99833],[10.47313,45.99774],[10.47332,45.99738],[10.474,45.99654],[10.47421,45.99595],[10.47428,45.99511],[10.47418,45.99476],[10.47394,45.99428],[10.47366,45.99398],[10.47332,45.99382],[10.4716,45.99376],[10.47109,45.99364],[10.47006,45.99294]]},"properties":{"ele":2100,"major":1}},{"type":"Feature","geometry":{"type":"LineString","coordinates":[[10.58358,45.98498],[10.58351,45.98569],[10.58291,45.98676],[10.5826,45.9876],[10.58164,45.98898],[10.58156,45.98987],[10.58122,45.99118],[10.58128,45.99213],[10.58096,45.99344],[10.58094,45.99404],[10.5811,45.99464],[10.58165,45.99583],[10.582,45.99678],[10.58203,45.99726],[10.58181,45.99774],[10.58149,45.99809],[10.58061,45.99874],[10.57971,45.99929],[10.57915,45.99988],[10.57908,46.00012],[10.57903,46.00108],[10.57928,46.00227],[10.57929,46.00263],[10.57914,46.00298],[10.57872,46.00331],[10.5782,46.00345],[10.57769,46.0035],[10.57597,46.00334],[10.57528,46.00339],[10.57476,46.00358],[10.57377,46.00441],[10.57323,46.00456],[10.57271,46.00455],[10.57099,46.00431],[10.57048,46.00436],[10.56962,46.00465],[10.56893,46.00475],[10.56773,46.00466],[10.56619,46.00443],[10.56584,46.00443],[10.5655,46.00452],[10.56516,46.00475],[10.56464,46.00523],[10.56396,46.00613],[10.56377,46.0068],[10.5637,46.00799],[10.56327,46.00967],[10.5631,46.00998],[10.56293,46.01014],[10.56241,46.01033],[10.5619,46.01034],[10.56121,46.01025],[10.55984,46.01001],[10.55898,46.00979],[10.55755,46.0093],[10.55638,46.00859],[10.55584,46.00799],[10.55537,46.00702],[10.55484,46.0062],[10.55473,46.00561],[10.55477,46.00453],[10.55464,46.00418],[10.55432,46.00382],[10.55314,46.00282],[10.55228,46.00198],[10.55194,46.00173],[10.5516,46.00163],[10.55108,46.00167],[10.55022,46.00194],[10.54782,46.00304],[10.54583,46.00346],[10.54336,46.00421],[10.54078,46.00536],[10.53906,46.00558],[10.53855,46.00572],[10.53818,46.00596],[10.53747,46.0068],[10.53718,46.007],[10.5368,46.00716],[10.53597,46.00733],[10.53512,46.00738],[10.53237,46.00713],[10.53191,46.00728],[10.5317,46.00751],[10.53137,46.00871],[10.53086,46.00954],[10.53073,46.0099],[10.5308,46.01026],[10.53104,46.0105],[10.53185,46.01087],[10.53323,46.01126],[10.5346,46.01145],[10.53632,46.01131],[10.537,46.01132],[10.53804,46.01157],[10.53854,46.01193],[10.53928,46.013],[10.54009,46.01369],[10.54078,46.01411],[10.54215,46.01466],[10.54267,46.01503],[10.54298,46.0155],[10.5432,46.01658],[10.54335,46.01705],[10.54358,46.01741],[10.54407,46.01789],[10.54456,46.0182],[10.54507,46.01842],[10.54696,46.0188],[10.54799,46.01914],[10.54909,46.01967],[10.54977,46.02015],[10.55022,46.02084],[10.55036,46.02134],[10.55037,46.02218],[10.55019,46.02313],[10.55022,46.02349],[10.55043,46.02397],[10.55091,46.02458],[10.55207,46.02587],[10.55297,46.02659],[10.554,46.02708],[10.55617,46.02778],[10.55655,46.02802],[10.55683,46.02838],[10.55692,46.02873],[10.55693,46.02981],[10.55682,46.03124],[10.55699,46.03207],[10.55702,46.03279],[10.55697,46.03338],[10.55675,46.03367],[10.55623,46.03381],[10.55537,46.03382],[10.55485,46.03374],[10.55417,46.03351],[10.55348,46.03301],[10.55243,46.03183],[10.55142,46.03103],[10.55067,46.03064],[10.54816,46.02955],[10.5473,46.02928],[10.54645,46.0291],[10.54387,46.02883],[10.54301,46.02869],[10.54009,46.02767],[10.53878,46.02683],[10.53769,46.02631],[10.53683,46.02582],[10.53323,46.02434],[10.53104,46.02313],[10.52945,46.02246],[10.52813,46.0217],[10.52726,46.0211],[10.52653,46.02074],[10.5255,46.02045],[10.52379,46.02028],[10.52344,46.02033],[10.5231,46.0205],[10.52289,46.02087],[10.52294,46.02122],[10.52359,46.02265],[10.5236,46.02301],[10.52341,46.02397],[10.52355,46.02456],[10.524,46.02516],[10.52534,46.02623],[10.52561,46.02671],[10.52582,46.02754],[10.52602,46.03028],[10.52597,46.03076],[10.52585,46.03112],[10.52493,46.03255],[10.52458,46.0329],[10.52372,46.0335],[10.52344,46.03386],[10.52333,46.03433],[10.52336,46.03541],[10.52315,46.03636],[10.5232,46.03672],[10.52349,46.03708],[10.52406,46.03731],[10.52688,46.03746],[10.52842,46.03774],[10.529,46.03791],[10.52946,46.03815],[10.52997,46.03862],[10.53016,46.03898],[10.53032,46.03958],[10.53025,46.04005],[10.52997,46.04041],[10.52855,46.0416],[10.52773,46.04213],[10.52722,46.04233],[10.5267,46.04243],[10.52464,46.04248],[10.5239,46.04256],[10.52333,46.0428],[10.52305,46.04315],[10.52301,46.04339],[10.52308,46.04375],[10.52344,46.04429],[10.52396,46.04473],[10.52526,46.04554],[10.52578,46.04613],[10.52598,46.04673],[10.52604,46.04816],[10.52628,46.04875],[10.52722,46.04984],[10.5278,46.05078],[10.5283,46.05137],[10.52962,46.05258],[10.53014,46.05288],[10.53048,46.05298],[10.53117,46.05293],[10.53374,46.05222],[10.53429,46.05197],[10.53546,46.05123],[10.53666,46.05078],[10.53803,46.05058],[10.53867,46.05066],[10.53906,46.05084],[10.5393,46.05114],[10.5394,46.05161],[10.53919,46.0528],[10.53904,46.05328],[10.53872,46.05387],[10.53826,46.05447],[10.53718,46.05524],[10.53688,46.05554],[10.53637,46.05685],[10.53624,46.05733],[10.53624,46.05781],[10.5364,46.05828],[10.53671,46.05876],[10.53753,46.05971],[10.53807,46.06019],[10.53872,46.06064],[10.53975,46.06111],[10.54044,46.06132],[10.5413,46.06141],[10.54267,46.06107],[10.54318,46.06102],[10.54404,46.0612],[10.5446,46.0615],[10.54517,46.06209],[10.54595,46.06317],[10.54614,46.06352],[10.54628,46.06424],[10.5463,46.06591],[10.54655,46.06662],[10.54715,46.06745],[10.54833,46.06836],[10.54889,46.06888],[10.54922,46.06936],[10.54962,46.07019],[10.54988,46.07055],[10.55034,46.07091],[10.55108,46.07127],[10.55329,46.07186],[10.55409,46.07222],[10.55452,46.07258],[10.55613,46.07448],[10.55657,46.07487],[10.55726,46.07531],[10.55812,46.07579],[10.55898,46.07615],[10.56069,46.07656],[10.56138,46.0766],[10.5619,46.07655],[10.56413,46.07596],[10.56447,46.07599],[10.56464,46.07609],[10.56476,46.07639],[10.56471,46.07686],[10.56412,46.07817],[10.56409,46.07865],[10.56432,46.07913],[10.5655,46.08081],[10.56619,46.08148],[10.56705,46.08198],[10.5679,46.08229],[10.57014,46.08281],[10.57048,46.08304],[10.57062,46.08329],[10.57062,46.08365],[10.5705,46.08413],[10.57019,46.08472],[10.56978,46.08532],[10.56963,46.08567],[10.56962,46.08603],[10.56984,46.08734],[10.57011,46.08794],[10.57151,46.08988],[10.57275,46.09115],[10.57294,46.09151],[10.57287,46.09198],[10.5722,46.09317],[10.57196,46.09401],[10.57202,46.09472],[10.57253,46.09615],[10.57249,46.09651],[10.57223,46.09698]]},"properties":{"ele":2100,"major":1}},{"type":"Feature","geometry":{"type":"LineString","coordinates":[[10.6,45.99515],[10.5988,45.99508],[10.59846,45.99497],[10.59812,45.99476],[10.59787,45.9944],[10.59783,45.99356],[10.59761,45.99309],[10.59726,45.99272],[10.59623,45.99212],[10.59588,45.99177],[10.59582,45.99154],[10.59591,45.99058],[10.59586,45.99022],[10.5957,45.98987],[10.59452,45.98796],[10.59416,45.98688],[10.59381,45.98617],[10.59369,45.98557],[10.59382,45.98498]]},"properties":{"ele":2100,"major":1}},{"type":"Feature","geometry":{"type":"LineString","coordinates":[[10.6,46.03002],[10.59746,46.0304],[10.59434,46.03112],[10.59348,46.03118],[10.59297,46.03108],[10.59262,46.03094],[10.59005,46.02953],[10.58952,46.02909],[10.58932,46.02873],[10.58926,46.02838],[10.58945,46.02635],[10.58916,46.02444],[10.58956,46.0217],[10.58948,46.02039],[10.58988,46.01932],[10.58986,46.01872],[10.58961,46.01801],[10.58936,46.01755],[10.58836,46.01634],[10.58803,46.01574],[10.58775,46.01455],[10.58773,46.01395],[10.58781,46.013],[10.58766,46.01252],[10.58713,46.01189],[10.58575,46.01085],[10.58514,46.01002],[10.58499,46.00966],[10.58504,46.00942],[10.58532,46.00895],[10.58555,46.00835],[10.58559,46.00799],[10.58553,46.0074],[10.58562,46.00704],[10.58592,46.00656],[10.58661,46.00573],[10.58678,46.00537],[10.5869,46.00465],[10.58668,46.00406],[10.58672,46.0037],[10.58696,46.00338],[10.5873,46.0031],[10.58799,46.00279],[10.58902,46.00262],[10.5897,46.00258],[10.59125,46.00271],[10.59417,46.00281],[10.59554,46.00307],[10.59623,46.00326],[10.59674,46.00351],[10.59714,46.00382],[10.59794,46.0046],[10.59876,46.00525],[10.59932,46.00557],[10.6,46.00581]]},"properties":{"ele":2100,"major":1}},{"type":"Feature","geometry":{"type":"LineString","coordinates":[[10.6,46.05641],[10.59863,46.0569],[10.59812,46.05696],[10.59726,46.05684],[10.59588,46.05638],[10.5952,46.05602],[10.59458,46.05542],[10.59405,46.05459],[10.59393,46.05399],[10.59398,46.05352],[10.59419,46.05316],[10.59633,46.05197],[10.59693,46.05149],[10.59709,46.05125],[10.59741,46.0503],[10.59786,46.04959],[10.59829,46.04865],[10.59889,46.04756],[10.59934,46.04708],[10.6,46.04675]]},"properties":{"ele":2100,"major":1}},{"type":"Feature","geometry":{"type":"LineString","coordinates":[[10.47006,46.03519],[10.47109,46.03534],[10.47174,46.03553],[10.47232,46.03588],[10.47315,46.0367],[10.47349,46.03694],[10.474,46.03708],[10.47452,46.0371],[10.47641,46.03682],[10.47847,46.03625],[10.47912,46.03588],[10.47967,46.0352],[10.48001,46.03494],[10.4807,46.03472],[10.48121,46.03472],[10.48156,46.03491],[10.4817,46.03529],[10.48172,46.03743],[10.48166,46.03779],[10.48145,46.03815],[10.48095,46.03862],[10.47959,46.0397],[10.47921,46.04017],[10.47868,46.04113],[10.47812,46.04164],[10.47746,46.04196],[10.47469,46.04306],[10.474,46.04325],[10.47143,46.04379],[10.47081,46.04399],[10.47006,46.04435]]},"properties":{"ele":2120,"major":0}},{"type":"Feature","geometry":{"type":"LineString","coordinates":[[10.47006,46.05741],[10.47091,46.0577],[10.47246,46.05869],[10.47538,46.05952],[10.47606,46.05983],[10.47656,46.06031],[10.47692,46.06102],[10.47717,46.06138],[10.47761,46.06178],[10.47812,46.06209],[10.4807,46.06295],[10.48224,46.0634],[10.48299,46.06388],[10.48327,46.06421],[10.48375,46.06495],[10.48392,46.06531],[10.48406,46.06591],[10.48456,46.06674],[10.48559,46.06769],[10.48657,46.06912],[10.48705,46.06953],[10.48793,46.07007],[10.48829,46.07043],[10.4884,46.07079],[10.48839,46.07162],[10.48849,46.07317],[10.48864,46.074],[10.48905,46.07472],[10.48979,46.07543],[10.49066,46.07581],[10.49134,46.0759],[10.49203,46.07581],[10.49306,46.07548],[10.49357,46.07538],[10.49426,46.07538],[10.49512,46.07551],[10.49581,46.07575],[10.49965,46.07746],[10.50038,46.07793],[10.50066,46.07841],[10.50096,46.07972],[10.50151,46.08067],[10.50165,46.08115],[10.50165,46.08151],[10.50123,46.0827],[10.50108,46.08389],[10.50121,46.08484],[10.50169,46.08591],[10.50246,46.0871],[10.50299,46.0877],[10.50387,46.08851],[10.50481,46.0896],[10.50611,46.09141],[10.50831,46.09401],[10.5094,46.09556],[10.51023,46.09629],[10.51154,46.09698]]},"properties":{"ele":2120,"major":0}},{"type":"Feature","geometry":{"type":"LineString","coordinates":[[10.49022,45.98498],[10.49048,45.98518],[10.49134,45.98564],[10.49186,45.98606],[10.49241,45.98665],[10.49306,45.98765],[10.49344,45.98796],[10.49411,45.9882],[10.49615,45.98866],[10.49769,45.98875],[10.49958,45.98868],[10.5001,45.98874],[10.50073,45.98891],[10.50137,45.98927],[10.50257,45.99046],[10.50422,45.99182],[10.50473,45.99208],[10.50525,45.99217],[10.50564,45.99213],[10.50611,45.99198],[10.50691,45.99154],[10.50716,45.9913],[10.50717,45.99106],[10.50676,45.99046],[10.50667,45.9901],[10.50689,45.98975],[10.5079,45.98867],[10.50825,45.98796],[10.50837,45.98748],[10.50837,45.98629],[10.508,45.98498]]},"properties":{"ele":2120,"major":0}},{"type":"Feature","geometry":{"type":"LineString","coordinates":[[10.50565,46.09698],[10.50319,46.09606],[10.50216,46.09541],[10.50164,46.09494],[10.50078,46.09393],[10.49916,46.09222],[10.49827,46.09079],[10.49783,46.09044],[10.49718,46.09009],[10.49666,46.08998],[10.49632,46.09003],[10.49529,46.0906],[10.49453,46.09091],[10.4934,46.09124],[10.49237,46.09135],[10.48945,46.09113],[10.48739,46.09114],[10.48533,46.09076],[10.48293,46.09064],[10.48242,46.09055],[10.48053,46.08984],[10.47919,46.08901],[10.47865,46.08877],[10.47812,46.08865],[10.47709,46.08857],[10.47675,46.08847],[10.47641,46.08825],[10.47602,46.08758],[10.47538,46.08718],[10.47469,46.08699],[10.47366,46.08685],[10.47315,46.08667],[10.47212,46.08604],[10.47112,46.08555],[10.47068,46.08472],[10.47006,46.08431]]},"properties":{"ele":2120,"major":0}},{"type":"Feature","geometry":{"type":"LineString","coordinates":[[10.56094,46.09698],[10.56085,46.09615],[10.56024,46.09508],[10.55993,46.09353],[10.55938,46.09234],[10.55901,46.09091],[10.55866,46.09032],[10.55821,46.08972],[10.55781,46.08936],[10.55726,46.08899],[10.55537,46.08798],[10.55245,46.08683],[10.54945,46.08508],[10.54487,46.08341],[10.54387,46.08295],[10.54267,46.08195],[10.53992,46.0804],[10.53906,46.07985],[10.53692,46.07829],[10.53549,46.0771],[10.53391,46.0763],[10.5335,46.07603],[10.53294,46.07543],[10.53197,46.07389],[10.53155,46.07353],[10.53081,46.07317],[10.52825,46.07252],[10.52702,46.0721],[10.52663,46.07186],[10.52549,46.07091],[10.52482,46.07055],[10.52344,46.06996],[10.52207,46.06915],[10.5207,46.06819],[10.51915,46.06725],[10.51743,46.06555],[10.51686,46.06483],[10.51638,46.06436],[10.51313,46.06198],[10.51246,46.0617],[10.5116,46.06154],[10.50885,46.0614],[10.50714,46.06146],[10.50645,46.06141],[10.50456,46.06072],[10.50199,46.06039],[10.50147,46.06019],[10.50119,46.05995],[10.50097,46.05959],[10.50087,46.05912],[10.50093,46.05876],[10.50108,46.05852],[10.50134,46.05828],[10.5018,46.05804],[10.50357,46.05757],[10.50405,46.05738],[10.50439,46.05717],[10.50467,46.05685],[10.50541,46.05566],[10.50567,46.05507],[10.50577,46.05447],[10.50571,46.05411],[10.50556,46.05376],[10.50433,46.05161],[10.50403,46.0503],[10.5033,46.04851],[10.50222,46.04649],[10.5018,46.04506],[10.50147,46.04466],[10.50096,46.04446],[10.50027,46.04446],[10.49958,46.04462],[10.49838,46.04504],[10.49783,46.0453],[10.49722,46.04577],[10.49603,46.04697],[10.49529,46.04746],[10.49459,46.0478],[10.49357,46.04814],[10.49254,46.04837],[10.49169,46.04836],[10.49117,46.04816],[10.49083,46.04782],[10.49053,46.04732],[10.48954,46.04518],[10.48943,46.0447],[10.48956,46.04423],[10.48989,46.04363],[10.49144,46.04184],[10.4916,46.04148],[10.49162,46.04113],[10.49131,46.04065],[10.4901,46.0397],[10.48941,46.03898],[10.4893,46.03874],[10.48922,46.03815],[10.489,46.03755],[10.48897,46.03731],[10.48905,46.03696],[10.4893,46.03648],[10.4898,46.03584],[10.49014,46.03552],[10.49117,46.03497],[10.49237,46.03474],[10.49443,46.03477],[10.49615,46.03511],[10.497,46.03553],[10.49855,46.03668],[10.49907,46.0369],[10.49958,46.03702],[10.5001,46.03707],[10.50061,46.03698],[10.50113,46.03673],[10.50132,46.03648],[10.50147,46.03592],[10.50161,46.03457],[10.50187,46.03398],[10.50245,46.03302],[10.5025,46.03252],[10.50235,46.03219],[10.50199,46.03185],[10.50147,46.03153],[10.50056,46.03112],[10.5001,46.03078],[10.49984,46.0304],[10.49977,46.02993],[10.50024,46.02766],[10.50037,46.02635],[10.50048,46.02599],[10.50063,46.02575],[10.50096,46.02545],[10.50251,46.02456],[10.50274,46.02432],[10.5028,46.02408],[10.5027,46.02385],[10.50233,46.02357],[10.50179,46.02337],[10.50034,46.02301],[10.49993,46.02279],[10.49963,46.02254],[10.49915,46.02182],[10.49881,46.02087],[10.49796,46.01908],[10.49788,46.01872],[10.49805,46.01812],[10.4987,46.01705],[10.49917,46.01669],[10.50025,46.01622],[10.50054,46.01586],[10.50057,46.01562],[10.5005,46.01526],[10.49983,46.01359],[10.4999,46.01312],[10.50026,46.01228],[10.50021,46.01193],[10.49993,46.01158],[10.49924,46.01107],[10.49798,46.0105],[10.49723,46.00966],[10.49684,46.00936],[10.49545,46.00883],[10.49392,46.00834],[10.49289,46.00788],[10.49266,46.00763],[10.4926,46.0074],[10.49274,46.0068],[10.49272,46.00655],[10.49231,46.00632],[10.49203,46.00599],[10.49134,46.00577],[10.49048,46.00505],[10.4898,46.00479],[10.48894,46.00458],[10.48842,46.0046],[10.48756,46.00525],[10.48516,46.00651],[10.48448,46.00671],[10.48327,46.00684],[10.48207,46.00668],[10.48121,46.00638],[10.47984,46.0061],[10.47676,46.00477],[10.47487,46.00334],[10.47387,46.00215],[10.47361,46.00167],[10.4733,46.00072],[10.47251,45.99905],[10.47241,45.99833],[10.47253,45.99774],[10.47284,45.99726],[10.47356,45.99654],[10.47381,45.99607],[10.4739,45.99523],[10.47372,45.99476],[10.47349,45.99446],[10.47315,45.99426],[10.47263,45.99417],[10.4716,45.99419],[10.47109,45.99414],[10.47057,45.99399],[10.47006,45.99372]]},"properties":{"ele":2120,"major":0}},{"type":"Feature","geometry":{"type":"LineString","coordinates":[[10.5839,45.98498],[10.58389,45.98557],[10.58373,45.98605],[10.5833,45.98676],[10.5828,45.98796],[10.58201,45.98903],[10.58198,45.98998],[10.58146,45.9913],[10.58146,45.99201],[10.58115,45.99368],[10.5812,45.9944],[10.58156,45.99535],[10.58235,45.9969],[10.58237,45.99738],[10.58216,45.99786],[10.58176,45.99833],[10.57992,45.99954],[10.57966,45.99976],[10.57949,46.0],[10.5793,46.00119],[10.57962,46.00263],[10.57958,46.00298],[10.57945,46.00322],[10.57906,46.0035],[10.57786,46.0037],[10.57614,46.00364],[10.57546,46.00371],[10.57494,46.00394],[10.57408,46.00463],[10.5734,46.00482],[10.57288,46.00482],[10.57168,46.00464],[10.57099,46.0046],[10.57048,46.0047],[10.56945,46.00511],[10.56619,46.00485],[10.56584,46.00489],[10.56533,46.00508],[10.56462,46.00561],[10.5643,46.006],[10.56407,46.00644],[10.56397,46.00692],[10.56394,46.00787],[10.56368,46.00906],[10.56362,46.01026],[10.56347,46.01061],[10.56327,46.01076],[10.56292,46.01085],[10.56224,46.01082],[10.55984,46.01032],[10.5576,46.00955],[10.55692,46.00921],[10.5564,46.00887],[10.55606,46.00859],[10.55572,46.0082],[10.55513,46.00716],[10.5545,46.00632],[10.55439,46.00585],[10.55437,46.00477],[10.5542,46.0043],[10.55383,46.00388],[10.55217,46.00239],[10.55177,46.00212],[10.55142,46.00202],[10.55091,46.00203],[10.55022,46.00221],[10.54816,46.00316],[10.54559,46.00381],[10.54301,46.00471],[10.54112,46.00558],[10.53889,46.00593],[10.53855,46.00611],[10.53761,46.00704],[10.537,46.00735],[10.53632,46.00752],[10.53546,46.00762],[10.5334,46.00747],[10.53271,46.00748],[10.53237,46.00759],[10.53212,46.00787],[10.53179,46.00883],[10.53118,46.0099],[10.5312,46.01014],[10.53141,46.01038],[10.53183,46.01061],[10.53271,46.01092],[10.53443,46.01126],[10.53494,46.01127],[10.53649,46.01107],[10.53752,46.01117],[10.53821,46.01134],[10.53903,46.01193],[10.53972,46.01288],[10.54027,46.01335],[10.54095,46.01375],[10.54215,46.01421],[10.5425,46.01443],[10.54301,46.01489],[10.54341,46.0155],[10.54356,46.01658],[10.54367,46.01693],[10.544,46.01741],[10.54452,46.01789],[10.54524,46.01823],[10.54713,46.01861],[10.54822,46.01896],[10.54947,46.01956],[10.55005,46.01998],[10.55049,46.02063],[10.5507,46.02122],[10.55072,46.02182],[10.55041,46.02325],[10.55048,46.02361],[10.55074,46.02398],[10.55245,46.02575],[10.55314,46.0263],[10.55418,46.02683],[10.5564,46.02756],[10.55698,46.0279],[10.55725,46.02826],[10.5573,46.02861],[10.55719,46.02933],[10.55709,46.03112],[10.55729,46.03219],[10.55735,46.03338],[10.55726,46.03373],[10.55709,46.0339],[10.55657,46.03407],[10.55572,46.03409],[10.55486,46.03399],[10.55434,46.03382],[10.55377,46.0335],[10.55315,46.03302],[10.55211,46.03183],[10.55142,46.03129],[10.55005,46.03061],[10.54786,46.02969],[10.54627,46.02928],[10.54421,46.02908],[10.54301,46.02888],[10.53992,46.02784],[10.53924,46.02746],[10.5385,46.02695],[10.53683,46.02603],[10.5346,46.02513],[10.53306,46.02442],[10.531,46.0233],[10.52928,46.02255],[10.52796,46.02182],[10.52688,46.02113],[10.52634,46.02087],[10.52533,46.0206],[10.52396,46.0205],[10.52344,46.02063],[10.52327,46.02077],[10.52318,46.02099],[10.52344,46.02182],[10.52384,46.02277],[10.5237,46.02397],[10.52382,46.02444],[10.5243,46.02502],[10.52567,46.02603],[10.52586,46.02623],[10.52604,46.02659],[10.52628,46.02754],[10.52651,46.0304],[10.52646,46.03088],[10.52635,46.03124],[10.52542,46.03267],[10.52505,46.03302],[10.52415,46.03362],[10.52385,46.03398],[10.52371,46.03445],[10.52369,46.03541],[10.52355,46.03624],[10.5236,46.0366],[10.52395,46.03696],[10.5243,46.03708],[10.52722,46.03733],[10.52859,46.03755],[10.52928,46.03776],[10.52993,46.03815],[10.53026,46.03851],[10.53053,46.0391],[10.5307,46.0397],[10.53066,46.04017],[10.53031,46.04062],[10.52855,46.04184],[10.52791,46.04222],[10.52722,46.04249],[10.5267,46.0426],[10.52499,46.04265],[10.52413,46.04276],[10.5237,46.04291],[10.52344,46.04319],[10.52338,46.04339],[10.5234,46.04363],[10.52357,46.04399],[10.52377,46.04423],[10.52424,46.04458],[10.5255,46.0453],[10.52589,46.04565],[10.52624,46.04613],[10.52644,46.04673],[10.5264,46.04804],[10.52646,46.0484],[10.52658,46.04863],[10.52753,46.04971],[10.52812,46.05078],[10.52859,46.05135],[10.52962,46.05223],[10.53014,46.0525],[10.53048,46.05259],[10.531,46.05259],[10.53151,46.0525],[10.53357,46.05192],[10.53546,46.05092],[10.53666,46.0505],[10.53769,46.05029],[10.53838,46.05025],[10.53897,46.0503],[10.53941,46.05047],[10.5396,46.05066],[10.53974,46.0509],[10.53984,46.05149],[10.53939,46.05328],[10.53906,46.05397],[10.5387,46.05447],[10.53831,46.05483],[10.53742,46.05542],[10.5372,46.05566],[10.53665,46.05685],[10.5365,46.05733],[10.5365,46.05781],[10.53668,46.05828],[10.53788,46.05971],[10.53838,46.06012],[10.53889,46.06043],[10.53975,46.06077],[10.54044,46.06093],[10.54095,46.06098],[10.54147,46.06094],[10.54284,46.06053],[10.5437,46.06042],[10.54421,46.06047],[10.54524,46.06076],[10.54554,46.0609],[10.54578,46.06114],[10.54599,46.0615],[10.54637,46.06233],[10.54656,46.06293],[10.54671,46.064],[10.54673,46.06614],[10.54689,46.06662],[10.54727,46.06722],[10.54764,46.06757],[10.54851,46.0682],[10.54896,46.06865],[10.54943,46.06924],[10.54999,46.07019],[10.55045,46.07067],[10.55142,46.07117],[10.55211,46.07136],[10.55358,46.07162],[10.55467,46.0721],[10.55507,46.07246],[10.55564,46.07341],[10.55641,46.07436],[10.55698,46.07484],[10.55795,46.07545],[10.55881,46.07585],[10.55966,46.07613],[10.56052,46.07631],[10.56138,46.07635],[10.56207,46.07625],[10.56272,46.07603],[10.56353,46.07555],[10.5643,46.07495],[10.56499,46.07467],[10.5655,46.07463],[10.56584,46.0747],[10.56613,46.07484],[10.56641,46.07508],[10.5666,46.07531],[10.5667,46.07555],[10.56663,46.07591],[10.56638,46.07627],[10.56561,46.07686],[10.56481,46.07791],[10.5646,46.07829],[10.56457,46.07877],[10.56556,46.08055],[10.56619,46.08121],[10.56653,46.08146],[10.56722,46.0818],[10.56808,46.08204],[10.56911,46.0822],[10.57065,46.08226],[10.57112,46.08246],[10.57145,46.08282],[10.5715,46.08305],[10.57146,46.08329],[10.57124,46.08389],[10.57005,46.08579],[10.57003,46.0871],[10.57011,46.08746],[10.57029,46.08782],[10.57144,46.08936],[10.57202,46.09001],[10.57315,46.09091],[10.57334,46.09115],[10.57343,46.09139],[10.57344,46.09163],[10.57333,46.09198],[10.57253,46.09317],[10.57228,46.09377],[10.57224,46.09436],[10.5723,46.09484],[10.57293,46.09615],[10.57291,46.09651],[10.57265,46.09698]]},"properties":{"ele":2120,"major":0}},{"type":"Feature","geometry":{"type":"LineString","coordinates":[[10.6,45.9955],[10.5988,45.99555],[10.59777,45.99546],[10.59713,45.99523],[10.59677,45.99487],[10.5966,45.99392],[10.59651,45.99368],[10.59631,45.99344],[10.59545,45.99273],[10.59505,45.99213],[10.59501,45.99165],[10.59521,45.99082],[10.59512,45.99034],[10.59435,45.98939],[10.59398,45.98855],[10.59321,45.98736],[10.59311,45.98688],[10.593,45.98581],[10.59302,45.98545],[10.5932,45.98498]]},"properties":{"ele":2120,"major":0}},{"type":"Feature","geometry":{"type":"LineString","coordinates":[[10.6,46.03024],[10.5964,46.03093],[10.59451,46.03152],[10.594,46.03159],[10.59331,46.03157],[10.59279,46.03147],[10.5923,46.03124],[10.5897,46.02966],[10.58919,46.02918],[10.589,46.02885],[10.58892,46.02849],[10.58893,46.02623],[10.58865,46.02492],[10.58862,46.02432],[10.58873,46.02349],[10.5891,46.02182],[10.58903,46.02039],[10.58912,46.02003],[10.5895,46.0192],[10.58946,46.0186],[10.58932,46.01812],[10.58908,46.01765],[10.5878,46.01622],[10.58747,46.01562],[10.58713,46.01407],[10.58713,46.01359],[10.58727,46.01288],[10.58713,46.0124],[10.58674,46.01193],[10.58555,46.01097],[10.58491,46.01014],[10.58467,46.00966],[10.58463,46.00942],[10.58488,46.00847],[10.58491,46.00763],[10.58505,46.00716],[10.58528,46.0068],[10.58627,46.00575],[10.58646,46.00537],[10.58646,46.00477],[10.58619,46.00406],[10.58627,46.00362],[10.58649,46.00334],[10.5868,46.0031],[10.58737,46.00275],[10.58782,46.00258],[10.58953,46.0024],[10.59125,46.00255],[10.594,46.00257],[10.59554,46.00281],[10.5964,46.00306],[10.59698,46.00334],[10.59743,46.00369],[10.59813,46.00441],[10.59897,46.0051],[10.59949,46.0054],[10.6,46.00558]]},"properties":{"ele":2120,"major":0}},{"type":"Feature","geometry":{"type":"LineString","coordinates":[[10.6,46.05665],[10.5988,46.05712],[10.59812,46.05721],[10.59709,46.05705],[10.59571,46.05651],[10.59476,46.0559],[10.59439,46.05554],[10.59394,46.05495],[10.59365,46.05435],[10.59342,46.05316],[10.59346,46.05292],[10.59358,46.0528],[10.59468,46.05245],[10.59537,46.05215],[10.59591,46.05185],[10.59633,46.05149],[10.59657,46.05114],[10.59686,46.0503],[10.59743,46.0493],[10.59811,46.04768],[10.59841,46.04732],[10.59884,46.04697],[10.59949,46.04655],[10.6,46.04633]]},"properties":{"ele":2120,"major":0}},{"type":"Feature","geometry":{"type":"LineString","coordinates":[[10.47006,46.03491],[10.47109,46.03506],[10.47198,46.03529],[10.47263,46.03563],[10.47383,46.03654],[10.47435,46.03671],[10.47486,46.03674],[10.47641,46.03656],[10.4783,46.03604],[10.47875,46.03576],[10.47933,46.03508],[10.47967,46.03481],[10.48018,46.03456],[10.48087,46.03434],[10.48139,46.03428],[10.48174,46.03433],[10.48207,46.03457],[10.48218,46.03493],[10.482,46.03624],[10.48204,46.03755],[10.48194,46.03803],[10.48154,46.03851],[10.48027,46.03946],[10.47975,46.03994],[10.47941,46.04041],[10.47902,46.04125],[10.47869,46.0416],[10.47795,46.04202],[10.47486,46.04324],[10.47418,46.04344],[10.47156,46.04399],[10.47097,46.04423],[10.47006,46.04472]]},"properties":{"ele":2140,"major":0}},{"type":"Feature","geometry":{"type":"LineString","coordinates":[[10.47006,46.05701],[10.47057,46.05713],[10.47126,46.05742],[10.47229,46.05819],[10.4728,46.05845],[10.47555,46.05919],[10.47624,46.05949],[10.47658,46.05973],[10.47689,46.06007],[10.47728,46.0609],[10.47752,46.06126],[10.47793,46.06162],[10.4783,46.06183],[10.4807,46.06265],[10.48242,46.06309],[10.48287,46.06329],[10.48327,46.06356],[10.48356,46.06388],[10.48418,46.06495],[10.48435,46.06591],[10.48477,46.06662],[10.4859,46.06769],[10.48691,46.06912],[10.48737,46.06948],[10.48825,46.06999],[10.48857,46.07031],[10.48869,46.07067],[10.48862,46.07162],[10.48872,46.07341],[10.4888,46.07389],[10.4892,46.0746],[10.48985,46.0752],[10.49048,46.07549],[10.49117,46.07562],[10.49169,46.07557],[10.49272,46.07524],[10.4934,46.0751],[10.49409,46.07508],[10.49478,46.07517],[10.49563,46.07545],[10.49872,46.07681],[10.50007,46.07734],[10.50078,46.07775],[10.50096,46.07795],[10.50112,46.07829],[10.50144,46.07972],[10.50197,46.08067],[10.50213,46.08115],[10.50215,46.08163],[10.50179,46.08246],[10.50171,46.08282],[10.50172,46.08425],[10.50183,46.08472],[10.50277,46.08698],[10.50312,46.08746],[10.50405,46.08837],[10.505,46.08948],[10.50628,46.09127],[10.50863,46.09389],[10.5099,46.09567],[10.51057,46.0962],[10.51218,46.09698]]},"properties":{"ele":2140,"major":0}},{"type":"Feature","geometry":{"type":"LineString","coordinates":[[10.49145,45.98498],[10.49186,45.98534],[10.4934,45.98713],[10.49405,45.9876],[10.4958,45.9882],[10.49632,45.98831],[10.49735,45.98838],[10.49975,45.98841],[10.50061,45.98855],[10.5013,45.98875],[10.50163,45.98891],[10.50193,45.98915],[10.50283,45.99034],[10.50382,45.9913],[10.50456,45.99176],[10.50525,45.99188],[10.50559,45.99183],[10.50593,45.99169],[10.5064,45.9913],[10.50644,45.99094],[10.50609,45.99022],[10.50612,45.98998],[10.50748,45.98879],[10.50772,45.98843],[10.50787,45.98808],[10.50796,45.98736],[10.50783,45.98629],[10.50755,45.98498]]},"properties":{"ele":2140,"major":0}},{"type":"Feature","geometry":{"type":"LineString","coordinates":[[10.50464,46.09698],[10.50302,46.09631],[10.5025,46.09599],[10.50181,46.09542],[10.4989,46.09242],[10.49803,46.09103],[10.49769,46.09074],[10.49718,46.09049],[10.49684,46.09041],[10.49649,46.09045],[10.49495,46.09103],[10.49375,46.09138],[10.49254,46.09156],[10.48945,46.0913],[10.48722,46.09127],[10.48516,46.09086],[10.4831,46.0908],[10.48242,46.0907],[10.48034,46.08996],[10.47864,46.089],[10.47812,46.08887],[10.47692,46.08875],[10.47656,46.08865],[10.47622,46.08841],[10.47576,46.0877],[10.47538,46.08744],[10.47469,46.0872],[10.47332,46.08703],[10.47194,46.08625],[10.47104,46.08591],[10.47076,46.08567],[10.47036,46.08496],[10.47006,46.08468]]},"properties":{"ele":2140,"major":0}},{"type":"Feature","geometry":{"type":"LineString","coordinates":[[10.56055,46.09698],[10.56046,46.09627],[10.55999,46.09556],[10.55983,46.0952],[10.55938,46.09317],[10.55897,46.09222],[10.55883,46.09127],[10.55872,46.09091],[10.55801,46.08984],[10.55743,46.08937],[10.5552,46.08824],[10.55245,46.08714],[10.54919,46.08531],[10.54421,46.08349],[10.54353,46.08317],[10.54241,46.08222],[10.53992,46.08073],[10.53786,46.07927],[10.53632,46.0783],[10.53561,46.07758],[10.53516,46.07722],[10.53334,46.07627],[10.53288,46.07584],[10.53204,46.07484],[10.53148,46.074],[10.53117,46.07374],[10.53048,46.0734],[10.52791,46.0727],[10.52688,46.07233],[10.5261,46.07186],[10.52494,46.07091],[10.52344,46.07025],[10.5219,46.06936],[10.5207,46.06849],[10.51881,46.06728],[10.51802,46.06638],[10.51606,46.06442],[10.51426,46.06329],[10.51349,46.06268],[10.51277,46.06221],[10.51229,46.06201],[10.51177,46.06188],[10.51005,46.06174],[10.50851,46.0618],[10.50696,46.062],[10.50628,46.06196],[10.50576,46.06181],[10.50454,46.06114],[10.50387,46.061],[10.50181,46.06076],[10.50122,46.06055],[10.50078,46.06022],[10.50052,46.05983],[10.50036,46.05924],[10.50037,46.05876],[10.50054,46.0584],[10.50078,46.05816],[10.5013,46.05787],[10.50336,46.05724],[10.50402,46.05685],[10.50431,46.0565],[10.50479,46.05554],[10.50512,46.05471],[10.50518,46.05435],[10.50513,46.05399],[10.50483,46.05328],[10.50396,46.05173],[10.50386,46.05137],[10.50377,46.05054],[10.50366,46.05018],[10.50286,46.0484],[10.50186,46.04649],[10.50133,46.04518],[10.50111,46.04494],[10.50061,46.04475],[10.5001,46.04475],[10.49924,46.04494],[10.49838,46.04525],[10.49787,46.04554],[10.49735,46.04599],[10.49646,46.04697],[10.49546,46.04769],[10.49478,46.04805],[10.49323,46.04854],[10.49237,46.04871],[10.49151,46.04872],[10.49084,46.04851],[10.49066,46.04836],[10.49048,46.04808],[10.48958,46.04601],[10.48913,46.04518],[10.48904,46.0447],[10.48914,46.04423],[10.48963,46.04325],[10.49012,46.04256],[10.49071,46.04196],[10.49098,46.0416],[10.49109,46.04125],[10.49107,46.04101],[10.49076,46.04053],[10.48934,46.03934],[10.48901,46.03898],[10.48841,46.03755],[10.48849,46.03719],[10.48885,46.0366],[10.48963,46.0356],[10.48997,46.03526],[10.49083,46.03479],[10.49151,46.0346],[10.4922,46.03449],[10.4934,46.03442],[10.49426,46.03445],[10.49615,46.03489],[10.49718,46.03538],[10.49872,46.03647],[10.49941,46.03672],[10.49993,46.03677],[10.50044,46.03666],[10.50072,46.03648],[10.50096,46.03612],[10.50134,46.03457],[10.50159,46.03398],[10.50213,46.03302],[10.50219,46.03279],[10.50216,46.03258],[10.50199,46.0323],[10.50156,46.03195],[10.50027,46.03132],[10.49965,46.03088],[10.49932,46.0304],[10.49923,46.02993],[10.49949,46.02897],[10.49984,46.02623],[10.49993,46.02599],[10.50045,46.0254],[10.50205,46.02444],[10.50218,46.02432],[10.50228,46.02408],[10.50216,46.02386],[10.50196,46.02373],[10.50147,46.02355],[10.50001,46.02325],[10.49958,46.02303],[10.49929,46.02277],[10.49863,46.02182],[10.49832,46.02099],[10.49746,46.0192],[10.49737,46.01884],[10.49745,46.01848],[10.49766,46.01801],[10.49837,46.01693],[10.4989,46.01657],[10.49982,46.0161],[10.50013,46.01574],[10.50017,46.01538],[10.50007,46.01491],[10.49991,46.01443],[10.4996,46.01383],[10.49951,46.01348],[10.49957,46.013],[10.49992,46.01228],[10.49988,46.01193],[10.49958,46.01161],[10.49907,46.01128],[10.49804,46.01098],[10.49769,46.01082],[10.49684,46.01013],[10.49632,46.00982],[10.49486,46.00918],[10.49308,46.00859],[10.4923,46.00823],[10.49207,46.00799],[10.49198,46.00775],[10.49201,46.0074],[10.49222,46.00692],[10.49217,46.00668],[10.49169,46.0061],[10.49117,46.00584],[10.49048,46.00524],[10.48997,46.00502],[10.48894,46.00484],[10.48842,46.00489],[10.48757,46.00548],[10.48684,46.00585],[10.48585,46.0066],[10.48516,46.00696],[10.48396,46.00728],[10.48242,46.00742],[10.48139,46.0073],[10.4795,46.00682],[10.47796,46.00596],[10.476,46.00501],[10.47439,46.00394],[10.47398,46.00358],[10.47357,46.0031],[10.47305,46.00227],[10.47272,46.00119],[10.47236,46.00048],[10.4721,45.99964],[10.47175,45.99881],[10.47171,45.99821],[10.47189,45.99774],[10.47226,45.99726],[10.47315,45.99647],[10.47341,45.99607],[10.47349,45.99559],[10.47332,45.99511],[10.47298,45.99476],[10.47263,45.99459],[10.47229,45.99454],[10.47091,45.99451],[10.47006,45.99434]]},"properties":{"ele":2140,"major":0}},{"type":"Feature","geometry":{"type":"LineString","coordinates":[[10.58421,45.98498],[10.58421,45.98557],[10.58407,45.98605],[10.58358,45.98688],[10.58312,45.98808],[10.58244,45.98903],[10.58234,45.99022],[10.5817,45.99154],[10.58136,45.99392],[10.58136,45.99428],[10.58163,45.99487],[10.58178,45.99547],[10.58215,45.99619],[10.5827,45.9969],[10.58277,45.99714],[10.58275,45.9975],[10.58249,45.99807],[10.58215,45.9985],[10.58011,45.99988],[10.57981,46.00024],[10.57963,46.00084],[10.57958,46.00131],[10.57999,46.00275],[10.58,46.0031],[10.57985,46.00346],[10.5796,46.0037],[10.57923,46.00382],[10.57861,46.00382],[10.57769,46.00396],[10.57631,46.00396],[10.57563,46.00404],[10.57511,46.00426],[10.57443,46.00481],[10.57374,46.00503],[10.57305,46.00505],[10.57185,46.0049],[10.57117,46.00488],[10.57065,46.00497],[10.56979,46.00536],[10.56945,46.00546],[10.5667,46.00517],[10.56602,46.00519],[10.56533,46.00541],[10.56499,46.00561],[10.56464,46.00596],[10.56435,46.00644],[10.56424,46.0068],[10.56417,46.00787],[10.56397,46.0093],[10.56406,46.00966],[10.5645,46.0105],[10.56455,46.01073],[10.56445,46.01109],[10.56413,46.01135],[10.56361,46.01146],[10.56293,46.01142],[10.56069,46.01093],[10.55984,46.01066],[10.55743,46.00971],[10.55646,46.00918],[10.55565,46.00847],[10.55486,46.00729],[10.55413,46.00644],[10.55399,46.00596],[10.55397,46.00477],[10.55373,46.0043],[10.55273,46.00346],[10.55186,46.00263],[10.55142,46.0024],[10.55108,46.00234],[10.55057,46.00238],[10.55005,46.00254],[10.54885,46.00313],[10.54765,46.00359],[10.54662,46.00377],[10.54559,46.00407],[10.54267,46.00518],[10.54147,46.00584],[10.54095,46.00595],[10.53958,46.00608],[10.53911,46.0062],[10.53872,46.00644],[10.53774,46.00728],[10.53718,46.00755],[10.53632,46.00775],[10.53546,46.00785],[10.53323,46.00777],[10.53287,46.00787],[10.53253,46.00823],[10.53173,46.0099],[10.53176,46.01014],[10.53201,46.01038],[10.53306,46.01077],[10.53443,46.01106],[10.53649,46.01089],[10.53769,46.01098],[10.53844,46.01121],[10.53939,46.01181],[10.53977,46.01216],[10.54023,46.01276],[10.54052,46.013],[10.54095,46.01324],[10.54215,46.01368],[10.54284,46.01422],[10.5437,46.01526],[10.54388,46.01574],[10.54404,46.01693],[10.54436,46.01741],[10.54473,46.01773],[10.54542,46.01804],[10.5473,46.01841],[10.54851,46.01876],[10.54971,46.01929],[10.55026,46.01967],[10.55061,46.02015],[10.55096,46.02099],[10.55098,46.0217],[10.55062,46.02325],[10.55067,46.02349],[10.55092,46.02385],[10.5522,46.02492],[10.55302,46.02575],[10.55348,46.0261],[10.55449,46.02659],[10.55692,46.02746],[10.55742,46.02778],[10.55768,46.02814],[10.55773,46.02849],[10.55748,46.02945],[10.55736,46.031],[10.55754,46.03207],[10.55767,46.03338],[10.55758,46.03386],[10.55735,46.0341],[10.55692,46.03425],[10.55606,46.0343],[10.5552,46.03425],[10.55451,46.03409],[10.55366,46.03362],[10.55285,46.03302],[10.552,46.03207],[10.55142,46.03159],[10.54971,46.03071],[10.54799,46.02998],[10.54696,46.02964],[10.5461,46.02947],[10.54421,46.02928],[10.54301,46.02908],[10.53958,46.02796],[10.53906,46.02769],[10.53823,46.02706],[10.53683,46.02623],[10.53443,46.02528],[10.531,46.0235],[10.52914,46.02265],[10.52631,46.0211],[10.5255,46.02084],[10.52464,46.02072],[10.52396,46.02075],[10.52366,46.02087],[10.52357,46.02099],[10.5237,46.02182],[10.52408,46.02277],[10.52402,46.02397],[10.52411,46.02432],[10.5243,46.02461],[10.52462,46.02492],[10.52606,46.02599],[10.52635,46.02635],[10.52662,46.02695],[10.52683,46.0279],[10.52701,46.03016],[10.52698,46.03076],[10.52683,46.03136],[10.52666,46.03171],[10.52609,46.03255],[10.52554,46.03314],[10.52447,46.03383],[10.52418,46.03422],[10.52403,46.03481],[10.52397,46.036],[10.524,46.03636],[10.52413,46.03658],[10.5243,46.03672],[10.52482,46.03689],[10.52859,46.03732],[10.52911,46.03745],[10.52966,46.03767],[10.53022,46.03803],[10.53055,46.03839],[10.53095,46.03934],[10.53107,46.03994],[10.53094,46.04041],[10.53052,46.04089],[10.52829,46.0422],[10.52756,46.04253],[10.52688,46.04273],[10.52499,46.04285],[10.52417,46.04303],[10.52395,46.04315],[10.52377,46.04339],[10.52376,46.04363],[10.52387,46.04387],[10.5243,46.0443],[10.52582,46.04518],[10.5265,46.04589],[10.52679,46.04637],[10.52692,46.04685],[10.52697,46.04732],[10.52687,46.04816],[10.52701,46.04851],[10.52791,46.0496],[10.52838,46.05066],[10.52863,46.05102],[10.52945,46.05181],[10.53014,46.05219],[10.53048,46.05228],[10.531,46.05231],[10.53203,46.0521],[10.53357,46.05158],[10.53597,46.05044],[10.53769,46.04999],[10.53838,46.04991],[10.53906,46.04993],[10.53947,46.05006],[10.53981,46.0503],[10.5401,46.05078],[10.54021,46.05149],[10.53975,46.05313],[10.53942,46.05399],[10.53923,46.05435],[10.53889,46.05476],[10.53755,46.05578],[10.5369,46.05697],[10.53677,46.05745],[10.53683,46.05797],[10.53716,46.05852],[10.53821,46.05967],[10.53906,46.06021],[10.53992,46.06052],[10.54061,46.06062],[10.5413,46.06059],[10.54198,46.06034],[10.54311,46.05971],[10.54446,46.05864],[10.54559,46.05786],[10.54603,46.05733],[10.54659,46.05626],[10.5469,46.0559],[10.54733,46.05554],[10.54799,46.05521],[10.54851,46.0551],[10.54902,46.05514],[10.5493,46.0553],[10.54946,46.05566],[10.54951,46.05626],[10.54947,46.05662],[10.54868,46.05824],[10.54826,46.05971],[10.54742,46.06186],[10.5472,46.06257],[10.54713,46.06329],[10.54709,46.06626],[10.54719,46.06662],[10.54748,46.0671],[10.54902,46.06839],[10.54963,46.06912],[10.55028,46.07007],[10.55076,46.07055],[10.55125,46.07085],[10.55177,46.07105],[10.55383,46.07139],[10.55477,46.07174],[10.5552,46.07197],[10.55558,46.07234],[10.55602,46.07341],[10.55643,46.074],[10.55677,46.07436],[10.55812,46.0753],[10.55881,46.07562],[10.55966,46.07591],[10.56104,46.07611],[10.56172,46.07606],[10.56224,46.07592],[10.563,46.07543],[10.56365,46.07472],[10.56396,46.07449],[10.56464,46.07417],[10.56533,46.07401],[10.56586,46.074],[10.56653,46.0742],[10.56722,46.07457],[10.56768,46.07496],[10.5679,46.0753],[10.56798,46.07555],[10.56798,46.07591],[10.56786,46.07627],[10.56756,46.07662],[10.56704,46.07698],[10.56619,46.07743],[10.5656,46.07793],[10.56517,46.07853],[10.56518,46.07901],[10.56557,46.08008],[10.56582,46.08055],[10.56636,46.08108],[10.56687,46.0814],[10.56756,46.08166],[10.56842,46.08183],[10.56911,46.08185],[10.57065,46.08176],[10.57134,46.08184],[10.57197,46.0821],[10.57238,46.08246],[10.57243,46.08282],[10.5722,46.08329],[10.57176,46.08401],[10.5704,46.08591],[10.57029,46.08639],[10.57025,46.08698],[10.57031,46.08734],[10.57048,46.08772],[10.57168,46.08927],[10.5722,46.08975],[10.5736,46.09067],[10.57388,46.09103],[10.57392,46.09151],[10.57376,46.09198],[10.57271,46.09338],[10.57255,46.09377],[10.57253,46.09484],[10.57322,46.09591],[10.57336,46.09627],[10.57334,46.09651],[10.57306,46.09698]]},"properties":{"ele":2140,"major":0}},{"type":"Feature","geometry":{"type":"LineString","coordinates":[[10.6,45.99577],[10.59777,45.99594],[10.59657,45.99591],[10.59621,45.99583],[10.59572,45.99559],[10.59542,45.99535],[10.59514,45.99499],[10.59451,45.99395],[10.59419,45.99297],[10.59419,45.99201],[10.59447,45.99094],[10.59441,45.99058],[10.59342,45.98951],[10.59306,45.98867],[10.59221,45.98712],[10.59219,45.98676],[10.59231,45.98581],[10.5924,45.98545],[10.59264,45.98498]]},"properties":{"ele":2140,"major":0}},{"type":"Feature","geometry":{"type":"LineString","coordinates":[[10.6,46.03047],[10.59897,46.03076],[10.59743,46.03098],[10.5964,46.03121],[10.59451,46.03188],[10.594,46.03195],[10.59331,46.03195],[10.59262,46.03181],[10.59186,46.03147],[10.58953,46.02992],[10.5889,46.02933],[10.5887,46.02897],[10.58856,46.02838],[10.5884,46.02706],[10.58812,46.0254],[10.58808,46.02397],[10.58817,46.02337],[10.58856,46.02206],[10.5885,46.02051],[10.58865,46.02003],[10.58908,46.0192],[10.58913,46.01884],[10.58908,46.01836],[10.58896,46.01801],[10.58873,46.01765],[10.58745,46.01634],[10.58707,46.01586],[10.58689,46.0155],[10.58647,46.01407],[10.58649,46.01359],[10.58668,46.01288],[10.5866,46.0124],[10.58615,46.01181],[10.58523,46.01097],[10.58468,46.01026],[10.58426,46.00942],[10.58435,46.00847],[10.58432,46.00763],[10.58443,46.00728],[10.58477,46.0068],[10.58593,46.00574],[10.58612,46.00537],[10.58611,46.00501],[10.5858,46.0043],[10.5858,46.00394],[10.58589,46.00358],[10.58605,46.00334],[10.58631,46.0031],[10.58713,46.00262],[10.58764,46.00241],[10.58936,46.00224],[10.59108,46.00239],[10.59365,46.00234],[10.59485,46.00245],[10.59584,46.00263],[10.59674,46.00291],[10.59735,46.00322],[10.59915,46.00489],[10.59966,46.00522],[10.6,46.00535]]},"properties":{"ele":2140,"major":0}},{"type":"Feature","geometry":{"type":"LineString","coordinates":[[10.6,46.05698],[10.5988,46.0574],[10.59794,46.05747],[10.59743,46.0574],[10.59674,46.05721],[10.59571,46.05678],[10.59473,46.05614],[10.59408,46.05554],[10.59351,46.05471],[10.59319,46.05388],[10.59289,46.0534],[10.59249,46.05304],[10.59134,46.05233],[10.59111,46.05209],[10.59104,46.05185],[10.59108,46.05165],[10.59125,46.05151],[10.59159,46.05151],[10.59211,46.05162],[10.59331,46.05204],[10.594,46.05214],[10.59468,46.05201],[10.59554,46.05162],[10.59582,46.05137],[10.59606,46.05102],[10.59706,46.04887],[10.5973,46.04792],[10.59743,46.04768],[10.5978,46.04732],[10.59956,46.04613],[10.6,46.04576]]},"properties":{"ele":2140,"major":0}},{"type":"Feature","geometry":{"type":"LineString","coordinates":[[10.47006,46.03466],[10.47216,46.03505],[10.4728,46.03533],[10.47418,46.03623],[10.47469,46.03638],[10.47521,46.03642],[10.47641,46.0363],[10.47795,46.0359],[10.47838,46.03565],[10.47898,46.03494],[10.47933,46.0347],[10.48053,46.03417],[10.48121,46.03395],[10.48173,46.03394],[10.48216,46.0341],[10.48244,46.03433],[10.48261,46.03481],[10.48228,46.03636],[10.48233,46.03767],[10.48223,46.03815],[10.48181,46.03862],[10.48065,46.03946],[10.48,46.04005],[10.47967,46.04053],[10.47937,46.04137],[10.47905,46.04172],[10.4783,46.04215],[10.4765,46.0428],[10.47486,46.0435],[10.47383,46.04377],[10.47229,46.04405],[10.47171,46.04423],[10.47006,46.04513]]},"properties":{"ele":2160,"major":0}},{"type":"Feature","geometry":{"type":"LineString","coordinates":[[10.47006,46.05664],[10.47074,46.0568],[10.47152,46.05709],[10.47274,46.05793],[10.47323,46.05816],[10.47572,46.05888],[10.47641,46.05917],[10.47683,46.05947],[10.47718,46.05983],[10.47764,46.06078],[10.47788,46.06114],[10.47847,46.06157],[10.48036,46.06227],[10.48293,46.06291],[10.48327,46.06307],[10.48362,46.06332],[10.48388,46.06364],[10.48452,46.06472],[10.48461,46.06507],[10.48459,46.06579],[10.48497,46.0665],[10.4862,46.06769],[10.48722,46.06907],[10.48762,46.06936],[10.4885,46.06984],[10.48886,46.07019],[10.48896,46.07055],[10.48886,46.07162],[10.489,46.07377],[10.48913,46.07412],[10.48937,46.07448],[10.48997,46.07497],[10.49048,46.07522],[10.49117,46.07532],[10.4934,46.07481],[10.49392,46.07479],[10.4946,46.07487],[10.49529,46.0751],[10.49872,46.07659],[10.50049,46.07722],[10.50112,46.07758],[10.50132,46.07782],[10.50151,46.07817],[10.50182,46.0796],[10.50245,46.08079],[10.50261,46.08127],[10.50258,46.08186],[10.50229,46.08258],[10.50222,46.08294],[10.5023,46.08413],[10.50308,46.08651],[10.5034,46.08722],[10.50525,46.08943],[10.50644,46.09115],[10.50902,46.09389],[10.51025,46.09567],[10.51091,46.09614],[10.51282,46.09698]]},"properties":{"ele":2160,"major":0}},{"type":"Feature","geometry":{"type":"LineString","coordinates":[[10.49227,45.98498],[10.49268,45.98569],[10.4934,45.98652],[10.49426,45.9871],[10.49495,45.98742],[10.49632,45.98785],[10.50012,45.9882],[10.50113,45.98841],[10.50184,45.98867],[10.50244,45.98915],[10.50304,45.99022],[10.50387,45.9911],[10.50456,45.9915],[10.50508,45.99159],[10.50559,45.99148],[10.5059,45.99118],[10.50589,45.99082],[10.50561,45.99022],[10.50571,45.98987],[10.50709,45.98879],[10.50731,45.98855],[10.50749,45.9882],[10.50757,45.98748],[10.50739,45.98676],[10.50711,45.98498]]},"properties":{"ele":2160,"major":0}},{"type":"Feature","geometry":{"type":"LineString","coordinates":[[10.50375,46.09698],[10.50267,46.09639],[10.5013,46.09523],[10.50001,46.09401],[10.49865,46.09258],[10.49769,46.09117],[10.49718,46.09088],[10.49684,46.09083],[10.49632,46.09089],[10.49357,46.09165],[10.49254,46.09175],[10.49134,46.09168],[10.48963,46.09147],[10.48825,46.09147],[10.48696,46.09139],[10.48516,46.09099],[10.4831,46.09094],[10.48242,46.09085],[10.48018,46.09008],[10.47847,46.08917],[10.47795,46.08906],[10.47692,46.08897],[10.47641,46.08884],[10.47606,46.08861],[10.4756,46.08794],[10.47521,46.08763],[10.47469,46.08742],[10.47349,46.08729],[10.47297,46.08714],[10.47177,46.08643],[10.47074,46.08606],[10.47006,46.08521]]},"properties":{"ele":2160,"major":0}},{"type":"Feature","geometry":{"type":"LineString","coordinates":[[10.56011,46.09698],[10.56001,46.09639],[10.55947,46.09532],[10.55899,46.09317],[10.55862,46.09222],[10.55845,46.09103],[10.5579,46.09008],[10.5574,46.0896],[10.55503,46.08849],[10.5528,46.08763],[10.54885,46.08552],[10.54559,46.08422],[10.54375,46.08365],[10.54318,46.0834],[10.54212,46.08246],[10.53992,46.08111],[10.53786,46.07956],[10.537,46.07903],[10.53597,46.07853],[10.53522,46.0777],[10.53479,46.07734],[10.53323,46.07651],[10.53082,46.07403],[10.53014,46.07368],[10.52739,46.07278],[10.52659,46.07246],[10.52577,46.07198],[10.52453,46.07103],[10.52327,46.07044],[10.52173,46.06957],[10.51854,46.06734],[10.51789,46.0665],[10.51589,46.0646],[10.51403,46.06352],[10.51245,46.06245],[10.51194,46.06224],[10.51143,46.06212],[10.51005,46.06202],[10.50868,46.06217],[10.50765,46.06244],[10.50679,46.06259],[10.50628,46.0626],[10.50542,46.06233],[10.50456,46.06166],[10.50422,46.06148],[10.50353,46.06131],[10.5013,46.06105],[10.50078,46.06082],[10.50048,46.06055],[10.50017,46.06007],[10.49999,46.05947],[10.49994,46.05888],[10.5001,46.0584],[10.50044,46.05804],[10.50096,46.05772],[10.50181,46.05737],[10.50308,46.05697],[10.50364,46.05662],[10.50394,46.05626],[10.50417,46.05578],[10.5046,46.05423],[10.50454,46.05388],[10.50436,46.0534],[10.50357,46.05185],[10.50336,46.0503],[10.50107,46.04565],[10.50078,46.04527],[10.50044,46.04509],[10.49993,46.04505],[10.4992,46.04518],[10.49851,46.04542],[10.4981,46.04565],[10.49758,46.04613],[10.49674,46.04708],[10.49563,46.04792],[10.49495,46.04829],[10.4934,46.0488],[10.49237,46.04899],[10.49117,46.04903],[10.49083,46.04897],[10.49048,46.04882],[10.49025,46.04863],[10.49011,46.0484],[10.48934,46.04613],[10.48879,46.04518],[10.4887,46.04458],[10.489,46.04339],[10.48927,46.04268],[10.48951,46.04232],[10.49031,46.04158],[10.49048,46.04125],[10.4905,46.04089],[10.49041,46.04065],[10.49023,46.04041],[10.48894,46.03934],[10.48851,46.03886],[10.48809,46.03815],[10.48794,46.03743],[10.48808,46.03702],[10.48905,46.03588],[10.48933,46.03541],[10.4898,46.03498],[10.49048,46.03462],[10.49203,46.03422],[10.49323,46.03409],[10.49392,46.03411],[10.4946,46.03423],[10.49581,46.03458],[10.497,46.03505],[10.49872,46.03617],[10.49941,46.03641],[10.49993,46.0364],[10.50024,46.03624],[10.50084,46.03529],[10.50133,46.03386],[10.50181,46.0329],[10.50177,46.03267],[10.50128,46.03219],[10.49993,46.0315],[10.49924,46.03102],[10.49887,46.03052],[10.4987,46.02993],[10.49901,46.02873],[10.49913,46.02635],[10.49923,46.02599],[10.4995,46.02563],[10.50007,46.02516],[10.50141,46.02432],[10.50152,46.02408],[10.50143,46.02397],[10.5012,46.02385],[10.5001,46.02363],[10.49958,46.02346],[10.4992,46.02325],[10.49894,46.02301],[10.49815,46.02182],[10.49681,46.0192],[10.49676,46.01896],[10.49685,46.0186],[10.49735,46.01769],[10.49792,46.01693],[10.49821,46.01669],[10.4995,46.01598],[10.4998,46.01562],[10.49984,46.01526],[10.49975,46.01479],[10.49927,46.01371],[10.49916,46.01324],[10.4992,46.01288],[10.49947,46.01228],[10.49943,46.01193],[10.49924,46.01174],[10.4989,46.01155],[10.49787,46.01137],[10.49735,46.0112],[10.49615,46.01046],[10.49495,46.00994],[10.49423,46.00954],[10.49237,46.00892],[10.49169,46.00859],[10.49143,46.00835],[10.49129,46.00799],[10.49135,46.00763],[10.49178,46.0068],[10.49165,46.00644],[10.49151,46.00625],[10.49105,46.00596],[10.49083,46.0057],[10.49048,46.00543],[10.49014,46.00525],[10.4898,46.00516],[10.48894,46.00507],[10.48842,46.00515],[10.48706,46.00596],[10.48602,46.00695],[10.48568,46.00719],[10.48516,46.00742],[10.48396,46.00773],[10.48207,46.00801],[10.48087,46.00801],[10.47967,46.00777],[10.4783,46.00713],[10.47521,46.00529],[10.47342,46.00394],[10.4729,46.00346],[10.47262,46.0031],[10.47224,46.00239],[10.4719,46.00143],[10.47157,46.00072],[10.47142,45.99976],[10.47106,45.99893],[10.471,45.99845],[10.47113,45.99798],[10.47141,45.9975],[10.47241,45.99666],[10.4726,45.99642],[10.47269,45.99607],[10.47265,45.99523],[10.47246,45.99499],[10.47194,45.99482],[10.47006,45.9948]]},"properties":{"ele":2160,"major":0}},{"type":"Feature","geometry":{"type":"LineString","coordinates":[[10.58454,45.98498],[10.58452,45.98557],[10.5844,45.98605],[10.58385,45.987],[10.58341,45.9882],[10.58284,45.98903],[10.58274,45.98939],[10.58275,45.9901],[10.58268,45.99046],[10.58194,45.99165],[10.58183,45.99213],[10.58177,45.99309],[10.58159,45.99404],[10.58159,45.99428],[10.58182,45.99487],[10.58195,45.99547],[10.58232,45.9961],[10.58308,45.9969],[10.58317,45.99714],[10.58316,45.9975],[10.58298,45.99798],[10.58256,45.99857],[10.58215,45.99892],[10.58043,46.0001],[10.58004,46.0006],[10.57989,46.00108],[10.57988,46.00143],[10.5805,46.0031],[10.58051,46.00346],[10.58041,46.0037],[10.57997,46.00406],[10.57923,46.00429],[10.57717,46.00428],[10.5758,46.00438],[10.57541,46.00453],[10.57473,46.00501],[10.57408,46.0052],[10.5734,46.00526],[10.57185,46.00513],[10.57117,46.00515],[10.57065,46.00527],[10.56979,46.00566],[10.56945,46.00573],[10.56687,46.00543],[10.56584,46.00552],[10.56533,46.00571],[10.56492,46.00608],[10.56461,46.00668],[10.56451,46.00716],[10.56445,46.00799],[10.5643,46.00869],[10.56429,46.00918],[10.56436,46.00942],[10.56516,46.0104],[10.56535,46.01085],[10.56533,46.01118],[10.56518,46.01145],[10.56464,46.01185],[10.56396,46.01204],[10.56327,46.01206],[10.56275,46.012],[10.56155,46.01165],[10.55966,46.01097],[10.55829,46.01028],[10.55709,46.00979],[10.5564,46.0094],[10.55556,46.00871],[10.55469,46.00752],[10.55364,46.00644],[10.55351,46.00596],[10.55361,46.00501],[10.55344,46.00453],[10.55308,46.00418],[10.55226,46.00358],[10.5516,46.00295],[10.55125,46.00275],[10.55091,46.00268],[10.55057,46.0027],[10.55005,46.00284],[10.54902,46.00335],[10.54779,46.00382],[10.54645,46.00407],[10.54542,46.00438],[10.54284,46.00542],[10.54198,46.006],[10.54164,46.00614],[10.53992,46.00635],[10.53941,46.00647],[10.53906,46.00664],[10.53789,46.00751],[10.53735,46.00776],[10.53563,46.00806],[10.53391,46.00802],[10.5334,46.00808],[10.53306,46.00826],[10.53271,46.00873],[10.5323,46.00978],[10.53232,46.01002],[10.53253,46.01026],[10.5334,46.01064],[10.53443,46.01086],[10.53632,46.01072],[10.53752,46.01078],[10.53859,46.01109],[10.53935,46.01145],[10.54007,46.01193],[10.54095,46.01269],[10.54233,46.01319],[10.54284,46.01357],[10.54417,46.01538],[10.5444,46.01598],[10.54435,46.01669],[10.54439,46.01693],[10.54461,46.01729],[10.5449,46.01755],[10.54524,46.01775],[10.54567,46.01789],[10.54776,46.01824],[10.54924,46.0186],[10.55005,46.01895],[10.55052,46.01932],[10.55091,46.01995],[10.55121,46.02087],[10.55117,46.0217],[10.55092,46.02242],[10.5508,46.02313],[10.55084,46.02337],[10.5512,46.02385],[10.55148,46.02408],[10.55258,46.0248],[10.55336,46.02552],[10.55386,46.02587],[10.5552,46.02652],[10.55726,46.02729],[10.55778,46.02762],[10.55808,46.02802],[10.55817,46.02849],[10.55778,46.02958],[10.55763,46.03088],[10.55794,46.03302],[10.55795,46.03362],[10.55785,46.03398],[10.5576,46.03427],[10.55709,46.03444],[10.55606,46.03449],[10.5552,46.03442],[10.55436,46.03422],[10.55348,46.03372],[10.55254,46.03302],[10.5519,46.03231],[10.55125,46.03176],[10.55074,46.03145],[10.54936,46.0308],[10.54679,46.02982],[10.54301,46.02927],[10.53941,46.02816],[10.53889,46.02787],[10.53802,46.02718],[10.53666,46.02633],[10.5346,46.02559],[10.53341,46.02492],[10.53117,46.02378],[10.52602,46.02126],[10.52516,46.02099],[10.52447,46.02094],[10.52413,46.021],[10.52396,46.0211],[10.52389,46.02134],[10.52396,46.02185],[10.52434,46.02289],[10.52435,46.02385],[10.52442,46.0242],[10.52466,46.02456],[10.52503,46.02492],[10.52619,46.02575],[10.52691,46.02659],[10.52726,46.0273],[10.5275,46.02873],[10.52751,46.0304],[10.52739,46.03112],[10.52724,46.03159],[10.52684,46.03231],[10.52627,46.03302],[10.52584,46.03338],[10.52486,46.03398],[10.52454,46.03433],[10.52439,46.03469],[10.52434,46.03505],[10.52435,46.03576],[10.52442,46.03612],[10.52467,46.03648],[10.52533,46.03676],[10.52876,46.03712],[10.52928,46.03725],[10.52998,46.03755],[10.53056,46.03791],[10.53087,46.03827],[10.53128,46.03934],[10.5314,46.03982],[10.53136,46.04017],[10.53117,46.04065],[10.53086,46.04101],[10.53051,46.04125],[10.52825,46.04239],[10.52739,46.04275],[10.5267,46.04291],[10.52533,46.04301],[10.52469,46.04315],[10.52445,46.04327],[10.52424,46.04351],[10.52431,46.04387],[10.52472,46.04423],[10.52602,46.04499],[10.52648,46.04542],[10.52699,46.04601],[10.52721,46.04637],[10.5274,46.04697],[10.52747,46.04804],[10.52754,46.04828],[10.52832,46.04947],[10.52878,46.05066],[10.52902,46.05102],[10.52945,46.05146],[10.53014,46.05188],[10.53048,46.05199],[10.531,46.05205],[10.53168,46.05195],[10.53357,46.05125],[10.5358,46.05024],[10.53786,46.04964],[10.53855,46.04957],[10.53924,46.04963],[10.53975,46.04985],[10.54009,46.05015],[10.54045,46.05078],[10.54054,46.05114],[10.54055,46.05149],[10.53968,46.05423],[10.5392,46.05495],[10.53825,46.05566],[10.53789,46.05602],[10.5372,46.05709],[10.53709,46.05745],[10.53718,46.05804],[10.5375,46.05852],[10.5384,46.05947],[10.53889,46.05981],[10.53941,46.06006],[10.54009,46.06026],[10.54061,46.0603],[10.54112,46.06022],[10.54164,46.05999],[10.54317,46.05864],[10.54507,46.05759],[10.54551,46.05709],[10.54593,46.05626],[10.54622,46.0559],[10.54704,46.0553],[10.54771,46.05495],[10.54851,46.05468],[10.54936,46.05459],[10.55039,46.05461],[10.55129,46.05483],[10.55136,46.05495],[10.55114,46.05519],[10.55113,46.0553],[10.55125,46.05545],[10.55177,46.05554],[10.55179,46.05566],[10.55136,46.05602],[10.55091,46.05652],[10.55008,46.05781],[10.54936,46.05953],[10.54802,46.06198],[10.54765,46.06281],[10.54752,46.06352],[10.54749,46.06507],[10.54739,46.06614],[10.54744,46.0665],[10.54754,46.06674],[10.54791,46.06722],[10.54912,46.06817],[10.55057,46.06997],[10.55125,46.07055],[10.55171,46.07079],[10.55211,46.07092],[10.554,46.07116],[10.55503,46.07151],[10.55567,46.07186],[10.556,46.07222],[10.55629,46.07329],[10.55675,46.07402],[10.55711,46.07436],[10.55795,46.07495],[10.55898,46.07546],[10.55966,46.07567],[10.56052,46.07581],[10.56121,46.07584],[10.5619,46.07573],[10.56246,46.07543],[10.5633,46.07448],[10.56378,46.07412],[10.56481,46.07372],[10.56602,46.07349],[10.56638,46.07353],[10.56687,46.07375],[10.56788,46.07436],[10.56839,46.07484],[10.56865,46.0752],[10.5688,46.07555],[10.56877,46.07603],[10.56859,46.07662],[10.56832,46.07698],[10.5679,46.07733],[10.56663,46.07805],[10.56608,46.07853],[10.56594,46.07877],[10.56583,46.07913],[10.56585,46.07996],[10.56604,46.08043],[10.56636,46.0808],[10.56687,46.08114],[10.56739,46.08136],[10.56842,46.08157],[10.57065,46.08146],[10.57151,46.08152],[10.57251,46.08186],[10.5729,46.0821],[10.57309,46.08234],[10.5731,46.0827],[10.57288,46.08314],[10.57147,46.08484],[10.57072,46.08591],[10.57054,46.08639],[10.57047,46.08698],[10.57054,46.08734],[10.57071,46.0877],[10.57185,46.0891],[10.57254,46.08963],[10.57413,46.09044],[10.57445,46.09079],[10.57446,46.09127],[10.5742,46.09198],[10.57387,46.09246],[10.57299,46.09341],[10.57276,46.09389],[10.57274,46.09472],[10.5728,46.09496],[10.57369,46.09603],[10.57382,46.09627],[10.57381,46.09651],[10.5735,46.09698]]},"properties":{"ele":2160,"major":0}},{"type":"Feature","geometry":{"type":"LineString","coordinates":[[10.6,45.99601],[10.59709,45.99637],[10.5964,45.9964],[10.59588,45.99633],[10.5952,45.99601],[10.59351,45.99464],[10.5934,45.9944],[10.59336,45.99368],[10.59314,45.99285],[10.59319,45.99237],[10.59347,45.9913],[10.59351,45.99082],[10.59341,45.99058],[10.59262,45.98963],[10.59222,45.98843],[10.59163,45.98748],[10.5915,45.98712],[10.5915,45.98665],[10.5916,45.98593],[10.59177,45.98545],[10.59209,45.98498]]},"properties":{"ele":2160,"major":0}},{"type":"Feature","geometry":{"type":"LineString","coordinates":[[10.6,46.03071],[10.59897,46.03106],[10.59726,46.03125],[10.5964,46.03144],[10.59451,46.0322],[10.59382,46.03231],[10.59314,46.0323],[10.59212,46.03207],[10.59142,46.03176],[10.58953,46.0304],[10.58864,46.02957],[10.58832,46.02897],[10.58795,46.02754],[10.58755,46.02659],[10.58743,46.02563],[10.58755,46.02456],[10.58747,46.02349],[10.58758,46.02301],[10.58794,46.02206],[10.58798,46.02051],[10.5881,46.02015],[10.58874,46.01908],[10.58881,46.01872],[10.58879,46.01836],[10.58866,46.01801],[10.58841,46.01765],[10.58678,46.0161],[10.58635,46.0155],[10.58584,46.01407],[10.58584,46.01359],[10.58601,46.01288],[10.58595,46.0124],[10.58562,46.01169],[10.58493,46.01097],[10.58404,46.00969],[10.58378,46.00763],[10.58387,46.00729],[10.58405,46.00704],[10.58541,46.00585],[10.5857,46.00549],[10.58573,46.00513],[10.58545,46.00453],[10.5854,46.00418],[10.58547,46.0037],[10.58565,46.00334],[10.58603,46.00298],[10.58643,46.00275],[10.5873,46.00232],[10.58782,46.00219],[10.58919,46.00209],[10.59091,46.00222],[10.59228,46.00214],[10.59382,46.00214],[10.59606,46.00241],[10.59709,46.00275],[10.5976,46.00299],[10.59812,46.00341],[10.59951,46.00477],[10.6,46.00508]]},"properties":{"ele":2160,"major":0}},{"type":"Feature","geometry":{"type":"LineString","coordinates":[[10.6,46.05737],[10.5988,46.05767],[10.59777,46.05772],[10.5964,46.05738],[10.59534,46.05685],[10.59439,46.05614],[10.59375,46.05554],[10.59327,46.05483],[10.59289,46.05399],[10.59249,46.05352],[10.59081,46.05245],[10.59054,46.05221],[10.5899,46.0509],[10.58962,46.05054],[10.5885,46.04958],[10.58682,46.04863],[10.58646,46.04828],[10.58638,46.04804],[10.58644,46.04791],[10.58661,46.04782],[10.58713,46.04785],[10.58867,46.04857],[10.59018,46.04899],[10.59065,46.04935],[10.59096,46.05018],[10.59111,46.05042],[10.59133,46.05066],[10.59182,46.05102],[10.59245,46.05131],[10.59331,46.05157],[10.594,46.05165],[10.59451,46.05157],[10.5952,46.05123],[10.59578,46.05054],[10.59634,46.04935],[10.59657,46.04863],[10.59669,46.04792],[10.59681,46.04768],[10.59719,46.04732],[10.59855,46.04649],[10.5993,46.04589],[10.59956,46.04554],[10.59983,46.04472],[10.6,46.04441]]},"properties":{"ele":2160,"major":0}},{"type":"Feature","geometry":{"type":"LineString","coordinates":[[10.47006,46.03444],[10.47177,46.03469],[10.47246,46.03485],[10.47315,46.03515],[10.47435,46.0359],[10.47486,46.03606],[10.47538,46.03611],[10.47641,46.03604],[10.47761,46.03574],[10.47801,46.03553],[10.47861,46.03481],[10.47895,46.03457],[10.48087,46.03374],[10.48135,46.03362],[10.4819,46.03365],[10.48251,46.03398],[10.48287,46.03445],[10.48296,46.03493],[10.48254,46.0366],[10.48262,46.03779],[10.48249,46.03827],[10.48207,46.03873],[10.48087,46.03958],[10.48024,46.04017],[10.47995,46.04065],[10.47973,46.04148],[10.47933,46.04192],[10.47864,46.04231],[10.47659,46.04303],[10.47503,46.04375],[10.47229,46.04441],[10.47087,46.04518],[10.47006,46.04552]]},"properties":{"ele":2180,"major":0}},{"type":"Feature","geometry":{"type":"LineString","coordinates":[[10.47006,46.05631],[10.4709,46.0565],[10.47191,46.05685],[10.4727,46.05721],[10.47348,46.05769],[10.474,46.05793],[10.47589,46.05853],[10.47658,46.05884],[10.47696,46.05912],[10.47744,46.0596],[10.47808,46.06078],[10.47826,46.06102],[10.47881,46.0614],[10.4807,46.06212],[10.4831,46.06264],[10.48353,46.06281],[10.48386,46.06305],[10.48416,46.0634],[10.48474,46.06436],[10.48487,46.06483],[10.48486,46.06579],[10.48517,46.06638],[10.48649,46.06769],[10.48753,46.069],[10.48879,46.06972],[10.48914,46.07007],[10.48923,46.07055],[10.4891,46.07186],[10.4893,46.07377],[10.4895,46.07424],[10.48985,46.0746],[10.49048,46.07493],[10.491,46.07501],[10.4934,46.07454],[10.49409,46.07452],[10.4946,46.07459],[10.49512,46.07477],[10.49649,46.07546],[10.49787,46.07596],[10.4989,46.07645],[10.50089,46.0771],[10.5015,46.07746],[10.50171,46.0777],[10.50191,46.07805],[10.50223,46.0796],[10.50288,46.08079],[10.50305,46.08127],[10.50305,46.08174],[10.50277,46.08294],[10.50284,46.08401],[10.50351,46.08627],[10.50393,46.08722],[10.50551,46.08936],[10.50641,46.09079],[10.50806,46.09258],[10.50929,46.09377],[10.51048,46.09556],[10.51077,46.09579],[10.51122,46.09603],[10.51359,46.09698]]},"properties":{"ele":2180,"major":0}},{"type":"Feature","geometry":{"type":"LineString","coordinates":[[10.49281,45.98498],[10.49308,45.98557],[10.49357,45.98619],[10.49409,45.98654],[10.49529,45.98712],[10.49649,45.98746],[10.4989,45.98777],[10.50072,45.98808],[10.50159,45.98832],[10.50216,45.98855],[10.50274,45.98903],[10.50316,45.98998],[10.5037,45.99066],[10.50422,45.99106],[10.5049,45.99124],[10.50525,45.99115],[10.50538,45.99094],[10.50522,45.99022],[10.50526,45.98998],[10.5054,45.98975],[10.50679,45.98866],[10.50701,45.98843],[10.50717,45.98808],[10.50718,45.98736],[10.50693,45.98653],[10.50663,45.98498]]},"properties":{"ele":2180,"major":0}},{"type":"Feature","geometry":{"type":"LineString","coordinates":[[10.50314,46.09698],[10.50233,46.09639],[10.49975,46.09413],[10.49828,46.09258],[10.49752,46.09154],[10.49718,46.09131],[10.49684,46.09123],[10.49615,46.09126],[10.49512,46.09147],[10.49361,46.09186],[10.49237,46.09192],[10.49133,46.09186],[10.48945,46.09162],[10.48842,46.09162],[10.48671,46.09151],[10.48499,46.09112],[10.48259,46.09103],[10.48005,46.0902],[10.47847,46.08941],[10.47778,46.08926],[10.47675,46.0892],[10.47624,46.08905],[10.47584,46.08877],[10.47528,46.08806],[10.47486,46.08776],[10.47435,46.0876],[10.47332,46.08749],[10.47287,46.08734],[10.4716,46.08662],[10.47057,46.08623],[10.47006,46.08575]]},"properties":{"ele":2180,"major":0}},{"type":"Feature","geometry":{"type":"LineString","coordinates":[[10.55968,46.09698],[10.55957,46.09651],[10.55915,46.09544],[10.55858,46.09306],[10.55829,46.09225],[10.5581,46.09103],[10.55766,46.0902],[10.55734,46.08984],[10.55675,46.08951],[10.55469,46.08866],[10.55263,46.08789],[10.55108,46.0871],[10.54971,46.08631],[10.54816,46.08556],[10.54542,46.08442],[10.54333,46.08389],[10.54284,46.08368],[10.54181,46.0827],[10.53959,46.08127],[10.53865,46.08043],[10.53786,46.07984],[10.537,46.07932],[10.53591,46.07889],[10.53549,46.07865],[10.53468,46.0777],[10.5342,46.07734],[10.533,46.07662],[10.53212,46.07567],[10.53065,46.0744],[10.52911,46.07363],[10.52688,46.07282],[10.52619,46.07252],[10.52546,46.0721],[10.52429,46.07127],[10.52104,46.06942],[10.51838,46.06745],[10.51763,46.0665],[10.51623,46.06519],[10.51538,46.06455],[10.51387,46.06376],[10.51217,46.06269],[10.51143,46.06241],[10.51057,46.0623],[10.50954,46.06238],[10.50868,46.06256],[10.50748,46.06304],[10.50645,46.06324],[10.50593,46.06325],[10.50542,46.06314],[10.5049,46.06291],[10.50405,46.06202],[10.50354,46.06174],[10.50267,46.06158],[10.50096,46.06155],[10.50061,46.06146],[10.50027,46.06121],[10.49993,46.06061],[10.49967,46.05983],[10.49958,46.059],[10.49968,46.05852],[10.49994,46.05816],[10.50061,46.05765],[10.50147,46.0572],[10.50284,46.05666],[10.50336,46.05631],[10.50357,46.05602],[10.50379,46.05554],[10.50398,46.05435],[10.50386,46.05364],[10.50319,46.05202],[10.50307,46.05078],[10.50295,46.0503],[10.50078,46.04601],[10.50044,46.04557],[10.5001,46.04539],[10.49958,46.04536],[10.49907,46.04547],[10.49855,46.04566],[10.49821,46.04588],[10.49715,46.04708],[10.49577,46.04816],[10.49509,46.04851],[10.49357,46.04902],[10.49237,46.04923],[10.491,46.04931],[10.49048,46.04923],[10.49014,46.04907],[10.48975,46.04863],[10.48955,46.0478],[10.48929,46.04708],[10.48912,46.04625],[10.48846,46.04506],[10.48838,46.04446],[10.48843,46.04351],[10.48819,46.04256],[10.4882,46.04232],[10.48834,46.04208],[10.48928,46.04158],[10.48972,46.04125],[10.48985,46.04101],[10.48987,46.04065],[10.48955,46.04017],[10.48829,46.0391],[10.48776,46.03839],[10.48769,46.03815],[10.48773,46.03779],[10.48768,46.03731],[10.48774,46.03696],[10.48868,46.03576],[10.48903,46.03517],[10.48997,46.03451],[10.49151,46.03405],[10.49323,46.03381],[10.49392,46.03385],[10.49443,46.03395],[10.49666,46.0347],[10.49739,46.03505],[10.49872,46.03586],[10.49924,46.03605],[10.49958,46.03604],[10.4999,46.03588],[10.50052,46.03517],[10.50066,46.03493],[10.50125,46.03338],[10.5013,46.03279],[10.50113,46.03255],[10.50082,46.03231],[10.49958,46.03169],[10.49878,46.03112],[10.49834,46.03052],[10.49817,46.02993],[10.49822,46.02945],[10.49844,46.02849],[10.4984,46.02635],[10.49846,46.02599],[10.49872,46.02561],[10.49989,46.02468],[10.5002,46.02432],[10.50017,46.0242],[10.49998,46.02408],[10.49941,46.02385],[10.4989,46.02354],[10.49838,46.02301],[10.4978,46.02206],[10.49691,46.02039],[10.4963,46.01944],[10.49619,46.01908],[10.49622,46.01884],[10.49638,46.01848],[10.49735,46.01706],[10.49793,46.01658],[10.49924,46.01587],[10.49952,46.0155],[10.49955,46.01514],[10.49948,46.01479],[10.499,46.01371],[10.4988,46.01312],[10.49876,46.01216],[10.49866,46.01205],[10.49839,46.01193],[10.49735,46.01177],[10.49615,46.01135],[10.49357,46.00988],[10.49169,46.00914],[10.49116,46.00883],[10.4908,46.00847],[10.49071,46.00811],[10.49086,46.00763],[10.49139,46.0068],[10.4914,46.00656],[10.49061,46.00573],[10.48997,46.00537],[10.48911,46.00528],[10.48877,46.0053],[10.48842,46.0054],[10.48722,46.00612],[10.48619,46.00737],[10.48568,46.00775],[10.48413,46.0083],[10.48242,46.00859],[10.48104,46.00862],[10.4795,46.00841],[10.47589,46.00692],[10.47538,46.00655],[10.47253,46.00394],[10.47173,46.0031],[10.47149,46.00275],[10.4708,46.00084],[10.47067,45.99988],[10.47044,45.99905],[10.4704,45.99857],[10.47052,45.99809],[10.47091,45.99746],[10.47208,45.99642],[10.47219,45.99607],[10.47218,45.99547],[10.47208,45.99523],[10.47177,45.99508],[10.47006,45.99515]]},"properties":{"ele":2180,"major":0}},{"type":"Feature","geometry":{"type":"LineString","coordinates":[[10.58489,45.98498],[10.58486,45.98557],[10.58472,45.98605],[10.5841,45.98712],[10.5837,45.98832],[10.58309,45.98927],[10.58305,45.98963],[10.58311,45.99034],[10.58306,45.99058],[10.58228,45.99165],[10.58212,45.99201],[10.58204,45.99321],[10.58185,45.99428],[10.5821,45.99535],[10.58247,45.99595],[10.5834,45.99678],[10.58353,45.99702],[10.58358,45.99738],[10.58337,45.99798],[10.58297,45.99857],[10.58249,45.999],[10.58091,46.00012],[10.58054,46.00048],[10.58031,46.00084],[10.58021,46.00131],[10.58029,46.00167],[10.58093,46.00286],[10.5811,46.00334],[10.58109,46.0037],[10.58092,46.00406],[10.58043,46.00443],[10.57958,46.00469],[10.57889,46.00474],[10.57734,46.00465],[10.57631,46.0047],[10.5758,46.0048],[10.57494,46.00525],[10.57454,46.00537],[10.57357,46.00544],[10.5722,46.00536],[10.57134,46.0054],[10.57082,46.00551],[10.56996,46.00588],[10.56962,46.00596],[10.56893,46.00596],[10.56773,46.00571],[10.56705,46.00564],[10.56619,46.00569],[10.56563,46.00585],[10.56521,46.0062],[10.56498,46.00668],[10.5649,46.00716],[10.5649,46.00799],[10.56466,46.00871],[10.56464,46.00906],[10.56489,46.00954],[10.56583,46.0105],[10.566,46.01085],[10.56602,46.01121],[10.56584,46.01156],[10.56561,46.01181],[10.56481,46.01229],[10.56413,46.01254],[10.56344,46.01265],[10.56275,46.01261],[10.5619,46.01243],[10.55949,46.01127],[10.55811,46.0105],[10.5564,46.00966],[10.55548,46.00895],[10.55451,46.00772],[10.55354,46.00692],[10.55321,46.00656],[10.55302,46.0062],[10.55296,46.00596],[10.55315,46.00501],[10.55308,46.00477],[10.55292,46.00453],[10.55142,46.00341],[10.55108,46.00322],[10.55074,46.00313],[10.55005,46.00322],[10.54902,46.00367],[10.54765,46.00414],[10.54645,46.00435],[10.54536,46.00465],[10.54413,46.00525],[10.54301,46.00566],[10.54198,46.00634],[10.54147,46.00648],[10.54009,46.00666],[10.53954,46.0068],[10.53906,46.00706],[10.53821,46.00766],[10.53752,46.00797],[10.53597,46.00825],[10.53374,46.00833],[10.5334,46.00849],[10.53301,46.00895],[10.53282,46.00942],[10.53283,46.0099],[10.53302,46.01014],[10.53357,46.01045],[10.53443,46.01065],[10.53649,46.01056],[10.53752,46.01062],[10.53821,46.0108],[10.53966,46.01133],[10.54141,46.01228],[10.54233,46.01265],[10.54284,46.01293],[10.54336,46.01347],[10.5439,46.01443],[10.54481,46.01562],[10.5449,46.01598],[10.54472,46.01669],[10.54473,46.01693],[10.5449,46.01721],[10.54524,46.01748],[10.54593,46.01773],[10.54954,46.01817],[10.55011,46.01836],[10.55057,46.01872],[10.55091,46.01913],[10.55114,46.01956],[10.55141,46.02063],[10.55139,46.02146],[10.55106,46.02242],[10.55097,46.02301],[10.551,46.02325],[10.55123,46.02361],[10.5516,46.02394],[10.55295,46.02468],[10.55403,46.02552],[10.5546,46.02587],[10.55554,46.02633],[10.55721,46.02695],[10.55778,46.02725],[10.55816,46.02754],[10.55852,46.02802],[10.55859,46.02849],[10.55811,46.02969],[10.55794,46.03076],[10.55823,46.03362],[10.55805,46.03422],[10.55782,46.03445],[10.55709,46.03463],[10.55589,46.03465],[10.55503,46.03455],[10.55419,46.03433],[10.55263,46.03338],[10.55221,46.03302],[10.5516,46.03235],[10.55108,46.03193],[10.54936,46.03103],[10.54674,46.03004],[10.54301,46.02947],[10.53941,46.02837],[10.53889,46.02813],[10.53786,46.0273],[10.53655,46.02647],[10.53443,46.02575],[10.53328,46.02504],[10.53237,46.02456],[10.52739,46.02212],[10.52567,46.02142],[10.52499,46.02122],[10.52447,46.02124],[10.52427,46.02134],[10.52418,46.02158],[10.52465,46.02301],[10.52469,46.02385],[10.5248,46.0242],[10.52526,46.0248],[10.52636,46.02559],[10.52752,46.02683],[10.52792,46.02778],[10.52804,46.02849],[10.52801,46.0304],[10.52785,46.03124],[10.52769,46.03171],[10.52733,46.03243],[10.52674,46.03314],[10.52631,46.0335],[10.52516,46.0342],[10.52483,46.03457],[10.52465,46.03517],[10.52469,46.03565],[10.5248,46.036],[10.52513,46.03636],[10.52567,46.03658],[10.52663,46.03672],[10.52894,46.0369],[10.52962,46.03711],[10.53048,46.03749],[10.53092,46.03779],[10.53122,46.03815],[10.5317,46.03958],[10.53171,46.04005],[10.5315,46.04065],[10.53117,46.04112],[10.53082,46.04138],[10.52756,46.04285],[10.5267,46.04308],[10.52529,46.04327],[10.52498,46.04339],[10.52479,46.04363],[10.52482,46.0438],[10.52497,46.04399],[10.52619,46.04477],[10.52709,46.04565],[10.52748,46.04613],[10.52783,46.04697],[10.5281,46.04816],[10.52877,46.04935],[10.52906,46.0503],[10.52929,46.05078],[10.52972,46.05125],[10.53014,46.05154],[10.53065,46.05172],[10.53117,46.05177],[10.53185,46.05162],[10.53409,46.05075],[10.53563,46.05005],[10.53769,46.04937],[10.53838,46.04927],[10.53906,46.04929],[10.53958,46.04943],[10.54009,46.04977],[10.54038,46.05006],[10.5406,46.05042],[10.54085,46.05102],[10.5409,46.05137],[10.54083,46.05185],[10.54044,46.05275],[10.54004,46.05423],[10.53982,46.05471],[10.53947,46.05519],[10.53855,46.05594],[10.53821,46.05631],[10.53761,46.05709],[10.53745,46.05757],[10.53749,46.05793],[10.53766,46.05828],[10.53838,46.05908],[10.53924,46.05965],[10.54009,46.05993],[10.54078,46.05988],[10.5413,46.05963],[10.54223,46.05876],[10.54271,46.0584],[10.54473,46.0573],[10.54507,46.05693],[10.54558,46.05602],[10.54597,46.05566],[10.5473,46.05486],[10.54833,46.05445],[10.54902,46.05428],[10.54988,46.05418],[10.55177,46.05419],[10.55245,46.05428],[10.55503,46.05487],[10.55508,46.05495],[10.55502,46.05507],[10.55473,46.0553],[10.5528,46.05625],[10.55187,46.05685],[10.55152,46.05721],[10.55082,46.05816],[10.54988,46.05998],[10.54841,46.06221],[10.54805,46.06293],[10.54789,46.06364],[10.5477,46.06614],[10.54778,46.06662],[10.54812,46.0671],[10.5492,46.06793],[10.55074,46.06974],[10.55142,46.07033],[10.55215,46.07067],[10.55366,46.07083],[10.55446,46.07103],[10.55537,46.07134],[10.55605,46.07174],[10.55642,46.07222],[10.55655,46.07317],[10.55692,46.07389],[10.55726,46.07422],[10.55795,46.0747],[10.55898,46.07521],[10.55966,46.07541],[10.56052,46.07553],[10.56121,46.07552],[10.56172,46.07542],[10.56214,46.0752],[10.56305,46.07424],[10.56361,46.07383],[10.56447,46.07351],[10.56602,46.0731],[10.56653,46.07314],[10.56714,46.07341],[10.56828,46.07412],[10.56899,46.07484],[10.56933,46.07531],[10.56943,46.07567],[10.5692,46.07686],[10.56893,46.0772],[10.56826,46.07782],[10.5667,46.07891],[10.56635,46.07948],[10.56624,46.07984],[10.56625,46.08008],[10.5664,46.08043],[10.5667,46.08073],[10.56722,46.08101],[10.56773,46.08119],[10.56859,46.08132],[10.57065,46.08123],[10.57168,46.0813],[10.57237,46.08147],[10.57307,46.08174],[10.57346,46.08198],[10.57364,46.08222],[10.57364,46.08258],[10.57334,46.08317],[10.57283,46.08377],[10.57175,46.08484],[10.57106,46.08579],[10.57079,46.08639],[10.57069,46.08698],[10.57077,46.08734],[10.57099,46.08774],[10.57163,46.08853],[10.5722,46.08909],[10.57288,46.08951],[10.57468,46.0902],[10.575,46.09044],[10.57515,46.09067],[10.57516,46.09091],[10.57506,46.09127],[10.5746,46.0921],[10.5742,46.09258],[10.57321,46.09353],[10.57303,46.09377],[10.57296,46.09401],[10.57296,46.09472],[10.57303,46.09496],[10.57412,46.09603],[10.57428,46.09627],[10.57427,46.09663],[10.574,46.09698]]},"properties":{"ele":2180,"major":0}},{"type":"Feature","geometry":{"type":"LineString","coordinates":[[10.6,45.99625],[10.59709,45.99672],[10.59606,45.9968],[10.5952,45.99676],[10.59468,45.99656],[10.59409,45.99595],[10.59297,45.99529],[10.59253,45.99487],[10.59227,45.99428],[10.59206,45.99309],[10.59209,45.99285],[10.59246,45.99177],[10.59254,45.99118],[10.59251,45.99082],[10.59192,45.98951],[10.59156,45.98843],[10.59102,45.9876],[10.59088,45.98712],[10.59089,45.98665],[10.59108,45.98573],[10.59147,45.98498]]},"properties":{"ele":2180,"major":0}},{"type":"Feature","geometry":{"type":"LineString","coordinates":[[10.6,46.03096],[10.59897,46.03132],[10.59726,46.03147],[10.59657,46.0316],[10.59606,46.03179],[10.59503,46.03232],[10.59434,46.03254],[10.59348,46.03266],[10.59279,46.03266],[10.59176,46.03242],[10.59108,46.03207],[10.58918,46.03076],[10.58826,46.02981],[10.58795,46.02921],[10.58745,46.0279],[10.5868,46.02671],[10.58671,46.02623],[10.58696,46.02456],[10.5868,46.02361],[10.58688,46.02301],[10.58735,46.02158],[10.58756,46.02039],[10.58774,46.02003],[10.5884,46.01908],[10.58851,46.01872],[10.58852,46.01836],[10.58838,46.01801],[10.58811,46.01765],[10.5862,46.01598],[10.5859,46.01562],[10.58563,46.01514],[10.58539,46.01455],[10.58529,46.01407],[10.58533,46.01216],[10.58528,46.01181],[10.58509,46.01145],[10.58462,46.01097],[10.58387,46.00983],[10.58369,46.0093],[10.58332,46.00763],[10.58338,46.00728],[10.58353,46.00704],[10.58497,46.00585],[10.58528,46.00549],[10.58533,46.00513],[10.58508,46.00453],[10.58502,46.00406],[10.58508,46.0037],[10.58526,46.00334],[10.58562,46.00298],[10.58618,46.00263],[10.58696,46.00225],[10.58764,46.00205],[10.58988,46.00189],[10.59073,46.00203],[10.59245,46.00192],[10.59417,46.00197],[10.59623,46.00219],[10.59727,46.00251],[10.59802,46.00286],[10.59929,46.00394],[10.6,46.00469]]},"properties":{"ele":2180,"major":0}},{"type":"Feature","geometry":{"type":"LineString","coordinates":[[10.6,46.05771],[10.59863,46.05798],[10.5976,46.05797],[10.59606,46.05753],[10.59503,46.05698],[10.59386,46.05602],[10.59339,46.05554],[10.59308,46.05507],[10.59267,46.05423],[10.5923,46.05376],[10.59187,46.0534],[10.59022,46.05233],[10.59001,46.05209],[10.58935,46.05102],[10.58855,46.05018],[10.58816,46.04987],[10.58661,46.04897],[10.58578,46.04828],[10.5856,46.04792],[10.5857,46.04744],[10.58593,46.04722],[10.58627,46.04717],[10.5873,46.04735],[10.58885,46.04824],[10.59049,46.04875],[10.591,46.04899],[10.59129,46.04923],[10.59146,46.04947],[10.59162,46.05006],[10.59181,46.05042],[10.59236,46.0509],[10.59279,46.05108],[10.59331,46.0512],[10.59382,46.05122],[10.59434,46.05113],[10.59468,46.05097],[10.59503,46.05072],[10.59554,46.05006],[10.59586,46.04935],[10.59602,46.04875],[10.59612,46.04804],[10.59635,46.04756],[10.59678,46.0472],[10.59829,46.04637],[10.59875,46.04601],[10.59906,46.04565],[10.59926,46.04518],[10.59944,46.04423],[10.6,46.04293]]},"properties":{"ele":2180,"major":0}},{"type":"Feature","geometry":{"type":"LineString","coordinates":[[10.47006,45.99792],[10.47071,45.99714],[10.47173,45.99631],[10.47187,45.99607],[10.47189,45.99583],[10.47177,45.99549],[10.4716,45.99538],[10.47126,45.99535],[10.47006,45.99545]]},"properties":{"ele":2200,"major":1}},{"type":"Feature","geometry":{"type":"LineString","coordinates":[[10.47006,46.03421],[10.47177,46.03441],[10.47246,46.03455],[10.47332,46.0349],[10.47469,46.03566],[10.47538,46.0358],[10.47606,46.03581],[10.47675,46.03571],[10.47744,46.0355],[10.47776,46.03529],[10.47825,46.03469],[10.47864,46.03439],[10.47999,46.03386],[10.48087,46.03343],[10.48156,46.03333],[10.48224,46.03349],[10.48276,46.03385],[10.48312,46.03433],[10.48328,46.03493],[10.48322,46.03541],[10.48281,46.03672],[10.4829,46.03779],[10.48276,46.03833],[10.4823,46.03886],[10.48107,46.0397],[10.48057,46.04017],[10.48028,46.04065],[10.48005,46.0416],[10.47964,46.04208],[10.47898,46.04249],[10.47692,46.04324],[10.47538,46.04401],[10.47332,46.04464],[10.47006,46.04584]]},"properties":{"ele":2200,"major":1}},{"type":"Feature","geometry":{"type":"LineString","coordinates":[[10.47006,46.056],[10.47091,46.0562],[10.47327,46.05697],[10.47478,46.05769],[10.47641,46.05829],[10.47692,46.05861],[10.47746,46.05912],[10.47778,46.05952],[10.47844,46.06067],[10.479,46.06114],[10.47969,46.0615],[10.4807,46.06186],[10.48345,46.06243],[10.48379,46.06258],[10.48426,46.06293],[10.48465,46.06344],[10.48494,46.064],[10.48507,46.06472],[10.48509,46.06567],[10.48545,46.06638],[10.48678,46.06769],[10.48774,46.06885],[10.48813,46.06912],[10.48906,46.0696],[10.48941,46.06996],[10.48949,46.07043],[10.48933,46.07174],[10.48938,46.07246],[10.48979,46.074],[10.49014,46.07444],[10.49048,46.07461],[10.491,46.07468],[10.49375,46.07425],[10.4946,46.07431],[10.49512,46.07451],[10.49666,46.07536],[10.49804,46.07582],[10.49907,46.07631],[10.50113,46.07692],[10.50193,46.07734],[10.50214,46.07758],[10.50233,46.07793],[10.50271,46.0796],[10.50333,46.08079],[10.50349,46.08127],[10.50351,46.08163],[10.5033,46.08258],[10.50328,46.08317],[10.50359,46.08508],[10.50377,46.08579],[10.50428,46.08698],[10.5054,46.08853],[10.50603,46.0896],[10.50645,46.09047],[10.50828,46.09246],[10.50955,46.09365],[10.51058,46.0952],[10.51091,46.09557],[10.51157,46.09591],[10.51332,46.09655],[10.51526,46.09698]]},"properties":{"ele":2200,"major":1}},{"type":"Feature","geometry":{"type":"LineString","coordinates":[[10.49327,45.98498],[10.49349,45.98545],[10.49401,45.98605],[10.49478,45.9865],[10.49546,45.98681],[10.49649,45.9871],[10.49821,45.98735],[10.50096,45.98793],[10.50164,45.98812],[10.50241,45.98843],[10.50303,45.98891],[10.50336,45.98982],[10.5037,45.99029],[10.50422,45.99069],[10.50456,45.99075],[10.50473,45.99067],[10.50478,45.99058],[10.5049,45.98998],[10.5051,45.98963],[10.50654,45.98843],[10.50672,45.9882],[10.50681,45.98796],[10.50685,45.9876],[10.50678,45.98712],[10.50616,45.98545],[10.50608,45.98498]]},"properties":{"ele":2200,"major":1}},{"type":"Feature","geometry":{"type":"LineString","coordinates":[[10.50272,46.09698],[10.50061,46.09511],[10.49958,46.09431],[10.49735,46.09199],[10.49684,46.09167],[10.49632,46.09159],[10.49563,46.09163],[10.49375,46.09204],[10.49186,46.09207],[10.48945,46.09177],[10.48654,46.09165],[10.48499,46.09128],[10.48259,46.09116],[10.47994,46.09032],[10.4783,46.0896],[10.47769,46.08948],[10.47658,46.08944],[10.47623,46.08936],[10.47572,46.08907],[10.47503,46.08832],[10.47469,46.08804],[10.47435,46.0879],[10.47332,46.08773],[10.4728,46.08757],[10.47153,46.08686],[10.47057,46.08647],[10.47006,46.08617]]},"properties":{"ele":2200,"major":1}},{"type":"Feature","geometry":{"type":"LineString","coordinates":[[10.55932,46.09698],[10.55881,46.09535],[10.55774,46.09103],[10.55743,46.09036],[10.55708,46.08996],[10.55663,46.08972],[10.55469,46.08895],[10.55191,46.08794],[10.55091,46.08741],[10.54989,46.08675],[10.54852,46.08603],[10.54576,46.08479],[10.54473,46.08445],[10.54318,46.08422],[10.54258,46.08401],[10.54215,46.08367],[10.54136,46.08282],[10.53924,46.0814],[10.53822,46.08043],[10.53769,46.08003],[10.537,46.0796],[10.53563,46.07908],[10.53507,46.07877],[10.53416,46.0777],[10.53288,46.07682],[10.53185,46.07572],[10.53065,46.07479],[10.52844,46.07365],[10.52636,46.07286],[10.52553,46.07246],[10.52313,46.07091],[10.52087,46.0696],[10.5195,46.06861],[10.51813,46.06745],[10.51749,46.06662],[10.51623,46.06547],[10.51538,46.06483],[10.51366,46.06397],[10.51189,46.06293],[10.51122,46.06269],[10.5104,46.06262],[10.50954,46.06273],[10.50902,46.06288],[10.50824,46.06329],[10.50748,46.06358],[10.50645,46.06386],[10.50593,46.06388],[10.50411,46.06352],[10.50338,46.06329],[10.50318,46.06305],[10.50303,46.06245],[10.50266,46.06221],[10.50216,46.06214],[10.50078,46.06216],[10.50027,46.06202],[10.49983,46.06174],[10.49953,46.06126],[10.49927,46.06019],[10.49925,46.059],[10.49943,46.0584],[10.49975,46.05802],[10.50044,46.0575],[10.50284,46.05613],[10.50332,46.05554],[10.50348,46.05483],[10.50341,46.05399],[10.50284,46.05232],[10.50267,46.05102],[10.5025,46.0503],[10.5004,46.04625],[10.5001,46.04589],[10.49975,46.04574],[10.49924,46.04574],[10.49872,46.0459],[10.49837,46.04613],[10.4974,46.0472],[10.49598,46.04835],[10.49546,46.04864],[10.49443,46.04902],[10.49323,46.04933],[10.49203,46.04948],[10.491,46.04955],[10.49014,46.04942],[10.4898,46.04922],[10.48938,46.04851],[10.48899,46.04708],[10.48886,46.04625],[10.48818,46.04506],[10.48797,46.04375],[10.48734,46.04256],[10.48723,46.04208],[10.48731,46.04172],[10.48757,46.04142],[10.48791,46.04125],[10.48877,46.041],[10.48897,46.04089],[10.48913,46.04065],[10.4891,46.04041],[10.48895,46.04017],[10.48825,46.03956],[10.48791,46.03916],[10.48743,46.03839],[10.48737,46.03815],[10.48746,46.03767],[10.48744,46.03684],[10.48869,46.03505],[10.48928,46.03457],[10.49014,46.03416],[10.49151,46.03376],[10.49227,46.03374],[10.49306,46.03358],[10.49375,46.03361],[10.4946,46.03379],[10.49666,46.03452],[10.49872,46.03553],[10.49924,46.03566],[10.49958,46.03556],[10.50027,46.03499],[10.50093,46.0335],[10.50096,46.03309],[10.50072,46.03267],[10.50027,46.03236],[10.49918,46.03183],[10.49846,46.03136],[10.49795,46.03088],[10.49762,46.03028],[10.49757,46.02981],[10.49781,46.02826],[10.49787,46.02598],[10.49805,46.02552],[10.49881,46.0248],[10.49897,46.02444],[10.49885,46.0242],[10.49818,46.02349],[10.49774,46.02289],[10.49645,46.02051],[10.49582,46.01956],[10.4957,46.0192],[10.49575,46.01884],[10.49598,46.01836],[10.49639,46.01777],[10.49701,46.01705],[10.49772,46.01646],[10.49889,46.01586],[10.49921,46.0155],[10.49927,46.01514],[10.49922,46.01479],[10.49855,46.01334],[10.49821,46.01271],[10.49792,46.0124],[10.49752,46.01226],[10.4964,46.01205],[10.49563,46.01178],[10.49291,46.01014],[10.49132,46.00942],[10.49048,46.00888],[10.49033,46.00871],[10.49023,46.00847],[10.49027,46.00799],[10.49043,46.00763],[10.49099,46.0068],[10.49103,46.00656],[10.49048,46.00586],[10.49011,46.00561],[10.48963,46.00549],[10.4889,46.00549],[10.48842,46.00563],[10.48782,46.00596],[10.48722,46.00647],[10.48654,46.00761],[10.48585,46.00838],[10.48551,46.00861],[10.48497,46.00883],[10.48379,46.00907],[10.48242,46.00923],[10.48036,46.00916],[10.47967,46.00905],[10.47898,46.00886],[10.47795,46.00844],[10.47606,46.00779],[10.4755,46.00751],[10.47478,46.00704],[10.47382,46.0062],[10.47233,46.00477],[10.47087,46.00322],[10.47054,46.00263],[10.47006,46.00117]]},"properties":{"ele":2200,"major":1}},{"type":"Feature","geometry":{"type":"LineString","coordinates":[[10.58529,45.98498],[10.58513,45.98593],[10.58441,45.98712],[10.58405,45.98832],[10.58352,45.98908],[10.58338,45.98939],[10.58335,45.98975],[10.58347,45.99046],[10.58341,45.99082],[10.58268,45.99165],[10.58248,45.99201],[10.58235,45.99332],[10.58216,45.9944],[10.58219,45.99476],[10.58239,45.99547],[10.58267,45.99582],[10.58345,45.99642],[10.58377,45.99678],[10.58392,45.99714],[10.5839,45.99762],[10.58361,45.99821],[10.58324,45.99869],[10.5812,46.00024],[10.58079,46.00072],[10.58063,46.00108],[10.58062,46.00143],[10.58074,46.00179],[10.58142,46.00275],[10.58165,46.00334],[10.58162,46.00394],[10.58136,46.00441],[10.5809,46.00477],[10.57992,46.00503],[10.57906,46.00509],[10.57734,46.00499],[10.57631,46.00505],[10.57595,46.00513],[10.57512,46.00549],[10.5746,46.0056],[10.57237,46.00557],[10.57151,46.00563],[10.57099,46.00575],[10.57014,46.00611],[10.56962,46.00622],[10.56893,46.00619],[10.56756,46.00589],[10.56705,46.00584],[10.56636,46.00587],[10.56584,46.00603],[10.56551,46.00632],[10.5653,46.0068],[10.56528,46.00716],[10.56538,46.00811],[10.56519,46.00906],[10.56535,46.00942],[10.56602,46.01011],[10.56639,46.01061],[10.56654,46.01097],[10.56656,46.01133],[10.56643,46.01169],[10.56611,46.01205],[10.56481,46.01279],[10.56413,46.01304],[10.56344,46.01313],[10.56258,46.01307],[10.56172,46.01287],[10.56087,46.01249],[10.55623,46.00982],[10.55515,46.00895],[10.55434,46.00791],[10.55329,46.00716],[10.5528,46.00668],[10.55248,46.00608],[10.55243,46.00573],[10.55252,46.00501],[10.55245,46.00477],[10.55227,46.00453],[10.55194,46.00425],[10.55142,46.00393],[10.55057,46.0036],[10.55005,46.00362],[10.54765,46.00442],[10.54662,46.00461],[10.54542,46.00493],[10.54456,46.00539],[10.54318,46.00589],[10.54215,46.00657],[10.54164,46.00672],[10.53975,46.00708],[10.53924,46.00733],[10.53843,46.00787],[10.53769,46.00816],[10.537,46.00833],[10.53615,46.00846],[10.53409,46.00857],[10.53372,46.00871],[10.53337,46.00906],[10.53324,46.00954],[10.53334,46.0099],[10.53359,46.01014],[10.53409,46.01036],[10.53443,46.01043],[10.53632,46.01038],[10.53752,46.01047],[10.53899,46.01085],[10.54061,46.01143],[10.54198,46.01183],[10.54267,46.01218],[10.54318,46.01258],[10.54353,46.01296],[10.54435,46.01443],[10.54529,46.0155],[10.54539,46.01586],[10.54508,46.01681],[10.54524,46.01713],[10.54559,46.01737],[10.54627,46.01755],[10.54799,46.01763],[10.54988,46.0178],[10.55039,46.01796],[10.55074,46.01822],[10.55136,46.0192],[10.5516,46.02003],[10.55164,46.02075],[10.55159,46.02134],[10.55147,46.02182],[10.55121,46.02242],[10.55114,46.02301],[10.55118,46.02325],[10.55134,46.02349],[10.55177,46.02385],[10.55366,46.02472],[10.5547,46.02552],[10.55528,46.02587],[10.55589,46.02616],[10.55726,46.02667],[10.55795,46.02702],[10.55861,46.02754],[10.55894,46.02802],[10.559,46.02826],[10.55896,46.02861],[10.55846,46.02981],[10.5583,46.03052],[10.55838,46.03243],[10.55853,46.0335],[10.55832,46.03433],[10.55812,46.03459],[10.55778,46.03473],[10.55743,46.03478],[10.55589,46.03482],[10.55503,46.03471],[10.55367,46.03433],[10.55253,46.03362],[10.55142,46.03253],[10.55091,46.03211],[10.54936,46.03127],[10.54765,46.03059],[10.54662,46.03026],[10.54318,46.02971],[10.54112,46.0292],[10.53924,46.0285],[10.53872,46.02825],[10.53772,46.02742],[10.53683,46.02681],[10.53612,46.02647],[10.53479,46.02611],[10.53426,46.02591],[10.53314,46.02516],[10.53237,46.02473],[10.52756,46.02239],[10.52533,46.02164],[10.52499,46.0216],[10.52482,46.02165],[10.5247,46.02182],[10.52499,46.02313],[10.52505,46.02397],[10.52521,46.02432],[10.52557,46.0248],[10.52661,46.02552],[10.52791,46.02683],[10.52839,46.02766],[10.52855,46.02826],[10.52847,46.02933],[10.52848,46.03064],[10.52831,46.03136],[10.52799,46.03219],[10.52756,46.0329],[10.52711,46.03338],[10.52653,46.0338],[10.52558,46.03433],[10.5253,46.03457],[10.52514,46.03481],[10.52501,46.03517],[10.52501,46.03553],[10.52508,46.03576],[10.52539,46.03612],[10.52592,46.03636],[10.5267,46.0365],[10.52911,46.03666],[10.52962,46.03681],[10.53082,46.03733],[10.53131,46.03767],[10.5316,46.03803],[10.53207,46.03958],[10.53205,46.04005],[10.53177,46.04077],[10.53145,46.04125],[10.531,46.0416],[10.52773,46.04296],[10.52596,46.04351],[10.52573,46.04363],[10.52566,46.04375],[10.52581,46.04399],[10.52761,46.04577],[10.52795,46.04625],[10.52827,46.04697],[10.52854,46.04792],[10.52928,46.04935],[10.52952,46.0503],[10.52968,46.05066],[10.52997,46.05098],[10.53035,46.05125],[10.53082,46.05142],[10.53134,46.05143],[10.53409,46.05047],[10.53563,46.0498],[10.53786,46.04905],[10.53855,46.04898],[10.53924,46.04903],[10.53975,46.0492],[10.54027,46.04958],[10.54069,46.05006],[10.54113,46.0509],[10.54125,46.05137],[10.5412,46.05185],[10.54076,46.0528],[10.5404,46.05423],[10.54008,46.05495],[10.53963,46.05554],[10.53879,46.05626],[10.53821,46.0569],[10.53791,46.05733],[10.53783,46.05769],[10.53787,46.05793],[10.53803,46.05827],[10.53855,46.05882],[10.53924,46.05927],[10.53992,46.05952],[10.54044,46.05951],[10.54095,46.05927],[10.54258,46.05804],[10.54439,46.05702],[10.54466,46.05673],[10.54509,46.05602],[10.54549,46.05566],[10.54662,46.05495],[10.54851,46.05415],[10.54971,46.05392],[10.55125,46.05384],[10.55228,46.05387],[10.55434,46.05413],[10.55589,46.05399],[10.55623,46.05405],[10.55659,46.05423],[10.55678,46.05447],[10.55684,46.05471],[10.55678,46.05495],[10.55658,46.05519],[10.55538,46.05578],[10.55348,46.0566],[10.5528,46.05697],[10.55211,46.05748],[10.55143,46.05828],[10.54971,46.06121],[10.54883,46.06233],[10.54842,46.06305],[10.54828,46.06352],[10.54813,46.0646],[10.54801,46.06614],[10.5481,46.06662],[10.54833,46.06694],[10.54942,46.06781],[10.55091,46.06953],[10.55177,46.07019],[10.55228,46.07041],[10.55366,46.07057],[10.55451,46.07076],[10.55554,46.0711],[10.55624,46.0715],[10.55657,46.07181],[10.55675,46.0721],[10.55683,46.07246],[10.55685,46.07317],[10.5571,46.07377],[10.55732,46.074],[10.55778,46.07434],[10.55846,46.07474],[10.55898,46.07495],[10.55966,46.07514],[10.56018,46.0752],[10.56087,46.07519],[10.56138,46.07509],[10.5619,46.07483],[10.56283,46.074],[10.56344,46.07359],[10.5655,46.07288],[10.56602,46.07277],[10.5667,46.07285],[10.56743,46.07317],[10.56875,46.074],[10.56944,46.07472],[10.56979,46.0752],[10.56997,46.07579],[10.56989,46.07627],[10.56964,46.07698],[10.5694,46.07734],[10.56876,46.07799],[10.56708,46.07924],[10.56681,46.0796],[10.56671,46.08008],[10.5668,46.08032],[10.56705,46.08055],[10.5679,46.08093],[10.56859,46.08104],[10.57099,46.08103],[10.57202,46.08114],[10.573,46.08139],[10.57357,46.08161],[10.57391,46.08184],[10.57408,46.08209],[10.57409,46.08258],[10.57368,46.08329],[10.57322,46.08377],[10.57202,46.08483],[10.5713,46.08579],[10.57104,46.08639],[10.57092,46.08698],[10.57101,46.08734],[10.57132,46.08782],[10.57193,46.08853],[10.57247,46.08901],[10.57323,46.08939],[10.57515,46.08996],[10.57555,46.0902],[10.57584,46.09056],[10.57588,46.09079],[10.57583,46.09103],[10.57529,46.09186],[10.57476,46.09246],[10.5734,46.09372],[10.57317,46.09413],[10.57319,46.09472],[10.5733,46.09496],[10.57442,46.09591],[10.57473,46.09627],[10.57479,46.09663],[10.57457,46.09698]]},"properties":{"ele":2200,"major":1}},{"type":"Feature","geometry":{"type":"LineString","coordinates":[[10.6,45.99653],[10.5976,45.997],[10.59468,45.99734],[10.594,45.99731],[10.59346,45.99702],[10.59296,45.99631],[10.59228,45.99574],[10.59168,45.99511],[10.59153,45.99487],[10.59126,45.99416],[10.59115,45.99309],[10.59121,45.99261],[10.59172,45.99165],[10.59174,45.99106],[10.59141,45.98987],[10.59103,45.98879],[10.59031,45.98748],[10.59022,45.98712],[10.59027,45.98665],[10.59092,45.98498]]},"properties":{"ele":2200,"major":1}},{"type":"Feature","geometry":{"type":"LineString","coordinates":[[10.6,46.03121],[10.59897,46.03154],[10.59674,46.03176],[10.59623,46.03194],[10.59503,46.03258],[10.59434,46.03283],[10.59331,46.03307],[10.59262,46.03307],[10.59149,46.03279],[10.59077,46.03243],[10.58844,46.03076],[10.58757,46.02981],[10.58701,46.02873],[10.5867,46.02778],[10.58611,46.02659],[10.58609,46.02611],[10.58634,46.02468],[10.58618,46.02349],[10.58661,46.02182],[10.58708,46.02051],[10.58734,46.02003],[10.58806,46.01908],[10.58821,46.01872],[10.58825,46.01836],[10.58811,46.01801],[10.58783,46.01765],[10.58661,46.01663],[10.58576,46.01602],[10.58542,46.01562],[10.58507,46.01504],[10.58486,46.01443],[10.58478,46.01383],[10.58478,46.013],[10.5849,46.01205],[10.58485,46.01169],[10.58464,46.01133],[10.58406,46.01073],[10.58393,46.0105],[10.58301,46.00797],[10.5829,46.0074],[10.58295,46.00716],[10.58311,46.00692],[10.58451,46.00585],[10.5849,46.00538],[10.58493,46.00513],[10.58461,46.00394],[10.58464,46.0037],[10.58487,46.00334],[10.58538,46.00286],[10.58593,46.00252],[10.58661,46.00218],[10.5873,46.00196],[10.58816,46.00183],[10.58988,46.00171],[10.59056,46.0018],[10.59194,46.00172],[10.59382,46.00177],[10.59571,46.00191],[10.59651,46.00203],[10.5976,46.00233],[10.59824,46.00263],[10.59932,46.00329],[10.59966,46.00342],[10.6,46.00344]]},"properties":{"ele":2200,"major":1}},{"type":"Feature","geometry":{"type":"LineString","coordinates":[[10.6,46.05803],[10.59863,46.0583],[10.59743,46.05823],[10.59571,46.05766],[10.59468,46.0571],[10.59306,46.05566],[10.59283,46.0553],[10.59238,46.05435],[10.5919,46.05376],[10.58988,46.05236],[10.58898,46.05114],[10.58816,46.05031],[10.58685,46.04959],[10.58608,46.04887],[10.58524,46.04828],[10.58514,46.04804],[10.58513,46.04732],[10.58533,46.04673],[10.58558,46.04659],[10.58611,46.04661],[10.58679,46.04689],[10.58764,46.04702],[10.58799,46.0472],[10.58857,46.04768],[10.58915,46.04804],[10.59108,46.04867],[10.59193,46.04911],[10.59218,46.04947],[10.59226,46.05018],[10.59245,46.05043],[10.59277,46.05066],[10.59331,46.05081],[10.594,46.05075],[10.59468,46.05035],[10.59511,46.04982],[10.59537,46.04923],[10.59566,46.04792],[10.59593,46.04744],[10.59638,46.04708],[10.59803,46.04625],[10.59833,46.04601],[10.59864,46.04565],[10.59882,46.04518],[10.59896,46.04399],[10.5993,46.04327],[10.59966,46.04226],[10.6,46.04175]]},"properties":{"ele":2200,"major":1}},{"type":"Feature","geometry":{"type":"LineString","coordinates":[[10.47006,45.99722],[10.4713,45.99619],[10.47143,45.99595],[10.47138,45.99583],[10.47109,45.99571],[10.47006,45.99576]]},"properties":{"ele":2220,"major":0}},{"type":"Feature","geometry":{"type":"LineString","coordinates":[[10.47006,46.03395],[10.47177,46.03411],[10.47246,46.03424],[10.47315,46.03449],[10.47486,46.03536],[10.47555,46.0355],[10.47624,46.03551],[10.47679,46.03541],[10.47727,46.03521],[10.47815,46.03433],[10.47864,46.03403],[10.47979,46.03362],[10.4807,46.03317],[10.48156,46.03307],[10.48224,46.03322],[10.48288,46.03362],[10.48337,46.03422],[10.48363,46.03493],[10.48352,46.03565],[10.48312,46.03684],[10.48316,46.03791],[10.48297,46.03851],[10.48257,46.03898],[10.48139,46.03973],[10.48089,46.04017],[10.48061,46.04065],[10.48036,46.04172],[10.48018,46.04199],[10.47984,46.04233],[10.47915,46.04277],[10.47723,46.04351],[10.47555,46.04436],[10.47229,46.0455],[10.47006,46.04612]]},"properties":{"ele":2220,"major":0}},{"type":"Feature","geometry":{"type":"LineString","coordinates":[[10.47006,46.05572],[10.47074,46.05587],[10.47212,46.05635],[10.47415,46.05685],[10.47658,46.05793],[10.47709,46.05826],[10.47761,46.05878],[10.47806,46.05936],[10.47864,46.0604],[10.47903,46.06078],[10.4795,46.06111],[10.48006,46.06138],[10.48087,46.06165],[10.48362,46.06218],[10.48413,46.0624],[10.48454,46.06269],[10.48494,46.06317],[10.48522,46.06376],[10.48532,46.06555],[10.48543,46.06591],[10.48564,46.06626],[10.48698,46.06757],[10.48791,46.06865],[10.48825,46.06891],[10.48932,46.06948],[10.48967,46.06984],[10.48975,46.07031],[10.48957,46.07174],[10.48959,46.07234],[10.48977,46.07293],[10.49014,46.0737],[10.49048,46.07415],[10.49083,46.07431],[10.49134,46.07434],[10.49237,46.07425],[10.49392,46.07397],[10.4946,46.07403],[10.49512,46.07425],[10.49597,46.07484],[10.49666,46.07519],[10.4982,46.07567],[10.49941,46.07621],[10.50179,46.07686],[10.50245,46.07722],[10.50271,46.07758],[10.50298,46.07889],[10.50344,46.08008],[10.50389,46.08091],[10.50399,46.08127],[10.504,46.08163],[10.5038,46.08246],[10.50377,46.08294],[10.504,46.08425],[10.50403,46.0852],[10.50417,46.08579],[10.50472,46.08698],[10.50559,46.08811],[10.50593,46.08865],[10.50645,46.0896],[10.50679,46.09044],[10.50834,46.09213],[10.5098,46.09353],[10.51091,46.09507],[10.51128,46.09544],[10.51197,46.09579],[10.51314,46.09622],[10.514,46.09644],[10.51572,46.09672],[10.51631,46.09698]]},"properties":{"ele":2220,"major":0}},{"type":"Feature","geometry":{"type":"LineString","coordinates":[[10.49378,45.98498],[10.49399,45.98533],[10.49443,45.98582],[10.49495,45.98617],[10.4957,45.98653],[10.49632,45.98672],[10.49804,45.98703],[10.50096,45.98774],[10.50267,45.98829],[10.50336,45.98879],[10.50352,45.98903],[10.50373,45.98975],[10.50405,45.99004],[10.50422,45.99007],[10.50439,45.98999],[10.50491,45.98927],[10.50618,45.9882],[10.50645,45.98772],[10.50648,45.98724],[10.50641,45.98688],[10.50628,45.9866],[10.50562,45.98569],[10.50547,45.98533],[10.50543,45.98498]]},"properties":{"ele":2220,"major":0}},{"type":"Feature","geometry":{"type":"LineString","coordinates":[[10.50238,46.09698],[10.50061,46.09535],[10.4993,46.09436],[10.49804,46.09308],[10.49701,46.09227],[10.49649,46.09204],[10.49581,46.09195],[10.49375,46.09221],[10.49169,46.09222],[10.49066,46.09214],[10.48928,46.09192],[10.48654,46.0918],[10.48499,46.09145],[10.4831,46.09137],[10.48242,46.09127],[10.47979,46.09044],[10.47812,46.08982],[10.47744,46.08971],[10.47641,46.08967],[10.47589,46.08955],[10.47554,46.08936],[10.47435,46.08834],[10.47263,46.08777],[10.47006,46.08647]]},"properties":{"ele":2220,"major":0}},{"type":"Feature","geometry":{"type":"LineString","coordinates":[[10.55902,46.09698],[10.55824,46.09448],[10.55785,46.0927],[10.55739,46.09103],[10.55711,46.09044],[10.55675,46.09008],[10.55451,46.08916],[10.5513,46.08806],[10.55074,46.08775],[10.54971,46.08698],[10.54816,46.08617],[10.54559,46.08495],[10.54456,46.08464],[10.54284,46.0845],[10.54233,46.08433],[10.54181,46.08392],[10.54093,46.08294],[10.53884,46.08151],[10.53776,46.08043],[10.5373,46.08008],[10.53683,46.07981],[10.53529,46.07924],[10.53465,46.07889],[10.53429,46.07853],[10.53381,46.07782],[10.53259,46.07686],[10.53186,46.07603],[10.53134,46.07558],[10.53031,46.07491],[10.52812,46.07377],[10.5259,46.07293],[10.52482,46.07239],[10.52285,46.07103],[10.52082,46.06984],[10.51932,46.06877],[10.5186,46.06805],[10.51795,46.06751],[10.51734,46.06674],[10.51606,46.06562],[10.5152,46.06502],[10.51322,46.06412],[10.5116,46.06326],[10.51091,46.06309],[10.50988,46.06313],[10.50954,46.06328],[10.5092,46.06358],[10.50885,46.06373],[10.50645,46.06429],[10.50576,46.06425],[10.50439,46.06399],[10.50302,46.06381],[10.50246,46.06364],[10.50136,46.06293],[10.5001,46.06248],[10.49942,46.06198],[10.49914,46.06162],[10.49896,46.06126],[10.49871,46.06031],[10.49888,46.05912],[10.49912,46.0584],[10.4994,46.05804],[10.49975,46.05773],[10.50263,46.05566],[10.50292,46.0553],[10.50306,46.05483],[10.50298,46.05423],[10.50248,46.05256],[10.50229,46.05125],[10.50209,46.05054],[10.50157,46.04935],[10.50108,46.04851],[10.50044,46.04723],[10.49994,46.04649],[10.49975,46.04632],[10.49941,46.04619],[10.49907,46.04621],[10.49855,46.04645],[10.49644,46.0484],[10.49587,46.04875],[10.49529,46.04901],[10.49357,46.04947],[10.4922,46.04967],[10.49083,46.04977],[10.49031,46.04972],[10.48983,46.04959],[10.4896,46.04947],[10.48939,46.04923],[10.4889,46.04792],[10.48856,46.04613],[10.48791,46.04506],[10.48766,46.04411],[10.48751,46.04375],[10.48644,46.0422],[10.48629,46.0416],[10.48635,46.04113],[10.48647,46.04089],[10.48673,46.04065],[10.48738,46.04029],[10.4876,46.04005],[10.48761,46.03982],[10.48749,46.03922],[10.48706,46.03803],[10.48713,46.03755],[10.48705,46.03708],[10.48711,46.03684],[10.48842,46.03491],[10.48878,46.03457],[10.48928,46.03427],[10.48997,46.03397],[10.49117,46.0336],[10.49252,46.03338],[10.49306,46.03336],[10.49392,46.03343],[10.4946,46.0336],[10.49684,46.03439],[10.49804,46.03499],[10.4989,46.03527],[10.49924,46.03526],[10.49958,46.03513],[10.49993,46.03489],[10.50014,46.03457],[10.50055,46.03338],[10.50056,46.03314],[10.50044,46.0329],[10.49993,46.0325],[10.49878,46.03195],[10.49782,46.03136],[10.4973,46.03088],[10.49697,46.03028],[10.49694,46.02993],[10.49704,46.02861],[10.49726,46.0273],[10.49739,46.02575],[10.49752,46.02521],[10.49786,46.02456],[10.49788,46.02432],[10.49774,46.02397],[10.49698,46.02277],[10.49657,46.0217],[10.49596,46.02051],[10.49535,46.01967],[10.49524,46.01932],[10.49538,46.01872],[10.49597,46.01777],[10.49735,46.0165],[10.49849,46.01586],[10.4988,46.01562],[10.49894,46.01538],[10.49898,46.01514],[10.49884,46.01455],[10.49821,46.0134],[10.49787,46.01301],[10.49752,46.01274],[10.49701,46.01256],[10.49581,46.01237],[10.49512,46.01215],[10.4922,46.01032],[10.49062,46.00954],[10.49008,46.00918],[10.48989,46.00895],[10.48981,46.00871],[10.48983,46.00811],[10.48997,46.00763],[10.49048,46.0069],[10.49063,46.00644],[10.49033,46.00596],[10.48997,46.00575],[10.48928,46.00566],[10.48877,46.00573],[10.48825,46.00595],[10.48774,46.0063],[10.48732,46.0068],[10.48702,46.00751],[10.48637,46.00871],[10.48602,46.00906],[10.48568,46.00924],[10.4831,46.00985],[10.48207,46.0099],[10.4807,46.00978],[10.47915,46.00946],[10.47795,46.00903],[10.47624,46.00856],[10.47392,46.0074],[10.473,46.00668],[10.47125,46.00489],[10.47052,46.00406],[10.47006,46.00337]]},"properties":{"ele":2220,"major":0}},{"type":"Feature","geometry":{"type":"LineString","coordinates":[[10.58574,45.98498],[10.58557,45.98593],[10.58475,45.98712],[10.5846,45.98748],[10.58442,45.98832],[10.5837,45.98939],[10.58366,45.98975],[10.58385,45.99058],[10.58384,45.99082],[10.5837,45.99109],[10.58307,45.99177],[10.58289,45.99213],[10.58255,45.99452],[10.58253,45.99499],[10.58267,45.99539],[10.58296,45.99571],[10.58372,45.99631],[10.5841,45.99678],[10.58425,45.99726],[10.58421,45.99774],[10.58397,45.99821],[10.5836,45.99869],[10.58321,45.99905],[10.58159,46.00024],[10.5812,46.00072],[10.58104,46.00108],[10.58103,46.00131],[10.58114,46.00167],[10.58195,46.00263],[10.58224,46.00322],[10.58224,46.00382],[10.58208,46.0043],[10.58187,46.00465],[10.58164,46.00493],[10.58133,46.00513],[10.58061,46.00531],[10.57906,46.00541],[10.57683,46.00532],[10.57614,46.00541],[10.57528,46.00571],[10.57477,46.0058],[10.57202,46.0058],[10.57134,46.00593],[10.57031,46.00637],[10.56979,46.00647],[10.56911,46.00644],[10.56705,46.00604],[10.56653,46.00605],[10.56605,46.0062],[10.56573,46.00656],[10.56562,46.00692],[10.56566,46.0074],[10.5659,46.00847],[10.56587,46.00918],[10.56603,46.00954],[10.56695,46.01085],[10.56708,46.01121],[10.56709,46.01169],[10.56698,46.01205],[10.56673,46.01228],[10.56516,46.01313],[10.56447,46.01338],[10.56361,46.01351],[10.56275,46.01348],[10.5619,46.01331],[10.56132,46.01312],[10.56035,46.01268],[10.55812,46.01133],[10.55572,46.00973],[10.55493,46.00906],[10.55414,46.00811],[10.553,46.0074],[10.55256,46.00704],[10.55226,46.00668],[10.55202,46.0062],[10.55187,46.00573],[10.55179,46.00501],[10.55164,46.00465],[10.55118,46.0043],[10.55039,46.00405],[10.54971,46.00409],[10.54576,46.00519],[10.54488,46.00561],[10.54336,46.0061],[10.5425,46.0067],[10.54215,46.00686],[10.54061,46.00719],[10.53975,46.00745],[10.53941,46.0076],[10.53872,46.00805],[10.53828,46.00823],[10.53649,46.00864],[10.5344,46.00883],[10.53405,46.00895],[10.53379,46.00918],[10.53371,46.00942],[10.53379,46.00978],[10.53405,46.01002],[10.53434,46.01014],[10.53477,46.01019],[10.53632,46.01015],[10.53752,46.0103],[10.54044,46.01109],[10.54215,46.0114],[10.54271,46.01157],[10.54308,46.01181],[10.54365,46.0124],[10.54407,46.013],[10.54473,46.01431],[10.54586,46.0155],[10.54591,46.01586],[10.54551,46.01669],[10.54555,46.01693],[10.54566,46.01705],[10.5461,46.01725],[10.54662,46.01734],[10.54799,46.01732],[10.55022,46.01754],[10.55074,46.01766],[10.55105,46.01789],[10.55125,46.01819],[10.5516,46.01894],[10.55187,46.01991],[10.55177,46.02134],[10.55137,46.02254],[10.55134,46.02301],[10.55148,46.02337],[10.55177,46.02363],[10.55217,46.02385],[10.5541,46.02456],[10.55529,46.02552],[10.55572,46.02577],[10.55749,46.02647],[10.55812,46.02679],[10.55896,46.02742],[10.55929,46.0279],[10.55937,46.02826],[10.55934,46.02861],[10.55882,46.03004],[10.55869,46.03064],[10.5587,46.03231],[10.55883,46.0335],[10.55859,46.03445],[10.55829,46.03478],[10.55795,46.03491],[10.5576,46.03496],[10.55572,46.03499],[10.55503,46.03488],[10.55348,46.03445],[10.55245,46.03386],[10.55073,46.03231],[10.54948,46.03159],[10.54868,46.03124],[10.54748,46.03076],[10.54645,46.03046],[10.54353,46.03],[10.54095,46.02937],[10.54038,46.02909],[10.53872,46.02846],[10.53838,46.02823],[10.53746,46.02742],[10.53683,46.02699],[10.53637,46.02683],[10.53597,46.02659],[10.5342,46.02611],[10.53298,46.02528],[10.53215,46.0248],[10.52773,46.02266],[10.52688,46.02234],[10.52585,46.02212],[10.5255,46.02212],[10.52535,46.02218],[10.52525,46.02242],[10.52533,46.02385],[10.52557,46.02444],[10.52587,46.0248],[10.52661,46.02528],[10.52739,46.02588],[10.52825,46.02678],[10.52891,46.02778],[10.52904,46.02838],[10.52895,46.03076],[10.52877,46.03147],[10.52835,46.03255],[10.528,46.03314],[10.52767,46.0335],[10.52688,46.03406],[10.52576,46.03469],[10.52544,46.03529],[10.52547,46.03565],[10.52569,46.03588],[10.52623,46.03612],[10.52688,46.03624],[10.52842,46.0363],[10.52928,46.0364],[10.53014,46.03667],[10.53117,46.03714],[10.53159,46.03743],[10.53193,46.03779],[10.53209,46.03815],[10.53244,46.03934],[10.53245,46.03994],[10.53229,46.04041],[10.53184,46.04125],[10.53136,46.04172],[10.53082,46.04202],[10.52928,46.04253],[10.52716,46.04339],[10.52669,46.04363],[10.52655,46.04387],[10.52667,46.04423],[10.52698,46.0447],[10.52801,46.04577],[10.52844,46.04637],[10.52901,46.0478],[10.52971,46.04911],[10.53001,46.0503],[10.53012,46.05054],[10.53048,46.05087],[10.53081,46.05102],[10.53117,46.05106],[10.53151,46.05101],[10.53409,46.05019],[10.53718,46.04898],[10.53803,46.04877],[10.53872,46.04873],[10.53941,46.04881],[10.53992,46.04899],[10.54027,46.04924],[10.54091,46.04994],[10.5414,46.05078],[10.54158,46.05137],[10.54155,46.05185],[10.54106,46.05304],[10.54072,46.05435],[10.5404,46.05507],[10.53988,46.05578],[10.53859,46.05697],[10.53833,46.05733],[10.53825,46.05769],[10.53838,46.05813],[10.53873,46.05852],[10.53927,46.05888],[10.53992,46.05908],[10.54027,46.05906],[10.54078,46.05886],[10.54248,46.05769],[10.54371,46.05697],[10.54414,46.05662],[10.54457,46.05602],[10.54481,46.05578],[10.54584,46.05519],[10.54631,46.05483],[10.54713,46.05444],[10.54851,46.05392],[10.54988,46.05367],[10.55194,46.05356],[10.55434,46.05372],[10.55623,46.05355],[10.55675,46.05364],[10.55715,46.05388],[10.55739,46.05423],[10.55754,46.05483],[10.55745,46.05519],[10.55726,46.0554],[10.55657,46.05581],[10.55383,46.05703],[10.55297,46.0575],[10.55228,46.05801],[10.55175,46.05864],[10.55083,46.06007],[10.55003,46.0615],[10.54912,46.06257],[10.54877,46.06317],[10.5484,46.06472],[10.54835,46.06614],[10.54844,46.0665],[10.54862,46.06674],[10.54965,46.06769],[10.55091,46.06913],[10.55177,46.06981],[10.55245,46.07012],[10.55417,46.07038],[10.55537,46.07072],[10.55606,46.07102],[10.55657,46.07138],[10.55693,46.07174],[10.55711,46.0721],[10.55717,46.07246],[10.55715,46.07317],[10.55731,46.07365],[10.55783,46.07412],[10.55881,46.07463],[10.55932,46.07479],[10.56001,46.07489],[10.56052,46.07486],[10.56104,46.07476],[10.56172,46.07445],[10.56293,46.07355],[10.56344,46.07325],[10.5655,46.07256],[10.56619,46.07245],[10.56687,46.07258],[10.56764,46.07293],[10.56904,46.07377],[10.56979,46.07448],[10.57021,46.07508],[10.57045,46.07567],[10.57046,46.07603],[10.57031,46.07651],[10.56993,46.07722],[10.56925,46.07805],[10.56755,46.07936],[10.5673,46.07972],[10.56727,46.08008],[10.56761,46.08043],[10.56842,46.08073],[10.56945,46.08082],[10.57168,46.08089],[10.57321,46.08115],[10.57408,46.08148],[10.57447,46.08186],[10.57454,46.0821],[10.57452,46.08246],[10.57426,46.08305],[10.57375,46.08365],[10.57253,46.0846],[10.57194,46.0852],[10.5714,46.08603],[10.57116,46.08698],[10.57127,46.08734],[10.57168,46.08792],[10.57225,46.08853],[10.57269,46.08889],[10.57357,46.08925],[10.57549,46.08972],[10.57614,46.09008],[10.57638,46.09032],[10.5765,46.09056],[10.57654,46.09079],[10.57649,46.09103],[10.57611,46.09163],[10.57563,46.0921],[10.57395,46.09353],[10.57357,46.09396],[10.57342,46.09425],[10.57342,46.0946],[10.57362,46.09496],[10.57481,46.09591],[10.57516,46.09627],[10.57529,46.09663],[10.57515,46.09698]]},"properties":{"ele":2220,"major":0}},{"type":"Feature","geometry":{"type":"LineString","coordinates":[[10.6,45.99699],[10.59794,45.99738],[10.59606,45.99748],[10.59417,45.99778],[10.59348,45.99774],[10.59312,45.99762],[10.59279,45.99739],[10.59171,45.99607],[10.59053,45.99511],[10.59035,45.99476],[10.59031,45.9944],[10.59051,45.99332],[10.59056,45.99228],[10.59088,45.99142],[10.59072,45.98998],[10.59039,45.98891],[10.59009,45.9882],[10.58967,45.98748],[10.58954,45.987],[10.58958,45.98676],[10.59006,45.98593],[10.59041,45.98498]]},"properties":{"ele":2220,"major":0}},{"type":"Feature","geometry":{"type":"LineString","coordinates":[[10.6,46.03144],[10.59897,46.03175],[10.59743,46.03185],[10.59674,46.03196],[10.59503,46.03284],[10.594,46.03326],[10.59314,46.03347],[10.59228,46.03345],[10.59125,46.03315],[10.59033,46.03267],[10.58793,46.03088],[10.58698,46.03004],[10.58667,46.02969],[10.58627,46.02899],[10.58606,46.02778],[10.58556,46.02659],[10.58555,46.02611],[10.58573,46.02468],[10.58559,46.02349],[10.58605,46.02146],[10.58682,46.02015],[10.58772,46.01908],[10.5879,46.01872],[10.58797,46.01836],[10.58784,46.01801],[10.58755,46.01765],[10.58644,46.01676],[10.58551,46.01622],[10.58499,46.01562],[10.58461,46.01503],[10.58443,46.01443],[10.58436,46.01383],[10.58437,46.01312],[10.58452,46.01216],[10.5845,46.01181],[10.58428,46.01133],[10.58382,46.01085],[10.58367,46.01061],[10.58348,46.0099],[10.58261,46.00775],[10.58249,46.00728],[10.58257,46.00692],[10.58277,46.00668],[10.58387,46.00595],[10.58444,46.00537],[10.58448,46.00501],[10.58414,46.00382],[10.58419,46.00358],[10.58435,46.00334],[10.58515,46.00275],[10.58593,46.00227],[10.58642,46.00203],[10.58696,46.00186],[10.58833,46.00161],[10.59091,46.00153],[10.59194,46.00152],[10.59554,46.00172],[10.59657,46.00186],[10.59778,46.00215],[10.5984,46.00239],[10.59932,46.00287],[10.6,46.00305]]},"properties":{"ele":2220,"major":0}},{"type":"Feature","geometry":{"type":"LineString","coordinates":[[10.6,46.05834],[10.59863,46.05861],[10.5976,46.05855],[10.59709,46.05842],[10.59554,46.05786],[10.59451,46.05735],[10.59266,46.05578],[10.59244,46.05542],[10.59208,46.05447],[10.59163,46.05388],[10.59104,46.0534],[10.5897,46.05253],[10.58938,46.05221],[10.58879,46.05137],[10.58808,46.05066],[10.58777,46.05042],[10.58661,46.04981],[10.58593,46.04908],[10.58491,46.0484],[10.58473,46.04816],[10.58472,46.04804],[10.58478,46.04768],[10.58477,46.0472],[10.58507,46.04661],[10.58524,46.0465],[10.5861,46.04643],[10.58696,46.04663],[10.58764,46.04667],[10.58817,46.04685],[10.58902,46.04756],[10.58961,46.04792],[10.59185,46.04863],[10.59242,46.04887],[10.5929,46.04923],[10.59314,46.04986],[10.59331,46.05006],[10.59348,46.05011],[10.59382,46.05006],[10.59417,46.04986],[10.59456,46.04947],[10.59514,46.04792],[10.59554,46.04732],[10.59606,46.04695],[10.5976,46.04619],[10.59794,46.04593],[10.59818,46.04565],[10.59834,46.0453],[10.59839,46.04446],[10.59851,46.04387],[10.5993,46.04208],[10.59966,46.04146],[10.6,46.04113]]},"properties":{"ele":2220,"major":0}},{"type":"Feature","geometry":{"type":"LineString","coordinates":[[10.47006,46.03362],[10.47177,46.03377],[10.47246,46.0339],[10.47315,46.03416],[10.47486,46.03501],[10.47555,46.03518],[10.47606,46.03522],[10.47658,46.03514],[10.47692,46.03499],[10.47804,46.03398],[10.47847,46.03372],[10.4795,46.03338],[10.48053,46.0329],[10.48104,46.03281],[10.48156,46.03281],[10.48242,46.03302],[10.483,46.03338],[10.48366,46.03422],[10.48391,46.03481],[10.48394,46.03505],[10.48385,46.03576],[10.48346,46.03696],[10.48343,46.03803],[10.48318,46.03874],[10.48276,46.03919],[10.48156,46.03987],[10.48111,46.04029],[10.48089,46.04077],[10.48076,46.0416],[10.48063,46.04196],[10.48039,46.04232],[10.48001,46.04269],[10.47926,46.04315],[10.47761,46.04378],[10.47628,46.04446],[10.47503,46.04499],[10.47212,46.0459],[10.47006,46.04638]]},"properties":{"ele":2240,"major":0}},{"type":"Feature","geometry":{"type":"LineString","coordinates":[[10.47006,46.05545],[10.47074,46.05558],[10.47229,46.05614],[10.47452,46.05657],[10.47538,46.05685],[10.47675,46.05757],[10.47738,46.05804],[10.47828,46.05912],[10.47883,46.06019],[10.47918,46.06055],[10.47967,46.0609],[10.48036,46.06123],[10.48104,46.06144],[10.48396,46.06196],[10.48448,46.06219],[10.48484,46.06245],[10.48526,46.06293],[10.4855,46.06352],[10.48554,46.06388],[10.48547,46.0646],[10.48551,46.06519],[10.48562,46.06567],[10.48585,46.06613],[10.48719,46.06745],[10.48817,46.06853],[10.4886,46.06883],[10.48958,46.06936],[10.48995,46.06972],[10.49004,46.07007],[10.4898,46.07174],[10.48985,46.07234],[10.49008,46.07293],[10.49073,46.07377],[10.49089,46.07389],[10.49134,46.07404],[10.49186,46.07406],[10.49254,46.074],[10.49375,46.07373],[10.49409,46.07371],[10.4946,46.07379],[10.49512,46.07398],[10.49598,46.07466],[10.49684,46.07509],[10.49821,46.07548],[10.49975,46.07612],[10.50233,46.0767],[10.50302,46.07705],[10.50319,46.07725],[10.5033,46.07758],[10.5033,46.07853],[10.5034,46.07901],[10.50397,46.0802],[10.50446,46.08091],[10.50459,46.08127],[10.50457,46.08163],[10.50431,46.0827],[10.50453,46.08401],[10.50443,46.0852],[10.50456,46.08579],[10.50507,46.08686],[10.50615,46.08829],[10.50729,46.09044],[10.50834,46.09171],[10.51005,46.09341],[10.51108,46.09472],[10.51172,46.09532],[10.51238,46.09567],[10.51314,46.09594],[10.51606,46.09652],[10.51655,46.09675],[10.51685,46.09698]]},"properties":{"ele":2240,"major":0}},{"type":"Feature","geometry":{"type":"LineString","coordinates":[[10.49445,45.98498],[10.49478,45.98539],[10.49512,45.9857],[10.49615,45.98624],[10.49993,45.9873],[10.50096,45.98751],[10.5025,45.98797],[10.50302,45.98819],[10.50387,45.98872],[10.50422,45.98883],[10.50456,45.98876],[10.5049,45.98859],[10.50559,45.98814],[10.506,45.98772],[10.50616,45.98724],[10.50611,45.98688],[10.50597,45.98665],[10.50474,45.98557],[10.50464,45.98533],[10.50462,45.98498]]},"properties":{"ele":2240,"major":0}},{"type":"Feature","geometry":{"type":"LineString","coordinates":[[10.50208,46.09698],[10.50045,46.09544],[10.49909,46.09448],[10.49804,46.09341],[10.49701,46.09271],[10.49649,46.09248],[10.49563,46.09234],[10.4922,46.09237],[10.49066,46.09231],[10.48928,46.09208],[10.48654,46.09196],[10.48499,46.09162],[10.48327,46.09153],[10.48242,46.09142],[10.47795,46.09007],[10.47727,46.08995],[10.47624,46.0899],[10.47555,46.08974],[10.47372,46.08853],[10.47212,46.08785],[10.47006,46.08677]]},"properties":{"ele":2240,"major":0}},{"type":"Feature","geometry":{"type":"LineString","coordinates":[[10.55873,46.09698],[10.55791,46.0946],[10.5576,46.09282],[10.55741,46.0921],[10.55697,46.09091],[10.55673,46.09056],[10.55648,46.09032],[10.55559,46.08984],[10.55469,46.08946],[10.55171,46.08853],[10.55079,46.08817],[10.55039,46.08794],[10.54953,46.08722],[10.54542,46.08509],[10.54439,46.08482],[10.54233,46.08479],[10.54181,46.08463],[10.54147,46.08426],[10.5409,46.08341],[10.54056,46.08305],[10.53976,46.08246],[10.53807,46.08139],[10.53731,46.08055],[10.53688,46.0802],[10.53484,46.07936],[10.53396,46.07889],[10.53374,46.07865],[10.53345,46.07805],[10.53319,46.0777],[10.53237,46.07699],[10.53168,46.07619],[10.53117,46.07574],[10.52782,46.07389],[10.52705,46.07357],[10.5255,46.07308],[10.52413,46.07234],[10.52203,46.07079],[10.52057,46.06996],[10.51932,46.0691],[10.51776,46.06757],[10.51716,46.06686],[10.51589,46.06581],[10.51513,46.06531],[10.51177,46.06399],[10.51126,46.06387],[10.51074,46.06399],[10.51005,46.06448],[10.50954,46.06458],[10.50817,46.06443],[10.50663,46.0646],[10.50611,46.06459],[10.50439,46.06426],[10.50233,46.06404],[10.50164,46.06382],[10.50027,46.06313],[10.49974,46.06281],[10.49924,46.06236],[10.49865,46.06162],[10.49786,46.06019],[10.49778,46.05995],[10.4978,46.05983],[10.49838,46.05912],[10.49879,46.0584],[10.49908,46.05804],[10.50221,46.05542],[10.50251,46.05507],[10.5026,46.05471],[10.50254,46.05435],[10.50216,46.05328],[10.50186,46.05114],[10.5012,46.04947],[10.50063,46.04851],[10.50019,46.04756],[10.49958,46.04692],[10.49924,46.04676],[10.4989,46.04676],[10.49855,46.04691],[10.49821,46.04718],[10.49712,46.04828],[10.49667,46.04863],[10.49598,46.04902],[10.49512,46.04936],[10.49323,46.04975],[10.49134,46.04996],[10.49031,46.04995],[10.48963,46.04975],[10.48918,46.04947],[10.48879,46.04887],[10.48876,46.0484],[10.48852,46.04744],[10.48839,46.04637],[10.48825,46.04605],[10.48771,46.04518],[10.4873,46.04411],[10.48672,46.04327],[10.48558,46.04208],[10.48544,46.04172],[10.48528,46.04089],[10.48532,46.04065],[10.48541,46.04053],[10.48666,46.03982],[10.487,46.03934],[10.48703,46.03898],[10.48676,46.03791],[10.48674,46.03743],[10.48683,46.03684],[10.48717,46.03612],[10.48825,46.03468],[10.48866,46.03433],[10.48928,46.034],[10.49134,46.03334],[10.49237,46.03317],[10.49306,46.03315],[10.49392,46.03324],[10.4946,46.03342],[10.49684,46.0342],[10.49769,46.03466],[10.49855,46.03494],[10.4989,46.03497],[10.49924,46.03492],[10.49958,46.03475],[10.49983,46.03445],[10.50015,46.0335],[10.5001,46.03314],[10.49995,46.0329],[10.4995,46.03255],[10.49846,46.03207],[10.49719,46.03136],[10.49669,46.03088],[10.49634,46.03028],[10.49631,46.02993],[10.49645,46.02909],[10.49648,46.02802],[10.49688,46.02623],[10.49691,46.02504],[10.49686,46.02432],[10.49671,46.02385],[10.49617,46.02301],[10.49605,46.02194],[10.49568,46.02099],[10.49546,46.02056],[10.49492,46.01991],[10.49476,46.01944],[10.49482,46.01908],[10.49503,46.0186],[10.49562,46.01777],[10.49718,46.01643],[10.49826,46.01574],[10.49853,46.0155],[10.49867,46.01514],[10.49857,46.01467],[10.49802,46.01371],[10.49752,46.01324],[10.49684,46.01295],[10.49529,46.01271],[10.49443,46.01242],[10.49134,46.0104],[10.4898,46.00967],[10.48949,46.00942],[10.48935,46.00918],[10.4893,46.00883],[10.48949,46.00775],[10.48963,46.00733],[10.48997,46.0068],[10.49012,46.00644],[10.4901,46.0062],[10.48977,46.00596],[10.48928,46.00589],[10.48879,46.00596],[10.48842,46.00613],[10.488,46.00644],[10.48761,46.00704],[10.48715,46.00811],[10.48695,46.00883],[10.48671,46.00913],[10.48631,46.00942],[10.48551,46.00983],[10.48353,46.0105],[10.48276,46.01064],[10.4819,46.01066],[10.48088,46.0105],[10.47784,46.00966],[10.47606,46.00927],[10.47521,46.00895],[10.47212,46.00733],[10.47163,46.0068],[10.47073,46.00549],[10.47006,46.00483]]},"properties":{"ele":2240,"major":0}},{"type":"Feature","geometry":{"type":"LineString","coordinates":[[10.58621,45.98498],[10.58612,45.98569],[10.586,45.98605],[10.58507,45.98724],[10.58493,45.9876],[10.58477,45.98843],[10.58404,45.98942],[10.58399,45.98975],[10.58422,45.99058],[10.58421,45.99094],[10.58409,45.99118],[10.58343,45.99201],[10.58319,45.99309],[10.583,45.99511],[10.5832,45.99547],[10.58399,45.99619],[10.58435,45.99666],[10.58455,45.99726],[10.5845,45.99786],[10.58424,45.99833],[10.58371,45.99893],[10.58221,46.0],[10.58172,46.00048],[10.58143,46.00108],[10.58143,46.00131],[10.58161,46.00167],[10.58284,46.00277],[10.58318,46.00299],[10.58352,46.00307],[10.58455,46.00277],[10.5861,46.00194],[10.58679,46.00172],[10.58816,46.00146],[10.59005,46.00142],[10.59073,46.00133],[10.59503,46.00151],[10.59623,46.00164],[10.59808,46.00203],[10.59949,46.00259],[10.6,46.0027]]},"properties":{"ele":2240,"major":0}},{"type":"Feature","geometry":{"type":"LineString","coordinates":[[10.6,45.99815],[10.59915,45.99796],[10.59657,45.99778],[10.59588,45.99782],[10.59417,45.99813],[10.59365,45.99814],[10.59314,45.99807],[10.59263,45.99786],[10.5923,45.99762],[10.59127,45.99631],[10.59007,45.99547],[10.58958,45.99499],[10.58945,45.99476],[10.58942,45.99452],[10.59,45.99321],[10.59002,45.99213],[10.59017,45.9913],[10.59014,45.99046],[10.58966,45.98855],[10.58907,45.98748],[10.58893,45.987],[10.58901,45.98665],[10.5897,45.98569],[10.58991,45.98498]]},"properties":{"ele":2240,"major":0}},{"type":"Feature","geometry":{"type":"LineString","coordinates":[[10.6,46.03166],[10.59897,46.03195],[10.59691,46.03213],[10.594,46.03358],[10.59297,46.03385],[10.59211,46.03385],[10.59108,46.03353],[10.58994,46.0329],[10.58672,46.0304],[10.58627,46.02998],[10.58598,46.02957],[10.58572,46.02897],[10.58551,46.02778],[10.58509,46.02695],[10.58499,46.02659],[10.58496,46.02611],[10.58507,46.02504],[10.58496,46.02408],[10.58496,46.02349],[10.58523,46.02194],[10.58544,46.02134],[10.58621,46.02027],[10.58742,46.01896],[10.58762,46.0186],[10.58766,46.01836],[10.58749,46.01789],[10.58715,46.01753],[10.58627,46.01688],[10.58557,46.01658],[10.58512,46.01622],[10.58442,46.01538],[10.58413,46.01479],[10.58401,46.01407],[10.58404,46.01324],[10.58417,46.01216],[10.58414,46.01181],[10.58398,46.01145],[10.58345,46.01073],[10.58318,46.00966],[10.58227,46.00763],[10.58214,46.00716],[10.58216,46.0068],[10.58236,46.00644],[10.58265,46.0062],[10.58348,46.00573],[10.58372,46.00549],[10.58386,46.00525],[10.58387,46.00489],[10.5837,46.00456],[10.58335,46.00423],[10.58318,46.00419],[10.58284,46.00435],[10.58198,46.00541],[10.58164,46.00558],[10.58129,46.00565],[10.57906,46.00571],[10.577,46.0056],[10.57631,46.00568],[10.57494,46.00601],[10.57237,46.006],[10.57151,46.00619],[10.57065,46.00661],[10.56996,46.00672],[10.56928,46.00668],[10.56705,46.00625],[10.5667,46.00625],[10.56636,46.00634],[10.56609,46.00656],[10.56595,46.00704],[10.56606,46.00763],[10.5664,46.00847],[10.56643,46.00918],[10.56651,46.00954],[10.56676,46.01002],[10.56742,46.01085],[10.5679,46.0117],[10.56845,46.01228],[10.56852,46.0124],[10.56848,46.01252],[10.56822,46.01264],[10.56687,46.01283],[10.56504,46.01359],[10.56396,46.01381],[10.56275,46.01379],[10.56138,46.0135],[10.55983,46.01288],[10.55846,46.01211],[10.55707,46.01097],[10.55537,46.00975],[10.55472,46.00918],[10.55383,46.00824],[10.55243,46.00751],[10.55194,46.00716],[10.55169,46.0068],[10.55153,46.00644],[10.55122,46.00525],[10.55108,46.00495],[10.55074,46.00463],[10.55022,46.00446],[10.54971,46.00445],[10.54919,46.00454],[10.54627,46.00535],[10.5449,46.00592],[10.54354,46.00632],[10.54268,46.00692],[10.54233,46.00709],[10.54078,46.00745],[10.53992,46.00773],[10.53855,46.00842],[10.53632,46.00898],[10.53477,46.00916],[10.53443,46.00934],[10.53436,46.00954],[10.53442,46.00966],[10.53477,46.00984],[10.53649,46.00986],[10.54044,46.01085],[10.5425,46.01115],[10.54318,46.01137],[10.54364,46.01169],[10.54411,46.01228],[10.54447,46.01288],[10.5449,46.01384],[10.54521,46.01431],[10.54618,46.01514],[10.54646,46.0155],[10.54652,46.01574],[10.54648,46.01598],[10.5461,46.01669],[10.54626,46.01693],[10.54696,46.01713],[10.54799,46.0171],[10.54919,46.01727],[10.55074,46.01734],[10.55108,46.01741],[10.55142,46.01763],[10.55167,46.01812],[10.55212,46.01991],[10.55193,46.02146],[10.55157,46.02254],[10.55156,46.02301],[10.55167,46.02325],[10.55194,46.0235],[10.55245,46.02378],[10.55417,46.02424],[10.55461,46.02444],[10.5559,46.02552],[10.55638,46.02575],[10.55778,46.02628],[10.55846,46.02665],[10.55933,46.0273],[10.55966,46.02778],[10.55973,46.02814],[10.55971,46.02849],[10.55915,46.03064],[10.55909,46.03219],[10.5592,46.03302],[10.55918,46.03338],[10.55881,46.03467],[10.55863,46.03486],[10.55829,46.03505],[10.55795,46.03513],[10.55692,46.0352],[10.55572,46.03519],[10.55503,46.03508],[10.55314,46.03453],[10.55272,46.03433],[10.55218,46.03398],[10.55159,46.0335],[10.55091,46.03281],[10.55039,46.03244],[10.54909,46.03171],[10.54782,46.03112],[10.54713,46.03087],[10.5461,46.03061],[10.54336,46.03017],[10.54207,46.02981],[10.54095,46.02958],[10.53855,46.02858],[10.53811,46.02826],[10.53735,46.02754],[10.53683,46.02718],[10.5358,46.02669],[10.5346,46.02645],[10.53409,46.02629],[10.532,46.02492],[10.5278,46.02289],[10.52705,46.02262],[10.52636,46.0225],[10.52602,46.02254],[10.52585,46.02263],[10.52575,46.02277],[10.52561,46.02385],[10.52584,46.02444],[10.52617,46.0248],[10.52756,46.02575],[10.52856,46.02659],[10.52874,46.02695],[10.52936,46.02778],[10.52955,46.02849],[10.52944,46.03088],[10.5289,46.03267],[10.52868,46.03314],[10.52842,46.03351],[10.52732,46.03433],[10.52695,46.03469],[10.52685,46.03505],[10.52687,46.03553],[10.52705,46.03576],[10.52738,46.03588],[10.52911,46.03608],[10.53014,46.03629],[10.53082,46.03656],[10.53151,46.03694],[10.53203,46.03731],[10.53233,46.03767],[10.5327,46.03851],[10.53287,46.0391],[10.53291,46.0397],[10.53279,46.04017],[10.53223,46.04125],[10.53174,46.04184],[10.531,46.04227],[10.52945,46.04272],[10.52831,46.04315],[10.5274,46.04363],[10.52727,46.04375],[10.52717,46.04399],[10.52726,46.04434],[10.52745,46.0447],[10.5285,46.04589],[10.52892,46.04649],[10.52956,46.0478],[10.53031,46.04911],[10.53066,46.0503],[10.53082,46.05047],[10.53117,46.05059],[10.53203,46.05051],[10.53409,46.0499],[10.537,46.04877],[10.53786,46.04856],[10.53872,46.0485],[10.53958,46.0486],[10.54001,46.04875],[10.54044,46.04905],[10.54105,46.04971],[10.54153,46.05042],[10.54183,46.05102],[10.54193,46.05161],[10.54186,46.05209],[10.5414,46.05328],[10.54116,46.05423],[10.54073,46.05519],[10.54025,46.0559],[10.53907,46.05697],[10.53876,46.05745],[10.53877,46.05781],[10.53902,46.05816],[10.53957,46.05852],[10.53992,46.05859],[10.54044,46.05852],[10.54095,46.0583],[10.54301,46.05697],[10.5436,46.0565],[10.54418,46.05578],[10.54449,46.05554],[10.54542,46.05516],[10.54696,46.05423],[10.54851,46.05369],[10.54954,46.05348],[10.55108,46.05333],[10.55245,46.05327],[10.55451,46.05337],[10.5564,46.05319],[10.55709,46.0533],[10.5576,46.05364],[10.55799,46.05423],[10.55824,46.05495],[10.55822,46.0553],[10.55805,46.05554],[10.55776,46.05578],[10.55732,46.05602],[10.55434,46.05733],[10.55314,46.05796],[10.55228,46.0587],[10.55142,46.05981],[10.55037,46.06162],[10.54937,46.06281],[10.54905,46.0634],[10.54868,46.06472],[10.54872,46.06579],[10.54881,46.06626],[10.55074,46.06853],[10.55125,46.06903],[10.55177,46.0694],[10.55263,46.0698],[10.55434,46.07011],[10.55572,46.07049],[10.55614,46.07067],[10.55657,46.07096],[10.55717,46.0715],[10.55744,46.07198],[10.55752,46.07234],[10.55748,46.07317],[10.5576,46.07357],[10.55807,46.074],[10.55881,46.07436],[10.55932,46.07452],[10.55984,46.07459],[10.56035,46.07457],[10.56087,46.07445],[10.5616,46.07412],[10.56293,46.07318],[10.56344,46.07291],[10.56533,46.07229],[10.56619,46.07213],[10.56687,46.07225],[10.5679,46.07274],[10.56928,46.07353],[10.57014,46.07425],[10.57055,46.07484],[10.57083,46.07543],[10.57094,46.07591],[10.57084,46.07639],[10.57052,46.07698],[10.56979,46.07798],[10.56945,46.07833],[10.5681,46.07936],[10.56788,46.07972],[10.56787,46.07996],[10.56805,46.0802],[10.56823,46.08032],[10.56893,46.08051],[10.56996,46.08063],[10.5722,46.08072],[10.57374,46.08095],[10.5746,46.08126],[10.57497,46.08163],[10.57504,46.08186],[10.575,46.08222],[10.57483,46.0827],[10.57457,46.08317],[10.574,46.08377],[10.57268,46.08472],[10.57207,46.08532],[10.57162,46.08603],[10.57145,46.08663],[10.57142,46.08698],[10.57155,46.08734],[10.57199,46.08794],[10.57254,46.08849],[10.57288,46.08874],[10.57374,46.08907],[10.57511,46.08931],[10.5758,46.08951],[10.57665,46.08996],[10.57691,46.0902],[10.57706,46.09044],[10.57712,46.09067],[10.5771,46.09103],[10.57679,46.09163],[10.5764,46.09198],[10.57528,46.09275],[10.57432,46.09353],[10.57399,46.09389],[10.57376,46.09436],[10.57377,46.0946],[10.57399,46.09496],[10.57533,46.09603],[10.57568,46.09639],[10.57579,46.09663],[10.57573,46.09698]]},"properties":{"ele":2240,"major":0}},{"type":"Feature","geometry":{"type":"LineString","coordinates":[[10.6,46.05863],[10.59846,46.05892],[10.5976,46.05884],[10.59691,46.05865],[10.5952,46.05801],[10.59417,46.05748],[10.5927,46.05638],[10.59221,46.0559],[10.59203,46.05554],[10.59175,46.05459],[10.5913,46.05399],[10.59074,46.05352],[10.58938,46.05256],[10.58867,46.05168],[10.58778,46.05078],[10.58746,46.05054],[10.58638,46.04994],[10.58569,46.04923],[10.58452,46.0484],[10.58426,46.04804],[10.58434,46.04756],[10.58433,46.0472],[10.58507,46.04644],[10.58593,46.0463],[10.58696,46.04641],[10.58764,46.04639],[10.58815,46.04649],[10.5885,46.04664],[10.58963,46.04756],[10.59067,46.04804],[10.59331,46.04865],[10.59365,46.04868],[10.594,46.04859],[10.59423,46.0484],[10.59485,46.04756],[10.59533,46.04708],[10.59588,46.04673],[10.59707,46.04613],[10.59763,46.04565],[10.59781,46.0453],[10.59789,46.04446],[10.59803,46.04399],[10.59873,46.04232],[10.59938,46.04113],[10.59966,46.04082],[10.6,46.04058]]},"properties":{"ele":2240,"major":0}},{"type":"Feature","geometry":{"type":"LineString","coordinates":[[10.47006,46.0331],[10.47263,46.0336],[10.47315,46.0338],[10.47486,46.03468],[10.47538,46.03483],[10.47589,46.03489],[10.47624,46.03485],[10.47658,46.03471],[10.47778,46.03368],[10.4783,46.03341],[10.47933,46.03308],[10.48053,46.03259],[10.48121,46.03252],[10.48173,46.03257],[10.48276,46.03287],[10.48328,46.03326],[10.48399,46.03433],[10.48414,46.03481],[10.48422,46.03541],[10.48418,46.036],[10.48387,46.03708],[10.48371,46.03827],[10.48348,46.03898],[10.4831,46.03937],[10.4819,46.03992],[10.48144,46.04029],[10.4812,46.04077],[10.48108,46.04184],[10.48096,46.0422],[10.48068,46.04268],[10.48018,46.04315],[10.47967,46.04345],[10.47795,46.04406],[10.47675,46.04466],[10.47521,46.04531],[10.47349,46.04577],[10.47194,46.04627],[10.47006,46.04664]]},"properties":{"ele":2260,"major":0}},{"type":"Feature","geometry":{"type":"LineString","coordinates":[[10.47006,46.05518],[10.47091,46.05535],[10.47212,46.05583],[10.4728,46.05603],[10.47486,46.05632],[10.47589,46.05659],[10.47692,46.05728],[10.47761,46.05787],[10.47847,46.05894],[10.47907,46.06007],[10.47944,46.06043],[10.47984,46.0607],[10.48053,46.06103],[10.48121,46.06123],[10.4843,46.06174],[10.48465,46.06189],[10.4851,46.06221],[10.48554,46.06269],[10.48574,46.06317],[10.4858,46.06364],[10.48569,46.06448],[10.48571,46.06483],[10.48589,46.06555],[10.48613,46.06603],[10.48842,46.06837],[10.48879,46.06865],[10.48986,46.06924],[10.49023,46.0696],[10.49032,46.06984],[10.49032,46.07007],[10.49003,46.0715],[10.49003,46.0721],[10.49038,46.07293],[10.49071,46.07329],[10.49117,46.07365],[10.49151,46.07377],[10.49203,46.07381],[10.49254,46.07378],[10.49375,46.07352],[10.49426,46.07352],[10.49478,46.07362],[10.49529,46.07385],[10.49615,46.07459],[10.49693,46.07496],[10.49838,46.07536],[10.49993,46.07598],[10.50267,46.07648],[10.50312,46.07662],[10.50356,46.07686],[10.50377,46.0771],[10.50387,46.07746],[10.50385,46.07782],[10.50366,46.07853],[10.50372,46.07901],[10.5043,46.08008],[10.50456,46.08039],[10.50516,46.08091],[10.50531,46.08127],[10.50526,46.08163],[10.50494,46.0827],[10.50511,46.08389],[10.50487,46.08508],[10.50494,46.08567],[10.50544,46.08675],[10.50645,46.08806],[10.50742,46.08984],[10.50817,46.09099],[10.50868,46.09162],[10.50948,46.09234],[10.51126,46.0944],[10.51216,46.0952],[10.51263,46.09546],[10.51332,46.0957],[10.51606,46.09623],[10.51675,46.09655],[10.51732,46.09698]]},"properties":{"ele":2260,"major":0}},{"type":"Feature","geometry":{"type":"LineString","coordinates":[[10.49534,45.98498],[10.49615,45.98561],[10.49819,45.98653],[10.5001,45.98714],[10.50113,45.98732],[10.50164,45.98754],[10.50284,45.98788],[10.50353,45.98822],[10.50405,45.98832],[10.50456,45.98823],[10.50525,45.98791],[10.5057,45.98748],[10.50583,45.98712],[10.50578,45.98688],[10.50559,45.98665],[10.50413,45.98569],[10.50399,45.98545],[10.504,45.98498]]},"properties":{"ele":2260,"major":0}},{"type":"Feature","geometry":{"type":"LineString","coordinates":[[10.5018,46.09698],[10.50044,46.09566],[10.49906,46.09472],[10.49804,46.09374],[10.49718,46.09316],[10.49649,46.09286],[10.4946,46.09251],[10.49048,46.09247],[10.48894,46.09222],[10.48654,46.0921],[10.48482,46.09175],[10.48327,46.09168],[10.48224,46.09154],[10.48065,46.09103],[10.47761,46.0903],[10.47606,46.09012],[10.47538,46.08997],[10.47487,46.08972],[10.47315,46.08865],[10.47091,46.08762],[10.47006,46.08712]]},"properties":{"ele":2260,"major":0}},{"type":"Feature","geometry":{"type":"LineString","coordinates":[[10.55844,46.09698],[10.55758,46.09472],[10.55732,46.09294],[10.55708,46.0921],[10.55661,46.09103],[10.55603,46.09044],[10.55525,46.08996],[10.55451,46.08964],[10.55142,46.0887],[10.55057,46.08837],[10.54988,46.08795],[10.54918,46.08734],[10.54598,46.08555],[10.54524,46.08523],[10.54456,46.08506],[10.54387,46.08501],[10.54301,46.08508],[10.5425,46.08515],[10.54194,46.08532],[10.54121,46.08579],[10.54043,46.08675],[10.53992,46.0872],[10.53924,46.08756],[10.53889,46.08759],[10.53872,46.08751],[10.53862,46.08734],[10.53859,46.0871],[10.53878,46.08663],[10.53924,46.0862],[10.54036,46.08544],[10.54065,46.08508],[10.54084,46.08472],[10.54088,46.08436],[10.54075,46.08389],[10.54057,46.08353],[10.54027,46.0832],[10.53906,46.08234],[10.53745,46.08151],[10.53706,46.08115],[10.53656,46.08055],[10.53608,46.0802],[10.5334,46.07908],[10.53314,46.07877],[10.53282,46.07793],[10.53267,46.0777],[10.53203,46.07705],[10.53136,46.07627],[10.53096,46.07591],[10.53031,46.07552],[10.52911,46.07496],[10.52751,46.074],[10.52688,46.07376],[10.5255,46.07341],[10.52499,46.07318],[10.52376,46.07246],[10.52171,46.07091],[10.5195,46.06964],[10.51898,46.0692],[10.51708,46.0671],[10.51589,46.06616],[10.5152,46.0657],[10.51452,46.06539],[10.51349,46.06516],[10.51177,46.06501],[10.51091,46.06508],[10.50988,46.0653],[10.50937,46.0653],[10.50799,46.06493],[10.50628,46.06489],[10.50422,46.06447],[10.50233,46.06434],[10.50039,46.06412],[10.49992,46.064],[10.49956,46.06376],[10.4978,46.06102],[10.49735,46.06062],[10.49643,46.06007],[10.4963,46.05995],[10.49623,46.05971],[10.49637,46.05947],[10.49666,46.05929],[10.49769,46.05898],[10.49804,46.05878],[10.49883,46.05793],[10.50126,46.05578],[10.50183,46.05519],[10.50204,46.05483],[10.50204,46.05447],[10.5016,46.0534],[10.50162,46.05185],[10.50152,46.05125],[10.50081,46.04947],[10.49993,46.04798],[10.4997,46.04768],[10.49941,46.04745],[10.49907,46.04733],[10.4989,46.04733],[10.49838,46.04757],[10.49706,46.04875],[10.49598,46.0493],[10.49495,46.04967],[10.49323,46.04997],[10.49117,46.05017],[10.49014,46.05013],[10.48945,46.04993],[10.48894,46.04958],[10.48849,46.04899],[10.48842,46.04875],[10.48843,46.04816],[10.48829,46.04756],[10.48818,46.04649],[10.48803,46.04613],[10.48758,46.04542],[10.48718,46.04446],[10.48688,46.04397],[10.4865,46.04351],[10.48507,46.04232],[10.4849,46.04196],[10.48459,46.04065],[10.48465,46.04034],[10.48482,46.04015],[10.48602,46.03969],[10.48649,46.03934],[10.48661,46.0391],[10.48665,46.03886],[10.48646,46.03743],[10.48661,46.0366],[10.48681,46.036],[10.4871,46.03553],[10.48809,46.03445],[10.48855,46.0341],[10.48911,46.03381],[10.49134,46.0331],[10.4922,46.03296],[10.49306,46.03294],[10.49392,46.03305],[10.49512,46.03338],[10.49684,46.03403],[10.49769,46.0345],[10.49821,46.03466],[10.49872,46.0347],[10.49907,46.03464],[10.49941,46.03445],[10.49959,46.03422],[10.49973,46.03386],[10.49979,46.0335],[10.49969,46.03314],[10.49954,46.0329],[10.49923,46.03267],[10.49675,46.03147],[10.49624,46.031],[10.49576,46.03028],[10.49569,46.02993],[10.49583,46.02897],[10.49585,46.02802],[10.496,46.02718],[10.49625,46.02647],[10.49631,46.02611],[10.49627,46.02468],[10.49609,46.02408],[10.49548,46.02301],[10.49513,46.0211],[10.49442,46.02015],[10.49424,46.01967],[10.49442,46.01896],[10.49491,46.01812],[10.49629,46.01693],[10.49813,46.0155],[10.49831,46.01514],[10.49821,46.01479],[10.49767,46.01395],[10.49735,46.01364],[10.49632,46.0133],[10.49495,46.01308],[10.49409,46.01279],[10.49237,46.01166],[10.49134,46.01111],[10.49065,46.01061],[10.48928,46.01003],[10.48873,46.00966],[10.48842,46.0093],[10.48831,46.00906],[10.48877,46.00828],[10.48891,46.0074],[10.48932,46.00656],[10.48933,46.00644],[10.48924,46.00632],[10.48889,46.00632],[10.48866,46.00644],[10.48842,46.00668],[10.48775,46.00811],[10.48773,46.00835],[10.48788,46.00883],[10.4877,46.00906],[10.48595,46.01014],[10.48465,46.01072],[10.4831,46.01111],[10.4819,46.01127],[10.48121,46.01118],[10.47967,46.01077],[10.47778,46.01053],[10.47624,46.0101],[10.47469,46.00954],[10.47366,46.00901],[10.47227,46.00847],[10.47177,46.00817],[10.47126,46.00771],[10.4704,46.00649],[10.47006,46.00617]]},"properties":{"ele":2260,"major":0}},{"type":"Feature","geometry":{"type":"LineString","coordinates":[[10.58669,45.98498],[10.5866,45.98593],[10.58652,45.98617],[10.58636,45.98641],[10.58547,45.98736],[10.58532,45.98772],[10.58517,45.98855],[10.58443,45.98951],[10.58438,45.98987],[10.58457,45.99058],[10.58458,45.99094],[10.58443,45.9913],[10.58385,45.99213],[10.58359,45.99321],[10.5835,45.99464],[10.58352,45.99511],[10.58371,45.99547],[10.58438,45.99624],[10.58469,45.99678],[10.58484,45.99738],[10.58481,45.99786],[10.58457,45.99833],[10.58406,45.99893],[10.58363,45.99929],[10.58249,46.00005],[10.58205,46.00048],[10.58184,46.00084],[10.58178,46.00108],[10.58182,46.00131],[10.58196,46.00155],[10.58232,46.00191],[10.58284,46.00221],[10.58335,46.0024],[10.58387,46.00248],[10.58438,46.00245],[10.58473,46.00236],[10.58597,46.00179],[10.58696,46.00147],[10.58816,46.00132],[10.58953,46.00129],[10.59073,46.00117],[10.59554,46.0014],[10.59784,46.00179],[10.59949,46.00229],[10.6,46.00237]]},"properties":{"ele":2260,"major":0}},{"type":"Feature","geometry":{"type":"LineString","coordinates":[[10.6,45.9987],[10.59657,45.99813],[10.59606,45.99815],[10.59382,45.99847],[10.59331,45.99845],[10.59279,45.99833],[10.59231,45.99809],[10.59199,45.99786],[10.59096,45.99654],[10.5897,45.99565],[10.58887,45.99487],[10.5887,45.99452],[10.58875,45.99428],[10.58936,45.99344],[10.58955,45.99297],[10.58957,45.99213],[10.58971,45.9913],[10.5897,45.9907],[10.58963,45.99034],[10.58928,45.98951],[10.58901,45.98843],[10.58846,45.98736],[10.58833,45.98676],[10.58849,45.98641],[10.58919,45.98567],[10.58933,45.98533],[10.58936,45.98498]]},"properties":{"ele":2260,"major":0}},{"type":"Feature","geometry":{"type":"LineString","coordinates":[[10.6,46.03188],[10.59897,46.03215],[10.59709,46.03231],[10.59674,46.03244],[10.5952,46.03328],[10.59382,46.03393],[10.59279,46.03422],[10.59194,46.03424],[10.59108,46.03396],[10.58943,46.03302],[10.58814,46.03195],[10.58625,46.03052],[10.58576,46.03001],[10.58534,46.02921],[10.58506,46.02802],[10.58436,46.02683],[10.58427,46.02635],[10.58425,46.0254],[10.58378,46.0242],[10.58431,46.02289],[10.5845,46.02206],[10.5849,46.02122],[10.58568,46.02015],[10.58717,46.01872],[10.58732,46.01848],[10.58732,46.01812],[10.58712,46.01777],[10.58672,46.01741],[10.58627,46.0171],[10.58541,46.01671],[10.58504,46.01646],[10.58442,46.01586],[10.58397,46.01526],[10.58378,46.01479],[10.58369,46.01431],[10.58384,46.01216],[10.58379,46.01181],[10.58321,46.01085],[10.58312,46.01026],[10.58291,46.00954],[10.58201,46.00763],[10.58164,46.00644],[10.58134,46.0062],[10.58078,46.00609],[10.57717,46.00588],[10.57649,46.00593],[10.57494,46.00624],[10.57254,46.00623],[10.57202,46.00633],[10.57082,46.00687],[10.57014,46.00697],[10.56945,46.00692],[10.56705,46.0065],[10.56657,46.00656],[10.56634,46.0068],[10.56629,46.00716],[10.56642,46.00763],[10.56689,46.00847],[10.56692,46.00942],[10.56702,46.00978],[10.56737,46.01026],[10.56842,46.01133],[10.56945,46.01216],[10.56958,46.0124],[10.56955,46.01264],[10.56932,46.01288],[10.56893,46.01304],[10.56705,46.01323],[10.56516,46.01389],[10.56378,46.01411],[10.56275,46.01408],[10.56121,46.0138],[10.55949,46.01322],[10.55846,46.01274],[10.55778,46.01222],[10.55676,46.01109],[10.5553,46.01002],[10.55378,46.00859],[10.55345,46.00835],[10.55297,46.00813],[10.55228,46.00791],[10.55177,46.00787],[10.5515,46.00799],[10.55094,46.00859],[10.55057,46.00883],[10.55005,46.00893],[10.54966,46.00883],[10.54942,46.00859],[10.54937,46.00847],[10.54942,46.00823],[10.54968,46.00787],[10.5506,46.00704],[10.55072,46.0068],[10.55078,46.00644],[10.55074,46.00573],[10.55059,46.00525],[10.55036,46.00501],[10.54988,46.00482],[10.54919,46.00484],[10.54816,46.00508],[10.54645,46.00561],[10.5449,46.0062],[10.54387,46.0065],[10.54253,46.00728],[10.54009,46.00797],[10.53889,46.00857],[10.53746,46.00906],[10.53714,46.0093],[10.53712,46.00942],[10.53718,46.00954],[10.53753,46.00978],[10.53889,46.01028],[10.54095,46.01072],[10.54281,46.01097],[10.54356,46.01121],[10.54398,46.01145],[10.54423,46.01169],[10.54456,46.01216],[10.54518,46.01348],[10.54547,46.01395],[10.54578,46.01431],[10.54668,46.01503],[10.547,46.01538],[10.5471,46.01562],[10.54709,46.01586],[10.54683,46.01658],[10.54686,46.01669],[10.54702,46.01681],[10.54919,46.0171],[10.55108,46.01712],[10.5516,46.01726],[10.55193,46.01753],[10.55209,46.01789],[10.55236,46.01991],[10.55209,46.0217],[10.55181,46.02265],[10.55183,46.02289],[10.55194,46.02316],[10.55215,46.02337],[10.55263,46.02363],[10.55434,46.02401],[10.55503,46.02429],[10.5564,46.02537],[10.55795,46.02599],[10.55863,46.02638],[10.55972,46.02718],[10.56006,46.02766],[10.56013,46.02802],[10.5601,46.02838],[10.5596,46.03088],[10.55954,46.03195],[10.55961,46.03279],[10.55958,46.03326],[10.55908,46.03481],[10.55881,46.03509],[10.55846,46.03525],[10.55795,46.03536],[10.55675,46.03543],[10.55554,46.0354],[10.55486,46.03527],[10.5528,46.03468],[10.55232,46.03445],[10.55177,46.03408],[10.55074,46.0331],[10.55032,46.03279],[10.54827,46.03159],[10.54748,46.03121],[10.54696,46.03103],[10.54576,46.03074],[10.54318,46.03034],[10.54078,46.02971],[10.53844,46.02873],[10.53795,46.02838],[10.53718,46.02761],[10.53649,46.02719],[10.53563,46.02681],[10.53443,46.02661],[10.53391,46.02644],[10.53334,46.02611],[10.53259,46.02552],[10.53164,46.02492],[10.53048,46.02433],[10.52791,46.02318],[10.52705,46.02289],[10.52653,46.02285],[10.52619,46.02301],[10.52602,46.02331],[10.52592,46.02373],[10.52593,46.02397],[10.52619,46.02452],[10.52648,46.0248],[10.52879,46.02647],[10.52972,46.02766],[10.52993,46.02814],[10.53004,46.02861],[10.53007,46.02897],[10.52995,46.031],[10.52969,46.03219],[10.52941,46.03302],[10.52912,46.0335],[10.52876,46.03391],[10.52789,46.03469],[10.52777,46.03505],[10.52784,46.03529],[10.52808,46.03546],[10.52863,46.03565],[10.52997,46.0359],[10.53071,46.03612],[10.53205,46.03684],[10.53249,46.03719],[10.53277,46.03755],[10.53312,46.03815],[10.53334,46.03874],[10.53338,46.03958],[10.53325,46.04017],[10.53249,46.04148],[10.5321,46.04196],[10.53168,46.04227],[10.53117,46.04252],[10.52962,46.04293],[10.5287,46.04327],[10.52808,46.04364],[10.52777,46.04399],[10.52778,46.04434],[10.52794,46.0447],[10.52946,46.04673],[10.53127,46.04971],[10.53151,46.04992],[10.53185,46.05002],[10.53288,46.04991],[10.53443,46.0495],[10.53683,46.04857],[10.53803,46.04831],[10.53889,46.04829],[10.53958,46.04836],[10.54009,46.04852],[10.54061,46.04887],[10.54149,46.04982],[10.54197,46.05054],[10.54223,46.05114],[10.54228,46.05185],[10.5422,46.05233],[10.54179,46.0534],[10.54154,46.05435],[10.54116,46.05519],[10.54064,46.05602],[10.53971,46.05697],[10.53951,46.05733],[10.5395,46.05757],[10.53958,46.05771],[10.53975,46.05784],[10.54009,46.05796],[10.54044,46.05794],[10.54078,46.05782],[10.54234,46.05697],[10.5428,46.05662],[10.54382,46.05554],[10.54412,46.0553],[10.54542,46.0549],[10.54611,46.05447],[10.54679,46.05395],[10.54851,46.05345],[10.54971,46.05321],[10.55211,46.05297],[10.55451,46.05306],[10.5564,46.0529],[10.55692,46.05292],[10.55743,46.05302],[10.55773,46.05316],[10.55795,46.05336],[10.55898,46.05469],[10.55946,46.05519],[10.55953,46.05542],[10.55949,46.05554],[10.55925,46.05578],[10.5586,46.05614],[10.5564,46.05684],[10.5547,46.05769],[10.55314,46.05863],[10.55228,46.05934],[10.55175,46.05995],[10.55058,46.06186],[10.54971,46.06292],[10.54948,46.06329],[10.549,46.06472],[10.54902,46.06525],[10.54917,46.06591],[10.55071,46.06805],[10.55125,46.06859],[10.55194,46.06908],[10.55297,46.06953],[10.55469,46.06985],[10.55572,46.07013],[10.5564,46.0704],[10.55692,46.07074],[10.55744,46.07127],[10.55775,46.07174],[10.55789,46.07234],[10.55786,46.07317],[10.55799,46.07353],[10.55829,46.07382],[10.55881,46.07408],[10.55932,46.07424],[10.55984,46.07431],[10.56069,46.07419],[10.56155,46.07379],[10.56293,46.07283],[10.56344,46.07256],[10.5655,46.07193],[10.56636,46.0718],[10.56705,46.07196],[10.56911,46.07306],[10.56999,46.07365],[10.57063,46.07424],[10.57102,46.07484],[10.57128,46.07543],[10.57137,46.07591],[10.57128,46.07639],[10.57097,46.07698],[10.57008,46.07817],[10.56856,46.07948],[10.56847,46.07972],[10.56857,46.07996],[10.56911,46.08023],[10.57014,46.08041],[10.5734,46.08054],[10.57511,46.08069],[10.57567,46.08091],[10.57594,46.08127],[10.57596,46.08151],[10.57587,46.08174],[10.57488,46.08329],[10.57438,46.08377],[10.57288,46.08481],[10.57237,46.08525],[10.57185,46.08603],[10.57168,46.08675],[10.57174,46.0871],[10.57202,46.08757],[10.57254,46.08816],[10.57299,46.08853],[10.57374,46.08884],[10.57546,46.0891],[10.57614,46.08931],[10.57695,46.08972],[10.57734,46.09006],[10.57753,46.09032],[10.57764,46.09067],[10.57763,46.09103],[10.57752,46.09139],[10.57729,46.09175],[10.57686,46.0921],[10.57563,46.09283],[10.57482,46.09341],[10.57434,46.09389],[10.57414,46.09436],[10.5742,46.09472],[10.57437,46.09496],[10.57613,46.09639],[10.57629,46.09663],[10.57631,46.09698]]},"properties":{"ele":2260,"major":0}},{"type":"Feature","geometry":{"type":"LineString","coordinates":[[10.6,46.05891],[10.59897,46.05915],[10.59846,46.05921],[10.59794,46.05917],[10.59709,46.05898],[10.59451,46.05804],[10.59367,46.05757],[10.59246,46.05673],[10.59194,46.05631],[10.5917,46.05602],[10.59161,46.05578],[10.59146,46.05483],[10.59115,46.05435],[10.59051,46.05376],[10.58914,46.05268],[10.58845,46.05185],[10.58735,46.05078],[10.58617,46.05006],[10.58541,46.04936],[10.58402,46.04828],[10.58385,46.04804],[10.5838,46.04768],[10.58358,46.0472],[10.58367,46.04708],[10.58438,46.04687],[10.5849,46.04643],[10.58524,46.04628],[10.58593,46.0462],[10.58679,46.04623],[10.58782,46.04617],[10.58833,46.04626],[10.58885,46.04645],[10.59007,46.04744],[10.59091,46.04784],[10.59262,46.04815],[10.59331,46.04813],[10.59365,46.04804],[10.594,46.04784],[10.59503,46.04694],[10.59658,46.04601],[10.59698,46.04565],[10.5972,46.0453],[10.59745,46.04434],[10.5978,46.04339],[10.59877,46.04125],[10.59929,46.04053],[10.6,46.03997]]},"properties":{"ele":2260,"major":0}},{"type":"Feature","geometry":{"type":"LineString","coordinates":[[10.47006,46.03256],[10.47057,46.03265],[10.4728,46.0333],[10.47332,46.0335],[10.47486,46.03432],[10.47529,46.03445],[10.47572,46.03451],[10.47606,46.03445],[10.47629,46.03433],[10.47734,46.0335],[10.47774,46.03326],[10.48018,46.03238],[10.48087,46.03226],[10.48139,46.03225],[10.48224,46.0324],[10.48293,46.03262],[10.48336,46.0329],[10.48375,46.03338],[10.48424,46.03433],[10.48453,46.03529],[10.48459,46.03624],[10.4841,46.03815],[10.48402,46.03898],[10.48413,46.03941],[10.4843,46.03951],[10.48465,46.03957],[10.48551,46.03948],[10.48585,46.03934],[10.48613,46.0391],[10.48624,46.03874],[10.48615,46.03767],[10.48617,46.03719],[10.4863,46.03624],[10.48648,46.03576],[10.48684,46.03529],[10.48795,46.03422],[10.48842,46.03386],[10.48911,46.03354],[10.49151,46.03279],[10.49237,46.03271],[10.49323,46.03275],[10.49529,46.03317],[10.49598,46.03353],[10.49701,46.03394],[10.49769,46.03433],[10.49838,46.03447],[10.4989,46.03437],[10.49916,46.03422],[10.49934,46.03398],[10.49943,46.03362],[10.49937,46.03326],[10.49912,46.0329],[10.49821,46.03243],[10.49684,46.03187],[10.49635,46.03159],[10.49572,46.031],[10.49511,46.03016],[10.49501,46.02981],[10.49501,46.02957],[10.4954,46.02742],[10.4956,46.02456],[10.49549,46.0242],[10.49468,46.02242],[10.49437,46.02134],[10.4938,46.02015],[10.49372,46.01979],[10.49373,46.01956],[10.494,46.01884],[10.49449,46.01812],[10.49694,46.01622],[10.49769,46.0155],[10.4978,46.01526],[10.49774,46.01503],[10.49709,46.01431],[10.49658,46.01395],[10.49604,46.01371],[10.49443,46.01339],[10.49375,46.01315],[10.49203,46.012],[10.491,46.01151],[10.48997,46.01091],[10.48774,46.00992],[10.48739,46.00992],[10.48705,46.01004],[10.48627,46.0105],[10.48465,46.01122],[10.48207,46.01177],[10.48139,46.01176],[10.4795,46.01135],[10.47795,46.01126],[10.47658,46.01102],[10.47509,46.01061],[10.47418,46.01019],[10.47315,46.00957],[10.47177,46.00907],[10.47131,46.00883],[10.47074,46.00828],[10.47006,46.00741]]},"properties":{"ele":2280,"major":0}},{"type":"Feature","geometry":{"type":"LineString","coordinates":[[10.47006,46.05492],[10.47109,46.05512],[10.47245,46.05566],[10.47315,46.05586],[10.47538,46.05611],[10.47606,46.05628],[10.47658,46.05662],[10.47761,46.05753],[10.47864,46.05881],[10.47931,46.05995],[10.48001,46.06051],[10.48058,46.06078],[10.48139,46.06101],[10.4843,46.06146],[10.48478,46.06162],[10.48517,46.06186],[10.48583,46.06257],[10.48599,46.06293],[10.48604,46.0634],[10.48595,46.0646],[10.4861,46.06519],[10.48636,46.06581],[10.48842,46.06801],[10.48894,46.06842],[10.49011,46.06912],[10.49048,46.06953],[10.49058,46.06984],[10.49057,46.07007],[10.49031,46.07095],[10.49022,46.07198],[10.49051,46.07269],[10.491,46.07325],[10.49151,46.0735],[10.49203,46.07359],[10.49254,46.07356],[10.49392,46.07332],[10.49495,46.07346],[10.49535,46.07365],[10.49615,46.0744],[10.49701,46.07481],[10.49855,46.07525],[10.49993,46.07579],[10.50078,46.07597],[10.50284,46.07625],[10.50374,46.07651],[10.50416,46.07674],[10.50442,46.0771],[10.50446,46.07746],[10.50439,46.07782],[10.50399,46.07865],[10.50406,46.07913],[10.50439,46.07972],[10.50469,46.08008],[10.50586,46.08079],[10.50612,46.08115],[10.50608,46.08151],[10.50563,46.0827],[10.50569,46.08401],[10.50538,46.08508],[10.50542,46.08555],[10.50591,46.08675],[10.50683,46.08794],[10.50748,46.08918],[10.50858,46.09091],[10.50896,46.09139],[10.50985,46.09222],[10.51048,46.09306],[10.51134,46.09401],[10.51194,46.09458],[10.51244,46.09496],[10.51297,46.09524],[10.51349,46.09542],[10.51555,46.09582],[10.51623,46.09602],[10.51699,46.09639],[10.51775,46.09698]]},"properties":{"ele":2280,"major":0}},{"type":"Feature","geometry":{"type":"LineString","coordinates":[[10.49654,45.98498],[10.49815,45.98617],[10.49907,45.98661],[10.50233,45.98748],[10.50353,45.98795],[10.50405,45.98799],[10.50456,45.98787],[10.5049,45.98772],[10.50523,45.98748],[10.50541,45.98724],[10.50544,45.987],[10.50539,45.98688],[10.50511,45.98665],[10.50405,45.98609],[10.50368,45.98581],[10.50347,45.98545],[10.50351,45.98498]]},"properties":{"ele":2280,"major":0}},{"type":"Feature","geometry":{"type":"LineString","coordinates":[[10.50151,46.09698],[10.50027,46.09577],[10.4989,46.09486],[10.49787,46.09393],[10.49701,46.09341],[10.49615,46.09309],[10.49426,46.09266],[10.49031,46.09263],[10.48877,46.09238],[10.48636,46.09223],[10.48482,46.09189],[10.48259,46.09176],[10.48173,46.09159],[10.48001,46.09107],[10.47847,46.09084],[10.47709,46.0905],[10.47572,46.09033],[10.47486,46.09004],[10.4728,46.08884],[10.47091,46.088],[10.47006,46.0875]]},"properties":{"ele":2280,"major":0}},{"type":"Feature","geometry":{"type":"LineString","coordinates":[[10.55816,46.09698],[10.55778,46.096],[10.55723,46.09496],[10.55714,46.09401],[10.55698,46.09317],[10.5566,46.09186],[10.55631,46.09127],[10.5559,46.09079],[10.5552,46.09025],[10.55451,46.0899],[10.55108,46.08883],[10.55008,46.08841],[10.54954,46.08807],[10.54885,46.08746],[10.54559,46.08557],[10.5449,46.08532],[10.54421,46.08524],[10.54336,46.0853],[10.5425,46.08549],[10.54211,46.08567],[10.54164,46.086],[10.54044,46.08725],[10.53975,46.08776],[10.53906,46.08804],[10.53872,46.08806],[10.53843,46.08794],[10.53824,46.0877],[10.53813,46.08722],[10.53811,46.08686],[10.53821,46.08663],[10.53855,46.08627],[10.53981,46.08532],[10.54019,46.08484],[10.54035,46.08448],[10.54039,46.08413],[10.54035,46.08389],[10.54016,46.08353],[10.53994,46.08329],[10.53872,46.08247],[10.53735,46.08194],[10.53683,46.08167],[10.53649,46.08136],[10.53596,46.08067],[10.53546,46.08029],[10.53445,46.07984],[10.53323,46.07944],[10.53291,46.07924],[10.53262,46.07889],[10.53232,46.07805],[10.53211,46.0777],[10.53089,46.07627],[10.53044,46.07591],[10.52894,46.07516],[10.52722,46.07414],[10.52653,46.07392],[10.52533,46.07365],[10.52477,46.07341],[10.52227,46.07186],[10.52115,46.07103],[10.51915,46.06989],[10.51881,46.0696],[10.51802,46.06853],[10.51692,46.06729],[10.51589,46.06649],[10.5152,46.06604],[10.51435,46.06573],[10.51332,46.06563],[10.51126,46.06566],[10.50971,46.06588],[10.50895,46.06591],[10.50838,46.06579],[10.50731,46.06536],[10.50628,46.0652],[10.50422,46.0647],[10.50336,46.06462],[10.50199,46.06461],[10.50027,46.0647],[10.49941,46.06467],[10.49838,46.06453],[10.49775,46.06424],[10.49755,46.064],[10.4975,46.06376],[10.49761,46.06352],[10.49805,46.06293],[10.49807,46.06257],[10.49794,46.06221],[10.49753,46.06138],[10.49733,46.06114],[10.49684,46.06079],[10.49589,46.06031],[10.49563,46.06009],[10.49554,46.05983],[10.49556,46.05959],[10.4958,46.05924],[10.49615,46.05898],[10.49649,46.05883],[10.49752,46.05856],[10.49804,46.05825],[10.50086,46.05566],[10.50125,46.05519],[10.50145,46.05471],[10.50139,46.05435],[10.50106,46.05376],[10.50095,46.0534],[10.50096,46.05304],[10.50122,46.05197],[10.50113,46.05125],[10.50043,46.04947],[10.49975,46.04853],[10.49924,46.04805],[10.49907,46.04798],[10.49872,46.04799],[10.49838,46.04816],[10.49762,46.04875],[10.49717,46.04899],[10.49581,46.04961],[10.4946,46.04997],[10.49323,46.05019],[10.491,46.05039],[10.48997,46.05032],[10.48919,46.05006],[10.4886,46.04961],[10.48826,46.04911],[10.48814,46.04863],[10.48816,46.04816],[10.48805,46.04756],[10.48798,46.04661],[10.48783,46.04625],[10.48743,46.04565],[10.48698,46.04458],[10.48658,46.04399],[10.48619,46.04359],[10.48487,46.04268],[10.48462,46.04244],[10.48443,46.04208],[10.48425,46.04113],[10.48383,46.04005],[10.48362,46.03986],[10.48345,46.03983],[10.48293,46.03986],[10.48242,46.03997],[10.48207,46.0401],[10.48173,46.04036],[10.48153,46.04077],[10.48148,46.04208],[10.48133,46.04256],[10.48095,46.04315],[10.48055,46.04351],[10.48018,46.04373],[10.47823,46.04434],[10.47649,46.04518],[10.47521,46.04567],[10.47383,46.04601],[10.47194,46.04659],[10.47006,46.04693]]},"properties":{"ele":2280,"major":0}},{"type":"Feature","geometry":{"type":"LineString","coordinates":[[10.58738,45.98498],[10.58734,45.98533],[10.58745,45.98569],[10.58764,45.98586],[10.58782,45.98588],[10.58816,45.98578],[10.5885,45.98555],[10.58863,45.98533],[10.58854,45.98498]]},"properties":{"ele":2280,"major":0}},{"type":"Feature","geometry":{"type":"LineString","coordinates":[[10.6,45.99899],[10.59897,45.9989],[10.59657,45.99851],[10.59554,45.99856],[10.59382,45.99877],[10.59331,45.99877],[10.59257,45.99857],[10.59177,45.99809],[10.59071,45.99678],[10.58929,45.99571],[10.58837,45.99487],[10.58821,45.99464],[10.58817,45.9944],[10.58827,45.99404],[10.58892,45.99321],[10.58909,45.99285],[10.58931,45.99106],[10.58919,45.99046],[10.58861,45.98951],[10.58847,45.98903],[10.58835,45.98832],[10.58799,45.98754],[10.58747,45.98687],[10.58713,45.98677],[10.58661,45.98693],[10.58605,45.98736],[10.58584,45.98772],[10.58563,45.98867],[10.5849,45.98965],[10.58484,45.98998],[10.58495,45.9907],[10.58493,45.99106],[10.58478,45.99142],[10.58417,45.99237],[10.58393,45.99344],[10.5839,45.99464],[10.58395,45.99511],[10.58494,45.99678],[10.58511,45.99738],[10.58509,45.99786],[10.58487,45.99833],[10.58426,45.99905],[10.58384,45.99941],[10.58277,46.00012],[10.58229,46.0006],[10.58216,46.00084],[10.58213,46.00108],[10.5822,46.00131],[10.58238,46.00155],[10.58267,46.00178],[10.58318,46.00199],[10.5837,46.00211],[10.58421,46.00213],[10.58507,46.00196],[10.58661,46.00131],[10.58713,46.00121],[10.58936,46.00114],[10.59073,46.00103],[10.59365,46.0011],[10.5952,46.0012],[10.59726,46.00151],[10.59932,46.00199],[10.6,46.00209]]},"properties":{"ele":2280,"major":0}},{"type":"Feature","geometry":{"type":"LineString","coordinates":[[10.6,46.03213],[10.59915,46.03233],[10.59777,46.03243],[10.59717,46.03255],[10.59612,46.03302],[10.594,46.0342],[10.59245,46.03459],[10.59176,46.03459],[10.59091,46.03431],[10.58896,46.03314],[10.58595,46.03076],[10.5855,46.03028],[10.58505,46.02957],[10.58454,46.02814],[10.58358,46.02683],[10.58341,46.02575],[10.58286,46.02468],[10.58278,46.0242],[10.5829,46.02385],[10.58352,46.02289],[10.58404,46.02163],[10.58494,46.02027],[10.58522,46.01991],[10.58585,46.01932],[10.5868,46.0186],[10.58698,46.01836],[10.587,46.01812],[10.58683,46.01777],[10.58657,46.01753],[10.5861,46.01721],[10.58525,46.01681],[10.58488,46.01658],[10.58421,46.01601],[10.5837,46.01538],[10.5835,46.01491],[10.5834,46.01443],[10.58354,46.01264],[10.58352,46.01205],[10.58338,46.01169],[10.58294,46.01097],[10.58286,46.01026],[10.58266,46.00954],[10.58164,46.00736],[10.58129,46.0068],[10.58112,46.00664],[10.58078,46.00647],[10.57992,46.0063],[10.57734,46.00617],[10.57666,46.00621],[10.57494,46.00649],[10.57271,46.00647],[10.5722,46.00659],[10.57099,46.0071],[10.57031,46.00719],[10.56945,46.00712],[10.56808,46.00684],[10.56722,46.0068],[10.56687,46.00684],[10.56671,46.00704],[10.5667,46.00728],[10.56683,46.00763],[10.56734,46.00835],[10.56744,46.00859],[10.56741,46.00954],[10.56754,46.0099],[10.56788,46.01026],[10.56986,46.01193],[10.57007,46.01228],[10.57004,46.01264],[10.56973,46.013],[10.56911,46.01329],[10.56739,46.01356],[10.56533,46.01415],[10.56378,46.01439],[10.56293,46.01437],[10.56104,46.0141],[10.55932,46.01365],[10.55846,46.01331],[10.55795,46.01298],[10.5576,46.01265],[10.55646,46.01121],[10.55517,46.01026],[10.55348,46.00873],[10.55297,46.00846],[10.55245,46.00833],[10.55194,46.00841],[10.55091,46.00917],[10.55005,46.00953],[10.54954,46.00949],[10.54913,46.0093],[10.54886,46.00906],[10.54872,46.00883],[10.54865,46.00859],[10.54868,46.00835],[10.5489,46.00799],[10.5498,46.00704],[10.55005,46.00656],[10.55016,46.00608],[10.55014,46.00573],[10.55004,46.00549],[10.54988,46.00533],[10.54954,46.00518],[10.54902,46.00518],[10.54816,46.00536],[10.54645,46.00588],[10.54422,46.00668],[10.5426,46.00751],[10.54027,46.00819],[10.53851,46.00906],[10.5382,46.0093],[10.53819,46.00954],[10.53831,46.00966],[10.53907,46.01002],[10.54095,46.0105],[10.54318,46.01085],[10.54394,46.01109],[10.54453,46.01145],[10.54496,46.01193],[10.54559,46.01326],[10.54593,46.01378],[10.54645,46.01431],[10.54723,46.01491],[10.54754,46.01526],[10.54766,46.01562],[10.54745,46.01634],[10.54747,46.01646],[10.54758,46.01658],[10.54845,46.01681],[10.54919,46.01693],[10.55108,46.01687],[10.55177,46.01706],[10.5522,46.01729],[10.55244,46.01753],[10.55255,46.01777],[10.55251,46.01896],[10.5526,46.01991],[10.55218,46.02265],[10.55228,46.02305],[10.55249,46.02325],[10.5528,46.02341],[10.55469,46.02384],[10.55537,46.02411],[10.55675,46.02497],[10.55795,46.02545],[10.55829,46.02565],[10.56025,46.02718],[10.56047,46.02754],[10.56056,46.02802],[10.56035,46.02945],[10.56002,46.03088],[10.55998,46.03171],[10.56004,46.0329],[10.55941,46.03493],[10.55915,46.03527],[10.55881,46.03545],[10.55829,46.03558],[10.55726,46.03569],[10.55554,46.03569],[10.55486,46.03558],[10.55263,46.03502],[10.55211,46.03477],[10.5516,46.0344],[10.55002,46.03302],[10.54885,46.03236],[10.54793,46.03171],[10.54725,46.03136],[10.54679,46.03119],[10.54559,46.0309],[10.54301,46.0305],[10.54078,46.02989],[10.53838,46.02893],[10.53778,46.02849],[10.53697,46.02766],[10.53641,46.0273],[10.53546,46.02695],[10.53426,46.02676],[10.53357,46.02652],[10.53306,46.02622],[10.53239,46.02563],[10.53168,46.02514],[10.53048,46.02452],[10.52928,46.02398],[10.52773,46.02338],[10.52705,46.02322],[10.52678,46.02325],[10.52655,46.02337],[10.52633,46.02373],[10.52634,46.0242],[10.52666,46.02468],[10.52953,46.02683],[10.53013,46.02766],[10.53035,46.02814],[10.53048,46.02861],[10.53054,46.02921],[10.53053,46.03136],[10.53048,46.03171],[10.52999,46.03314],[10.52967,46.03362],[10.52883,46.03457],[10.52872,46.03481],[10.52876,46.03505],[10.52894,46.03522],[10.52928,46.03539],[10.53065,46.03575],[10.53117,46.03595],[10.53271,46.03681],[10.53302,46.03708],[10.53347,46.03767],[10.53383,46.03851],[10.53387,46.03934],[10.53372,46.04029],[10.53258,46.04196],[10.53217,46.04232],[10.53151,46.04268],[10.52979,46.04315],[10.52894,46.04349],[10.52847,46.04387],[10.52832,46.04411],[10.52832,46.04434],[10.52841,46.04458],[10.5294,46.04613],[10.53127,46.04863],[10.53183,46.04923],[10.5322,46.04943],[10.53254,46.04949],[10.53306,46.04949],[10.53374,46.04938],[10.5346,46.04916],[10.53563,46.04871],[10.53666,46.04835],[10.53803,46.04808],[10.53889,46.04805],[10.53958,46.04812],[10.54027,46.04834],[10.54071,46.04863],[10.54189,46.04982],[10.54218,46.05018],[10.54256,46.0509],[10.5427,46.05161],[10.54262,46.05245],[10.54214,46.05364],[10.54198,46.05447],[10.54174,46.05519],[10.54154,46.05566],[10.54094,46.05662],[10.54094,46.05685],[10.54112,46.05692],[10.54164,46.05682],[10.54198,46.05662],[10.54251,46.05602],[10.54387,46.05505],[10.54421,46.05492],[10.5449,46.05481],[10.54559,46.05449],[10.54627,46.05384],[10.54662,46.05364],[10.54919,46.05302],[10.55177,46.0527],[10.55314,46.05266],[10.55469,46.05276],[10.55657,46.05263],[10.5576,46.05275],[10.55821,46.05304],[10.55915,46.05406],[10.55984,46.05454],[10.56075,46.05507],[10.56098,46.0553],[10.561,46.05554],[10.56089,46.05578],[10.56065,46.05602],[10.56024,46.05626],[10.55881,46.05677],[10.55812,46.05692],[10.55709,46.05704],[10.55657,46.05721],[10.55587,46.05757],[10.55458,46.0584],[10.55331,46.05905],[10.55263,46.05953],[10.55211,46.0601],[10.54989,46.06329],[10.54941,46.0646],[10.54939,46.06507],[10.54951,46.06555],[10.54971,46.06591],[10.55044,46.06674],[10.55085,46.06757],[10.55109,46.06793],[10.55145,46.06829],[10.55195,46.06865],[10.5526,46.069],[10.55314,46.0692],[10.55503,46.06956],[10.55602,46.06984],[10.55684,46.07019],[10.55735,46.07055],[10.55782,46.07103],[10.55816,46.07162],[10.55827,46.07222],[10.55828,46.07305],[10.55835,46.07329],[10.55865,46.07365],[10.55915,46.07389],[10.55984,46.07402],[10.56018,46.074],[10.56069,46.07387],[10.56138,46.07354],[10.56275,46.0726],[10.56327,46.07232],[10.5655,46.07163],[10.56636,46.07146],[10.56687,46.07152],[10.56722,46.07165],[10.56948,46.07293],[10.57065,46.07377],[10.57099,46.07411],[10.57126,46.07448],[10.57176,46.07555],[10.57178,46.07615],[10.57152,46.07686],[10.57041,46.07829],[10.5693,46.07936],[10.56919,46.0796],[10.5693,46.07984],[10.56962,46.08],[10.57014,46.08013],[10.57151,46.08025],[10.57391,46.08018],[10.57563,46.07988],[10.57614,46.08],[10.57649,46.08029],[10.57683,46.08076],[10.57709,46.08127],[10.57715,46.08163],[10.57707,46.08186],[10.57681,46.0821],[10.5758,46.08273],[10.5752,46.08341],[10.57479,46.08377],[10.5727,46.0852],[10.57237,46.08555],[10.5722,46.08584],[10.57202,46.08627],[10.57196,46.08663],[10.57202,46.08698],[10.57223,46.08734],[10.57271,46.08795],[10.57323,46.08838],[10.57391,46.08865],[10.57563,46.08884],[10.57649,46.08909],[10.57734,46.08956],[10.57769,46.08987],[10.57792,46.0902],[10.57805,46.09067],[10.57805,46.09115],[10.57792,46.09151],[10.57769,46.09184],[10.57724,46.09222],[10.5758,46.09301],[10.57511,46.09347],[10.57469,46.09389],[10.57449,46.09436],[10.57456,46.09472],[10.57473,46.09496],[10.57546,46.09557],[10.57661,46.09639],[10.5768,46.09663],[10.57687,46.09698]]},"properties":{"ele":2280,"major":0}},{"type":"Feature","geometry":{"type":"LineString","coordinates":[[10.6,46.05919],[10.59915,46.05945],[10.59863,46.05952],[10.59794,46.05946],[10.59691,46.05923],[10.59541,46.05876],[10.59424,46.05828],[10.59325,46.05781],[10.59194,46.05699],[10.59152,46.05662],[10.59125,46.05626],[10.59115,46.0559],[10.5911,46.05507],[10.59085,46.05459],[10.58885,46.05279],[10.58816,46.05201],[10.58701,46.0509],[10.58593,46.05017],[10.58369,46.04828],[10.58341,46.04768],[10.58304,46.0472],[10.58302,46.04708],[10.58312,46.04697],[10.58335,46.04686],[10.58421,46.04676],[10.5849,46.04631],[10.58524,46.04619],[10.58782,46.04596],[10.5885,46.04605],[10.58915,46.04625],[10.58955,46.04649],[10.59051,46.04732],[10.59125,46.04765],[10.59245,46.0478],[10.59297,46.04775],[10.59348,46.0476],[10.59598,46.04601],[10.59652,46.04554],[10.59679,46.04506],[10.59736,46.04327],[10.59784,46.0422],[10.5982,46.04113],[10.59842,46.04065],[10.59897,46.03998],[10.6,46.03932]]},"properties":{"ele":2280,"major":0}},{"type":"Feature","geometry":{"type":"LineString","coordinates":[[10.6,46.07629],[10.5987,46.07555],[10.59849,46.07531],[10.59846,46.0752],[10.59857,46.07496],[10.59897,46.07474],[10.6,46.07462]]},"properties":{"ele":2280,"major":0}},{"type":"Feature","geometry":{"type":"LineString","coordinates":[[10.47006,46.03216],[10.47074,46.03224],[10.47143,46.03244],[10.4734,46.03314],[10.47486,46.03387],[10.47538,46.03399],[10.47589,46.03389],[10.47738,46.03302],[10.48018,46.0321],[10.48087,46.03199],[10.48139,46.03197],[10.48259,46.0322],[10.48345,46.03254],[10.48393,46.03302],[10.48438,46.03386],[10.48475,46.03493],[10.48499,46.03541],[10.4853,46.03576],[10.48536,46.03612],[10.48551,46.03627],[10.48577,46.03588],[10.48671,46.03493],[10.48825,46.03363],[10.48911,46.03321],[10.49117,46.03255],[10.49203,46.03247],[10.49306,46.03253],[10.49426,46.0327],[10.49546,46.033],[10.49612,46.03338],[10.49701,46.03375],[10.49769,46.03414],[10.49804,46.03424],[10.49838,46.03422],[10.49871,46.0341],[10.49896,46.03386],[10.49903,46.03362],[10.49895,46.03326],[10.49861,46.0329],[10.49787,46.03254],[10.49666,46.03213],[10.49598,46.03174],[10.49486,46.03064],[10.4944,46.02993],[10.49434,46.02969],[10.49436,46.02933],[10.49491,46.0273],[10.49491,46.02671],[10.49476,46.02563],[10.49485,46.02444],[10.49456,46.02337],[10.49401,46.0223],[10.49323,46.01991],[10.49325,46.01956],[10.49334,46.01932],[10.4937,46.0186],[10.49398,46.01824],[10.49437,46.01789],[10.49512,46.01741],[10.49567,46.01693],[10.49666,46.01623],[10.49716,46.01574],[10.49729,46.0155],[10.4973,46.01526],[10.49701,46.01489],[10.49632,46.01441],[10.49563,46.01408],[10.49392,46.01373],[10.4934,46.01356],[10.4922,46.01269],[10.49151,46.01229],[10.48927,46.01121],[10.48774,46.01067],[10.48739,46.01064],[10.48705,46.01069],[10.48516,46.01149],[10.48465,46.01165],[10.48345,46.01186],[10.48207,46.01227],[10.48139,46.01229],[10.47984,46.01197],[10.47761,46.01181],[10.47589,46.01155],[10.47484,46.01133],[10.47418,46.01105],[10.47263,46.0101],[10.47112,46.00942],[10.47006,46.00859]]},"properties":{"ele":2300,"major":1}},{"type":"Feature","geometry":{"type":"LineString","coordinates":[[10.47006,46.05467],[10.47148,46.05495],[10.4728,46.0555],[10.47349,46.05569],[10.47572,46.05588],[10.47627,46.05602],[10.47675,46.05636],[10.47778,46.05742],[10.47885,46.05876],[10.4795,46.05975],[10.48001,46.06022],[10.4807,46.06057],[10.48139,46.06076],[10.48448,46.06126],[10.48511,46.0615],[10.48545,46.06174],[10.48602,46.06241],[10.48619,46.06274],[10.48624,46.06317],[10.4862,46.06448],[10.48632,46.06495],[10.48665,46.06567],[10.48846,46.06769],[10.48911,46.0682],[10.49031,46.069],[10.49071,46.06948],[10.49079,46.06972],[10.49079,46.07007],[10.49048,46.07106],[10.49039,46.07186],[10.49048,46.07221],[10.49066,46.07252],[10.49117,46.07307],[10.49169,46.0733],[10.4922,46.07338],[10.49392,46.07316],[10.49495,46.07322],[10.49546,46.07346],[10.49632,46.07431],[10.49725,46.07472],[10.49855,46.07509],[10.49993,46.07562],[10.5013,46.07585],[10.50302,46.07603],[10.50422,46.07634],[10.50473,46.07662],[10.50498,46.07698],[10.50505,46.07746],[10.50494,46.07782],[10.50437,46.07865],[10.50434,46.07901],[10.50447,46.07936],[10.50473,46.07974],[10.50508,46.08002],[10.50626,46.08055],[10.50664,46.08079],[10.50687,46.08103],[10.50697,46.08127],[10.50692,46.08163],[10.50647,46.08234],[10.50633,46.08282],[10.50639,46.08401],[10.50604,46.08508],[10.50628,46.08639],[10.50649,46.08686],[10.50725,46.08782],[10.50786,46.08901],[10.50862,46.09008],[10.50902,46.09081],[10.51009,46.09198],[10.5108,46.09294],[10.51126,46.09345],[10.51194,46.09413],[10.51246,46.09453],[10.51297,46.09484],[10.51366,46.09511],[10.51572,46.09559],[10.51658,46.09589],[10.51726,46.09625],[10.51819,46.09698]]},"properties":{"ele":2300,"major":1}},{"type":"Feature","geometry":{"type":"LineString","coordinates":[[10.48488,46.03898],[10.48516,46.03905],[10.48544,46.03898],[10.48561,46.03886],[10.48574,46.03862],[10.48576,46.03827],[10.48568,46.03771],[10.48551,46.037],[10.48533,46.03687],[10.48482,46.03764],[10.4846,46.03815],[10.48458,46.03851],[10.48464,46.03874],[10.48488,46.03898]]},"properties":{"ele":2300,"major":1}},{"type":"Feature","geometry":{"type":"LineString","coordinates":[[10.49744,45.98498],[10.4984,45.98593],[10.49889,45.98629],[10.49924,45.98646],[10.50061,45.9869],[10.50267,45.98732],[10.50353,45.98767],[10.50405,45.98767],[10.5046,45.98748],[10.50487,45.98724],[10.5049,45.987],[10.5047,45.98676],[10.5037,45.98627],[10.50329,45.98593],[10.50304,45.98545],[10.50307,45.98498]]},"properties":{"ele":2300,"major":1}},{"type":"Feature","geometry":{"type":"LineString","coordinates":[[10.5012,46.09698],[10.50078,46.09654],[10.5001,46.09597],[10.49907,46.0953],[10.49752,46.09407],[10.49598,46.09334],[10.49478,46.09294],[10.49422,46.09282],[10.4934,46.09275],[10.49014,46.09279],[10.48877,46.09256],[10.48654,46.0924],[10.48465,46.09202],[10.48259,46.09194],[10.48156,46.09175],[10.48001,46.0913],[10.4783,46.0911],[10.47675,46.09075],[10.47572,46.09061],[10.47469,46.09027],[10.47263,46.0891],[10.47109,46.08842],[10.47006,46.08784]]},"properties":{"ele":2300,"major":1}},{"type":"Feature","geometry":{"type":"LineString","coordinates":[[10.55789,46.09698],[10.55777,46.09663],[10.55743,46.09598],[10.55682,46.0952],[10.55676,46.09496],[10.55675,46.09389],[10.55628,46.09258],[10.55607,46.09175],[10.5558,46.09127],[10.55536,46.09079],[10.55486,46.09041],[10.55421,46.09008],[10.55108,46.08908],[10.54988,46.0886],[10.54919,46.08817],[10.5487,46.0877],[10.54804,46.08722],[10.54542,46.08572],[10.5449,46.08554],[10.54421,46.08547],[10.54353,46.08553],[10.54284,46.0857],[10.54233,46.08591],[10.54181,46.08626],[10.54044,46.08769],[10.53992,46.08805],[10.53941,46.08828],[10.53889,46.08841],[10.53855,46.0884],[10.53821,46.08825],[10.53801,46.08806],[10.53786,46.08771],[10.53771,46.08698],[10.53773,46.08663],[10.53805,46.08627],[10.53928,46.08532],[10.53976,46.08472],[10.53993,46.08436],[10.53996,46.08401],[10.53983,46.08365],[10.53963,46.08341],[10.53906,46.08298],[10.53855,46.08269],[10.53679,46.0821],[10.53632,46.08188],[10.5359,46.08151],[10.53538,46.08079],[10.53492,46.08043],[10.53423,46.08008],[10.53306,46.0797],[10.53254,46.07942],[10.53218,46.07901],[10.53185,46.07817],[10.53157,46.0777],[10.53051,46.07639],[10.52991,46.07591],[10.52876,46.07534],[10.52709,46.07436],[10.52653,46.07417],[10.52516,46.07385],[10.52447,46.07356],[10.52148,46.07186],[10.52002,46.07091],[10.51881,46.07023],[10.51839,46.06984],[10.51763,46.06865],[10.51656,46.06734],[10.51589,46.0668],[10.5152,46.06635],[10.51452,46.06609],[10.51366,46.06598],[10.51143,46.06611],[10.50902,46.06637],[10.50851,46.06637],[10.50782,46.0662],[10.50552,46.06531],[10.50439,46.06497],[10.50319,46.06486],[10.50027,46.06502],[10.49855,46.06496],[10.49787,46.06483],[10.49632,46.06412],[10.49529,46.06385],[10.4952,46.06364],[10.49534,46.0634],[10.49649,46.06288],[10.49684,46.06266],[10.49712,46.06233],[10.49719,46.06198],[10.49711,46.06162],[10.49686,46.06126],[10.49649,46.061],[10.4956,46.06055],[10.4952,46.06019],[10.49507,46.05971],[10.4952,46.05924],[10.49546,46.05891],[10.49585,46.05864],[10.49632,46.05845],[10.49735,46.0582],[10.49802,46.05781],[10.49941,46.05638],[10.50034,46.05554],[10.5006,46.05519],[10.50068,46.05495],[10.50072,46.05447],[10.50043,46.05352],[10.50036,46.05304],[10.50042,46.05268],[10.50076,46.05185],[10.50077,46.05137],[10.50008,46.04959],[10.49975,46.04913],[10.49924,46.04872],[10.4989,46.04861],[10.49872,46.04864],[10.49548,46.04994],[10.4934,46.05042],[10.49066,46.0506],[10.4898,46.05053],[10.48907,46.0503],[10.48842,46.04983],[10.48801,46.04923],[10.48789,46.04875],[10.48789,46.04804],[10.48775,46.04661],[10.48723,46.04577],[10.48694,46.04494],[10.48675,46.04458],[10.48639,46.04411],[10.48602,46.04377],[10.48469,46.04291],[10.48425,46.04256],[10.48396,46.04208],[10.48386,46.04125],[10.48365,46.04077],[10.48327,46.04037],[10.48276,46.04023],[10.48224,46.04034],[10.48193,46.04065],[10.48187,46.04125],[10.48198,46.04208],[10.48184,46.04268],[10.48164,46.04315],[10.48147,46.04339],[10.4807,46.04404],[10.48001,46.04431],[10.4783,46.0447],[10.47675,46.04545],[10.47538,46.04599],[10.47332,46.04648],[10.47177,46.04698],[10.47006,46.04725]]},"properties":{"ele":2300,"major":1}},{"type":"Feature","geometry":{"type":"LineString","coordinates":[[10.6,45.99921],[10.5988,45.99913],[10.59726,45.99887],[10.59657,45.99882],[10.59537,45.99884],[10.59382,45.99902],[10.59314,45.999],[10.59228,45.99873],[10.59148,45.99821],[10.59039,45.99694],[10.58902,45.99586],[10.58799,45.99494],[10.58777,45.99464],[10.5877,45.99428],[10.58778,45.99392],[10.58799,45.99356],[10.5885,45.99292],[10.58864,45.99261],[10.58886,45.99142],[10.58885,45.99094],[10.58867,45.99048],[10.58809,45.98975],[10.5878,45.98927],[10.58762,45.98843],[10.58743,45.98796],[10.5872,45.98772],[10.58696,45.98763],[10.58661,45.98772],[10.58645,45.98796],[10.58621,45.98879],[10.58556,45.98951],[10.58536,45.98987],[10.58529,45.99022],[10.5853,45.99118],[10.58514,45.99154],[10.5845,45.99249],[10.58426,45.99344],[10.58422,45.9944],[10.58427,45.99511],[10.5845,45.99559],[10.58498,45.99631],[10.58519,45.99678],[10.58538,45.99738],[10.58535,45.99786],[10.58506,45.99845],[10.58446,45.99917],[10.58404,45.99954],[10.58301,46.00024],[10.58265,46.0006],[10.58249,46.00096],[10.58253,46.00119],[10.58267,46.0014],[10.58286,46.00155],[10.58318,46.00169],[10.58421,46.00183],[10.5849,46.00173],[10.58631,46.00119],[10.58713,46.00105],[10.59056,46.00089],[10.59382,46.00092],[10.59503,46.00101],[10.59743,46.00133],[10.59846,46.00154],[10.59897,46.00171],[10.6,46.00184]]},"properties":{"ele":2300,"major":1}},{"type":"Feature","geometry":{"type":"LineString","coordinates":[[10.6,46.0324],[10.59915,46.03256],[10.59794,46.03264],[10.59726,46.03279],[10.59657,46.03305],[10.59522,46.03374],[10.59451,46.03429],[10.594,46.03454],[10.59228,46.0349],[10.59159,46.03492],[10.59052,46.03457],[10.58885,46.03357],[10.58593,46.03124],[10.58533,46.03064],[10.58461,46.02957],[10.58402,46.02838],[10.58303,46.02695],[10.58273,46.02587],[10.58231,46.02492],[10.58224,46.02432],[10.58237,46.02385],[10.58293,46.02277],[10.58338,46.0217],[10.58455,46.01993],[10.58515,46.01932],[10.58649,46.01836],[10.58658,46.01824],[10.58661,46.01801],[10.58649,46.01777],[10.58623,46.01753],[10.58492,46.01681],[10.58426,46.01634],[10.58387,46.01598],[10.58348,46.0155],[10.58324,46.01503],[10.58311,46.01443],[10.5832,46.01324],[10.58332,46.01264],[10.58329,46.0124],[10.5831,46.01181],[10.58268,46.01109],[10.58262,46.01038],[10.58238,46.00954],[10.58146,46.00761],[10.58112,46.00711],[10.58078,46.00685],[10.58043,46.0067],[10.57958,46.00654],[10.57769,46.00643],[10.57511,46.00674],[10.57288,46.00674],[10.57237,46.00684],[10.57125,46.00728],[10.57048,46.00739],[10.56945,46.00735],[10.56808,46.00706],[10.56738,46.00716],[10.56727,46.00728],[10.56731,46.00751],[10.56802,46.00835],[10.56822,46.00871],[10.56822,46.00906],[10.56807,46.00954],[10.56813,46.00978],[10.57029,46.01181],[10.57052,46.01228],[10.57044,46.01264],[10.56996,46.01315],[10.56911,46.01354],[10.56567,46.01436],[10.56378,46.01468],[10.5631,46.01468],[10.56069,46.0144],[10.55913,46.01407],[10.55818,46.01371],[10.5576,46.01327],[10.55666,46.01193],[10.55616,46.01133],[10.55488,46.01038],[10.55366,46.00926],[10.55297,46.00886],[10.55245,46.00878],[10.55211,46.00887],[10.55074,46.00983],[10.55022,46.01006],[10.54954,46.01007],[10.54902,46.00985],[10.54868,46.00956],[10.5484,46.00918],[10.54827,46.00883],[10.54824,46.00847],[10.54839,46.00799],[10.54919,46.00716],[10.54946,46.00668],[10.54954,46.00632],[10.54952,46.00596],[10.54937,46.00573],[10.54919,46.00564],[10.54868,46.0056],[10.54816,46.00566],[10.54627,46.00619],[10.54438,46.00692],[10.54298,46.00763],[10.54056,46.00835],[10.53994,46.00871],[10.53928,46.0093],[10.53928,46.00954],[10.53939,46.00966],[10.54013,46.01002],[10.5413,46.01035],[10.54284,46.01057],[10.54387,46.01083],[10.54425,46.01097],[10.54499,46.01145],[10.54546,46.01193],[10.5458,46.01264],[10.54656,46.01371],[10.54704,46.01419],[10.54779,46.01479],[10.54809,46.01514],[10.54827,46.01562],[10.54823,46.01586],[10.54806,46.01622],[10.54807,46.01634],[10.54816,46.01646],[10.54851,46.01661],[10.54902,46.01672],[10.55108,46.01669],[10.552,46.01693],[10.55268,46.01729],[10.55289,46.01753],[10.55301,46.01789],[10.55282,46.01884],[10.55284,46.02003],[10.55262,46.02134],[10.55269,46.02254],[10.55282,46.02289],[10.55311,46.02313],[10.55338,46.02325],[10.55554,46.02383],[10.55692,46.02447],[10.55846,46.02494],[10.55891,46.02528],[10.55957,46.02611],[10.56035,46.02672],[10.56067,46.02706],[10.56093,46.02754],[10.56101,46.02814],[10.56079,46.02945],[10.56042,46.03076],[10.56038,46.03136],[10.56044,46.03279],[10.56007,46.03386],[10.55972,46.03517],[10.55945,46.03553],[10.55898,46.03576],[10.55743,46.036],[10.55554,46.03605],[10.55486,46.03595],[10.55263,46.0354],[10.5516,46.03486],[10.54958,46.03314],[10.54857,46.03255],[10.54748,46.03176],[10.54696,46.03149],[10.54542,46.03107],[10.54267,46.03062],[10.54078,46.03007],[10.53889,46.02938],[10.53838,46.02916],[10.53786,46.02885],[10.53685,46.02778],[10.53632,46.0274],[10.53529,46.02708],[10.53409,46.02693],[10.53323,46.02662],[10.53271,46.02629],[10.53219,46.02575],[10.53168,46.02537],[10.53014,46.02455],[10.52859,46.02394],[10.52756,46.02369],[10.52705,46.02376],[10.52688,46.0239],[10.52679,46.02408],[10.52686,46.02444],[10.52718,46.0248],[10.52986,46.02671],[10.53055,46.02766],[10.53086,46.02849],[10.53104,46.02969],[10.53109,46.03124],[10.53099,46.03207],[10.53084,46.03267],[10.53057,46.03326],[10.52961,46.03457],[10.52962,46.03489],[10.53002,46.03517],[10.53151,46.03574],[10.53345,46.03684],[10.53402,46.03755],[10.53435,46.03851],[10.53438,46.03922],[10.53421,46.04041],[10.53386,46.04101],[10.5331,46.04196],[10.53257,46.04244],[10.53185,46.04283],[10.53132,46.04303],[10.52997,46.04338],[10.52937,46.04363],[10.52909,46.04387],[10.52897,46.04411],[10.52899,46.04446],[10.52925,46.04518],[10.52974,46.04613],[10.53185,46.04853],[10.53262,46.04899],[10.53306,46.04909],[10.5334,46.04909],[10.53426,46.04895],[10.53632,46.04815],[10.53769,46.04785],[10.53855,46.04781],[10.53941,46.04784],[10.53992,46.04794],[10.54046,46.04816],[10.54095,46.04851],[10.54235,46.04982],[10.54273,46.0503],[10.54303,46.0509],[10.5432,46.05161],[10.54316,46.05233],[10.54306,46.05268],[10.54261,46.05364],[10.54253,46.05411],[10.5426,46.05483],[10.54267,46.05498],[10.54284,46.05511],[10.54318,46.05505],[10.54387,46.05466],[10.54497,46.05435],[10.54542,46.0541],[10.5461,46.05354],[10.54638,46.0534],[10.54868,46.05275],[10.55005,46.05256],[10.55314,46.05238],[10.55469,46.05246],[10.55675,46.05239],[10.55795,46.05259],[10.55861,46.05292],[10.55932,46.05364],[10.55984,46.05402],[10.56148,46.05483],[10.56181,46.05507],[10.56188,46.05519],[10.5619,46.05542],[10.56172,46.05582],[10.56146,46.05614],[10.56087,46.05653],[10.56018,46.05685],[10.55932,46.05716],[10.55812,46.05733],[10.55726,46.05737],[10.55692,46.05745],[10.5562,46.05781],[10.55488,46.05876],[10.55359,46.05936],[10.55297,46.05976],[10.55255,46.06019],[10.55142,46.06163],[10.55031,46.06329],[10.54987,46.06448],[10.54984,46.06495],[10.54994,46.06543],[10.55017,46.06579],[10.55106,46.06674],[10.5516,46.06781],[10.55182,46.06805],[10.55228,46.06839],[10.55331,46.06884],[10.55537,46.06924],[10.5564,46.06954],[10.55709,46.06985],[10.55779,46.07031],[10.55824,46.07079],[10.55853,46.07127],[10.55866,46.07174],[10.55881,46.07301],[10.55898,46.0733],[10.55932,46.07355],[10.56001,46.07367],[10.56067,46.07353],[10.56121,46.07328],[10.56258,46.07238],[10.56327,46.07203],[10.5655,46.07133],[10.56636,46.07115],[10.56687,46.07118],[10.56739,46.07134],[10.57014,46.073],[10.57099,46.07365],[10.57143,46.07412],[10.57211,46.07531],[10.57224,46.07591],[10.57213,46.07651],[10.57185,46.07707],[10.57007,46.07924],[10.57,46.07948],[10.57019,46.07972],[10.57048,46.07984],[10.57117,46.07995],[10.57254,46.07995],[10.57374,46.07985],[10.57528,46.07948],[10.5758,46.07942],[10.57649,46.07954],[10.57692,46.07984],[10.5781,46.08174],[10.57818,46.08198],[10.57814,46.08222],[10.57803,46.08234],[10.57769,46.08252],[10.57666,46.0828],[10.57614,46.08302],[10.57521,46.08377],[10.57306,46.0852],[10.57271,46.0855],[10.5725,46.08579],[10.57236,46.08615],[10.57231,46.08651],[10.57237,46.08686],[10.57255,46.08722],[10.573,46.08782],[10.57341,46.08817],[10.57408,46.08843],[10.5758,46.08856],[10.57666,46.08878],[10.57717,46.08902],[10.57768,46.08936],[10.57803,46.08972],[10.5782,46.09001],[10.57838,46.09056],[10.57843,46.09115],[10.57833,46.09151],[10.57809,46.09186],[10.57752,46.09238],[10.57598,46.09317],[10.57542,46.09353],[10.57495,46.09401],[10.57482,46.09436],[10.5749,46.09472],[10.57533,46.0952],[10.5758,46.09557],[10.57711,46.09639],[10.57727,46.09663],[10.57735,46.09698]]},"properties":{"ele":2300,"major":1}},{"type":"Feature","geometry":{"type":"LineString","coordinates":[[10.6,46.05949],[10.59915,46.05975],[10.59846,46.05982],[10.59794,46.05977],[10.59674,46.05951],[10.5952,46.05903],[10.59348,46.0584],[10.59262,46.058],[10.59176,46.05749],[10.59118,46.05697],[10.59085,46.0565],[10.59075,46.05614],[10.59066,46.05519],[10.59038,46.05471],[10.58785,46.05221],[10.58729,46.05173],[10.58677,46.05114],[10.58438,46.04928],[10.58338,46.04828],[10.58312,46.0478],[10.58267,46.04728],[10.58259,46.04708],[10.58267,46.04682],[10.58301,46.04664],[10.58404,46.04662],[10.58438,46.04651],[10.5849,46.0462],[10.58524,46.0461],[10.58782,46.04576],[10.58867,46.04586],[10.58964,46.04613],[10.59005,46.04637],[10.59086,46.04708],[10.59125,46.04729],[10.59159,46.04739],[10.59211,46.04742],[10.59279,46.04735],[10.59365,46.04706],[10.59561,46.04589],[10.59623,46.04532],[10.59648,46.04482],[10.59684,46.04315],[10.59722,46.0422],[10.59749,46.04101],[10.59777,46.04028],[10.59812,46.03983],[10.59846,46.03953],[10.59928,46.0391],[10.6,46.0388]]},"properties":{"ele":2300,"major":1}},{"type":"Feature","geometry":{"type":"LineString","coordinates":[[10.6,46.07659],[10.59824,46.07567],[10.5978,46.07531],[10.5977,46.07508],[10.59777,46.07486],[10.5979,46.07472],[10.59846,46.07443],[10.59915,46.07426],[10.6,46.07422]]},"properties":{"ele":2300,"major":1}},{"type":"Feature","geometry":{"type":"LineString","coordinates":[[10.47006,46.03177],[10.47074,46.03181],[10.47126,46.03191],[10.47263,46.0325],[10.47452,46.03318],[10.47521,46.03331],[10.47624,46.03308],[10.48018,46.03183],[10.48121,46.03169],[10.48207,46.03179],[10.48345,46.03217],[10.48396,46.03251],[10.4843,46.03293],[10.48471,46.03362],[10.48527,46.03493],[10.48551,46.03512],[10.48568,46.03513],[10.48602,46.03499],[10.48808,46.03333],[10.4886,46.03302],[10.4898,46.03255],[10.49117,46.03221],[10.4922,46.03222],[10.49409,46.03243],[10.49581,46.03281],[10.49644,46.03326],[10.49787,46.03397],[10.49804,46.03397],[10.49833,46.03386],[10.49845,46.03374],[10.49851,46.0335],[10.49834,46.03314],[10.49798,46.0329],[10.49735,46.03267],[10.49649,46.03246],[10.49581,46.03213],[10.49433,46.03064],[10.49388,46.03004],[10.4937,46.02957],[10.49377,46.02897],[10.49435,46.02766],[10.49442,46.02695],[10.49416,46.02575],[10.49417,46.0248],[10.49405,46.02361],[10.4939,46.02313],[10.49348,46.0223],[10.49329,46.02146],[10.49283,46.02015],[10.49281,46.01956],[10.49294,46.0192],[10.49322,46.01872],[10.49372,46.01812],[10.49623,46.01634],[10.49676,46.01586],[10.49688,46.01562],[10.49688,46.01538],[10.4966,46.01503],[10.49615,46.01474],[10.49529,46.01443],[10.49357,46.01419],[10.49306,46.01404],[10.49269,46.01383],[10.49175,46.01312],[10.49066,46.01258],[10.48963,46.01196],[10.4886,46.01154],[10.48774,46.01129],[10.48722,46.01123],[10.48671,46.0113],[10.48516,46.01188],[10.48362,46.01226],[10.48242,46.01265],[10.48173,46.01277],[10.48104,46.01276],[10.47967,46.01248],[10.47727,46.01234],[10.47538,46.01204],[10.47452,46.01183],[10.47383,46.01151],[10.47253,46.01061],[10.47091,46.00988],[10.47006,46.00937]]},"properties":{"ele":2320,"major":0}},{"type":"Feature","geometry":{"type":"LineString","coordinates":[[10.47006,46.05444],[10.47177,46.05475],[10.47315,46.05533],[10.47366,46.05549],[10.47589,46.05564],[10.47648,46.05578],[10.47692,46.05609],[10.47844,46.05793],[10.47865,46.05828],[10.4791,46.05876],[10.47981,46.05971],[10.48024,46.06007],[10.48087,46.06038],[10.48139,46.06053],[10.48345,46.06084],[10.48465,46.06111],[10.48533,46.06136],[10.48568,46.0616],[10.48618,46.06221],[10.48637,46.06257],[10.48643,46.06293],[10.48636,46.06388],[10.48642,46.06436],[10.4866,46.06495],[10.48693,46.06555],[10.48758,46.06638],[10.48871,46.06757],[10.49031,46.06873],[10.49089,46.06936],[10.491,46.06972],[10.49099,46.07019],[10.49066,46.0712],[10.49058,46.07186],[10.49064,46.0721],[10.49083,46.07243],[10.49134,46.0729],[10.49186,46.07311],[10.4922,46.07317],[10.49443,46.07296],[10.49512,46.07297],[10.49551,46.07317],[10.49638,46.07412],[10.49735,46.07457],[10.5001,46.07549],[10.50181,46.07572],[10.50302,46.07575],[10.50405,46.07596],[10.50473,46.07622],[10.50517,46.07651],[10.50538,46.07674],[10.50557,46.0771],[10.50562,46.07758],[10.50546,46.07793],[10.5048,46.07877],[10.50476,46.07913],[10.50484,46.07936],[10.50525,46.07977],[10.50677,46.08043],[10.50742,46.08079],[10.50768,46.08103],[10.50787,46.08139],[10.50783,46.08174],[10.50727,46.08246],[10.50711,46.08282],[10.50716,46.08401],[10.50691,46.0852],[10.50697,46.08651],[10.50714,46.08685],[10.50774,46.0877],[10.50832,46.08889],[10.50912,46.08996],[10.50964,46.09091],[10.51143,46.09315],[10.51194,46.09367],[10.51266,46.09425],[10.51314,46.09453],[10.51383,46.09481],[10.51589,46.09536],[10.51675,46.09567],[10.51744,46.09604],[10.51871,46.09698]]},"properties":{"ele":2320,"major":0}},{"type":"Feature","geometry":{"type":"LineString","coordinates":[[10.49806,45.98498],[10.49886,45.98593],[10.49941,45.98632],[10.50061,45.98675],[10.5013,45.9869],[10.50284,45.98705],[10.50353,45.98733],[10.50405,45.98724],[10.50417,45.98712],[10.50418,45.987],[10.50409,45.98688],[10.50315,45.98641],[10.50276,45.98593],[10.50261,45.98545],[10.50269,45.98498]]},"properties":{"ele":2320,"major":0}},{"type":"Feature","geometry":{"type":"LineString","coordinates":[[10.50082,46.09698],[10.50044,46.09663],[10.49907,46.09573],[10.49752,46.09446],[10.49581,46.09354],[10.4946,46.09308],[10.4934,46.09289],[10.48997,46.09295],[10.48877,46.09274],[10.48654,46.09256],[10.48465,46.09217],[10.48242,46.09212],[10.48156,46.09198],[10.48001,46.09158],[10.47795,46.09134],[10.47572,46.09092],[10.47503,46.09074],[10.47452,46.09052],[10.4723,46.08925],[10.47109,46.08873],[10.47006,46.08814]]},"properties":{"ele":2320,"major":0}},{"type":"Feature","geometry":{"type":"LineString","coordinates":[[10.5576,46.09698],[10.55743,46.09654],[10.55712,46.09603],[10.55641,46.0952],[10.55633,46.09484],[10.55634,46.09401],[10.55626,46.09365],[10.55578,46.09258],[10.55552,46.09175],[10.5553,46.09139],[10.55497,46.09103],[10.55451,46.09067],[10.554,46.0904],[10.55022,46.08903],[10.54954,46.08871],[10.54887,46.08829],[10.5478,46.08734],[10.54542,46.08598],[10.5449,46.08579],[10.54421,46.08572],[10.54367,46.08579],[10.54284,46.08602],[10.54233,46.08625],[10.54181,46.08661],[10.54063,46.08794],[10.54009,46.0883],[10.53941,46.08863],[10.53889,46.08875],[10.53838,46.0887],[10.53803,46.08853],[10.53769,46.08818],[10.5375,46.0877],[10.53732,46.08663],[10.53745,46.08639],[10.53886,46.0852],[10.53934,46.0846],[10.53946,46.08436],[10.53949,46.08401],[10.53943,46.08377],[10.53924,46.0835],[10.53882,46.08317],[10.53821,46.08285],[10.53645,46.08234],[10.53587,46.0821],[10.53539,46.08174],[10.53485,46.08103],[10.5343,46.08055],[10.53374,46.08024],[10.53271,46.07986],[10.5322,46.07958],[10.53195,46.07936],[10.53169,46.07901],[10.53119,46.07793],[10.53012,46.07651],[10.52956,46.07603],[10.52705,46.07463],[10.52636,46.07438],[10.52499,46.07404],[10.5243,46.07376],[10.52224,46.07263],[10.52087,46.07198],[10.51838,46.07055],[10.51795,46.07015],[10.51706,46.06853],[10.51633,46.06757],[10.51585,46.0671],[10.5152,46.06666],[10.51435,46.06634],[10.51366,46.06627],[10.51108,46.0666],[10.51023,46.06663],[10.50902,46.0668],[10.50834,46.06678],[10.5074,46.06662],[10.50679,46.06643],[10.50628,46.0662],[10.50519,46.06555],[10.50458,46.06531],[10.50405,46.06518],[10.50302,46.06512],[10.50061,46.06527],[10.4989,46.06526],[10.49787,46.06514],[10.49615,46.06468],[10.4946,46.06469],[10.49409,46.06456],[10.49399,46.06436],[10.49404,46.06412],[10.49453,46.06317],[10.49495,46.06283],[10.49615,46.06219],[10.49637,46.06198],[10.49644,46.06174],[10.49628,46.06138],[10.49519,46.06067],[10.49479,46.06019],[10.49467,46.05983],[10.49465,46.05947],[10.49473,46.05912],[10.4949,46.05876],[10.49512,46.05852],[10.49553,46.05828],[10.49701,46.05788],[10.49781,46.05745],[10.49821,46.05708],[10.49957,46.05554],[10.4999,46.05495],[10.50006,46.05423],[10.4999,46.0528],[10.49998,46.05245],[10.50032,46.05161],[10.50035,46.05125],[10.49987,46.04994],[10.49958,46.04954],[10.49924,46.04925],[10.49872,46.04912],[10.49787,46.0492],[10.49718,46.04943],[10.49598,46.04997],[10.49392,46.05062],[10.49306,46.05077],[10.49014,46.05082],[10.48945,46.05074],[10.48877,46.05049],[10.48811,46.04994],[10.48783,46.04959],[10.48766,46.04923],[10.48759,46.04887],[10.48765,46.04792],[10.48756,46.04673],[10.4874,46.04637],[10.48705,46.04589],[10.48678,46.04506],[10.48659,46.0447],[10.48602,46.04404],[10.48432,46.04303],[10.48369,46.04256],[10.48335,46.04208],[10.48337,46.04137],[10.48327,46.04103],[10.4831,46.04084],[10.48276,46.04069],[10.48249,46.04077],[10.48239,46.04101],[10.48242,46.0413],[10.48264,46.04208],[10.48252,46.04256],[10.48219,46.04327],[10.4819,46.04371],[10.48156,46.04411],[10.48121,46.04435],[10.48036,46.04468],[10.4783,46.04503],[10.47658,46.04589],[10.47555,46.04631],[10.47366,46.04669],[10.47194,46.04731],[10.47074,46.04742],[10.47006,46.04756]]},"properties":{"ele":2320,"major":0}},{"type":"Feature","geometry":{"type":"LineString","coordinates":[[10.6,45.9994],[10.59863,45.99931],[10.59726,45.9991],[10.59657,45.99906],[10.59537,45.99909],[10.59382,45.99927],[10.59314,45.99924],[10.59228,45.999],[10.59137,45.99845],[10.59097,45.99809],[10.59011,45.99714],[10.58879,45.99607],[10.58776,45.99511],[10.58732,45.99452],[10.5872,45.99416],[10.58722,45.99392],[10.58739,45.99356],[10.58815,45.99249],[10.58832,45.99177],[10.58835,45.99118],[10.58822,45.9907],[10.58782,45.99017],[10.58713,45.98955],[10.58679,45.98945],[10.58627,45.98965],[10.58591,45.98998],[10.58577,45.99034],[10.58576,45.99106],[10.58567,45.99142],[10.58482,45.99261],[10.58458,45.99344],[10.58451,45.99452],[10.58454,45.99511],[10.58473,45.99556],[10.58523,45.99619],[10.58534,45.99642],[10.58563,45.99738],[10.58558,45.99792],[10.58532,45.99845],[10.58477,45.99917],[10.58421,45.99971],[10.58317,46.00048],[10.58298,46.00072],[10.58291,46.00096],[10.58299,46.00119],[10.58318,46.00135],[10.58352,46.00146],[10.58404,46.00152],[10.5849,46.00141],[10.58627,46.00103],[10.58799,46.00073],[10.59382,46.00069],[10.5952,46.0008],[10.59588,46.00097],[10.59743,46.00115],[10.59915,46.00154],[10.6,46.00162]]},"properties":{"ele":2320,"major":0}},{"type":"Feature","geometry":{"type":"LineString","coordinates":[[10.6,46.03269],[10.59915,46.03284],[10.59794,46.0329],[10.59709,46.0331],[10.59537,46.03387],[10.59468,46.03446],[10.594,46.0348],[10.59314,46.03493],[10.59211,46.03521],[10.59142,46.03525],[10.59091,46.03515],[10.59039,46.03496],[10.58833,46.03392],[10.58576,46.03164],[10.58524,46.0311],[10.58342,46.02861],[10.58259,46.02706],[10.58188,46.02528],[10.58179,46.02456],[10.58195,46.02373],[10.58263,46.02206],[10.583,46.02134],[10.58392,46.01991],[10.5842,46.01956],[10.58458,46.0192],[10.58599,46.01824],[10.58611,46.01812],[10.58615,46.01789],[10.58585,46.01753],[10.58473,46.0169],[10.58404,46.0164],[10.58348,46.01586],[10.58313,46.01538],[10.58292,46.01491],[10.58283,46.01443],[10.58301,46.01252],[10.58282,46.01193],[10.58243,46.01121],[10.58234,46.01038],[10.5821,46.00954],[10.58123,46.00775],[10.58095,46.00736],[10.58061,46.0071],[10.58026,46.00695],[10.5794,46.00677],[10.57769,46.0067],[10.57563,46.00698],[10.57443,46.00707],[10.57305,46.00701],[10.57237,46.00713],[10.57117,46.00751],[10.56902,46.00775],[10.56886,46.00787],[10.56886,46.00799],[10.56949,46.00918],[10.56955,46.00954],[10.56952,46.01002],[10.5696,46.01026],[10.56999,46.01085],[10.57071,46.01169],[10.57091,46.01205],[10.57092,46.0124],[10.57073,46.01276],[10.5704,46.01312],[10.56996,46.01343],[10.56876,46.01389],[10.5667,46.01445],[10.56464,46.01485],[10.56344,46.01499],[10.55966,46.01462],[10.55863,46.01438],[10.55778,46.01402],[10.55727,46.01359],[10.55662,46.0124],[10.55596,46.01157],[10.55348,46.00954],[10.55297,46.00929],[10.55245,46.00926],[10.55211,46.00938],[10.55177,46.0096],[10.55091,46.01033],[10.55057,46.01048],[10.55005,46.01053],[10.54954,46.01048],[10.54885,46.01021],[10.54851,46.00995],[10.54816,46.00947],[10.54799,46.00905],[10.54791,46.00859],[10.54795,46.00811],[10.54809,46.00775],[10.54874,46.00704],[10.54893,46.00668],[10.54894,46.00632],[10.54885,46.00616],[10.54868,46.00605],[10.54833,46.006],[10.54799,46.00603],[10.54665,46.00632],[10.54473,46.00707],[10.54336,46.00778],[10.54096,46.00847],[10.54053,46.00871],[10.54029,46.00895],[10.54015,46.00918],[10.54012,46.00942],[10.54029,46.00966],[10.54046,46.00978],[10.54141,46.01014],[10.54301,46.01041],[10.54431,46.01073],[10.54491,46.01109],[10.54568,46.01169],[10.54601,46.01205],[10.54631,46.01252],[10.54744,46.01383],[10.54816,46.01451],[10.54859,46.01503],[10.54881,46.0155],[10.54892,46.01622],[10.54899,46.01634],[10.54936,46.01646],[10.55108,46.01654],[10.5522,46.01681],[10.55297,46.0172],[10.55333,46.01765],[10.55342,46.01801],[10.55312,46.01896],[10.5531,46.02003],[10.55294,46.02146],[10.55314,46.02218],[10.55345,46.02277],[10.55376,46.02301],[10.55417,46.02318],[10.55606,46.02363],[10.55709,46.02402],[10.55846,46.02437],[10.55898,46.02457],[10.55942,46.02492],[10.56005,46.02587],[10.56113,46.02695],[10.56139,46.02754],[10.56147,46.02838],[10.56128,46.02933],[10.5608,46.03076],[10.56089,46.03219],[10.56085,46.03267],[10.5604,46.03386],[10.56007,46.03541],[10.55984,46.03578],[10.55948,46.036],[10.55898,46.03613],[10.55743,46.03633],[10.55572,46.03641],[10.55486,46.03632],[10.55314,46.03591],[10.55245,46.03569],[10.55177,46.03537],[10.55125,46.03505],[10.54923,46.03326],[10.5473,46.03196],[10.54679,46.03168],[10.54542,46.03127],[10.5425,46.03077],[10.53855,46.02947],[10.53764,46.02897],[10.5366,46.02778],[10.53615,46.02748],[10.53529,46.02727],[10.53409,46.02713],[10.53306,46.02682],[10.53246,46.02647],[10.53185,46.02579],[10.53136,46.0254],[10.52997,46.02471],[10.52825,46.02419],[10.52773,46.0242],[10.52753,46.02432],[10.52753,46.02456],[10.52773,46.0248],[10.52962,46.02629],[10.53011,46.02659],[10.53073,46.02718],[10.53097,46.02754],[10.53118,46.02814],[10.53154,46.02969],[10.53158,46.03112],[10.53149,46.03231],[10.53128,46.03314],[10.53102,46.03362],[10.53047,46.03433],[10.53042,46.03457],[10.53046,46.03469],[10.53075,46.03493],[10.5334,46.03637],[10.53408,46.03684],[10.53449,46.03731],[10.53478,46.03839],[10.53488,46.03922],[10.5348,46.04029],[10.53447,46.04101],[10.53391,46.04178],[10.53338,46.04232],[10.5329,46.04268],[10.53185,46.04313],[10.53023,46.04363],[10.52984,46.04387],[10.52968,46.04411],[10.52964,46.04434],[10.52971,46.04494],[10.52988,46.04565],[10.53003,46.04601],[10.53041,46.04649],[10.53203,46.04804],[10.53249,46.0484],[10.53288,46.0486],[10.53357,46.0487],[10.53426,46.04856],[10.53597,46.0479],[10.53735,46.04758],[10.53821,46.04752],[10.53924,46.04754],[10.53992,46.04765],[10.54044,46.04784],[10.54095,46.04817],[10.54274,46.04971],[10.54307,46.05006],[10.54348,46.05066],[10.54376,46.05149],[10.54382,46.05209],[10.54374,46.05256],[10.54319,46.05376],[10.5432,46.05399],[10.54336,46.05418],[10.5437,46.05419],[10.54439,46.05402],[10.54524,46.05365],[10.5461,46.05318],[10.54833,46.05242],[10.54902,46.05227],[10.55331,46.05212],[10.5564,46.05212],[10.5576,46.05227],[10.55863,46.05259],[10.55899,46.0528],[10.56001,46.05369],[10.56069,46.05406],[10.5619,46.0546],[10.56235,46.05495],[10.56247,46.0553],[10.56235,46.05578],[10.56203,46.05626],[10.56155,46.05662],[10.56058,46.05709],[10.55966,46.05739],[10.55898,46.05751],[10.55743,46.05764],[10.55692,46.05779],[10.55648,46.05804],[10.55537,46.0589],[10.55383,46.05967],[10.55323,46.06007],[10.55172,46.06174],[10.55077,46.06329],[10.55038,46.06436],[10.55033,46.06483],[10.5504,46.06531],[10.55072,46.06579],[10.55161,46.06662],[10.55221,46.06769],[10.55263,46.06806],[10.55366,46.06847],[10.55572,46.06886],[10.55675,46.06914],[10.55743,46.06945],[10.55796,46.06984],[10.55846,46.07033],[10.55889,46.07091],[10.55909,46.07138],[10.55917,46.07222],[10.55931,46.07269],[10.55949,46.07296],[10.55984,46.07318],[10.56035,46.0732],[10.56087,46.07305],[10.5631,46.0718],[10.56396,46.07146],[10.56567,46.07094],[10.56619,46.07084],[10.5667,46.07083],[10.56722,46.07092],[10.56773,46.07114],[10.56979,46.07237],[10.57134,46.07353],[10.57176,46.074],[10.57259,46.07543],[10.57266,46.07603],[10.57249,46.07674],[10.57222,46.07722],[10.5715,46.07805],[10.57101,46.07877],[10.57082,46.07913],[10.57085,46.07936],[10.57099,46.07948],[10.57142,46.0796],[10.57254,46.07964],[10.57374,46.07951],[10.57546,46.07915],[10.57614,46.07912],[10.57683,46.07927],[10.57734,46.07964],[10.57798,46.08079],[10.57905,46.0821],[10.57913,46.08234],[10.57906,46.08254],[10.57858,46.08282],[10.57683,46.08317],[10.57614,46.08346],[10.5746,46.08443],[10.57316,46.08544],[10.57276,46.08591],[10.57267,46.08639],[10.57276,46.08686],[10.57296,46.08722],[10.57334,46.0877],[10.57374,46.088],[10.57425,46.08818],[10.57614,46.08831],[10.57698,46.08853],[10.57792,46.08913],[10.5782,46.08942],[10.57847,46.08984],[10.57868,46.09044],[10.57878,46.09103],[10.57872,46.09139],[10.57847,46.09186],[10.57815,46.09222],[10.57769,46.09258],[10.57631,46.09325],[10.57566,46.09365],[10.5753,46.09401],[10.57516,46.09436],[10.57524,46.09472],[10.57568,46.0952],[10.57614,46.09553],[10.57712,46.09603],[10.57743,46.09627],[10.57766,46.09663],[10.57776,46.09698]]},"properties":{"ele":2320,"major":0}},{"type":"Feature","geometry":{"type":"LineString","coordinates":[[10.6,46.05976],[10.59897,46.06003],[10.59829,46.0601],[10.59674,46.05986],[10.59331,46.05882],[10.59262,46.05849],[10.59142,46.05776],[10.59091,46.05733],[10.59056,46.05688],[10.59039,46.05638],[10.59022,46.05542],[10.58995,46.05495],[10.5886,46.0534],[10.58696,46.05193],[10.58637,46.05125],[10.5841,46.04947],[10.58303,46.04828],[10.58237,46.04732],[10.58227,46.04697],[10.58243,46.04661],[10.58267,46.04646],[10.58335,46.04641],[10.58404,46.04644],[10.58524,46.046],[10.58782,46.04558],[10.58867,46.04565],[10.59005,46.04595],[10.59042,46.04613],[10.59139,46.04685],[10.59176,46.04699],[10.59279,46.04692],[10.59382,46.04657],[10.59537,46.04571],[10.59574,46.04542],[10.59602,46.04506],[10.59619,46.04446],[10.59625,46.04351],[10.59639,46.04268],[10.59708,46.04053],[10.59751,46.0397],[10.59777,46.03941],[10.59824,46.0391],[10.6,46.03836]]},"properties":{"ele":2320,"major":0}},{"type":"Feature","geometry":{"type":"LineString","coordinates":[[10.6,46.07682],[10.59756,46.07555],[10.59713,46.0752],[10.59707,46.07496],[10.59733,46.07448],[10.59829,46.07401],[10.59915,46.07389],[10.6,46.07391]]},"properties":{"ele":2320,"major":0}},{"type":"Feature","geometry":{"type":"LineString","coordinates":[[10.47006,46.03135],[10.47074,46.03138],[10.47143,46.0315],[10.47343,46.03243],[10.47435,46.03272],[10.47503,46.0328],[10.47606,46.0327],[10.47744,46.03238],[10.48036,46.03151],[10.48121,46.0314],[10.4819,46.03145],[10.48327,46.03182],[10.48409,46.03219],[10.48448,46.03255],[10.48533,46.03374],[10.48568,46.03404],[10.48585,46.03411],[10.48619,46.03408],[10.48671,46.03386],[10.48722,46.03353],[10.48796,46.0329],[10.48858,46.03255],[10.48923,46.03231],[10.4902,46.03207],[10.49151,46.03191],[10.49443,46.03219],[10.49478,46.03212],[10.49485,46.03195],[10.49476,46.03171],[10.49351,46.03028],[10.49314,46.02957],[10.49313,46.02921],[10.4932,46.02885],[10.4934,46.02838],[10.49381,46.02766],[10.49389,46.02718],[10.49362,46.02599],[10.49359,46.02492],[10.49339,46.02349],[10.4931,46.02254],[10.49289,46.02148],[10.49242,46.02015],[10.49237,46.01967],[10.49264,46.01896],[10.49322,46.01824],[10.49379,46.01777],[10.49606,46.01622],[10.49641,46.01586],[10.49651,46.01562],[10.49644,46.01538],[10.49632,46.01524],[10.49581,46.01497],[10.49495,46.01478],[10.49357,46.0147],[10.49272,46.01449],[10.49134,46.01366],[10.49031,46.01313],[10.48911,46.01234],[10.48757,46.01184],[10.48705,46.01178],[10.48654,46.01184],[10.48293,46.01291],[10.48156,46.01321],[10.48087,46.01322],[10.47915,46.01299],[10.47727,46.01297],[10.47641,46.01282],[10.474,46.01219],[10.47347,46.01193],[10.47263,46.01125],[10.47212,46.01093],[10.47006,46.01018]]},"properties":{"ele":2340,"major":0}},{"type":"Feature","geometry":{"type":"LineString","coordinates":[[10.47006,46.05422],[10.47212,46.05457],[10.47383,46.05527],[10.47469,46.05538],[10.47612,46.05542],[10.47675,46.05557],[10.47719,46.0559],[10.47763,46.05662],[10.4786,46.05781],[10.47887,46.05828],[10.47937,46.05876],[10.48006,46.05959],[10.4805,46.05995],[10.48104,46.0602],[10.48156,46.06035],[10.48327,46.0606],[10.48482,46.06097],[10.48551,46.06122],[10.48594,46.0615],[10.48633,46.06198],[10.48654,46.06235],[10.4866,46.06293],[10.48655,46.064],[10.48676,46.06472],[10.48708,46.06531],[10.4878,46.06626],[10.48892,46.06745],[10.49048,46.06863],[10.49087,46.069],[10.49111,46.06936],[10.4912,46.06972],[10.49121,46.07031],[10.49083,46.07138],[10.49078,46.07186],[10.491,46.07234],[10.49134,46.07264],[10.49186,46.07289],[10.49237,46.07297],[10.49357,46.07289],[10.49495,46.07269],[10.49529,46.0727],[10.49572,46.07293],[10.49621,46.07365],[10.49649,46.07394],[10.49684,46.07416],[10.49752,46.07444],[10.5001,46.07531],[10.50199,46.07554],[10.50319,46.07553],[10.50409,46.07567],[10.5049,46.07597],[10.50542,46.07632],[10.50599,46.07698],[10.50613,46.07734],[10.50615,46.07758],[10.50605,46.07793],[10.5054,46.07889],[10.50535,46.07913],[10.50543,46.07936],[10.5059,46.07972],[10.50795,46.08067],[10.5084,46.08103],[10.50864,46.08139],[10.50868,46.08163],[10.50864,46.08186],[10.50802,46.0827],[10.50785,46.08317],[10.5079,46.08425],[10.50781,46.08555],[10.50783,46.08639],[10.50876,46.08853],[10.50972,46.08984],[10.51027,46.09115],[10.51171,46.09294],[10.51229,46.09349],[10.51297,46.09403],[10.51383,46.09446],[10.51572,46.09498],[10.51709,46.0955],[10.51781,46.09591],[10.51923,46.09698]]},"properties":{"ele":2340,"major":0}},{"type":"Feature","geometry":{"type":"LineString","coordinates":[[10.4974,46.03338],[10.49752,46.03344],[10.49771,46.03338],[10.49759,46.03326],[10.49735,46.03318],[10.49727,46.03326],[10.4974,46.03338]]},"properties":{"ele":2340,"major":0}},{"type":"Feature","geometry":{"type":"LineString","coordinates":[[10.49852,45.98498],[10.49923,45.98593],[10.49952,45.98617],[10.50078,45.98663],[10.50147,45.98672],[10.50199,45.98667],[10.50221,45.98653],[10.50226,45.98629],[10.50221,45.98569],[10.50237,45.98498]]},"properties":{"ele":2340,"major":0}},{"type":"Feature","geometry":{"type":"LineString","coordinates":[[10.50031,46.09698],[10.49907,46.09626],[10.49785,46.09508],[10.49735,46.09469],[10.49563,46.0937],[10.49426,46.09317],[10.49323,46.09303],[10.4898,46.09311],[10.48877,46.09292],[10.48654,46.09271],[10.48465,46.09233],[10.48207,46.09231],[10.47984,46.09186],[10.47727,46.09154],[10.47589,46.09129],[10.47503,46.09108],[10.47452,46.09088],[10.47219,46.08948],[10.47091,46.08892],[10.47006,46.08843]]},"properties":{"ele":2340,"major":0}},{"type":"Feature","geometry":{"type":"LineString","coordinates":[[10.55729,46.09698],[10.55685,46.09615],[10.55624,46.09544],[10.55602,46.09508],[10.55586,46.0946],[10.55576,46.09377],[10.55558,46.09317],[10.55503,46.092],[10.55451,46.09136],[10.55383,46.0909],[10.55263,46.09039],[10.5516,46.08984],[10.54988,46.08918],[10.54919,46.08882],[10.54839,46.08829],[10.54743,46.08746],[10.54524,46.08622],[10.54473,46.08605],[10.54421,46.08602],[10.54318,46.08624],[10.5425,46.08649],[10.54207,46.08675],[10.54166,46.0871],[10.54078,46.08818],[10.53941,46.08902],[10.53906,46.0891],[10.53855,46.08909],[10.53786,46.08882],[10.53745,46.08841],[10.53701,46.08746],[10.53696,46.08734],[10.53699,46.08663],[10.53718,46.08623],[10.53816,46.08532],[10.53883,46.08448],[10.53893,46.08425],[10.53895,46.08401],[10.53886,46.08377],[10.53867,46.08353],[10.53836,46.08329],[10.53786,46.08303],[10.53597,46.08253],[10.53526,46.08222],[10.53458,46.08174],[10.53405,46.08103],[10.53357,46.08061],[10.53179,46.07972],[10.53131,46.07924],[10.53079,46.07817],[10.53021,46.07746],[10.5297,46.07662],[10.52934,46.07627],[10.52898,46.07603],[10.52705,46.07492],[10.52424,46.074],[10.52224,46.07296],[10.52056,46.07222],[10.51794,46.07091],[10.5175,46.07043],[10.51687,46.069],[10.51652,46.06841],[10.51564,46.06734],[10.51503,46.06689],[10.51435,46.06663],[10.51366,46.06656],[10.5128,46.06668],[10.51091,46.06711],[10.50868,46.0672],[10.50748,46.06704],[10.50662,46.06682],[10.50593,46.06652],[10.50485,46.06579],[10.50439,46.0656],[10.5037,46.06545],[10.50302,46.0654],[10.50078,46.06551],[10.49872,46.0655],[10.49792,46.06543],[10.49615,46.0651],[10.4946,46.06527],[10.49392,46.06528],[10.49351,46.06519],[10.4931,46.06495],[10.49299,46.06472],[10.49305,46.06448],[10.49411,46.06305],[10.49443,46.06269],[10.49537,46.06198],[10.49552,46.06174],[10.49543,46.06138],[10.49469,46.06067],[10.49432,46.06007],[10.49415,46.05936],[10.49416,46.05864],[10.49424,46.0584],[10.49443,46.0582],[10.49471,46.05804],[10.49684,46.05752],[10.49752,46.05718],[10.49791,46.05685],[10.49831,46.05638],[10.49908,46.0553],[10.49939,46.05471],[10.49956,46.05399],[10.49948,46.05304],[10.49951,46.05256],[10.49963,46.05209],[10.49992,46.05137],[10.49994,46.05114],[10.49981,46.05054],[10.49966,46.05018],[10.49941,46.04985],[10.49907,46.04959],[10.49855,46.04941],[10.49769,46.04946],[10.49718,46.04963],[10.49615,46.0501],[10.49306,46.05108],[10.48997,46.05107],[10.48928,46.051],[10.48877,46.05085],[10.48841,46.05066],[10.48799,46.0503],[10.48745,46.04971],[10.48725,46.04935],[10.4872,46.04887],[10.48742,46.04792],[10.48733,46.04673],[10.48723,46.04649],[10.48682,46.04589],[10.48657,46.04506],[10.48636,46.04471],[10.48602,46.04432],[10.48568,46.04407],[10.48396,46.04321],[10.48345,46.04303],[10.4831,46.04307],[10.48293,46.04318],[10.48207,46.04437],[10.48156,46.04468],[10.48104,46.0449],[10.48036,46.04506],[10.47847,46.04525],[10.47778,46.04552],[10.47658,46.04622],[10.47555,46.04663],[10.474,46.04696],[10.4728,46.04742],[10.47229,46.04756],[10.47074,46.0477],[10.47006,46.04785]]},"properties":{"ele":2340,"major":0}},{"type":"Feature","geometry":{"type":"LineString","coordinates":[[10.6,45.9996],[10.59657,45.99928],[10.59537,45.99934],[10.594,45.99957],[10.59348,45.99956],[10.59245,45.99934],[10.59142,45.99878],[10.59085,45.99833],[10.58988,45.99738],[10.58833,45.99607],[10.58738,45.99511],[10.58672,45.99428],[10.58663,45.99404],[10.58669,45.99368],[10.58764,45.99237],[10.58776,45.99189],[10.58773,45.99154],[10.58747,45.99077],[10.58713,45.9904],[10.58679,45.9903],[10.58661,45.99035],[10.58644,45.99054],[10.58632,45.99118],[10.58619,45.99154],[10.58524,45.99257],[10.58503,45.99297],[10.58493,45.99332],[10.5848,45.99511],[10.5849,45.99539],[10.58541,45.99602],[10.58559,45.99642],[10.58587,45.99738],[10.58581,45.99798],[10.5855,45.99857],[10.58498,45.99929],[10.58438,45.99994],[10.58363,46.0006],[10.58353,46.00084],[10.5837,46.00104],[10.58421,46.00108],[10.58558,46.00096],[10.58764,46.0005],[10.59091,46.00059],[10.59382,46.00037],[10.59537,46.00056],[10.59588,46.00076],[10.59709,46.00092],[10.59915,46.00132],[10.6,46.00138]]},"properties":{"ele":2340,"major":0}},{"type":"Feature","geometry":{"type":"LineString","coordinates":[[10.6,46.03298],[10.59932,46.0331],[10.59812,46.03314],[10.59691,46.03336],[10.59553,46.03398],[10.59468,46.03465],[10.59382,46.03505],[10.59314,46.03515],[10.59228,46.03544],[10.59176,46.03554],[10.59125,46.03555],[10.59056,46.03544],[10.5885,46.0346],[10.58749,46.03398],[10.58537,46.03183],[10.58432,46.0304],[10.58301,46.0291],[10.58271,46.02861],[10.5819,46.02671],[10.58142,46.02528],[10.58138,46.02456],[10.58158,46.02289],[10.58172,46.02254],[10.58275,46.02087],[10.5834,46.01967],[10.58407,46.01908],[10.5853,46.01824],[10.5855,46.01801],[10.58558,46.01777],[10.58541,46.01753],[10.58455,46.01702],[10.5837,46.01636],[10.58322,46.01586],[10.58281,46.01526],[10.58264,46.01491],[10.58255,46.01443],[10.58266,46.01312],[10.58263,46.0124],[10.58219,46.01133],[10.58206,46.01038],[10.58181,46.00954],[10.58094,46.00787],[10.58066,46.00751],[10.58009,46.00719],[10.57923,46.007],[10.57752,46.00698],[10.57528,46.00732],[10.57271,46.00733],[10.57013,46.00799],[10.56991,46.00823],[10.56994,46.00859],[10.57036,46.00954],[10.57066,46.01073],[10.57119,46.01157],[10.57137,46.01205],[10.57136,46.01228],[10.57127,46.01252],[10.5709,46.013],[10.57048,46.01337],[10.56979,46.01378],[10.5679,46.01448],[10.56516,46.01507],[10.56327,46.01529],[10.56018,46.01506],[10.55932,46.01495],[10.55846,46.01473],[10.55745,46.01431],[10.55687,46.01383],[10.55626,46.01252],[10.55548,46.01157],[10.55383,46.01025],[10.55297,46.00975],[10.55263,46.00972],[10.55228,46.00982],[10.55125,46.01064],[10.55074,46.01083],[10.55017,46.01085],[10.54954,46.01078],[10.54902,46.01065],[10.5487,46.0105],[10.54833,46.01022],[10.54807,46.0099],[10.54782,46.00942],[10.54764,46.00883],[10.5476,46.00811],[10.54765,46.00768],[10.54817,46.0068],[10.54815,46.00668],[10.54799,46.00655],[10.54748,46.00648],[10.54679,46.00661],[10.54507,46.00725],[10.54353,46.00799],[10.54147,46.00856],[10.54117,46.00871],[10.54089,46.00895],[10.54078,46.00918],[10.54081,46.00942],[10.54095,46.00959],[10.54126,46.00978],[10.54181,46.00997],[10.54336,46.01028],[10.54453,46.01061],[10.54592,46.01157],[10.54815,46.01371],[10.54898,46.01479],[10.5494,46.01574],[10.54968,46.0161],[10.55005,46.01624],[10.55108,46.0164],[10.55228,46.01667],[10.5528,46.01688],[10.55324,46.01717],[10.55368,46.01765],[10.55383,46.01801],[10.55381,46.01824],[10.55346,46.01908],[10.55331,46.02122],[10.55345,46.02182],[10.55386,46.02254],[10.55417,46.02281],[10.55469,46.02303],[10.55537,46.02317],[10.55675,46.0233],[10.55932,46.02417],[10.55984,46.02459],[10.56054,46.02575],[10.56158,46.02683],[10.56182,46.02742],[10.56193,46.02861],[10.56178,46.02933],[10.56132,46.0304],[10.56122,46.03076],[10.56134,46.03195],[10.56131,46.03243],[10.56117,46.0329],[10.56073,46.03386],[10.56047,46.03576],[10.56029,46.03612],[10.56001,46.03633],[10.55726,46.03671],[10.55572,46.03678],[10.55486,46.03669],[10.55245,46.03607],[10.55107,46.03541],[10.54991,46.03445],[10.54891,46.03338],[10.54748,46.03234],[10.54662,46.03187],[10.54542,46.03149],[10.54233,46.03092],[10.53838,46.02962],[10.53771,46.02933],[10.53735,46.02909],[10.53666,46.02814],[10.53615,46.02768],[10.53546,46.02749],[10.53409,46.02736],[10.53288,46.02705],[10.53231,46.02683],[10.53192,46.02659],[10.53136,46.02575],[10.53067,46.02528],[10.53014,46.02505],[10.52962,46.02494],[10.52928,46.02495],[10.52908,46.02504],[10.52903,46.02516],[10.52916,46.02552],[10.52963,46.02599],[10.52997,46.02623],[10.53121,46.02683],[10.53141,46.02706],[10.53202,46.02981],[10.53197,46.03171],[10.53206,46.0335],[10.53202,46.03374],[10.53171,46.03433],[10.53173,46.03457],[10.53213,46.03505],[10.53265,46.03553],[10.53435,46.0366],[10.53488,46.03708],[10.53507,46.03743],[10.53516,46.03839],[10.53535,46.03934],[10.53533,46.04029],[10.53522,46.04065],[10.53448,46.04184],[10.53409,46.04234],[10.53368,46.04268],[10.53323,46.04294],[10.53085,46.04375],[10.53041,46.04411],[10.53032,46.04446],[10.53033,46.04565],[10.53053,46.04613],[10.53098,46.04661],[10.53271,46.04799],[10.53306,46.04817],[10.5334,46.04825],[10.53391,46.04821],[10.53597,46.04747],[10.53752,46.04715],[10.53821,46.04712],[10.53906,46.04718],[10.53975,46.04728],[10.54044,46.04749],[10.54097,46.0478],[10.54284,46.04927],[10.54346,46.04982],[10.54397,46.05042],[10.54431,46.05114],[10.54458,46.0528],[10.54481,46.05304],[10.54524,46.05305],[10.54631,46.0528],[10.54816,46.05209],[10.54902,46.0519],[10.5516,46.05195],[10.55537,46.0518],[10.55657,46.05185],[10.55795,46.05212],[10.55895,46.05245],[10.55936,46.05268],[10.56043,46.05352],[10.56236,46.05447],[10.56276,46.05483],[10.56293,46.0553],[10.5628,46.0559],[10.56245,46.05638],[10.5619,46.05678],[10.56103,46.05721],[10.56001,46.05756],[10.55915,46.05772],[10.5576,46.05788],[10.55726,46.05797],[10.55691,46.05816],[10.55572,46.0591],[10.55417,46.0599],[10.55348,46.06038],[10.55234,46.0615],[10.55182,46.06221],[10.55127,46.0634],[10.55092,46.06436],[10.55083,46.06483],[10.55091,46.06531],[10.55115,46.06567],[10.55211,46.06654],[10.55275,46.06745],[10.55308,46.06769],[10.55383,46.06797],[10.5552,46.06819],[10.5564,46.06849],[10.55743,46.06887],[10.55812,46.06928],[10.55863,46.06975],[10.55927,46.07067],[10.55957,46.07127],[10.55983,46.07234],[10.56001,46.07255],[10.56018,46.07265],[10.56052,46.07268],[10.56104,46.07256],[10.56241,46.07179],[10.56361,46.07121],[10.56464,46.07084],[10.56567,46.07057],[10.56636,46.07049],[10.56687,46.07053],[10.56746,46.07067],[10.568,46.07091],[10.56996,46.07206],[10.57151,46.07322],[10.57201,46.07377],[10.57296,46.07531],[10.57311,46.07591],[10.573,46.07662],[10.57271,46.07722],[10.5718,46.07841],[10.57166,46.07889],[10.57181,46.07913],[10.5722,46.07924],[10.57288,46.07926],[10.57443,46.07908],[10.57546,46.07889],[10.57631,46.07886],[10.577,46.07901],[10.57744,46.07924],[10.57771,46.07948],[10.57788,46.07972],[10.57818,46.08043],[10.57848,46.08091],[10.57981,46.08222],[10.57992,46.08246],[10.5799,46.0827],[10.57968,46.08294],[10.57923,46.08314],[10.57717,46.08345],[10.57614,46.08382],[10.57494,46.08449],[10.57346,46.08555],[10.57313,46.08591],[10.57302,46.08639],[10.57309,46.08675],[10.57328,46.0871],[10.57357,46.08745],[10.57391,46.08771],[10.5746,46.08795],[10.57649,46.08806],[10.57717,46.08823],[10.57769,46.0885],[10.5782,46.08892],[10.57855,46.08933],[10.57877,46.08972],[10.57901,46.09044],[10.5791,46.09103],[10.57904,46.09139],[10.57872,46.09202],[10.57837,46.09241],[10.578,46.0927],[10.57666,46.09332],[10.57597,46.09374],[10.57568,46.09401],[10.57551,46.09436],[10.57559,46.09472],[10.57592,46.09508],[10.57631,46.09535],[10.57734,46.09588],[10.57769,46.09615],[10.57796,46.09651],[10.57811,46.09698]]},"properties":{"ele":2340,"major":0}},{"type":"Feature","geometry":{"type":"LineString","coordinates":[[10.6,46.05999],[10.59863,46.06031],[10.59812,46.06038],[10.59743,46.06035],[10.59657,46.0602],[10.59297,46.05918],[10.591,46.05793],[10.59069,46.05769],[10.59039,46.05734],[10.59015,46.05685],[10.5899,46.0559],[10.58973,46.05554],[10.58889,46.05459],[10.58822,46.05352],[10.58674,46.05221],[10.58576,46.05116],[10.58382,46.04971],[10.58318,46.04888],[10.58256,46.0484],[10.58231,46.0478],[10.58215,46.04759],[10.58198,46.04746],[10.58156,46.04732],[10.58109,46.04661],[10.58112,46.04649],[10.58146,46.04638],[10.58198,46.04651],[10.58267,46.04629],[10.58421,46.04624],[10.5849,46.04598],[10.58593,46.04574],[10.58799,46.04541],[10.59022,46.04569],[10.59091,46.04595],[10.59176,46.04644],[10.59211,46.04652],[10.59262,46.04652],[10.59314,46.04643],[10.59417,46.04606],[10.5952,46.0455],[10.59554,46.04519],[10.5957,46.04494],[10.5958,46.04458],[10.59579,46.04363],[10.59593,46.04244],[10.59671,46.04029],[10.59711,46.03946],[10.59742,46.0391],[10.59777,46.03885],[10.6,46.03786]]},"properties":{"ele":2340,"major":0}},{"type":"Feature","geometry":{"type":"LineString","coordinates":[[10.6,46.07702],[10.59696,46.07543],[10.59661,46.07508],[10.5965,46.07436],[10.59654,46.07412],[10.59666,46.074],[10.59709,46.07385],[10.59863,46.07361],[10.6,46.07364]]},"properties":{"ele":2340,"major":0}},{"type":"Feature","geometry":{"type":"LineString","coordinates":[[10.47006,46.03094],[10.471,46.031],[10.47177,46.03117],[10.47332,46.03195],[10.474,46.03219],[10.47452,46.03226],[10.47589,46.0323],[10.47743,46.03207],[10.48018,46.03124],[10.48121,46.03111],[10.4819,46.03116],[10.48293,46.03142],[10.48413,46.03184],[10.48478,46.03231],[10.48551,46.03315],[10.48602,46.03337],[10.48661,46.03326],[10.48791,46.03243],[10.4886,46.03214],[10.48928,46.03195],[10.491,46.03165],[10.49169,46.03162],[10.49289,46.03172],[10.49323,46.0317],[10.49356,46.03159],[10.49363,46.03147],[10.49363,46.03136],[10.4928,46.02993],[10.49265,46.02945],[10.49269,46.02873],[10.49315,46.0273],[10.49304,46.02599],[10.49304,46.02504],[10.49247,46.02158],[10.49228,46.02087],[10.49196,46.02003],[10.49194,46.01967],[10.49205,46.01932],[10.49231,46.01884],[10.49299,46.01812],[10.49579,46.0161],[10.49602,46.01574],[10.49594,46.0155],[10.49546,46.01529],[10.49357,46.01517],[10.49237,46.01484],[10.48877,46.0128],[10.48739,46.01239],[10.48671,46.01233],[10.48602,46.01239],[10.48224,46.01346],[10.48121,46.01369],[10.47658,46.01352],[10.47589,46.01341],[10.47469,46.01295],[10.47287,46.0124],[10.47229,46.01206],[10.47177,46.01161],[10.47143,46.01145],[10.47006,46.01127]]},"properties":{"ele":2360,"major":0}},{"type":"Feature","geometry":{"type":"LineString","coordinates":[[10.47006,46.054],[10.47234,46.05435],[10.4728,46.0545],[10.47372,46.05495],[10.47435,46.05512],[10.47503,46.0552],[10.47641,46.05521],[10.47692,46.05533],[10.47727,46.05552],[10.47744,46.05569],[10.47791,46.05662],[10.47847,46.05729],[10.4791,46.05828],[10.47978,46.05888],[10.48036,46.05953],[10.4807,46.0598],[10.48156,46.06013],[10.48327,46.06039],[10.48482,46.06079],[10.48568,46.06109],[10.48619,46.06141],[10.48654,46.06181],[10.48675,46.06221],[10.48678,46.06317],[10.48672,46.06388],[10.48689,46.06448],[10.48727,46.06519],[10.48791,46.06605],[10.4891,46.06734],[10.4905,46.06841],[10.49101,46.06888],[10.49127,46.06924],[10.49141,46.06972],[10.49147,46.07043],[10.49139,46.07079],[10.49106,46.0715],[10.49102,46.07186],[10.49118,46.07222],[10.49151,46.07249],[10.49203,46.07271],[10.49254,46.07277],[10.49357,46.07272],[10.49495,46.07247],[10.49563,46.0725],[10.49599,46.07269],[10.49637,46.07341],[10.49666,46.07378],[10.49701,46.07402],[10.49783,46.07436],[10.49958,46.07498],[10.50027,46.07515],[10.5013,46.07522],[10.50216,46.07536],[10.50336,46.07535],[10.50422,46.07545],[10.50508,46.07575],[10.50559,46.07612],[10.50634,46.07686],[10.5066,46.07746],[10.5066,46.07782],[10.50621,46.07889],[10.50623,46.07924],[10.50686,46.07972],[10.50882,46.08079],[10.50917,46.08115],[10.50935,46.08151],[10.50937,46.08174],[10.5093,46.08198],[10.50864,46.08305],[10.50854,46.08353],[10.50867,46.08448],[10.50897,46.08544],[10.50894,46.08651],[10.50903,46.08722],[10.50938,46.08817],[10.51033,46.0896],[10.51051,46.09079],[10.51075,46.09127],[10.51177,46.09248],[10.51278,46.09341],[10.51332,46.09382],[10.51417,46.09424],[10.51589,46.09467],[10.51744,46.09526],[10.51829,46.09579],[10.51981,46.09698]]},"properties":{"ele":2360,"major":0}},{"type":"Feature","geometry":{"type":"LineString","coordinates":[[10.49892,45.98498],[10.49958,45.98595],[10.50044,45.98635],[10.50113,45.98648],[10.50145,45.98641],[10.50164,45.98624],[10.50208,45.98498]]},"properties":{"ele":2360,"major":0}},{"type":"Feature","geometry":{"type":"LineString","coordinates":[[10.49958,46.09698],[10.49872,46.09643],[10.49756,46.0952],[10.49696,46.09472],[10.49546,46.09385],[10.494,46.09329],[10.49323,46.09318],[10.4898,46.09328],[10.48877,46.09309],[10.48654,46.09287],[10.48465,46.09251],[10.48207,46.09249],[10.47847,46.09192],[10.47692,46.09179],[10.47589,46.09163],[10.47488,46.09139],[10.47435,46.09118],[10.47208,46.08972],[10.47074,46.08911],[10.47006,46.08871]]},"properties":{"ele":2360,"major":0}},{"type":"Feature","geometry":{"type":"LineString","coordinates":[[10.55692,46.09698],[10.55643,46.09603],[10.55582,46.09532],[10.55501,46.09413],[10.55495,46.09389],[10.55503,46.09317],[10.55493,46.0927],[10.55475,46.09234],[10.55434,46.09192],[10.55366,46.09144],[10.55245,46.09083],[10.55131,46.09008],[10.54971,46.0894],[10.54856,46.08877],[10.5476,46.08817],[10.54635,46.08722],[10.54507,46.08657],[10.54456,46.0864],[10.54421,46.08639],[10.54318,46.08657],[10.5425,46.08682],[10.54181,46.08733],[10.54095,46.0884],[10.5399,46.08913],[10.53941,46.08935],[10.53889,46.08944],[10.53855,46.08944],[10.53821,46.08936],[10.53769,46.0891],[10.53731,46.08877],[10.53683,46.08814],[10.53652,46.08734],[10.53686,46.08627],[10.53773,46.0852],[10.53801,46.0846],[10.53816,46.08401],[10.5381,46.08377],[10.53792,46.08353],[10.53735,46.08321],[10.53546,46.08271],[10.53449,46.08234],[10.53405,46.0821],[10.5338,46.08186],[10.53337,46.08115],[10.53306,46.08085],[10.5326,46.08055],[10.5316,46.08008],[10.531,46.07962],[10.53081,46.07936],[10.53039,46.07841],[10.5296,46.07746],[10.5291,46.07662],[10.52871,46.07627],[10.52756,46.07552],[10.52653,46.075],[10.52413,46.07424],[10.5219,46.07314],[10.51753,46.07127],[10.51726,46.07103],[10.51711,46.07079],[10.51663,46.06948],[10.51629,46.06876],[10.51523,46.06745],[10.51472,46.0671],[10.51417,46.06691],[10.51366,46.06687],[10.5128,46.06703],[10.51177,46.06738],[10.51091,46.06755],[10.51005,46.06761],[10.50868,46.06757],[10.50714,46.06733],[10.50628,46.06708],[10.50576,46.06684],[10.50449,46.06603],[10.50387,46.0658],[10.50336,46.0657],[10.49855,46.06577],[10.49615,46.06544],[10.4946,46.06566],[10.49392,46.06569],[10.49323,46.06555],[10.49272,46.06527],[10.49252,46.06507],[10.49239,46.06483],[10.49247,46.06448],[10.4946,46.06209],[10.49477,46.06186],[10.49484,46.06162],[10.49471,46.06126],[10.49412,46.06055],[10.49382,46.06007],[10.49306,46.0584],[10.49301,46.05816],[10.49305,46.05793],[10.49323,46.05769],[10.49357,46.05752],[10.49546,46.05744],[10.49666,46.05721],[10.49739,46.05685],[10.49799,46.05626],[10.49877,46.05495],[10.49909,46.05423],[10.49915,46.05388],[10.4991,46.05292],[10.49916,46.05233],[10.49928,46.05185],[10.49958,46.05114],[10.49955,46.05066],[10.49942,46.0503],[10.49924,46.05006],[10.4989,46.04982],[10.49838,46.04965],[10.49752,46.04971],[10.49632,46.05022],[10.49495,46.05063],[10.49306,46.05137],[10.48945,46.05131],[10.48894,46.05123],[10.48842,46.05107],[10.48796,46.05078],[10.48679,46.04971],[10.48654,46.04935],[10.48657,46.04899],[10.48712,46.04804],[10.48718,46.04756],[10.48709,46.04673],[10.48664,46.04601],[10.48627,46.04494],[10.48586,46.04446],[10.48551,46.04423],[10.4843,46.04375],[10.48362,46.04359],[10.48327,46.04372],[10.4828,46.04434],[10.48254,46.04458],[10.48121,46.04527],[10.48053,46.04542],[10.47915,46.04541],[10.47847,46.0455],[10.47795,46.04569],[10.47658,46.04649],[10.47555,46.04691],[10.47297,46.04768],[10.47074,46.04795],[10.47006,46.04812]]},"properties":{"ele":2360,"major":0}},{"type":"Feature","geometry":{"type":"LineString","coordinates":[[10.58528,46.00048],[10.5861,46.00052],[10.58696,46.00034],[10.58764,46.00027],[10.59005,46.00041],[10.59108,46.00038],[10.59194,46.00024],[10.59222,46.00012],[10.59236,46.0],[10.59239,45.99988],[10.59219,45.99964],[10.59091,45.99868],[10.5881,45.99631],[10.58661,45.99478],[10.58576,45.99412],[10.58558,45.99413],[10.58524,45.99453],[10.58509,45.99487],[10.58507,45.99511],[10.58567,45.99607],[10.58606,45.99714],[10.58612,45.99762],[10.58591,45.99833],[10.58502,45.99976],[10.58486,46.00012],[10.58493,46.00036],[10.58528,46.00048]]},"properties":{"ele":2360,"major":0}},{"type":"Feature","geometry":{"type":"LineString","coordinates":[[10.58557,45.99368],[10.58576,45.99376],[10.5861,45.99341],[10.58638,45.99297],[10.58644,45.99261],[10.58627,45.99253],[10.58593,45.99259],[10.58558,45.99288],[10.58543,45.99332],[10.58557,45.99368]]},"properties":{"ele":2360,"major":0}},{"type":"Feature","geometry":{"type":"LineString","coordinates":[[10.6,45.99983],[10.59743,45.99958],[10.59657,45.99955],[10.59537,45.99972],[10.595,45.99988],[10.59495,46.0],[10.59504,46.00012],[10.59633,46.0006],[10.59915,46.00108],[10.6,46.00109]]},"properties":{"ele":2360,"major":0}},{"type":"Feature","geometry":{"type":"LineString","coordinates":[[10.6,46.03323],[10.59709,46.0335],[10.59554,46.03414],[10.59468,46.03481],[10.59382,46.03522],[10.59176,46.0358],[10.59108,46.03584],[10.59035,46.03576],[10.5896,46.03553],[10.58833,46.03498],[10.58745,46.03445],[10.58644,46.03374],[10.58586,46.03314],[10.58406,46.03064],[10.58299,46.02981],[10.58251,46.02933],[10.58199,46.02849],[10.58172,46.0279],[10.58116,46.02599],[10.58101,46.02516],[10.58096,46.02408],[10.5808,46.02313],[10.5808,46.02277],[10.58102,46.0223],[10.58171,46.02158],[10.58196,46.02122],[10.58221,46.02075],[10.58249,46.01991],[10.58272,46.01956],[10.58319,46.0192],[10.58473,46.01827],[10.58492,46.01801],[10.585,46.01777],[10.58487,46.01753],[10.58387,46.01679],[10.58326,46.01622],[10.58278,46.01562],[10.58243,46.01503],[10.58226,46.01431],[10.5823,46.01324],[10.58225,46.0124],[10.58189,46.01133],[10.58182,46.01061],[10.58168,46.01002],[10.58129,46.00914],[10.5805,46.00787],[10.58026,46.00764],[10.57975,46.00739],[10.57889,46.00723],[10.57752,46.00726],[10.57546,46.00762],[10.57408,46.00755],[10.57271,46.0076],[10.5709,46.00811],[10.57073,46.00823],[10.57058,46.00847],[10.57062,46.00895],[10.57109,46.01026],[10.5717,46.01145],[10.57181,46.01193],[10.5718,46.01216],[10.57166,46.01252],[10.57118,46.01312],[10.57065,46.01356],[10.56996,46.014],[10.56928,46.01435],[10.56859,46.01462],[10.56739,46.01494],[10.56533,46.01538],[10.56327,46.01559],[10.56018,46.01544],[10.55915,46.0153],[10.55812,46.01502],[10.55705,46.01455],[10.55667,46.01431],[10.55635,46.01395],[10.55589,46.01277],[10.55501,46.01157],[10.554,46.01077],[10.55314,46.01033],[10.5528,46.01027],[10.55245,46.01034],[10.55149,46.01097],[10.55108,46.01109],[10.54988,46.01109],[10.54915,46.01097],[10.54868,46.01083],[10.54816,46.01045],[10.54776,46.0099],[10.54742,46.00906],[10.54708,46.00751],[10.54696,46.00728],[10.54679,46.00719],[10.54627,46.00722],[10.54542,46.00745],[10.5437,46.00821],[10.54196,46.00871],[10.54171,46.00883],[10.54147,46.00906],[10.54144,46.0093],[10.54151,46.00942],[10.54187,46.00966],[10.54421,46.01032],[10.54473,46.01053],[10.54542,46.01094],[10.5466,46.01181],[10.54769,46.01276],[10.54851,46.01331],[10.54905,46.01395],[10.54938,46.01455],[10.5498,46.01562],[10.55016,46.01598],[10.55057,46.01614],[10.55263,46.01661],[10.55331,46.01699],[10.55393,46.01753],[10.55418,46.01789],[10.55424,46.01812],[10.55417,46.01845],[10.55392,46.01896],[10.5538,46.01944],[10.55369,46.02051],[10.5537,46.0211],[10.5539,46.02182],[10.55417,46.02226],[10.55443,46.02254],[10.55486,46.02276],[10.5552,46.02284],[10.55675,46.02287],[10.5576,46.02299],[10.55984,46.02388],[10.56013,46.02408],[10.56033,46.02432],[10.56066,46.02516],[10.56087,46.02552],[10.56199,46.02671],[10.56225,46.0273],[10.56246,46.02873],[10.56245,46.02909],[10.56235,46.02945],[10.56176,46.03064],[10.56172,46.031],[10.56182,46.03183],[10.5618,46.03231],[10.56164,46.03279],[10.56119,46.0335],[10.56105,46.03386],[10.56097,46.03469],[10.56106,46.03636],[10.56097,46.0366],[10.56069,46.03683],[10.56035,46.0369],[10.55881,46.0369],[10.55692,46.03712],[10.55554,46.03718],[10.55486,46.03711],[10.5528,46.03669],[10.5516,46.03619],[10.55091,46.03584],[10.55043,46.03553],[10.54954,46.03477],[10.54881,46.03374],[10.54845,46.03338],[10.5473,46.03251],[10.54645,46.03204],[10.54542,46.0317],[10.54233,46.0311],[10.53992,46.03031],[10.53855,46.02992],[10.53759,46.02957],[10.53716,46.02933],[10.53668,46.02849],[10.53632,46.02808],[10.5358,46.02779],[10.53529,46.0277],[10.53409,46.02764],[10.53271,46.02739],[10.53237,46.02744],[10.53217,46.02766],[10.53215,46.02826],[10.53243,46.02969],[10.53235,46.03124],[10.53253,46.03231],[10.53271,46.03275],[10.53303,46.03314],[10.5334,46.03341],[10.53391,46.03366],[10.53403,46.03374],[10.53406,46.03386],[10.53326,46.03469],[10.53318,46.03493],[10.53321,46.03517],[10.53357,46.03565],[10.53516,46.03684],[10.53556,46.03731],[10.5356,46.03755],[10.53551,46.03839],[10.53572,46.03946],[10.53575,46.04029],[10.53569,46.04065],[10.53554,46.04101],[10.53473,46.04232],[10.53428,46.0428],[10.53342,46.04327],[10.53168,46.04381],[10.53116,46.04411],[10.53097,46.04446],[10.53083,46.0453],[10.53084,46.04577],[10.531,46.04613],[10.53168,46.04675],[10.53288,46.04752],[10.5334,46.04772],[10.53409,46.04767],[10.53597,46.04706],[10.53769,46.04675],[10.53838,46.04671],[10.53906,46.04676],[10.54044,46.0471],[10.54109,46.04744],[10.54301,46.04879],[10.54387,46.04955],[10.54446,46.05018],[10.5448,46.05066],[10.54509,46.05161],[10.54531,46.05209],[10.54552,46.05233],[10.54576,46.05242],[10.54645,46.05236],[10.54799,46.0518],[10.54902,46.0516],[10.55194,46.05171],[10.5552,46.05146],[10.5564,46.05155],[10.55795,46.05187],[10.55931,46.05233],[10.55996,46.05268],[10.56121,46.05354],[10.56261,46.05423],[10.56306,46.05459],[10.56323,46.05483],[10.56336,46.05519],[10.56331,46.05578],[10.56305,46.05626],[10.56241,46.05678],[10.56166,46.05721],[10.56052,46.05765],[10.55795,46.05809],[10.55743,46.05826],[10.55611,46.05924],[10.55434,46.06019],[10.55331,46.06102],[10.55263,46.06174],[10.55225,46.06233],[10.5514,46.06448],[10.55133,46.06483],[10.55135,46.06519],[10.55167,46.06567],[10.55332,46.06722],[10.554,46.06748],[10.55537,46.06771],[10.55657,46.06801],[10.55778,46.06849],[10.55863,46.069],[10.55921,46.0696],[10.56044,46.07174],[10.56069,46.07199],[10.56104,46.07201],[10.56138,46.0719],[10.56379,46.07067],[10.56584,46.07022],[10.56653,46.07018],[10.56722,46.07028],[10.5679,46.0705],[10.56859,46.07084],[10.57031,46.07179],[10.57168,46.07284],[10.57229,46.07353],[10.57276,46.07436],[10.57341,46.07531],[10.57357,46.07591],[10.57352,46.07651],[10.57323,46.0772],[10.57259,46.07817],[10.57252,46.07841],[10.57263,46.07865],[10.57288,46.07877],[10.57323,46.0788],[10.57443,46.07876],[10.5758,46.0786],[10.57666,46.07863],[10.57745,46.07889],[10.57807,46.07936],[10.57831,46.07972],[10.57864,46.08055],[10.57887,46.08091],[10.57923,46.08129],[10.58051,46.08234],[10.58066,46.0827],[10.58058,46.08294],[10.58026,46.08321],[10.57975,46.08344],[10.57752,46.08371],[10.57614,46.08415],[10.57528,46.0846],[10.57379,46.08567],[10.57347,46.08603],[10.57339,46.08639],[10.57346,46.08675],[10.57369,46.0871],[10.57408,46.08744],[10.57443,46.08761],[10.57511,46.08775],[10.57683,46.08779],[10.57734,46.0879],[10.57772,46.08806],[10.57846,46.08865],[10.57902,46.08948],[10.57931,46.09032],[10.57941,46.09103],[10.57932,46.09151],[10.57902,46.0921],[10.57872,46.0925],[10.57834,46.09282],[10.57786,46.09308],[10.577,46.09342],[10.57641,46.09377],[10.57601,46.09413],[10.5759,46.09436],[10.57597,46.09472],[10.5762,46.09496],[10.57752,46.09571],[10.57794,46.09603],[10.5783,46.09651],[10.57844,46.09698]]},"properties":{"ele":2360,"major":0}},{"type":"Feature","geometry":{"type":"LineString","coordinates":[[10.6,46.06018],[10.59829,46.06061],[10.59709,46.06066],[10.59623,46.06049],[10.59314,46.05969],[10.5926,46.05947],[10.59194,46.05907],[10.59052,46.05804],[10.59022,46.05775],[10.58987,46.05709],[10.58936,46.0558],[10.58834,46.05483],[10.58813,46.05447],[10.58793,46.05388],[10.58767,46.05352],[10.58644,46.0524],[10.58551,46.05137],[10.58382,46.0503],[10.58335,46.04983],[10.58284,46.04906],[10.58192,46.04851],[10.58176,46.04804],[10.58072,46.04673],[10.58052,46.04625],[10.58059,46.04601],[10.58078,46.04597],[10.58198,46.04621],[10.58404,46.04609],[10.5861,46.04549],[10.58799,46.04525],[10.59039,46.04546],[10.59113,46.04565],[10.59211,46.04605],[10.59245,46.0461],[10.59331,46.04602],[10.59434,46.04565],[10.59503,46.04526],[10.59535,46.04482],[10.5954,46.04446],[10.5953,46.04375],[10.5955,46.04232],[10.59589,46.04137],[10.59653,46.03946],[10.59674,46.03902],[10.597,46.03874],[10.59743,46.03847],[10.59915,46.03778],[10.6,46.0373]]},"properties":{"ele":2360,"major":0}},{"type":"Feature","geometry":{"type":"LineString","coordinates":[[10.6,46.07725],[10.59897,46.07663],[10.5976,46.07599],[10.59662,46.07543],[10.59635,46.0752],[10.5959,46.0746],[10.59572,46.07412],[10.5958,46.07389],[10.59595,46.07377],[10.59681,46.07353],[10.59829,46.07334],[10.6,46.07337]]},"properties":{"ele":2360,"major":0}},{"type":"Feature","geometry":{"type":"LineString","coordinates":[[10.47006,46.03051],[10.47126,46.03063],[10.47194,46.03077],[10.47366,46.03143],[10.474,46.03147],[10.47486,46.0314],[10.47606,46.03172],[10.47658,46.03178],[10.47744,46.03167],[10.48001,46.03097],[10.48104,46.03082],[10.4819,46.03086],[10.48293,46.0311],[10.4843,46.03157],[10.48482,46.03186],[10.48568,46.03251],[10.48602,46.03263],[10.48636,46.03259],[10.48807,46.03195],[10.48911,46.03166],[10.49229,46.03112],[10.49243,46.031],[10.4925,46.03076],[10.49222,46.02957],[10.49218,46.02909],[10.49245,46.02683],[10.49245,46.02504],[10.49216,46.02397],[10.4918,46.02099],[10.49148,46.01991],[10.4915,46.01956],[10.49172,46.01908],[10.49222,46.01848],[10.4929,46.01789],[10.49447,46.01669],[10.49493,46.01622],[10.49504,46.01598],[10.49495,46.01586],[10.49478,46.0158],[10.4934,46.01559],[10.49237,46.01533],[10.48994,46.01407],[10.4886,46.01325],[10.48808,46.01306],[10.48739,46.0129],[10.48654,46.01282],[10.48602,46.01285],[10.48104,46.01412],[10.4783,46.01419],[10.47709,46.01404],[10.47589,46.01404],[10.47521,46.01394],[10.47383,46.01338],[10.47229,46.01316],[10.47177,46.01292],[10.47109,46.01244],[10.47006,46.01205]]},"properties":{"ele":2380,"major":0}},{"type":"Feature","geometry":{"type":"LineString","coordinates":[[10.47006,46.05377],[10.47253,46.05411],[10.47315,46.05432],[10.47418,46.0548],[10.47469,46.05495],[10.47521,46.055],[10.47658,46.05499],[10.47727,46.05518],[10.47768,46.05554],[10.4782,46.05662],[10.47864,46.05718],[10.47925,46.05816],[10.48084,46.05959],[10.48156,46.0599],[10.48327,46.0602],[10.48516,46.06072],[10.48597,46.06102],[10.48651,46.06138],[10.48679,46.06174],[10.48698,46.06209],[10.48693,46.06388],[10.48707,46.06436],[10.48745,46.06507],[10.48808,46.06593],[10.48926,46.06722],[10.49088,46.06853],[10.49124,46.06888],[10.49148,46.06924],[10.49169,46.06996],[10.49176,46.07055],[10.49169,46.07092],[10.49137,46.07162],[10.49135,46.07186],[10.49146,46.0721],[10.49169,46.07229],[10.4922,46.07249],[10.49306,46.07256],[10.49375,46.0725],[10.49512,46.07224],[10.49581,46.07227],[10.49615,46.07239],[10.49637,46.07258],[10.49664,46.07329],[10.49703,46.07377],[10.49742,46.074],[10.49831,46.07436],[10.49958,46.07479],[10.50027,46.07496],[10.50147,46.07502],[10.50233,46.07517],[10.50439,46.07527],[10.50508,46.07548],[10.50559,46.0758],[10.50662,46.07674],[10.50697,46.07734],[10.50703,46.07782],[10.50679,46.07877],[10.50689,46.07913],[10.50782,46.07988],[10.50929,46.08067],[10.50968,46.08103],[10.50998,46.08151],[10.50999,46.08186],[10.50935,46.08317],[10.50927,46.08377],[10.50995,46.08555],[10.50998,46.08603],[10.50989,46.08686],[10.50993,46.08722],[10.51026,46.08817],[10.5109,46.08936],[10.51096,46.08972],[10.51088,46.09067],[10.51098,46.09103],[10.5112,46.09139],[10.51194,46.09217],[10.51366,46.09361],[10.51435,46.09394],[10.51641,46.09441],[10.51761,46.0949],[10.51853,46.09544],[10.51958,46.09639],[10.52054,46.09698]]},"properties":{"ele":2380,"major":0}},{"type":"Feature","geometry":{"type":"LineString","coordinates":[[10.49896,46.09698],[10.49821,46.09634],[10.4973,46.09532],[10.49678,46.09484],[10.49546,46.0941],[10.49375,46.09341],[10.49323,46.09336],[10.48963,46.09343],[10.48877,46.09327],[10.48654,46.09304],[10.48465,46.0927],[10.48224,46.09268],[10.47984,46.0924],[10.4783,46.09212],[10.47675,46.09204],[10.47572,46.09191],[10.47469,46.09166],[10.47418,46.09147],[10.47255,46.09044],[10.47177,46.08987],[10.47006,46.08901]]},"properties":{"ele":2380,"major":0}},{"type":"Feature","geometry":{"type":"LineString","coordinates":[[10.49927,45.98498],[10.49978,45.98581],[10.50027,45.9861],[10.50078,45.98624],[10.50113,45.98617],[10.5013,45.98602],[10.50167,45.98533],[10.50179,45.98498]]},"properties":{"ele":2380,"major":0}},{"type":"Feature","geometry":{"type":"LineString","coordinates":[[10.55645,46.09698],[10.55606,46.09601],[10.5552,46.09503],[10.55451,46.0945],[10.55436,46.09425],[10.55432,46.09365],[10.5545,46.09282],[10.55445,46.09258],[10.55427,46.09234],[10.55348,46.09179],[10.55217,46.09115],[10.55091,46.09028],[10.54739,46.08853],[10.546,46.08746],[10.54524,46.08708],[10.54456,46.08686],[10.54404,46.08681],[10.54336,46.08686],[10.54267,46.08707],[10.54208,46.08746],[10.54136,46.08841],[10.5411,46.08865],[10.53999,46.08936],[10.53941,46.0896],[10.53872,46.0897],[10.53821,46.08968],[10.53786,46.08957],[10.53752,46.08936],[10.53711,46.08901],[10.53648,46.08829],[10.53637,46.08806],[10.53625,46.08746],[10.53628,46.08722],[10.53665,46.08615],[10.53723,46.08532],[10.53739,46.08496],[10.53744,46.0846],[10.53738,46.08413],[10.53731,46.08389],[10.53714,46.08365],[10.53669,46.08341],[10.53409,46.08268],[10.53357,46.08243],[10.53325,46.0821],[10.53284,46.08139],[10.53263,46.08115],[10.53229,46.08091],[10.53114,46.08032],[10.53054,46.07984],[10.53038,46.0796],[10.53003,46.07877],[10.52979,46.0784],[10.529,46.07758],[10.52835,46.07662],[10.52717,46.07567],[10.52636,46.07527],[10.5243,46.07462],[10.52167,46.07341],[10.51706,46.0715],[10.51671,46.07115],[10.51649,46.07019],[10.51603,46.06912],[10.51499,46.06781],[10.51452,46.06742],[10.514,46.06726],[10.51349,46.06725],[10.51297,46.06737],[10.51229,46.06771],[10.51177,46.06785],[10.50988,46.06798],[10.50902,46.06796],[10.50731,46.0677],[10.50611,46.06736],[10.50552,46.0671],[10.50405,46.06625],[10.50319,46.06597],[10.49838,46.06605],[10.49615,46.06577],[10.49392,46.06603],[10.49314,46.06591],[10.49254,46.06559],[10.49201,46.06507],[10.4919,46.06483],[10.49192,46.0646],[10.49218,46.06424],[10.49319,46.06329],[10.49399,46.06233],[10.49424,46.06198],[10.49434,46.06162],[10.49411,46.06114],[10.49267,46.05947],[10.49243,46.05912],[10.4922,46.05852],[10.49219,46.05828],[10.49229,46.05793],[10.4926,46.05745],[10.49306,46.05716],[10.49375,46.05705],[10.49563,46.05708],[10.49632,46.05699],[10.49701,46.05673],[10.49759,46.05626],[10.49855,46.05456],[10.49872,46.05411],[10.49883,46.05233],[10.49896,46.05173],[10.49926,46.0509],[10.49916,46.05042],[10.4988,46.05006],[10.49821,46.04989],[10.49752,46.04994],[10.49632,46.05041],[10.49495,46.05079],[10.49379,46.05125],[10.49306,46.05166],[10.49203,46.05168],[10.48928,46.05157],[10.4886,46.05148],[10.48808,46.05133],[10.48771,46.05114],[10.48688,46.05042],[10.48616,46.04994],[10.48571,46.04947],[10.48562,46.04923],[10.48566,46.04899],[10.48654,46.04827],[10.48688,46.0478],[10.48694,46.04732],[10.48688,46.04685],[10.48646,46.04613],[10.48615,46.04518],[10.48585,46.04477],[10.48551,46.04449],[10.48516,46.04432],[10.4843,46.04411],[10.48379,46.04422],[10.48276,46.0449],[10.48156,46.04559],[10.48121,46.04573],[10.4807,46.04582],[10.47933,46.04567],[10.47847,46.04574],[10.47795,46.04594],[10.47692,46.04656],[10.47606,46.04699],[10.474,46.04772],[10.47301,46.04792],[10.47091,46.04816],[10.47006,46.04837]]},"properties":{"ele":2380,"major":0}},{"type":"Feature","geometry":{"type":"LineString","coordinates":[[10.58868,46.00012],[10.59005,46.00019],[10.59073,46.00015],[10.59125,45.99998],[10.59137,45.99988],[10.59141,45.99964],[10.59115,45.99929],[10.59039,45.99857],[10.58943,45.99786],[10.5885,45.997],[10.58714,45.99607],[10.58677,45.99547],[10.58644,45.99516],[10.58593,45.99489],[10.58558,45.99494],[10.58547,45.99511],[10.58549,45.99523],[10.5862,45.99654],[10.58639,45.9975],[10.58624,45.99821],[10.58569,45.99941],[10.58568,45.99976],[10.58593,45.99995],[10.58627,46.00002],[10.58868,46.00012]]},"properties":{"ele":2380,"major":0}},{"type":"Feature","geometry":{"type":"LineString","coordinates":[[10.6,46.00021],[10.59949,46.00009],[10.59863,46.0],[10.59743,45.99999],[10.59713,46.00012],[10.59729,46.00024],[10.59795,46.00048],[10.59897,46.00072],[10.59949,46.00076],[10.6,46.00065]]},"properties":{"ele":2380,"major":0}},{"type":"Feature","geometry":{"type":"LineString","coordinates":[[10.6,46.03343],[10.59709,46.03369],[10.59571,46.03421],[10.59468,46.03496],[10.59365,46.03545],[10.59176,46.03606],[10.59091,46.03613],[10.59005,46.03607],[10.58936,46.03586],[10.5885,46.03549],[10.58558,46.03374],[10.58524,46.03333],[10.58459,46.03207],[10.584,46.03112],[10.58352,46.03065],[10.58245,46.02993],[10.58197,46.02945],[10.58109,46.02814],[10.58084,46.02754],[10.58056,46.02456],[10.5802,46.02325],[10.58021,46.02265],[10.5805,46.02206],[10.58143,46.0211],[10.58158,46.02075],[10.58177,46.01991],[10.58198,46.01956],[10.58239,46.0192],[10.58419,46.01824],[10.58445,46.01801],[10.58449,46.01777],[10.58433,46.01753],[10.58301,46.01626],[10.58237,46.01538],[10.58213,46.01491],[10.58194,46.01419],[10.58184,46.01252],[10.58161,46.01145],[10.58152,46.0105],[10.58114,46.00942],[10.57993,46.00787],[10.5794,46.00762],[10.57872,46.00752],[10.57769,46.00753],[10.57563,46.00789],[10.57425,46.00774],[10.57288,46.00783],[10.5722,46.00796],[10.57146,46.00823],[10.57111,46.00859],[10.57105,46.00883],[10.57107,46.00918],[10.57128,46.00978],[10.57203,46.01109],[10.5722,46.01157],[10.57224,46.01193],[10.57217,46.01228],[10.572,46.01264],[10.57174,46.013],[10.57126,46.01348],[10.56996,46.01454],[10.56928,46.01484],[10.56653,46.01552],[10.56534,46.01574],[10.56293,46.01594],[10.56035,46.01586],[10.55898,46.01569],[10.55812,46.01544],[10.55657,46.01474],[10.55611,46.01443],[10.55589,46.01419],[10.55542,46.013],[10.55469,46.01173],[10.55412,46.01121],[10.55348,46.01088],[10.55314,46.0108],[10.5528,46.0108],[10.55177,46.01127],[10.55125,46.01136],[10.54988,46.01132],[10.54844,46.01109],[10.54799,46.01072],[10.54759,46.01014],[10.54718,46.00918],[10.54686,46.00823],[10.54659,46.00787],[10.54627,46.00769],[10.54576,46.00772],[10.54525,46.00787],[10.54287,46.00895],[10.54253,46.00918],[10.54253,46.0093],[10.54288,46.00954],[10.54421,46.01009],[10.54559,46.01083],[10.54645,46.01143],[10.54733,46.01193],[10.54799,46.01258],[10.54909,46.01324],[10.54946,46.01359],[10.54972,46.01395],[10.54986,46.01431],[10.55006,46.01526],[10.55017,46.0155],[10.55039,46.01575],[10.55083,46.01598],[10.5528,46.01651],[10.55348,46.01688],[10.55431,46.01753],[10.55454,46.01789],[10.55459,46.01824],[10.55412,46.01967],[10.55399,46.02075],[10.55406,46.02122],[10.55419,46.02158],[10.55439,46.02194],[10.55469,46.0223],[10.55503,46.02249],[10.55537,46.02257],[10.55726,46.02263],[10.55809,46.02277],[10.56035,46.02365],[10.56068,46.02385],[10.56087,46.02405],[10.56098,46.02432],[10.5611,46.02504],[10.56122,46.02528],[10.5623,46.02647],[10.56258,46.02692],[10.56277,46.0279],[10.56312,46.02909],[10.56301,46.02969],[10.5626,46.0304],[10.5624,46.03088],[10.56228,46.03243],[10.5621,46.03279],[10.56152,46.0335],[10.56135,46.03386],[10.56131,46.03469],[10.56164,46.03624],[10.56166,46.0366],[10.56155,46.03696],[10.56121,46.03724],[10.56052,46.03735],[10.55863,46.03727],[10.55657,46.03756],[10.55503,46.03759],[10.55366,46.0374],[10.55241,46.03708],[10.55091,46.03639],[10.54954,46.0356],[10.54914,46.03517],[10.54851,46.03398],[10.54822,46.03362],[10.54713,46.03269],[10.54627,46.0322],[10.54542,46.03192],[10.54387,46.03165],[10.54233,46.03128],[10.53992,46.03049],[10.53838,46.03013],[10.53718,46.02971],[10.53689,46.02945],[10.53649,46.02864],[10.53632,46.02842],[10.53597,46.02815],[10.53563,46.02802],[10.53512,46.02796],[10.53323,46.02796],[10.533,46.02802],[10.5328,46.02826],[10.53275,46.02849],[10.5328,46.02981],[10.53269,46.03112],[10.53277,46.03159],[10.53291,46.03195],[10.53323,46.03239],[10.53357,46.03268],[10.53409,46.03291],[10.53562,46.03338],[10.53581,46.0335],[10.53587,46.03362],[10.53575,46.03386],[10.53477,46.03434],[10.53426,46.03468],[10.53403,46.03493],[10.53396,46.03517],[10.53402,46.03541],[10.5343,46.03576],[10.53485,46.03624],[10.53585,46.03696],[10.5361,46.03731],[10.5361,46.03755],[10.53588,46.03815],[10.53583,46.03851],[10.53612,46.04005],[10.53614,46.04053],[10.53606,46.04089],[10.5359,46.04125],[10.53523,46.04244],[10.53484,46.04291],[10.53409,46.04339],[10.53237,46.044],[10.53178,46.04434],[10.53154,46.0447],[10.53138,46.04518],[10.53133,46.04565],[10.53143,46.04601],[10.53176,46.04637],[10.5322,46.04667],[10.53306,46.04712],[10.53357,46.04727],[10.53443,46.04722],[10.5358,46.04678],[10.53656,46.04661],[10.53855,46.04635],[10.53941,46.04638],[10.54044,46.04668],[10.54103,46.04697],[10.54264,46.04792],[10.54366,46.04863],[10.54519,46.05018],[10.54551,46.05066],[10.54585,46.05137],[10.54609,46.05161],[10.54627,46.05169],[10.54679,46.0517],[10.54816,46.05141],[10.54902,46.05131],[10.55245,46.05146],[10.55331,46.0514],[10.55503,46.05115],[10.55606,46.05121],[10.55778,46.05157],[10.55967,46.05221],[10.56039,46.05256],[10.56193,46.05352],[10.56293,46.05403],[10.56335,46.05435],[10.56373,46.05495],[10.56383,46.05554],[10.56378,46.05578],[10.56359,46.05614],[10.56312,46.05662],[10.5619,46.05735],[10.56087,46.05776],[10.5603,46.05793],[10.55833,46.05828],[10.55778,46.05848],[10.5565,46.05936],[10.55473,46.06031],[10.55373,46.06114],[10.55318,46.06174],[10.5528,46.06233],[10.55232,46.06364],[10.55188,46.0646],[10.5518,46.06495],[10.55183,46.06519],[10.55195,46.06543],[10.55239,46.06591],[10.55314,46.06658],[10.55366,46.06689],[10.55417,46.06706],[10.5552,46.06722],[10.55709,46.06763],[10.5579,46.06793],[10.55863,46.06834],[10.55915,46.06868],[10.55963,46.06912],[10.56017,46.07019],[10.56052,46.07067],[10.56087,46.07095],[10.56121,46.07109],[10.56172,46.07107],[10.56298,46.07055],[10.56378,46.07031],[10.56584,46.06995],[10.56687,46.06989],[10.56739,46.06997],[10.56808,46.0702],[10.57062,46.0715],[10.5718,46.07234],[10.5722,46.07273],[10.57261,46.07329],[10.57316,46.07424],[10.57389,46.07531],[10.57403,46.07579],[10.57404,46.07639],[10.5735,46.07782],[10.57348,46.07805],[10.57354,46.07817],[10.57374,46.07831],[10.57425,46.07841],[10.5758,46.07831],[10.57649,46.07833],[10.57717,46.07846],[10.57769,46.07867],[10.57819,46.07901],[10.57862,46.07948],[10.5788,46.07984],[10.57903,46.08055],[10.57926,46.08091],[10.57964,46.08127],[10.58066,46.08198],[10.58107,46.08234],[10.58126,46.0827],[10.58124,46.08294],[10.5811,46.08317],[10.58078,46.08345],[10.57991,46.08377],[10.57786,46.08398],[10.57649,46.08434],[10.57563,46.08478],[10.57417,46.08579],[10.57391,46.08607],[10.57379,46.08639],[10.57387,46.08675],[10.57404,46.08698],[10.57435,46.08722],[10.57477,46.0874],[10.57528,46.08748],[10.57717,46.0875],[10.57769,46.08759],[10.5782,46.08778],[10.57872,46.08822],[10.57923,46.08907],[10.57956,46.08996],[10.57972,46.09091],[10.57968,46.09139],[10.5794,46.0921],[10.57909,46.09258],[10.57873,46.09294],[10.5782,46.09324],[10.57696,46.09377],[10.57653,46.09413],[10.57637,46.09448],[10.57646,46.09472],[10.57658,46.09484],[10.57786,46.09562],[10.57833,46.09603],[10.57864,46.09651],[10.57877,46.09698]]},"properties":{"ele":2380,"major":0}},{"type":"Feature","geometry":{"type":"LineString","coordinates":[[10.6,46.06034],[10.59932,46.0605],[10.59812,46.06091],[10.5976,46.061],[10.59709,46.06098],[10.59623,46.06083],[10.59297,46.06002],[10.59228,46.05976],[10.59176,46.05947],[10.58996,46.05804],[10.58972,46.05769],[10.58892,46.05602],[10.58789,46.05507],[10.58757,46.05459],[10.58741,46.05411],[10.58721,46.05376],[10.58558,46.05195],[10.58491,46.05137],[10.58416,46.05102],[10.58335,46.05052],[10.58301,46.05017],[10.58245,46.04923],[10.58157,46.04863],[10.58108,46.04756],[10.58017,46.04649],[10.57982,46.04589],[10.57984,46.04577],[10.58003,46.04565],[10.58061,46.04555],[10.58146,46.04587],[10.58198,46.04595],[10.58404,46.0459],[10.58526,46.04554],[10.58565,46.04518],[10.58593,46.04511],[10.58661,46.04526],[10.58799,46.04509],[10.59022,46.04521],[10.59108,46.04533],[10.59211,46.04564],[10.59262,46.04573],[10.59331,46.04568],[10.59417,46.0454],[10.59468,46.0451],[10.59489,46.04482],[10.59493,46.04458],[10.59477,46.04399],[10.59476,46.04363],[10.5951,46.0422],[10.59553,46.04089],[10.59583,46.0391],[10.59606,46.03862],[10.5964,46.03823],[10.59691,46.03787],[10.59846,46.0374],[10.59949,46.0369],[10.6,46.03677]]},"properties":{"ele":2380,"major":0}},{"type":"Feature","geometry":{"type":"LineString","coordinates":[[10.6,46.07753],[10.59897,46.07679],[10.59743,46.07607],[10.59629,46.07543],[10.59539,46.07472],[10.59515,46.07424],[10.5951,46.074],[10.59521,46.07377],[10.59537,46.07363],[10.59588,46.07342],[10.5964,46.0733],[10.59794,46.07311],[10.6,46.07312]]},"properties":{"ele":2380,"major":0}},{"type":"Feature","geometry":{"type":"LineString","coordinates":[[10.47006,46.03006],[10.47177,46.03026],[10.47349,46.03067],[10.47572,46.03069],[10.47675,46.03106],[10.47727,46.03114],[10.47812,46.03105],[10.48104,46.03053],[10.48207,46.03054],[10.48362,46.03094],[10.48465,46.03138],[10.48568,46.03191],[10.48619,46.03201],[10.48722,46.03185],[10.48928,46.03124],[10.49083,46.03096],[10.49134,46.03076],[10.49163,46.03052],[10.49176,46.03016],[10.49168,46.02897],[10.4919,46.02552],[10.49184,46.02504],[10.49141,46.02397],[10.49131,46.02301],[10.49094,46.02206],[10.49095,46.0217],[10.49115,46.02087],[10.49104,46.01991],[10.49106,46.01956],[10.49121,46.0192],[10.49148,46.01884],[10.4922,46.01814],[10.49355,46.01705],[10.49389,46.01669],[10.494,46.01646],[10.49392,46.01628],[10.49357,46.01612],[10.49186,46.01563],[10.49083,46.01505],[10.4898,46.01459],[10.48825,46.01362],[10.48757,46.0134],[10.48671,46.01332],[10.48602,46.01335],[10.48345,46.01389],[10.48139,46.01442],[10.47984,46.01462],[10.47898,46.01464],[10.47709,46.01454],[10.47555,46.01457],[10.47418,46.01439],[10.47229,46.01388],[10.4716,46.0136],[10.47057,46.013],[10.47006,46.01286]]},"properties":{"ele":2400,"major":1}},{"type":"Feature","geometry":{"type":"LineString","coordinates":[[10.47006,46.05355],[10.4728,46.0539],[10.47332,46.05406],[10.47435,46.05454],[10.47486,46.05471],[10.47538,46.05478],[10.47675,46.05477],[10.47743,46.05495],[10.47775,46.05519],[10.47792,46.05542],[10.47842,46.0565],[10.47952,46.05816],[10.48104,46.05941],[10.48173,46.05971],[10.48327,46.05999],[10.48559,46.06067],[10.48619,46.06092],[10.48671,46.06126],[10.48701,46.06162],[10.48719,46.06198],[10.48716,46.06388],[10.48732,46.06436],[10.4877,46.06507],[10.48825,46.06582],[10.48941,46.0671],[10.49113,46.06853],[10.49147,46.06888],[10.4917,46.06924],[10.49208,46.07043],[10.49207,46.07091],[10.49185,46.07174],[10.49194,46.07198],[10.49208,46.0721],[10.49254,46.07227],[10.49323,46.07232],[10.49512,46.07203],[10.49598,46.07208],[10.49638,46.07222],[10.4967,46.07246],[10.49683,46.07269],[10.49699,46.07329],[10.49727,46.07365],[10.49763,46.07389],[10.49845,46.07424],[10.49958,46.0746],[10.50044,46.07479],[10.50147,46.07483],[10.50267,46.07502],[10.50456,46.0751],[10.50525,46.07533],[10.50563,46.07555],[10.50682,46.07662],[10.50735,46.07734],[10.50743,46.0777],[10.50722,46.07841],[10.50724,46.07865],[10.50765,46.07908],[10.50787,46.07948],[10.50817,46.07971],[10.50969,46.08055],[10.51024,46.08103],[10.51055,46.08151],[10.51058,46.08186],[10.51016,46.08294],[10.51004,46.08365],[10.51016,46.08413],[10.51073,46.08532],[10.51084,46.08567],[10.51077,46.0871],[10.51103,46.08806],[10.51149,46.08925],[10.5115,46.0896],[10.51123,46.09067],[10.51132,46.09103],[10.51154,46.09139],[10.51204,46.09186],[10.514,46.09341],[10.51469,46.0937],[10.51658,46.09402],[10.51732,46.09425],[10.51897,46.0952],[10.51974,46.09603],[10.52019,46.09639],[10.5207,46.09665],[10.52171,46.09698]]},"properties":{"ele":2400,"major":1}},{"type":"Feature","geometry":{"type":"LineString","coordinates":[[10.48413,46.05282],[10.48383,46.05256],[10.48367,46.05233],[10.48361,46.05209],[10.48367,46.05185],[10.48386,46.05161],[10.48413,46.05144],[10.48499,46.0511],[10.48516,46.05111],[10.48526,46.05125],[10.48534,46.05185],[10.48532,46.05209],[10.48521,46.05233],[10.48499,46.05263],[10.48474,46.0528],[10.48448,46.05288],[10.48413,46.05282]]},"properties":{"ele":2400,"major":1}},{"type":"Feature","geometry":{"type":"LineString","coordinates":[[10.49851,46.09698],[10.49686,46.0952],[10.49649,46.09489],[10.49563,46.09441],[10.49375,46.09361],[10.49323,46.09354],[10.48963,46.09359],[10.48465,46.09292],[10.48224,46.09284],[10.47967,46.09262],[10.47812,46.09232],[10.47572,46.09219],[10.47469,46.09197],[10.474,46.09173],[10.47246,46.09081],[10.4716,46.09012],[10.47006,46.08935]]},"properties":{"ele":2400,"major":1}},{"type":"Feature","geometry":{"type":"LineString","coordinates":[[10.49961,45.98498],[10.50001,45.98569],[10.50027,45.98587],[10.50061,45.98599],[10.50078,45.98598],[10.50104,45.98581],[10.50141,45.98521],[10.5015,45.98498]]},"properties":{"ele":2400,"major":1}},{"type":"Feature","geometry":{"type":"LineString","coordinates":[[10.55591,46.09698],[10.55577,46.09639],[10.55559,46.09603],[10.55486,46.09519],[10.55425,46.09472],[10.55394,46.09425],[10.55388,46.09389],[10.55399,46.0927],[10.55377,46.09234],[10.55326,46.09198],[10.55191,46.09139],[10.55057,46.09053],[10.54906,46.08972],[10.54713,46.08888],[10.54659,46.08853],[10.54557,46.0877],[10.54507,46.08742],[10.54456,46.08725],[10.54404,46.08718],[10.54353,46.08718],[10.54301,46.08729],[10.54261,46.08746],[10.54233,46.08767],[10.54177,46.08841],[10.54139,46.08877],[10.54078,46.08918],[10.53998,46.0896],[10.53924,46.08982],[10.53838,46.08991],[10.53786,46.08989],[10.53747,46.08972],[10.5368,46.08913],[10.53617,46.08841],[10.53604,46.08817],[10.53603,46.08722],[10.53642,46.08603],[10.5369,46.0852],[10.53698,46.08496],[10.53692,46.08448],[10.53666,46.084],[10.53636,46.08377],[10.53597,46.08361],[10.53391,46.0831],[10.53351,46.08294],[10.53314,46.0827],[10.5328,46.08234],[10.53231,46.08163],[10.53203,46.08133],[10.53048,46.08045],[10.53014,46.08016],[10.52983,46.07972],[10.52954,46.07901],[10.52932,46.07865],[10.52817,46.07746],[10.5274,46.07639],[10.5267,46.07584],[10.52602,46.07552],[10.52413,46.07499],[10.52327,46.07455],[10.52217,46.07412],[10.51864,46.0725],[10.51713,46.07198],[10.51658,46.0717],[10.51636,46.0715],[10.51624,46.07127],[10.51614,46.07031],[10.51587,46.0696],[10.51469,46.06807],[10.51435,46.06779],[10.514,46.06767],[10.51349,46.06766],[10.51229,46.06818],[10.51177,46.06831],[10.51005,46.06838],[10.50937,46.06835],[10.50765,46.06812],[10.50611,46.06772],[10.50437,46.06698],[10.50331,46.06638],[10.50284,46.06625],[10.50181,46.06621],[10.49787,46.06638],[10.49598,46.06613],[10.4946,46.0663],[10.49375,46.06633],[10.49289,46.06619],[10.49237,46.0659],[10.49158,46.06507],[10.49147,46.06483],[10.49148,46.0646],[10.49171,46.06424],[10.49271,46.0634],[10.49354,46.06245],[10.49384,46.06198],[10.49388,46.06162],[10.49371,46.06126],[10.4934,46.06092],[10.49215,46.05995],[10.49162,46.05936],[10.49147,46.05888],[10.4915,46.05852],[10.4916,46.05816],[10.49211,46.05733],[10.49237,46.05709],[10.49272,46.05692],[10.49375,46.05674],[10.49615,46.05672],[10.49675,46.0565],[10.49723,46.05614],[10.49762,46.05554],[10.49832,46.05423],[10.49835,46.0534],[10.49888,46.0509],[10.49882,46.05054],[10.49855,46.05026],[10.49821,46.05015],[10.49769,46.05017],[10.49615,46.05064],[10.49529,46.05083],[10.49421,46.05125],[10.49323,46.05187],[10.49289,46.05197],[10.49186,46.05202],[10.48894,46.05183],[10.48808,46.05172],[10.48726,46.05149],[10.4868,46.05125],[10.48585,46.05059],[10.48542,46.05006],[10.48511,46.04947],[10.48503,46.04911],[10.48516,46.04883],[10.48533,46.04862],[10.48619,46.04808],[10.48649,46.0478],[10.48667,46.04744],[10.48669,46.04708],[10.48657,46.04673],[10.48621,46.04613],[10.48596,46.04542],[10.48574,46.04506],[10.48533,46.0447],[10.48499,46.04455],[10.48465,46.04449],[10.48413,46.04459],[10.48262,46.04542],[10.48173,46.0461],[10.48139,46.04624],[10.4807,46.04623],[10.47933,46.04593],[10.47847,46.04598],[10.47778,46.04626],[10.47606,46.04725],[10.47433,46.04792],[10.47366,46.04807],[10.47091,46.04838],[10.47006,46.04864]]},"properties":{"ele":2400,"major":1}},{"type":"Feature","geometry":{"type":"LineString","coordinates":[[10.57666,46.04483],[10.57614,46.04452],[10.57602,46.04434],[10.57614,46.04424],[10.57631,46.04424],[10.57657,46.04434],[10.57694,46.0447],[10.57695,46.04482],[10.57683,46.04486],[10.57666,46.04483]]},"properties":{"ele":2400,"major":1}},{"type":"Feature","geometry":{"type":"LineString","coordinates":[[10.58848,45.99988],[10.58953,45.99994],[10.59022,45.99989],[10.59057,45.99976],[10.59071,45.99953],[10.59055,45.99917],[10.59022,45.99878],[10.58816,45.99719],[10.58713,45.99678],[10.58694,45.99678],[10.58679,45.99696],[10.58672,45.99762],[10.58632,45.99893],[10.58629,45.99917],[10.58637,45.99941],[10.58661,45.9996],[10.58696,45.99971],[10.58848,45.99988]]},"properties":{"ele":2400,"major":1}},{"type":"Feature","geometry":{"type":"LineString","coordinates":[[10.6,46.03361],[10.59897,46.03375],[10.59743,46.03382],[10.59674,46.03398],[10.59571,46.03436],[10.59468,46.0351],[10.59365,46.03564],[10.59176,46.03631],[10.59108,46.03643],[10.59039,46.03648],[10.5897,46.03635],[10.5885,46.03586],[10.58661,46.03473],[10.58541,46.0342],[10.58473,46.03362],[10.58447,46.03314],[10.58417,46.03219],[10.58368,46.03136],[10.5832,46.03088],[10.5821,46.03016],[10.58164,46.02977],[10.58028,46.0279],[10.58016,46.02742],[10.58026,46.02623],[10.58021,46.02504],[10.58009,46.02445],[10.57982,46.02373],[10.57974,46.02313],[10.57977,46.02265],[10.57988,46.0223],[10.58009,46.02191],[10.58089,46.02087],[10.58128,46.01956],[10.58153,46.01932],[10.58193,46.01908],[10.58359,46.01824],[10.58387,46.01801],[10.58394,46.01777],[10.58375,46.01741],[10.58284,46.01642],[10.58219,46.0155],[10.58147,46.01395],[10.58135,46.01324],[10.58136,46.01205],[10.58127,46.01073],[10.58118,46.01026],[10.58088,46.00954],[10.58045,46.00895],[10.57958,46.00811],[10.57906,46.00789],[10.57837,46.0078],[10.57769,46.00782],[10.57563,46.00813],[10.57425,46.00796],[10.57288,46.00807],[10.5722,46.00821],[10.57172,46.00847],[10.57152,46.00871],[10.57143,46.00895],[10.57146,46.00942],[10.57161,46.00978],[10.5722,46.01061],[10.57252,46.01121],[10.57267,46.01169],[10.57266,46.01216],[10.57233,46.01288],[10.57155,46.01383],[10.57101,46.01479],[10.5707,46.01503],[10.56996,46.01521],[10.56842,46.01542],[10.56653,46.01596],[10.56207,46.01641],[10.56052,46.01638],[10.55915,46.01624],[10.55812,46.01585],[10.55594,46.01479],[10.55562,46.01455],[10.55537,46.01425],[10.55506,46.01336],[10.55435,46.01193],[10.554,46.01157],[10.55348,46.01129],[10.55297,46.01126],[10.55199,46.01157],[10.55142,46.01162],[10.54816,46.0115],[10.54799,46.01145],[10.5473,46.01014],[10.54662,46.00861],[10.54627,46.00825],[10.54576,46.00818],[10.54507,46.00837],[10.54435,46.00871],[10.54394,46.00906],[10.54388,46.00918],[10.54392,46.00942],[10.54458,46.01002],[10.54559,46.01058],[10.54662,46.01128],[10.54782,46.01162],[10.54822,46.01228],[10.54936,46.01297],[10.54997,46.01348],[10.55022,46.01377],[10.55038,46.01407],[10.55046,46.01514],[10.55055,46.01538],[10.55078,46.01562],[10.55125,46.01586],[10.5528,46.01635],[10.55366,46.0168],[10.55454,46.01741],[10.55485,46.01789],[10.55491,46.01824],[10.55485,46.0186],[10.55434,46.02003],[10.55427,46.02075],[10.55447,46.02146],[10.55491,46.02206],[10.5552,46.02224],[10.55554,46.02233],[10.55743,46.02242],[10.55829,46.02257],[10.56069,46.02339],[10.56112,46.02361],[10.56149,46.02397],[10.5616,46.0242],[10.56167,46.02492],[10.56176,46.02516],[10.56275,46.02637],[10.563,46.02683],[10.56326,46.0279],[10.56368,46.02897],[10.56375,46.02945],[10.56357,46.03016],[10.56297,46.03124],[10.56274,46.03255],[10.5625,46.0329],[10.56181,46.03362],[10.56165,46.03398],[10.56163,46.03457],[10.56211,46.03624],[10.56221,46.03684],[10.56211,46.03731],[10.56191,46.03755],[10.56172,46.03766],[10.56104,46.03776],[10.55881,46.03761],[10.55692,46.03795],[10.55503,46.03803],[10.554,46.03791],[10.55194,46.03735],[10.55142,46.03715],[10.54971,46.0363],[10.54925,46.036],[10.54884,46.03553],[10.54816,46.03422],[10.54772,46.03362],[10.547,46.0329],[10.54621,46.03243],[10.54542,46.03214],[10.5437,46.03184],[10.54233,46.03147],[10.53992,46.03066],[10.53838,46.03039],[10.53718,46.03002],[10.53683,46.02979],[10.53605,46.02861],[10.53563,46.02833],[10.53494,46.02826],[10.53391,46.02837],[10.53348,46.02861],[10.53328,46.02897],[10.53301,46.031],[10.53311,46.03147],[10.53332,46.03183],[10.53374,46.03224],[10.53429,46.03255],[10.53665,46.03314],[10.53697,46.03338],[10.53705,46.03362],[10.537,46.03375],[10.53674,46.03398],[10.53546,46.03449],[10.53494,46.03476],[10.53466,46.03505],[10.53459,46.03529],[10.53465,46.03553],[10.53491,46.03588],[10.53529,46.03621],[10.53625,46.03684],[10.53647,46.03708],[10.53658,46.03731],[10.53658,46.03755],[10.53619,46.03827],[10.53612,46.03862],[10.53616,46.03898],[10.53653,46.04029],[10.53653,46.04065],[10.53642,46.04113],[10.53574,46.04256],[10.53526,46.04315],[10.5346,46.04356],[10.53263,46.04446],[10.53216,46.04482],[10.53195,46.04518],[10.53187,46.04565],[10.532,46.04601],[10.53224,46.04625],[10.53271,46.04655],[10.53323,46.04678],[10.53409,46.04694],[10.5346,46.04688],[10.53597,46.04646],[10.53735,46.0462],[10.53906,46.04598],[10.53992,46.04606],[10.54095,46.04648],[10.54301,46.04764],[10.54454,46.04863],[10.54569,46.04971],[10.54645,46.05066],[10.54696,46.05099],[10.54748,46.05106],[10.54936,46.05102],[10.55263,46.05117],[10.55348,46.05111],[10.55486,46.05086],[10.55554,46.05087],[10.55623,46.05096],[10.55798,46.05137],[10.56057,46.05233],[10.56129,46.05268],[10.56224,46.05329],[10.56327,46.05384],[10.56363,46.05411],[10.56395,46.05447],[10.56426,46.05519],[10.56426,46.05566],[10.56392,46.05626],[10.56342,46.05673],[10.56207,46.0575],[10.56104,46.05793],[10.56035,46.05813],[10.55894,46.0584],[10.55824,46.05864],[10.5567,46.05959],[10.55537,46.06028],[10.55456,46.0609],[10.5539,46.06162],[10.55344,46.06233],[10.55282,46.06388],[10.55236,46.06472],[10.5523,46.06507],[10.55235,46.06531],[10.5526,46.06567],[10.55307,46.06614],[10.55348,46.06644],[10.55383,46.0666],[10.55451,46.06678],[10.55709,46.06714],[10.55812,46.06747],[10.55898,46.06789],[10.55949,46.06823],[10.56009,46.06876],[10.56038,46.06912],[10.56087,46.07005],[10.56104,46.0702],[10.56138,46.07035],[10.56207,46.07037],[10.56361,46.07005],[10.56602,46.06967],[10.56687,46.06958],[10.56733,46.0696],[10.56786,46.06972],[10.56842,46.06994],[10.56979,46.07073],[10.57143,46.0715],[10.57214,46.07198],[10.57249,46.07234],[10.57438,46.0752],[10.57458,46.07603],[10.57454,46.07651],[10.57431,46.07734],[10.57433,46.07758],[10.57443,46.07776],[10.57477,46.07792],[10.57614,46.07798],[10.57683,46.07808],[10.57769,46.07835],[10.57825,46.07865],[10.5787,46.07901],[10.57906,46.07945],[10.57924,46.07984],[10.5794,46.08045],[10.5797,46.08091],[10.58112,46.08195],[10.58155,46.08234],[10.58174,46.0827],[10.58173,46.08305],[10.58151,46.08341],[10.58112,46.08372],[10.58026,46.084],[10.57803,46.08426],[10.5767,46.0846],[10.57601,46.08496],[10.57477,46.08579],[10.57443,46.08611],[10.57428,46.08639],[10.5743,46.08663],[10.57443,46.08681],[10.57494,46.0871],[10.57546,46.08719],[10.57717,46.08718],[10.57803,46.08728],[10.57855,46.08744],[10.57889,46.08763],[10.57909,46.08782],[10.5793,46.08817],[10.57981,46.08948],[10.58001,46.09044],[10.58003,46.09127],[10.57983,46.0921],[10.57959,46.09258],[10.57918,46.09306],[10.57872,46.09335],[10.57734,46.09396],[10.57705,46.09425],[10.57699,46.09448],[10.57725,46.09484],[10.5782,46.0955],[10.57866,46.09591],[10.57896,46.09639],[10.57912,46.09698]]},"properties":{"ele":2400,"major":1}},{"type":"Feature","geometry":{"type":"LineString","coordinates":[[10.6,46.06051],[10.59938,46.06067],[10.59794,46.06132],[10.59743,46.06137],[10.5964,46.0612],[10.59279,46.06034],[10.59211,46.06008],[10.59145,46.05971],[10.58961,46.05828],[10.58885,46.05683],[10.58819,46.05602],[10.58717,46.05495],[10.58654,46.05388],[10.5853,46.05221],[10.5846,46.05161],[10.58342,46.05102],[10.58291,46.05066],[10.5825,46.05018],[10.58209,46.04947],[10.58123,46.04863],[10.58092,46.0478],[10.58026,46.04699],[10.5794,46.04634],[10.57923,46.04627],[10.57872,46.04622],[10.57837,46.04606],[10.57803,46.04577],[10.57787,46.04542],[10.57789,46.0453],[10.57813,46.04518],[10.5794,46.0452],[10.58078,46.04533],[10.58146,46.0456],[10.58198,46.04571],[10.58267,46.04578],[10.58335,46.04576],[10.58404,46.04567],[10.58447,46.04554],[10.58469,46.04542],[10.58504,46.04506],[10.58576,46.04486],[10.5861,46.0449],[10.58679,46.0451],[10.58799,46.04494],[10.59073,46.04502],[10.59142,46.0451],[10.59279,46.04539],[10.59331,46.04536],[10.59382,46.04519],[10.59421,46.04494],[10.59434,46.0447],[10.59433,46.04446],[10.59416,46.04399],[10.59414,46.04363],[10.59451,46.04273],[10.59484,46.04148],[10.59488,46.04005],[10.59466,46.03886],[10.59484,46.03815],[10.59508,46.03767],[10.59546,46.03731],[10.59588,46.03712],[10.59726,46.03691],[10.59915,46.03637],[10.6,46.03634]]},"properties":{"ele":2400,"major":1}},{"type":"Feature","geometry":{"type":"LineString","coordinates":[[10.6,46.07786],[10.59897,46.07697],[10.59628,46.07567],[10.5952,46.07497],[10.59478,46.07448],[10.59459,46.074],[10.59474,46.07365],[10.59503,46.07344],[10.59623,46.07305],[10.59777,46.07288],[10.6,46.07287]]},"properties":{"ele":2400,"major":1}},{"type":"Feature","geometry":{"type":"LineString","coordinates":[[10.47006,46.02957],[10.474,46.03015],[10.47469,46.03017],[10.47641,46.03006],[10.47761,46.03048],[10.47812,46.03055],[10.47898,46.03052],[10.48139,46.03019],[10.48242,46.03021],[10.48362,46.03048],[10.48551,46.03142],[10.48585,46.03155],[10.48636,46.03163],[10.48739,46.03149],[10.48894,46.03093],[10.49066,46.03047],[10.491,46.03017],[10.4911,46.02993],[10.49107,46.02838],[10.49134,46.02647],[10.49137,46.02552],[10.49124,46.02504],[10.49068,46.02397],[10.49056,46.02325],[10.49018,46.0223],[10.49014,46.02194],[10.49065,46.02075],[10.4907,46.02039],[10.49067,46.01967],[10.49081,46.0192],[10.4912,46.01872],[10.4929,46.01717],[10.49307,46.01681],[10.49297,46.01658],[10.49281,46.01646],[10.49134,46.01594],[10.48963,46.01508],[10.48825,46.01421],[10.48771,46.01395],[10.48722,46.01383],[10.48636,46.01378],[10.48551,46.01387],[10.48139,46.01477],[10.47984,46.01502],[10.47898,46.0151],[10.47744,46.01505],[10.47555,46.01518],[10.47366,46.01504],[10.47246,46.01477],[10.47126,46.01437],[10.4704,46.01383],[10.47006,46.01371]]},"properties":{"ele":2420,"major":0}},{"type":"Feature","geometry":{"type":"LineString","coordinates":[[10.47006,46.05333],[10.47109,46.0535],[10.47297,46.05369],[10.4736,46.05388],[10.47469,46.05436],[10.47521,46.0545],[10.47692,46.05456],[10.47761,46.05474],[10.47791,46.05495],[10.47808,46.05519],[10.47863,46.05638],[10.4794,46.05769],[10.47981,46.05816],[10.48104,46.05905],[10.48153,46.05936],[10.4819,46.0595],[10.48345,46.05983],[10.48585,46.06056],[10.48636,46.06079],[10.48692,46.06114],[10.48724,46.0615],[10.48742,46.06186],[10.48747,46.06269],[10.48739,46.06329],[10.48741,46.06376],[10.48784,46.06483],[10.4882,46.06543],[10.48899,46.06638],[10.4898,46.0672],[10.49134,46.06848],[10.4918,46.069],[10.49238,46.07043],[10.49245,46.07091],[10.49244,46.07162],[10.49259,46.07186],[10.49285,46.07198],[10.49323,46.07204],[10.49529,46.07182],[10.49615,46.07191],[10.49666,46.07211],[10.49709,46.07246],[10.4972,46.07269],[10.49729,46.07317],[10.49752,46.07353],[10.49804,46.07388],[10.4986,46.07412],[10.49975,46.07446],[10.50061,46.07462],[10.50164,46.07467],[10.50284,46.07486],[10.50456,46.07493],[10.50525,46.07511],[10.50576,46.0754],[10.507,46.07651],[10.50768,46.07734],[10.50775,46.0777],[10.50758,46.07829],[10.5076,46.07853],[10.50813,46.07936],[10.50937,46.08003],[10.51017,46.08055],[10.51073,46.08103],[10.51106,46.08151],[10.51108,46.08186],[10.51091,46.08246],[10.51083,46.08341],[10.511,46.08413],[10.51159,46.0852],[10.51169,46.08555],[10.51161,46.08734],[10.51172,46.08794],[10.51202,46.08877],[10.51207,46.08925],[10.512,46.0896],[10.51161,46.09044],[10.51157,46.09067],[10.5119,46.09139],[10.51229,46.09172],[10.5134,46.09246],[10.51413,46.09306],[10.51452,46.09327],[10.51538,46.09347],[10.51709,46.09364],[10.51778,46.09389],[10.5196,46.09508],[10.52018,46.09582],[10.52056,46.09615],[10.52103,46.09639],[10.52221,46.09675],[10.52271,46.09698]]},"properties":{"ele":2420,"major":0}},{"type":"Feature","geometry":{"type":"LineString","coordinates":[[10.49815,46.09698],[10.49632,46.09502],[10.49563,46.09464],[10.49478,46.09433],[10.49357,46.09378],[10.49306,46.09374],[10.48963,46.09374],[10.4843,46.09313],[10.4795,46.0928],[10.47795,46.09249],[10.47606,46.0925],[10.47555,46.09244],[10.47435,46.09215],[10.47361,46.09186],[10.47229,46.09109],[10.47133,46.09032],[10.47006,46.08976]]},"properties":{"ele":2420,"major":0}},{"type":"Feature","geometry":{"type":"LineString","coordinates":[[10.50001,45.98498],[10.5001,45.98524],[10.50027,45.98549],[10.50044,45.9856],[10.50061,45.98563],[10.50078,45.98555],[10.50096,45.98536],[10.50116,45.98498]]},"properties":{"ele":2420,"major":0}},{"type":"Feature","geometry":{"type":"LineString","coordinates":[[10.54652,46.01097],[10.54696,46.01105],[10.54714,46.01097],[10.5472,46.01073],[10.54679,46.00963],[10.54645,46.00907],[10.5461,46.00882],[10.54576,46.00877],[10.54524,46.00889],[10.54493,46.00906],[10.54483,46.00918],[10.54478,46.00942],[10.54494,46.0099],[10.54652,46.01097]]},"properties":{"ele":2420,"major":0}},{"type":"Feature","geometry":{"type":"LineString","coordinates":[[10.55548,46.09698],[10.55533,46.09651],[10.55511,46.09615],[10.55446,46.09532],[10.55386,46.09484],[10.5535,46.09425],[10.55345,46.09389],[10.55352,46.09341],[10.55354,46.0927],[10.55332,46.09234],[10.55292,46.0921],[10.5516,46.09157],[10.54868,46.08994],[10.54659,46.08901],[10.54524,46.08798],[10.54473,46.0877],[10.54387,46.08752],[10.54336,46.08756],[10.54301,46.08767],[10.54267,46.08788],[10.54213,46.08853],[10.54153,46.08901],[10.54093,46.08936],[10.53975,46.08988],[10.53803,46.09013],[10.53752,46.09008],[10.53718,46.08994],[10.53594,46.08865],[10.53573,46.08817],[10.53579,46.08722],[10.53615,46.08591],[10.53653,46.08496],[10.53644,46.0846],[10.53619,46.08425],[10.53563,46.08393],[10.53374,46.08348],[10.53302,46.08317],[10.53241,46.0827],[10.53172,46.08186],[10.53134,46.08151],[10.53002,46.08079],[10.5297,46.08055],[10.52931,46.08008],[10.52888,46.07913],[10.52859,46.07865],[10.52773,46.0778],[10.52702,46.07662],[10.52653,46.07622],[10.52585,46.07588],[10.52413,46.07542],[10.52173,46.07448],[10.52018,46.07377],[10.51829,46.07275],[10.51658,46.07218],[10.51606,46.07191],[10.51591,46.07174],[10.51582,46.0715],[10.51583,46.07055],[10.51559,46.06984],[10.51503,46.06912],[10.51417,46.06827],[10.51383,46.06816],[10.51349,46.06818],[10.51211,46.06872],[10.5116,46.06884],[10.50971,46.06879],[10.50731,46.06843],[10.5055,46.06793],[10.50405,46.06743],[10.50336,46.06712],[10.50267,46.06666],[10.50216,46.06652],[10.49993,46.06653],[10.49752,46.06682],[10.49598,46.06649],[10.49409,46.06662],[10.49323,46.06657],[10.49272,46.06649],[10.4922,46.06626],[10.49119,46.06507],[10.49107,46.06483],[10.49107,46.0646],[10.49139,46.06412],[10.49234,46.0634],[10.49278,46.06293],[10.4933,46.06221],[10.4934,46.06198],[10.49342,46.06174],[10.49326,46.06138],[10.49291,46.06102],[10.49159,46.06031],[10.49115,46.05995],[10.49093,46.05959],[10.49082,46.05924],[10.4908,46.05888],[10.4909,46.0584],[10.49167,46.05721],[10.49192,46.05697],[10.49236,46.05673],[10.49289,46.05655],[10.49357,46.05647],[10.49598,46.05643],[10.49649,46.05626],[10.49684,46.05599],[10.49794,46.05423],[10.49798,46.05352],[10.49837,46.05233],[10.49844,46.05185],[10.49841,46.0509],[10.49838,46.05078],[10.49821,46.0506],[10.49787,46.05052],[10.49752,46.05054],[10.49546,46.05094],[10.49426,46.05143],[10.49306,46.05221],[10.4922,46.05236],[10.49169,46.05238],[10.48791,46.05203],[10.48705,46.05205],[10.48671,46.05214],[10.48636,46.05231],[10.48533,46.05324],[10.48499,46.05343],[10.48448,46.05354],[10.48379,46.05342],[10.48336,46.05316],[10.483,46.05268],[10.48287,46.05221],[10.48296,46.05185],[10.4831,46.05161],[10.48345,46.05126],[10.48442,46.05066],[10.48466,46.05042],[10.48478,46.05006],[10.48461,46.04923],[10.48469,46.04887],[10.48506,46.0484],[10.48585,46.04794],[10.48616,46.04768],[10.48634,46.04744],[10.4864,46.0472],[10.48634,46.04685],[10.48568,46.04558],[10.48533,46.0452],[10.48516,46.04508],[10.48482,46.04499],[10.4843,46.0451],[10.48307,46.04565],[10.48268,46.04601],[10.48224,46.04674],[10.4819,46.04694],[10.48104,46.04681],[10.4795,46.04624],[10.47864,46.0462],[10.47778,46.04648],[10.47606,46.04752],[10.47469,46.0481],[10.474,46.04826],[10.47229,46.04841],[10.47091,46.04862],[10.47006,46.04895]]},"properties":{"ele":2420,"major":0}},{"type":"Feature","geometry":{"type":"LineString","coordinates":[[10.58801,45.99953],[10.58885,45.99964],[10.58953,45.99961],[10.58988,45.9995],[10.59001,45.99929],[10.58992,45.99905],[10.58973,45.99881],[10.58867,45.99802],[10.58799,45.99764],[10.58764,45.99759],[10.58747,45.99763],[10.5873,45.99774],[10.58713,45.99798],[10.5869,45.99857],[10.58687,45.99893],[10.58696,45.99913],[10.58714,45.99929],[10.58747,45.99942],[10.58801,45.99953]]},"properties":{"ele":2420,"major":0}},{"type":"Feature","geometry":{"type":"LineString","coordinates":[[10.6,46.0338],[10.59897,46.03398],[10.59743,46.03404],[10.59606,46.03437],[10.59562,46.03457],[10.59468,46.03527],[10.59382,46.03579],[10.59142,46.03667],[10.59039,46.03686],[10.5897,46.03674],[10.5885,46.03622],[10.58644,46.03506],[10.58519,46.03457],[10.58473,46.03426],[10.5843,46.03386],[10.58399,46.03338],[10.58366,46.03231],[10.58324,46.03159],[10.5828,46.03112],[10.58155,46.03028],[10.58116,46.02993],[10.57996,46.02826],[10.57967,46.02766],[10.57962,46.02718],[10.57977,46.02599],[10.57979,46.02528],[10.57968,46.02468],[10.57942,46.02397],[10.57937,46.02349],[10.57941,46.02265],[10.57958,46.02207],[10.58034,46.02075],[10.58059,46.01967],[10.58071,46.01944],[10.58112,46.01913],[10.58287,46.01836],[10.58334,46.01801],[10.58345,46.01777],[10.58333,46.01741],[10.58239,46.01622],[10.58186,46.01538],[10.58146,46.01462],[10.58107,46.01407],[10.581,46.01359],[10.58099,46.01085],[10.58087,46.01026],[10.58063,46.00966],[10.5802,46.00906],[10.5794,46.00841],[10.57889,46.00818],[10.5782,46.00808],[10.577,46.00814],[10.57563,46.00833],[10.57425,46.00821],[10.57305,46.00827],[10.57237,46.00842],[10.57197,46.00871],[10.57178,46.00906],[10.57181,46.00954],[10.57285,46.01109],[10.57307,46.01157],[10.57316,46.01205],[10.57302,46.01264],[10.57242,46.01383],[10.57232,46.01431],[10.5723,46.01538],[10.57218,46.01562],[10.57185,46.01578],[10.56962,46.01569],[10.56893,46.01572],[10.56842,46.01583],[10.56705,46.01629],[10.5655,46.01647],[10.56378,46.01687],[10.5631,46.01696],[10.55932,46.01684],[10.55881,46.01666],[10.55726,46.01576],[10.55598,46.01514],[10.55527,46.01467],[10.55491,46.01419],[10.55474,46.01359],[10.55431,46.01252],[10.554,46.01215],[10.55366,46.01187],[10.55314,46.01173],[10.55177,46.01189],[10.54988,46.01185],[10.54922,46.01193],[10.54908,46.01205],[10.54919,46.01228],[10.55031,46.01324],[10.55083,46.01383],[10.55097,46.01431],[10.55091,46.01503],[10.55108,46.01539],[10.55162,46.01574],[10.55297,46.01628],[10.5542,46.01693],[10.55474,46.01729],[10.55502,46.01765],[10.55519,46.01801],[10.55521,46.01836],[10.55465,46.01991],[10.55453,46.02063],[10.55465,46.02122],[10.55507,46.02182],[10.55537,46.02202],[10.55572,46.02212],[10.55812,46.02232],[10.5609,46.02313],[10.56146,46.02337],[10.562,46.02373],[10.56234,46.02408],[10.56263,46.02456],[10.56334,46.02623],[10.56367,46.02766],[10.56419,46.02897],[10.56434,46.02969],[10.56419,46.03028],[10.56346,46.03147],[10.56328,46.03243],[10.56318,46.03267],[10.56223,46.03362],[10.56196,46.0341],[10.56199,46.03457],[10.56232,46.03541],[10.56282,46.03731],[10.56279,46.03779],[10.56258,46.03804],[10.56224,46.03816],[10.56172,46.03819],[10.56018,46.03802],[10.55915,46.03799],[10.55709,46.03836],[10.55503,46.03847],[10.554,46.03832],[10.5516,46.03765],[10.55108,46.03746],[10.54954,46.03669],[10.54902,46.03636],[10.5486,46.03588],[10.54784,46.03445],[10.54749,46.03398],[10.54666,46.03302],[10.54593,46.03257],[10.54524,46.03234],[10.54301,46.03189],[10.53992,46.03083],[10.53941,46.03073],[10.53838,46.03066],[10.53718,46.03033],[10.53674,46.03004],[10.53615,46.02919],[10.53559,46.02873],[10.53529,46.02859],[10.5346,46.02858],[10.53409,46.02873],[10.53378,46.02897],[10.53359,46.02933],[10.53336,46.031],[10.53345,46.03136],[10.53374,46.03178],[10.5341,46.03207],[10.5346,46.03232],[10.53666,46.03276],[10.53718,46.03293],[10.53765,46.03326],[10.53775,46.03362],[10.53764,46.03386],[10.53736,46.0341],[10.53566,46.03481],[10.53533,46.03505],[10.5352,46.03529],[10.53521,46.03553],[10.53534,46.03576],[10.53663,46.03672],[10.53693,46.03708],[10.53704,46.03731],[10.53701,46.03767],[10.53655,46.03827],[10.5364,46.03874],[10.53646,46.0391],[10.53692,46.04041],[10.53691,46.04089],[10.53678,46.04137],[10.53621,46.04268],[10.53578,46.04327],[10.53529,46.04364],[10.53386,46.04434],[10.53288,46.04497],[10.53265,46.04518],[10.53253,46.04542],[10.53251,46.04565],[10.53259,46.04589],[10.5328,46.04613],[10.53347,46.04649],[10.53426,46.04662],[10.53494,46.04649],[10.53632,46.04607],[10.53872,46.04571],[10.53975,46.04565],[10.54044,46.04577],[10.54103,46.04601],[10.54404,46.04783],[10.54562,46.04863],[10.54627,46.04914],[10.54703,46.05018],[10.54748,46.05049],[10.54833,46.05066],[10.5516,46.05067],[10.55297,46.05082],[10.55366,46.05077],[10.55469,46.05058],[10.5552,46.05056],[10.55589,46.05064],[10.55709,46.0509],[10.55829,46.05124],[10.56154,46.05245],[10.56361,46.05366],[10.56405,46.05399],[10.56435,46.05435],[10.56469,46.05507],[10.56473,46.05554],[10.56439,46.05614],[10.56371,46.05685],[10.56155,46.05798],[10.56069,46.05829],[10.55915,46.05867],[10.55846,46.05894],[10.55726,46.05966],[10.5558,46.06043],[10.5552,46.0609],[10.55469,46.06146],[10.55417,46.06222],[10.55357,46.06376],[10.55286,46.06483],[10.55281,46.06507],[10.55284,46.06531],[10.55304,46.06567],[10.55331,46.06596],[10.554,46.06635],[10.55469,46.06651],[10.55726,46.06673],[10.55795,46.06694],[10.55898,46.06737],[10.56001,46.06799],[10.56091,46.06888],[10.56138,46.06954],[10.5619,46.06986],[10.56224,46.0699],[10.5631,46.06982],[10.5667,46.0693],[10.56773,46.06933],[10.56859,46.0696],[10.56996,46.07045],[10.57161,46.07115],[10.57227,46.0715],[10.57263,46.07174],[10.57288,46.07201],[10.5734,46.07281],[10.57408,46.07368],[10.57492,46.07508],[10.57512,46.07579],[10.57509,46.07686],[10.5752,46.07722],[10.57556,46.07746],[10.577,46.07783],[10.57786,46.07813],[10.5788,46.07865],[10.57917,46.07901],[10.57944,46.07936],[10.57987,46.08043],[10.5801,46.08079],[10.58146,46.08183],[10.58198,46.08232],[10.58217,46.0827],[10.58216,46.08305],[10.58188,46.08353],[10.58146,46.0839],[10.58112,46.08407],[10.58061,46.08421],[10.5782,46.08452],[10.577,46.08483],[10.57649,46.0851],[10.57534,46.08591],[10.57508,46.08615],[10.57495,46.08639],[10.57505,46.08663],[10.57546,46.0868],[10.57752,46.08688],[10.5788,46.0871],[10.5794,46.08741],[10.57967,46.0877],[10.5798,46.08794],[10.58022,46.08948],[10.58038,46.09044],[10.58038,46.09163],[10.58026,46.09227],[10.57999,46.09282],[10.57958,46.09328],[10.57906,46.09362],[10.578,46.09413],[10.57786,46.09425],[10.57777,46.09448],[10.57799,46.09484],[10.57872,46.09545],[10.57914,46.09591],[10.57943,46.09651],[10.5795,46.09698]]},"properties":{"ele":2420,"major":0}},{"type":"Feature","geometry":{"type":"LineString","coordinates":[[10.6,46.06068],[10.59897,46.06107],[10.59812,46.06166],[10.59777,46.06174],[10.59743,46.06173],[10.59279,46.06072],[10.59211,46.06048],[10.59125,46.06001],[10.58923,46.05852],[10.58851,46.05721],[10.58765,46.05614],[10.58653,46.05495],[10.58557,46.05376],[10.58476,46.05233],[10.58425,46.05185],[10.58301,46.05116],[10.58243,46.05066],[10.58092,46.04875],[10.58057,46.04792],[10.58009,46.04731],[10.57958,46.04696],[10.57837,46.0465],[10.57752,46.04601],[10.577,46.0456],[10.57551,46.04482],[10.57524,46.04458],[10.57502,46.04411],[10.5751,46.04387],[10.57528,46.04375],[10.57563,46.04369],[10.57597,46.04372],[10.57683,46.04392],[10.57906,46.04476],[10.57992,46.04498],[10.58095,46.04515],[10.58181,46.04541],[10.58267,46.04553],[10.58318,46.04552],[10.5837,46.04543],[10.58469,46.04494],[10.58576,46.04472],[10.5861,46.04474],[10.58661,46.04491],[10.58696,46.04495],[10.58799,46.0448],[10.58919,46.04481],[10.58988,46.04474],[10.59142,46.0448],[10.59279,46.04503],[10.5933,46.04494],[10.59349,46.04482],[10.59366,46.04458],[10.59359,46.04387],[10.59362,46.04351],[10.59411,46.04244],[10.59427,46.04172],[10.59416,46.03982],[10.59363,46.03862],[10.59366,46.03839],[10.5938,46.03815],[10.59456,46.03719],[10.59501,46.03684],[10.59537,46.03667],[10.59777,46.03631],[10.59915,46.03591],[10.59949,46.03589],[10.6,46.03597]]},"properties":{"ele":2420,"major":0}},{"type":"Feature","geometry":{"type":"LineString","coordinates":[[10.6,46.07823],[10.5988,46.07708],[10.59794,46.07663],[10.59601,46.07579],[10.59493,46.07508],[10.59439,46.07448],[10.5942,46.07412],[10.59416,46.07389],[10.59431,46.07353],[10.59463,46.07329],[10.59606,46.07281],[10.59743,46.07267],[10.6,46.07262]]},"properties":{"ele":2420,"major":0}},{"type":"Feature","geometry":{"type":"LineString","coordinates":[[10.47006,46.02912],[10.47383,46.02962],[10.47469,46.02964],[10.47606,46.02951],[10.47658,46.02953],[10.47727,46.02967],[10.4783,46.03003],[10.47881,46.03012],[10.48001,46.03008],[10.48173,46.02983],[10.48293,46.02986],[10.48396,46.03011],[10.48535,46.031],[10.48585,46.0312],[10.48636,46.0313],[10.48688,46.03128],[10.48739,46.03118],[10.49004,46.03016],[10.49033,46.02993],[10.49049,46.02957],[10.49049,46.02826],[10.49083,46.02655],[10.49089,46.02563],[10.49073,46.02504],[10.4901,46.02397],[10.4899,46.02313],[10.48963,46.02239],[10.48959,46.02206],[10.4897,46.0217],[10.4903,46.02063],[10.49037,46.02027],[10.49038,46.01956],[10.49053,46.01908],[10.49081,46.01872],[10.4921,46.01741],[10.49229,46.01705],[10.49225,46.01693],[10.49203,46.01675],[10.49083,46.01626],[10.4898,46.01575],[10.48791,46.01458],[10.48722,46.01432],[10.48636,46.01419],[10.48516,46.01423],[10.48345,46.01466],[10.4795,46.01551],[10.47847,46.01564],[10.47709,46.01566],[10.47589,46.01586],[10.47486,46.01583],[10.47332,46.01568],[10.47109,46.01526],[10.47006,46.01493]]},"properties":{"ele":2440,"major":0}},{"type":"Feature","geometry":{"type":"LineString","coordinates":[[10.47006,46.05313],[10.47109,46.05329],[10.47297,46.05348],[10.47358,46.05364],[10.47521,46.05424],[10.47709,46.05437],[10.47778,46.05456],[10.47804,46.05471],[10.47825,46.05495],[10.47879,46.05626],[10.47946,46.05745],[10.48001,46.05809],[10.4819,46.05923],[10.48604,46.06043],[10.48655,46.06067],[10.4873,46.06114],[10.48752,46.06138],[10.48769,46.06174],[10.4877,46.06352],[10.48791,46.06427],[10.48827,46.06507],[10.48925,46.06638],[10.48997,46.0671],[10.49142,46.06829],[10.49188,46.06876],[10.49228,46.06948],[10.49302,46.07138],[10.49323,46.07159],[10.49375,46.0717],[10.49546,46.07161],[10.49632,46.07177],[10.49686,46.07198],[10.49736,46.07234],[10.49753,46.07258],[10.49766,46.07317],[10.49779,46.07341],[10.49821,46.07374],[10.49872,46.07399],[10.50044,46.07441],[10.50164,46.0745],[10.50302,46.0747],[10.50439,46.07476],[10.50495,46.07484],[10.50564,46.07508],[10.50662,46.07583],[10.50734,46.07651],[10.50754,46.07686],[10.50794,46.07734],[10.50801,46.0777],[10.50786,46.07841],[10.50792,46.07865],[10.50817,46.07904],[10.50837,46.07924],[10.50937,46.07977],[10.51059,46.08055],[10.51114,46.08103],[10.51148,46.08151],[10.51154,46.08186],[10.5114,46.08258],[10.51148,46.08305],[10.5116,46.08341],[10.51234,46.08484],[10.51257,46.08567],[10.51256,46.08627],[10.51242,46.08698],[10.51239,46.08758],[10.51243,46.08794],[10.51264,46.08865],[10.51265,46.08913],[10.51254,46.08948],[10.51191,46.09056],[10.51196,46.09079],[10.5123,46.09127],[10.51299,46.09186],[10.51469,46.09289],[10.51555,46.09308],[10.51726,46.09321],[10.51812,46.09345],[10.52001,46.09471],[10.52037,46.09508],[10.5208,46.09567],[10.5211,46.09591],[10.52293,46.09664],[10.52341,46.09698]]},"properties":{"ele":2440,"major":0}},{"type":"Feature","geometry":{"type":"LineString","coordinates":[[10.49782,46.09698],[10.49615,46.09517],[10.49557,46.09484],[10.49478,46.09456],[10.49357,46.094],[10.49272,46.09391],[10.4898,46.0939],[10.48516,46.09351],[10.48379,46.0933],[10.47933,46.09296],[10.47795,46.09266],[10.47555,46.09272],[10.47418,46.09237],[10.47349,46.0921],[10.47212,46.09133],[10.47109,46.09053],[10.47057,46.0903],[10.47006,46.0902]]},"properties":{"ele":2440,"major":0}},{"type":"Feature","geometry":{"type":"LineString","coordinates":[[10.5464,46.0105],[10.54662,46.01054],[10.54667,46.01038],[10.54651,46.0099],[10.54627,46.00955],[10.54593,46.00939],[10.54559,46.00951],[10.54547,46.00966],[10.54548,46.0099],[10.54593,46.01028],[10.5464,46.0105]]},"properties":{"ele":2440,"major":0}},{"type":"Feature","geometry":{"type":"LineString","coordinates":[[10.55506,46.09698],[10.55485,46.09651],[10.55398,46.09544],[10.55318,46.09472],[10.55302,46.09389],[10.55308,46.09353],[10.55303,46.09317],[10.55311,46.0927],[10.55295,46.09246],[10.55252,46.09222],[10.55124,46.09175],[10.54919,46.09075],[10.54825,46.0902],[10.54627,46.0892],[10.54507,46.08836],[10.54453,46.08806],[10.54387,46.08791],[10.54336,46.08799],[10.54301,46.08819],[10.54241,46.08877],[10.54165,46.08925],[10.54093,46.0896],[10.53975,46.09007],[10.53769,46.09033],[10.53718,46.09025],[10.53683,46.09008],[10.53563,46.08877],[10.53549,46.08841],[10.53554,46.08722],[10.53583,46.08555],[10.536,46.08508],[10.53591,46.08472],[10.53571,46.08448],[10.53529,46.08428],[10.53323,46.08372],[10.53237,46.08335],[10.53151,46.08275],[10.53083,46.0821],[10.52876,46.08072],[10.52847,46.08043],[10.52815,46.07996],[10.52785,46.07924],[10.52718,46.07805],[10.52673,46.07698],[10.52653,46.07673],[10.52619,46.07646],[10.52567,46.07623],[10.5243,46.07587],[10.523,46.07543],[10.52035,46.07441],[10.5195,46.07399],[10.51794,46.07305],[10.51606,46.07242],[10.51567,46.07222],[10.51546,46.07198],[10.51539,46.07174],[10.51551,46.07067],[10.51538,46.07018],[10.51486,46.0695],[10.51452,46.06919],[10.514,46.06885],[10.51366,46.06874],[10.51332,46.06875],[10.51177,46.06927],[10.51126,46.06932],[10.51023,46.06927],[10.50705,46.06876],[10.50456,46.06813],[10.50309,46.06757],[10.50207,46.06698],[10.50147,46.06683],[10.50061,46.06677],[10.49975,46.06682],[10.49893,46.06698],[10.49787,46.06732],[10.49752,46.06736],[10.49701,46.06727],[10.49598,46.06689],[10.49289,46.06682],[10.49237,46.06672],[10.49186,46.06647],[10.49167,46.06626],[10.49142,46.06579],[10.49077,46.06507],[10.49064,46.06483],[10.49064,46.0646],[10.49075,46.06436],[10.49106,46.064],[10.49203,46.06332],[10.49231,46.06305],[10.49276,46.06233],[10.49287,46.06186],[10.49278,46.06162],[10.49254,46.06136],[10.49103,46.06055],[10.49053,46.06007],[10.49031,46.05968],[10.49019,46.05924],[10.49018,46.05876],[10.49025,46.0584],[10.49044,46.05804],[10.49118,46.05709],[10.49141,46.05685],[10.49169,46.0567],[10.49289,46.05622],[10.49392,46.05614],[10.49546,46.05623],[10.49632,46.05593],[10.49649,46.0558],[10.49764,46.05411],[10.4977,46.05352],[10.49806,46.05245],[10.49812,46.05209],[10.49802,46.05149],[10.49787,46.05117],[10.49769,46.05102],[10.49735,46.05093],[10.49684,46.05092],[10.49581,46.05103],[10.49536,46.05114],[10.49443,46.05156],[10.49323,46.05236],[10.49203,46.05274],[10.49134,46.05276],[10.48842,46.05237],[10.48757,46.05236],[10.48705,46.05248],[10.48665,46.05268],[10.48551,46.05368],[10.48516,46.05386],[10.4843,46.05395],[10.48345,46.05375],[10.48293,46.0534],[10.48261,46.05292],[10.48243,46.05233],[10.4825,46.05185],[10.48282,46.05137],[10.48389,46.05054],[10.48423,46.05018],[10.48432,46.04982],[10.48421,46.04899],[10.48431,46.04851],[10.48455,46.04828],[10.48568,46.04766],[10.48591,46.04744],[10.48603,46.0472],[10.48601,46.04685],[10.48551,46.046],[10.48516,46.0457],[10.48482,46.04561],[10.48448,46.04564],[10.48396,46.0458],[10.48339,46.04613],[10.4832,46.04637],[10.48307,46.04673],[10.48311,46.04756],[10.48304,46.04768],[10.48276,46.04781],[10.48224,46.04789],[10.4819,46.04784],[10.47984,46.04668],[10.47921,46.04649],[10.47864,46.04649],[10.47812,46.04656],[10.47778,46.0467],[10.47606,46.04779],[10.47503,46.0483],[10.47435,46.04844],[10.47297,46.04853],[10.47126,46.04881],[10.47074,46.04896],[10.47006,46.04929]]},"properties":{"ele":2440,"major":0}},{"type":"Feature","geometry":{"type":"LineString","coordinates":[[10.58803,45.99905],[10.58867,45.99916],[10.58897,45.99905],[10.58897,45.99893],[10.5885,45.99854],[10.58799,45.99842],[10.58782,45.9985],[10.58773,45.99869],[10.58782,45.99891],[10.58803,45.99905]]},"properties":{"ele":2440,"major":0}},{"type":"Feature","geometry":{"type":"LineString","coordinates":[[10.6,46.03402],[10.59897,46.03427],[10.59743,46.03429],[10.59606,46.03454],[10.59554,46.0348],[10.594,46.03611],[10.59272,46.03648],[10.59119,46.03708],[10.59039,46.0372],[10.58988,46.03714],[10.58936,46.03697],[10.58661,46.03563],[10.58507,46.03507],[10.58468,46.03481],[10.58404,46.03415],[10.5836,46.0335],[10.5831,46.03243],[10.58249,46.03161],[10.58198,46.03114],[10.58112,46.03056],[10.58066,46.03004],[10.57943,46.02814],[10.57916,46.02742],[10.57909,46.02623],[10.57919,46.02492],[10.57899,46.02385],[10.57908,46.02277],[10.57928,46.02182],[10.57984,46.02051],[10.58002,46.01956],[10.58015,46.01932],[10.58045,46.01908],[10.58181,46.01859],[10.58258,46.01824],[10.58288,46.01801],[10.58302,46.01765],[10.58288,46.01729],[10.58209,46.01622],[10.58127,46.01479],[10.58078,46.01419],[10.58072,46.01109],[10.58053,46.01026],[10.58035,46.00978],[10.57995,46.00918],[10.5794,46.00876],[10.57872,46.00844],[10.57803,46.00833],[10.577,46.00835],[10.57563,46.00851],[10.57408,46.00842],[10.5734,46.00844],[10.57266,46.00859],[10.57244,46.00871],[10.57222,46.00895],[10.5721,46.0093],[10.57215,46.00954],[10.57248,46.01014],[10.57341,46.01145],[10.57362,46.01193],[10.57367,46.01228],[10.57361,46.01264],[10.57323,46.01359],[10.57294,46.01574],[10.57271,46.01611],[10.57254,46.01622],[10.5722,46.0163],[10.56962,46.0161],[10.56911,46.01612],[10.56859,46.01624],[10.56756,46.01661],[10.56584,46.01687],[10.56464,46.01737],[10.56413,46.01748],[10.56275,46.01745],[10.56087,46.01725],[10.55915,46.0174],[10.55881,46.01726],[10.5576,46.01626],[10.55572,46.01528],[10.55488,46.01467],[10.55461,46.01431],[10.55407,46.01288],[10.55383,46.01255],[10.55348,46.01228],[10.55297,46.01214],[10.55125,46.01219],[10.5506,46.01228],[10.55044,46.0124],[10.55043,46.01252],[10.55054,46.01276],[10.55123,46.01359],[10.55144,46.01395],[10.5515,46.01431],[10.55142,46.01503],[10.55164,46.01538],[10.55234,46.01586],[10.55451,46.0169],[10.55504,46.01729],[10.55538,46.01777],[10.55549,46.01812],[10.55548,46.01836],[10.55495,46.01979],[10.5548,46.02051],[10.55488,46.0211],[10.5552,46.02159],[10.55552,46.02182],[10.55589,46.02193],[10.55829,46.02218],[10.56133,46.02301],[10.56231,46.02349],[10.56372,46.02444],[10.56404,46.0248],[10.56411,46.02575],[10.56404,46.02683],[10.56408,46.02742],[10.56482,46.02945],[10.56489,46.02993],[10.56468,46.03052],[10.56394,46.03159],[10.56377,46.03243],[10.56361,46.03279],[10.56257,46.03374],[10.56234,46.0341],[10.56235,46.03445],[10.56266,46.03517],[10.56293,46.03612],[10.5635,46.03767],[10.56352,46.03791],[10.56345,46.03815],[10.56318,46.03839],[10.56275,46.03852],[10.56224,46.03856],[10.55984,46.03835],[10.55726,46.03883],[10.55623,46.03894],[10.5552,46.03895],[10.55434,46.03884],[10.55245,46.03825],[10.55125,46.03798],[10.54954,46.03718],[10.54868,46.03662],[10.54828,46.03612],[10.54737,46.03445],[10.54635,46.03326],[10.54571,46.03279],[10.54507,46.03256],[10.54301,46.03213],[10.54009,46.03103],[10.53941,46.03091],[10.53838,46.03094],[10.53718,46.03062],[10.53666,46.03035],[10.53615,46.02951],[10.53529,46.02893],[10.53494,46.02887],[10.53443,46.02896],[10.53409,46.02921],[10.53396,46.02945],[10.53375,46.031],[10.53391,46.03139],[10.53418,46.03171],[10.53447,46.03195],[10.53477,46.03209],[10.53683,46.03251],[10.53752,46.03274],[10.53807,46.03314],[10.53822,46.03338],[10.53827,46.03362],[10.53813,46.03398],[10.53786,46.03421],[10.5363,46.03493],[10.53599,46.03517],[10.53587,46.03541],[10.53603,46.03576],[10.53723,46.03684],[10.53748,46.03719],[10.53755,46.03743],[10.53745,46.03779],[10.53688,46.03839],[10.53671,46.03874],[10.53673,46.03898],[10.53733,46.04053],[10.53732,46.04113],[10.53714,46.04172],[10.53656,46.04303],[10.53619,46.04351],[10.53573,46.04387],[10.53461,46.04446],[10.53444,46.0447],[10.53438,46.04506],[10.53426,46.04519],[10.53408,46.0453],[10.53353,46.04542],[10.53334,46.04554],[10.53331,46.04577],[10.53352,46.04601],[10.53409,46.04624],[10.5346,46.04619],[10.53538,46.04565],[10.5358,46.04524],[10.53615,46.04513],[10.53649,46.0452],[10.537,46.04541],[10.53735,46.04546],[10.53992,46.04536],[10.54061,46.0454],[10.54112,46.0455],[10.54164,46.04568],[10.54223,46.04601],[10.54344,46.04697],[10.54404,46.04734],[10.54559,46.04796],[10.54627,46.0483],[10.54688,46.04887],[10.54757,46.04982],[10.54816,46.05018],[10.54885,46.05027],[10.55177,46.05019],[10.55348,46.05039],[10.55503,46.05026],[10.55606,46.0504],[10.55829,46.05102],[10.5619,46.05224],[10.56241,46.0525],[10.56396,46.05348],[10.56466,46.05411],[10.56516,46.05507],[10.56521,46.05542],[10.56507,46.05578],[10.56424,46.05673],[10.56378,46.05711],[10.56207,46.05803],[10.56104,46.05847],[10.55881,46.05922],[10.557,46.06019],[10.55607,46.06078],[10.55549,46.06138],[10.55499,46.06209],[10.55427,46.06376],[10.55338,46.06495],[10.55334,46.06519],[10.55338,46.06543],[10.55354,46.06567],[10.55382,46.06591],[10.55451,46.06619],[10.5552,46.06628],[10.55726,46.06634],[10.55778,46.06644],[10.55829,46.06663],[10.56018,46.06761],[10.56207,46.06919],[10.56241,46.06935],[10.56293,46.06942],[10.56378,46.0694],[10.5667,46.06902],[10.5679,46.06909],[10.56877,46.06936],[10.57031,46.07023],[10.57185,46.07087],[10.57291,46.07138],[10.57324,46.07162],[10.57345,46.07186],[10.57435,46.07305],[10.57484,46.07389],[10.57553,46.0752],[10.57572,46.07579],[10.57583,46.07662],[10.57602,46.07698],[10.57661,46.07734],[10.57855,46.07813],[10.57915,46.07853],[10.57969,46.07913],[10.58026,46.08028],[10.58054,46.08067],[10.58164,46.08155],[10.58234,46.08222],[10.58259,46.0827],[10.58256,46.08305],[10.58219,46.08365],[10.58166,46.08413],[10.58078,46.08443],[10.57872,46.0847],[10.57752,46.08499],[10.57707,46.0852],[10.57675,46.08544],[10.57627,46.08591],[10.57615,46.08615],[10.57619,46.08627],[10.57649,46.0864],[10.57855,46.0867],[10.5794,46.08691],[10.57977,46.0871],[10.58006,46.08734],[10.58036,46.08782],[10.58066,46.08936],[10.58078,46.09044],[10.5808,46.09163],[10.58069,46.09246],[10.58056,46.09282],[10.58026,46.09324],[10.57975,46.0937],[10.57896,46.09425],[10.57885,46.09436],[10.57879,46.0946],[10.57888,46.09484],[10.57953,46.09567],[10.57981,46.09615],[10.57993,46.09651],[10.57994,46.09698]]},"properties":{"ele":2440,"major":0}},{"type":"Feature","geometry":{"type":"LineString","coordinates":[[10.6,46.06087],[10.59915,46.06126],[10.59863,46.06173],[10.59829,46.06193],[10.5976,46.06205],[10.59691,46.062],[10.59365,46.06135],[10.59228,46.06097],[10.59142,46.06054],[10.58953,46.05929],[10.58872,46.05864],[10.58816,46.05759],[10.58727,46.05638],[10.58501,46.05399],[10.58414,46.05245],[10.58232,46.05102],[10.58056,46.04911],[10.58033,46.04875],[10.57998,46.04792],[10.57971,46.04756],[10.57885,46.04697],[10.57528,46.04503],[10.57474,46.04446],[10.57452,46.04399],[10.57477,46.04337],[10.57494,46.04327],[10.57546,46.04324],[10.57785,46.04399],[10.58009,46.04479],[10.58181,46.04508],[10.58249,46.04514],[10.58335,46.04507],[10.58576,46.0446],[10.5861,46.04461],[10.58696,46.04481],[10.58816,46.04467],[10.58988,46.04457],[10.59262,46.04455],[10.59283,46.04446],[10.59302,46.04423],[10.59322,46.04315],[10.59363,46.0422],[10.59374,46.04172],[10.59367,46.03994],[10.59351,46.03958],[10.59297,46.03889],[10.59286,46.03862],[10.59288,46.03839],[10.59308,46.03803],[10.59434,46.03659],[10.59451,46.03643],[10.59485,46.03627],[10.59537,46.03615],[10.59748,46.036],[10.59915,46.03545],[10.59949,46.03546],[10.6,46.03561]]},"properties":{"ele":2440,"major":0}},{"type":"Feature","geometry":{"type":"LineString","coordinates":[[10.6,46.07862],[10.59959,46.07829],[10.5988,46.0774],[10.59846,46.07714],[10.59777,46.07678],[10.59571,46.07594],[10.59472,46.0752],[10.59405,46.07448],[10.59374,46.07389],[10.5937,46.07365],[10.59382,46.07341],[10.59417,46.07315],[10.59606,46.0725],[10.59674,46.07242],[10.6,46.07237]]},"properties":{"ele":2440,"major":0}},{"type":"Feature","geometry":{"type":"LineString","coordinates":[[10.47006,46.02861],[10.47091,46.02868],[10.47246,46.029],[10.47349,46.02912],[10.47538,46.02906],[10.47692,46.02915],[10.4795,46.02967],[10.48018,46.02965],[10.48207,46.02943],[10.48345,46.02948],[10.4843,46.02973],[10.48551,46.0307],[10.48585,46.03086],[10.48636,46.03098],[10.48688,46.03097],[10.48739,46.03085],[10.48945,46.02997],[10.4898,46.0297],[10.48993,46.02945],[10.48995,46.02838],[10.49045,46.02563],[10.4903,46.02504],[10.48956,46.02385],[10.48915,46.02242],[10.48911,46.02206],[10.48925,46.0217],[10.48995,46.02063],[10.49015,46.01932],[10.49026,46.01896],[10.49131,46.01777],[10.49144,46.01753],[10.49148,46.01729],[10.49134,46.01708],[10.49112,46.01693],[10.48945,46.01614],[10.48774,46.01511],[10.48661,46.01467],[10.48585,46.01451],[10.48533,46.01452],[10.48465,46.01464],[10.47864,46.01623],[10.47812,46.01629],[10.47727,46.01625],[10.47606,46.01646],[10.47366,46.01632],[10.47109,46.01599],[10.47006,46.01571]]},"properties":{"ele":2460,"major":0}},{"type":"Feature","geometry":{"type":"LineString","coordinates":[[10.47006,46.05294],[10.47109,46.0531],[10.47297,46.0533],[10.47349,46.05342],[10.47521,46.05401],[10.47709,46.05418],[10.47795,46.05439],[10.47828,46.05459],[10.47849,46.05483],[10.47906,46.05638],[10.47975,46.05757],[10.48018,46.05798],[10.48207,46.05903],[10.48482,46.05992],[10.48622,46.06031],[10.48716,46.06078],[10.48771,46.06114],[10.48792,46.06138],[10.48803,46.06162],[10.48808,46.06293],[10.48817,46.06364],[10.48874,46.06519],[10.48914,46.06567],[10.48947,46.06626],[10.49029,46.0671],[10.49162,46.06817],[10.49206,46.06865],[10.49237,46.06912],[10.49312,46.07067],[10.49336,46.07103],[10.49357,46.07122],[10.49409,46.07139],[10.49581,46.07146],[10.49649,46.07164],[10.49701,46.07185],[10.49773,46.07234],[10.49788,46.07258],[10.49802,46.07317],[10.49817,46.07341],[10.49848,46.07365],[10.49907,46.07391],[10.50044,46.07423],[10.50522,46.07472],[10.50576,46.07492],[10.50662,46.07557],[10.50753,46.07639],[10.50778,46.07686],[10.50817,46.07734],[10.50823,46.07758],[10.50811,46.07841],[10.50823,46.07877],[10.5086,46.07913],[10.5108,46.08043],[10.5115,46.08103],[10.51177,46.08139],[10.51195,46.08174],[10.51192,46.08258],[10.51204,46.08294],[10.51229,46.08329],[10.51295,46.08389],[10.51319,46.08425],[10.51339,46.08508],[10.51344,46.08567],[10.51324,46.0877],[10.51324,46.08877],[10.51302,46.08948],[10.51227,46.09056],[10.51231,46.09079],[10.51249,46.09103],[10.5128,46.09135],[10.51352,46.09186],[10.51486,46.09252],[10.51555,46.09268],[10.51778,46.09289],[10.51839,46.09306],[10.51894,46.09329],[10.5195,46.09364],[10.52041,46.09436],[10.52154,46.09556],[10.5231,46.09631],[10.52361,46.0967],[10.52385,46.09698]]},"properties":{"ele":2460,"major":0}},{"type":"Feature","geometry":{"type":"LineString","coordinates":[[10.47006,46.09389],[10.47025,46.09425],[10.47022,46.09448],[10.47006,46.09475]]},"properties":{"ele":2460,"major":0}},{"type":"Feature","geometry":{"type":"LineString","coordinates":[[10.48472,46.04756],[10.48499,46.04756],[10.48542,46.04732],[10.48556,46.04708],[10.48555,46.04685],[10.48533,46.04649],[10.48499,46.04625],[10.48465,46.0462],[10.4843,46.04626],[10.48406,46.04637],[10.48383,46.04661],[10.48378,46.04697],[10.48401,46.0472],[10.48472,46.04756]]},"properties":{"ele":2460,"major":0}},{"type":"Feature","geometry":{"type":"LineString","coordinates":[[10.49749,46.09698],[10.49679,46.09627],[10.4962,46.09556],[10.49592,46.09532],[10.49529,46.09496],[10.4934,46.09416],[10.49272,46.09407],[10.4898,46.09405],[10.48774,46.09388],[10.48499,46.09377],[10.48379,46.0935],[10.4819,46.09333],[10.48104,46.09331],[10.47933,46.09312],[10.47795,46.09283],[10.47727,46.09284],[10.47589,46.09299],[10.47538,46.09295],[10.47418,46.09262],[10.47349,46.09236],[10.47187,46.09151],[10.47091,46.09084],[10.47057,46.09069],[10.47006,46.09062]]},"properties":{"ele":2460,"major":0}},{"type":"Feature","geometry":{"type":"LineString","coordinates":[[10.55458,46.09698],[10.55438,46.09663],[10.55376,46.09603],[10.55328,46.09532],[10.55279,46.09484],[10.55278,46.09448],[10.55263,46.09377],[10.55264,46.09282],[10.55248,46.09258],[10.54885,46.09106],[10.54524,46.08899],[10.54439,46.08857],[10.54387,46.08848],[10.54353,46.08856],[10.54147,46.08963],[10.53975,46.09027],[10.53769,46.09052],[10.537,46.09041],[10.53657,46.0902],[10.53535,46.08889],[10.53523,46.08865],[10.53518,46.08817],[10.53538,46.08508],[10.53526,46.08484],[10.53477,46.08456],[10.53228,46.08389],[10.53117,46.08342],[10.53014,46.08258],[10.52773,46.0809],[10.52721,46.08032],[10.5267,46.07931],[10.52651,46.07865],[10.52643,46.07746],[10.52619,46.07701],[10.5259,46.07674],[10.5255,46.07658],[10.52396,46.07616],[10.51984,46.07464],[10.51705,46.07317],[10.51522,46.07246],[10.515,46.07222],[10.51493,46.07198],[10.51518,46.07091],[10.5151,46.07043],[10.51469,46.06988],[10.514,46.06945],[10.51332,46.06929],[10.51177,46.06968],[10.51091,46.06974],[10.50762,46.06924],[10.50405,46.06848],[10.50237,46.06769],[10.50164,46.06727],[10.50096,46.06709],[10.50027,46.06706],[10.49958,46.06713],[10.49804,46.06769],[10.49735,46.06779],[10.49684,46.0677],[10.49615,46.06736],[10.49563,46.06721],[10.49495,46.06712],[10.49254,46.06702],[10.4919,46.06686],[10.49143,46.06662],[10.49124,46.06638],[10.49116,46.06603],[10.49103,46.06579],[10.49026,46.06507],[10.49015,46.06483],[10.49015,46.0646],[10.49033,46.06424],[10.49064,46.06388],[10.4919,46.06305],[10.49219,46.06257],[10.49226,46.06209],[10.49203,46.0617],[10.49066,46.06081],[10.49004,46.06019],[10.48987,46.05983],[10.48966,46.059],[10.48962,46.05852],[10.4897,46.05816],[10.49048,46.05709],[10.49083,46.05673],[10.49117,46.05656],[10.49203,46.05632],[10.49272,46.0559],[10.49392,46.05585],[10.49529,46.05601],[10.49632,46.05547],[10.49682,46.05471],[10.49733,46.05411],[10.49766,46.05292],[10.49777,46.05233],[10.49774,46.05197],[10.49755,46.05149],[10.49735,46.05132],[10.49701,46.05121],[10.49632,46.05116],[10.49581,46.0512],[10.49529,46.05134],[10.49471,46.05161],[10.49323,46.05255],[10.49203,46.05312],[10.49169,46.05322],[10.491,46.0532],[10.4886,46.0527],[10.48808,46.05266],[10.48757,46.0527],[10.48721,46.0528],[10.48678,46.05304],[10.48568,46.05411],[10.48516,46.05428],[10.48448,46.05432],[10.48345,46.05416],[10.4831,46.05402],[10.48276,46.05379],[10.48238,46.05328],[10.4821,46.05233],[10.4821,46.05209],[10.4822,46.05173],[10.48242,46.05138],[10.48275,46.05102],[10.48285,46.05078],[10.48361,46.0503],[10.48389,46.04994],[10.48394,46.04971],[10.48391,46.04935],[10.48367,46.04875],[10.48345,46.04853],[10.48327,46.04845],[10.4819,46.04833],[10.48139,46.04816],[10.4799,46.04708],[10.4795,46.04688],[10.47898,46.04678],[10.47812,46.0468],[10.47744,46.04711],[10.47606,46.04809],[10.47521,46.04854],[10.47452,46.04865],[10.47315,46.04871],[10.4716,46.04896],[10.47091,46.04918],[10.47006,46.04961]]},"properties":{"ele":2460,"major":0}},{"type":"Feature","geometry":{"type":"LineString","coordinates":[[10.59572,46.03565],[10.59674,46.03571],[10.59743,46.03562],[10.59777,46.0355],[10.59809,46.03529],[10.59825,46.03505],[10.59826,46.03493],[10.59817,46.03481],[10.59794,46.03471],[10.59743,46.03461],[10.59657,46.03466],[10.59606,46.03476],[10.59571,46.03493],[10.59536,46.03529],[10.59533,46.03541],[10.59538,46.03553],[10.59572,46.03565]]},"properties":{"ele":2460,"major":0}},{"type":"Feature","geometry":{"type":"LineString","coordinates":[[10.6,46.03437],[10.59968,46.03457],[10.59958,46.03481],[10.59981,46.03505],[10.6,46.03515]]},"properties":{"ele":2460,"major":0}},{"type":"Feature","geometry":{"type":"LineString","coordinates":[[10.6,46.06111],[10.59949,46.06132],[10.59897,46.06186],[10.59863,46.06211],[10.59777,46.06236],[10.59691,46.06238],[10.59417,46.062],[10.59297,46.06167],[10.59176,46.06118],[10.58849,46.05912],[10.58809,46.05876],[10.58766,46.05781],[10.58666,46.05638],[10.58442,46.05423],[10.58365,46.0528],[10.58201,46.05125],[10.58112,46.05023],[10.57994,46.04923],[10.57973,46.04887],[10.57939,46.04792],[10.57903,46.04744],[10.57861,46.04708],[10.57769,46.04656],[10.57511,46.04523],[10.57439,46.04458],[10.57408,46.04411],[10.57405,46.04387],[10.5741,46.04339],[10.57417,46.04327],[10.57447,46.04315],[10.57528,46.04307],[10.57591,46.04315],[10.57794,46.04375],[10.58026,46.04463],[10.58181,46.04478],[10.58284,46.04479],[10.58438,46.04468],[10.58593,46.04448],[10.58679,46.04465],[10.5873,46.04467],[10.59194,46.04421],[10.59233,46.04411],[10.59257,46.04387],[10.59277,46.0428],[10.59322,46.0416],[10.59327,46.04065],[10.59317,46.04005],[10.59297,46.03969],[10.59245,46.0391],[10.59228,46.03862],[10.59234,46.03815],[10.59273,46.03731],[10.59274,46.03719],[10.59266,46.03708],[10.59228,46.03708],[10.59108,46.03744],[10.59039,46.03749],[10.58988,46.03744],[10.58919,46.03723],[10.58679,46.03629],[10.58541,46.03588],[10.5849,46.03562],[10.58427,46.03505],[10.5837,46.03433],[10.58284,46.0329],[10.58256,46.03255],[10.58198,46.03204],[10.58087,46.03124],[10.58052,46.03088],[10.57981,46.02945],[10.5789,46.0279],[10.57857,46.02671],[10.5784,46.02552],[10.57885,46.02206],[10.57943,46.01944],[10.57958,46.0192],[10.57992,46.01896],[10.58146,46.01849],[10.58215,46.01821],[10.58249,46.01796],[10.58264,46.01765],[10.58248,46.01717],[10.58163,46.01598],[10.58103,46.01491],[10.58059,46.01443],[10.58054,46.01407],[10.58058,46.01312],[10.58047,46.01228],[10.58049,46.01157],[10.58041,46.01097],[10.58004,46.0099],[10.57985,46.00954],[10.57952,46.00918],[10.57894,46.00883],[10.57837,46.00863],[10.57769,46.00855],[10.577,46.00855],[10.57563,46.00869],[10.57374,46.00862],[10.57305,46.00872],[10.57281,46.00883],[10.57256,46.00906],[10.57247,46.00942],[10.57258,46.00978],[10.57288,46.01033],[10.57393,46.01169],[10.57411,46.01205],[10.57419,46.0124],[10.57414,46.01276],[10.57387,46.01348],[10.57374,46.01467],[10.57349,46.01586],[10.57327,46.01634],[10.57305,46.01652],[10.57237,46.01667],[10.56996,46.01653],[10.56928,46.01657],[10.56808,46.01695],[10.56636,46.01727],[10.56519,46.01777],[10.56468,46.01789],[10.56396,46.0179],[10.56104,46.01763],[10.56035,46.01769],[10.55932,46.01801],[10.55898,46.01801],[10.55881,46.01794],[10.55846,46.01765],[10.55785,46.01681],[10.55745,46.01646],[10.55675,46.01603],[10.55554,46.01546],[10.55451,46.01467],[10.55414,46.01407],[10.55383,46.01322],[10.55348,46.01281],[10.55314,46.01263],[10.55263,46.01255],[10.55194,46.01261],[10.5516,46.01276],[10.55155,46.01288],[10.55159,46.01312],[10.55203,46.01395],[10.55206,46.01431],[10.55196,46.01503],[10.55213,46.01538],[10.55272,46.01586],[10.55451,46.01667],[10.55534,46.01729],[10.5557,46.01777],[10.55578,46.01801],[10.55575,46.01836],[10.55537,46.0192],[10.55507,46.02051],[10.55511,46.02099],[10.55543,46.02146],[10.55572,46.02165],[10.55623,46.0218],[10.55898,46.02207],[10.55966,46.02234],[10.56168,46.02289],[10.56241,46.02323],[10.56431,46.02432],[10.56482,46.02468],[10.56502,46.02492],[10.56509,46.02516],[10.56509,46.0254],[10.56488,46.02623],[10.56463,46.02695],[10.56459,46.02742],[10.5647,46.0279],[10.56534,46.02957],[10.56536,46.03016],[10.56516,46.03067],[10.56445,46.03171],[10.56421,46.03255],[10.56403,46.0329],[10.56378,46.03321],[10.56302,46.03386],[10.56284,46.03422],[10.56286,46.03445],[10.56335,46.03612],[10.56405,46.03779],[10.56401,46.03827],[10.56383,46.03851],[10.56361,46.03864],[10.5631,46.0388],[10.56241,46.03888],[10.56069,46.03872],[10.56001,46.03874],[10.55846,46.03923],[10.55795,46.03934],[10.5564,46.03945],[10.55554,46.03944],[10.55417,46.03925],[10.55245,46.03866],[10.55084,46.03827],[10.54965,46.03779],[10.54885,46.03736],[10.54851,46.03709],[10.54799,46.0364],[10.54753,46.03541],[10.54713,46.03479],[10.5461,46.03359],[10.54542,46.03302],[10.5448,46.03279],[10.54284,46.03233],[10.54112,46.03165],[10.54027,46.03124],[10.53941,46.0311],[10.53855,46.03122],[10.53821,46.03122],[10.537,46.03089],[10.53632,46.03052],[10.53624,46.0304],[10.53615,46.02992],[10.5358,46.02963],[10.53515,46.02933],[10.53494,46.02929],[10.5346,46.02941],[10.53448,46.02957],[10.53438,46.0304],[10.53423,46.031],[10.53434,46.03124],[10.53475,46.03171],[10.53529,46.03192],[10.537,46.03225],[10.53779,46.03255],[10.53838,46.03298],[10.53859,46.03326],[10.53872,46.03362],[10.53865,46.03398],[10.53846,46.03422],[10.53813,46.03445],[10.53695,46.03505],[10.53681,46.03517],[10.53669,46.03541],[10.53681,46.03576],[10.53789,46.03708],[10.53801,46.03731],[10.53803,46.03755],[10.53787,46.03791],[10.53723,46.03851],[10.53705,46.03886],[10.53715,46.03934],[10.53778,46.04065],[10.53781,46.04113],[10.53773,46.0416],[10.53699,46.04327],[10.53625,46.04423],[10.53624,46.04434],[10.53634,46.04446],[10.53666,46.04468],[10.537,46.04481],[10.53872,46.04515],[10.54112,46.0451],[10.54336,46.04516],[10.54387,46.04525],[10.54406,46.04542],[10.54379,46.04613],[10.5438,46.04637],[10.54395,46.04661],[10.54473,46.04706],[10.5461,46.04754],[10.54694,46.04804],[10.54742,46.04851],[10.54799,46.04942],[10.54851,46.04975],[10.54936,46.04988],[10.55125,46.04979],[10.55245,46.0498],[10.55383,46.04992],[10.55503,46.04992],[10.55589,46.05006],[10.55855,46.0509],[10.55984,46.05138],[10.56249,46.05209],[10.56293,46.05233],[10.56413,46.05322],[10.56479,46.05376],[10.56512,46.05411],[10.56569,46.05519],[10.56571,46.05554],[10.56546,46.0559],[10.56453,46.05685],[10.56396,46.05734],[10.56242,46.05816],[10.56138,46.05864],[10.55915,46.0595],[10.55777,46.06019],[10.55721,46.06055],[10.55593,46.06186],[10.55555,46.06245],[10.55483,46.06388],[10.55401,46.06483],[10.55391,46.06507],[10.55393,46.06531],[10.55426,46.06567],[10.55486,46.06595],[10.55537,46.06602],[10.55743,46.06602],[10.55829,46.06623],[10.56059,46.06745],[10.5619,46.06838],[10.56258,46.06867],[10.56344,46.06879],[10.56464,46.06885],[10.56687,46.06876],[10.5679,46.06885],[10.56859,46.06903],[10.57335,46.07115],[10.57386,46.0715],[10.57457,46.07222],[10.57494,46.07277],[10.57596,46.07496],[10.57671,46.07674],[10.57712,46.0771],[10.57889,46.07797],[10.5795,46.07841],[10.58001,46.07901],[10.58078,46.08035],[10.58258,46.08198],[10.58285,46.08234],[10.583,46.0827],[10.583,46.08305],[10.58281,46.08341],[10.58229,46.08401],[10.58181,46.08436],[10.58095,46.08464],[10.57847,46.08508],[10.5778,46.08532],[10.57761,46.08544],[10.57742,46.08567],[10.57744,46.08591],[10.57783,46.08615],[10.5794,46.08655],[10.58013,46.08686],[10.58066,46.08722],[10.58087,46.08746],[10.58098,46.0877],[10.58121,46.08996],[10.58124,46.09151],[10.58119,46.09246],[10.58091,46.09317],[10.58065,46.09353],[10.57994,46.09425],[10.57981,46.09448],[10.57976,46.09472],[10.57984,46.09508],[10.58036,46.09615],[10.58042,46.09651],[10.5804,46.09698]]},"properties":{"ele":2460,"major":0}},{"type":"Feature","geometry":{"type":"LineString","coordinates":[[10.6,46.07901],[10.59966,46.07877],[10.59863,46.07771],[10.59812,46.07729],[10.59571,46.07625],[10.5952,46.07591],[10.594,46.07484],[10.59324,46.07377],[10.59317,46.07353],[10.59331,46.07323],[10.59365,46.07299],[10.59588,46.07221],[10.59674,46.07212],[10.6,46.07208]]},"properties":{"ele":2460,"major":0}},{"type":"Feature","geometry":{"type":"LineString","coordinates":[[10.47006,46.02785],[10.47057,46.02784],[10.47091,46.0279],[10.47246,46.02849],[10.47315,46.02862],[10.47538,46.02858],[10.47744,46.02878],[10.47984,46.02913],[10.48173,46.02902],[10.48362,46.02902],[10.48448,46.0293],[10.48568,46.03037],[10.48602,46.03055],[10.48636,46.03064],[10.48671,46.03066],[10.48722,46.03057],[10.48869,46.02993],[10.48922,46.02957],[10.48938,46.02933],[10.48946,46.02826],[10.48974,46.02671],[10.49001,46.02563],[10.48988,46.02504],[10.48935,46.02432],[10.4891,46.02385],[10.48873,46.02254],[10.48868,46.02206],[10.48882,46.0217],[10.48938,46.02099],[10.48965,46.02039],[10.48983,46.01979],[10.48995,46.01896],[10.49004,46.01872],[10.49062,46.01801],[10.4908,46.01765],[10.49074,46.01741],[10.49047,46.01717],[10.48928,46.01657],[10.48825,46.01597],[10.48619,46.01499],[10.48551,46.01484],[10.48499,46.01486],[10.48448,46.01498],[10.48207,46.0158],[10.48036,46.01622],[10.47915,46.01664],[10.47864,46.01674],[10.47727,46.01678],[10.47555,46.01695],[10.47332,46.01684],[10.47177,46.01684],[10.47126,46.01676],[10.47006,46.0164]]},"properties":{"ele":2480,"major":0}},{"type":"Feature","geometry":{"type":"LineString","coordinates":[[10.47006,46.05274],[10.47091,46.05291],[10.47297,46.05313],[10.47521,46.05381],[10.47744,46.05405],[10.47795,46.05418],[10.47835,46.05435],[10.47864,46.05459],[10.47882,46.05483],[10.47928,46.05638],[10.47991,46.05745],[10.48018,46.05775],[10.48242,46.05894],[10.48396,46.0595],[10.48637,46.06019],[10.48784,46.0609],[10.4882,46.06114],[10.48841,46.06138],[10.48849,46.06162],[10.48857,46.06281],[10.48877,46.06361],[10.48894,46.06394],[10.48928,46.06416],[10.48963,46.06408],[10.4904,46.06352],[10.49136,46.06305],[10.4916,46.06281],[10.49169,46.06257],[10.49167,46.06233],[10.49151,46.06206],[10.49006,46.0609],[10.48967,46.06043],[10.4895,46.06007],[10.48915,46.05828],[10.48928,46.05781],[10.48974,46.05697],[10.48996,46.05673],[10.49036,46.0565],[10.49148,46.05614],[10.4922,46.05572],[10.49254,46.05559],[10.49392,46.05561],[10.49512,46.05577],[10.49546,46.05567],[10.49595,46.05542],[10.49619,46.05519],[10.49664,46.05447],[10.49713,46.05388],[10.49742,46.05292],[10.49748,46.05245],[10.49741,46.05197],[10.49713,46.05161],[10.49649,46.0514],[10.49581,46.05139],[10.49529,46.05154],[10.49488,46.05173],[10.49392,46.05234],[10.49264,46.05304],[10.49203,46.05357],[10.49186,46.05364],[10.491,46.05363],[10.48894,46.05308],[10.48791,46.05298],[10.48739,46.05311],[10.48711,46.05328],[10.48624,46.05423],[10.48568,46.05456],[10.48516,46.05467],[10.48465,46.05468],[10.48327,46.05448],[10.48271,46.05423],[10.48242,46.054],[10.48223,46.05376],[10.48207,46.0534],[10.4819,46.05273],[10.48182,46.05209],[10.48191,46.05173],[10.48235,46.05102],[10.48252,46.05054],[10.48313,46.05018],[10.48349,46.04971],[10.48355,46.04947],[10.48343,46.04911],[10.48327,46.04895],[10.48293,46.04878],[10.48174,46.04863],[10.48121,46.04848],[10.48085,46.04828],[10.47967,46.04735],[10.47915,46.04714],[10.47847,46.04702],[10.47812,46.04704],[10.47761,46.04724],[10.47624,46.04826],[10.47538,46.04874],[10.47469,46.04886],[10.47315,46.04893],[10.47194,46.04911],[10.47115,46.04935],[10.47006,46.04989]]},"properties":{"ele":2480,"major":0}},{"type":"Feature","geometry":{"type":"LineString","coordinates":[[10.47006,46.09338],[10.47055,46.09377],[10.47069,46.09401],[10.47073,46.09425],[10.47067,46.0946],[10.47057,46.09482],[10.47006,46.09538]]},"properties":{"ele":2480,"major":0}},{"type":"Feature","geometry":{"type":"LineString","coordinates":[[10.49713,46.09698],[10.49601,46.09579],[10.49557,46.09544],[10.49392,46.09454],[10.49323,46.0943],[10.49237,46.0942],[10.49014,46.0942],[10.48499,46.09402],[10.48396,46.09373],[10.48293,46.0936],[10.4819,46.09351],[10.48104,46.09363],[10.48018,46.09339],[10.47795,46.09301],[10.47727,46.09303],[10.47589,46.09321],[10.47521,46.09318],[10.47452,46.093],[10.47349,46.0926],[10.47074,46.09122],[10.47006,46.09109]]},"properties":{"ele":2480,"major":0}},{"type":"Feature","geometry":{"type":"LineString","coordinates":[[10.53706,46.03171],[10.53761,46.03171],[10.53752,46.03158],[10.53649,46.03139],[10.53563,46.03085],[10.53546,46.03082],[10.53529,46.03087],[10.53519,46.031],[10.53519,46.03124],[10.53548,46.03147],[10.53597,46.03157],[10.53666,46.03154],[10.53706,46.03171]]},"properties":{"ele":2480,"major":0}},{"type":"Feature","geometry":{"type":"LineString","coordinates":[[10.55397,46.09698],[10.55381,46.09675],[10.55329,46.09627],[10.55284,46.09544],[10.55247,46.09496],[10.55245,46.09444],[10.55222,46.09389],[10.55221,46.09329],[10.55208,46.09294],[10.55194,46.09277],[10.54851,46.09134],[10.54576,46.0898],[10.54456,46.08922],[10.54404,46.08911],[10.54336,46.0892],[10.54027,46.09034],[10.53941,46.09054],[10.53752,46.09069],[10.53683,46.09055],[10.53637,46.09032],[10.53559,46.0896],[10.53497,46.08889],[10.53486,46.08865],[10.53478,46.08579],[10.5347,46.0852],[10.5346,46.08504],[10.53427,46.08484],[10.53357,46.08461],[10.53203,46.08434],[10.53056,46.08377],[10.52825,46.08205],[10.52722,46.08138],[10.52678,46.08091],[10.52614,46.07996],[10.52595,46.07924],[10.52589,46.0777],[10.52576,46.07734],[10.5255,46.07708],[10.52258,46.07607],[10.52121,46.07546],[10.51932,46.07482],[10.51632,46.07329],[10.51503,46.07279],[10.51461,46.07258],[10.51441,46.07234],[10.51439,46.0721],[10.51481,46.07115],[10.51482,46.07067],[10.51447,46.07019],[10.51383,46.06973],[10.51349,46.06967],[10.51177,46.07007],[10.51091,46.07014],[10.5092,46.06978],[10.50559,46.06917],[10.50405,46.06907],[10.50353,46.06891],[10.50274,46.06829],[10.50147,46.0676],[10.50078,46.06739],[10.50027,46.06736],[10.49975,46.06741],[10.49804,46.06801],[10.49718,46.06812],[10.49666,46.06802],[10.49567,46.06757],[10.49512,46.06742],[10.49409,46.06731],[10.49254,46.06727],[10.49087,46.06698],[10.49096,46.06722],[10.49186,46.06803],[10.4922,46.06842],[10.49258,46.069],[10.49314,46.07019],[10.49357,46.07074],[10.49392,46.07098],[10.49443,46.07115],[10.49546,46.07123],[10.49615,46.07136],[10.49684,46.07159],[10.4974,46.07186],[10.49782,46.0721],[10.49809,46.07234],[10.49848,46.07329],[10.49876,46.07353],[10.49924,46.07375],[10.50061,46.07406],[10.50542,46.07458],[10.50593,46.07478],[10.50665,46.07531],[10.50765,46.07627],[10.50799,46.07686],[10.50834,46.07729],[10.50842,46.07758],[10.50835,46.07841],[10.50851,46.07877],[10.50885,46.07905],[10.51098,46.08032],[10.5116,46.08079],[10.51203,46.08127],[10.51235,46.08174],[10.51253,46.08258],[10.51267,46.08282],[10.51364,46.08353],[10.51389,46.08389],[10.51416,46.08579],[10.5142,46.08722],[10.51354,46.08936],[10.51326,46.08984],[10.5127,46.09056],[10.51268,46.09079],[10.51282,46.09103],[10.51383,46.09173],[10.5152,46.09229],[10.51589,46.09241],[10.51795,46.09253],[10.51866,46.0927],[10.51962,46.09306],[10.52015,46.09341],[10.52206,46.0952],[10.52327,46.09595],[10.52423,46.09698]]},"properties":{"ele":2480,"major":0}},{"type":"Feature","geometry":{"type":"LineString","coordinates":[[10.6,46.06141],[10.59966,46.06158],[10.59887,46.06233],[10.59794,46.06266],[10.59691,46.06276],[10.59417,46.06251],[10.59348,46.06232],[10.59194,46.06173],[10.58885,46.05978],[10.58786,46.05924],[10.5875,46.05888],[10.58722,46.05804],[10.58627,46.05659],[10.58576,46.0561],[10.58388,46.05459],[10.58368,46.05435],[10.58318,46.05333],[10.58297,46.05304],[10.58232,46.05237],[10.58085,46.05054],[10.57948,46.04935],[10.57911,46.04875],[10.57885,46.04792],[10.57849,46.04732],[10.57741,46.04661],[10.57494,46.0454],[10.57408,46.04471],[10.57365,46.04411],[10.5736,46.04387],[10.57366,46.04327],[10.57386,46.04315],[10.5743,46.04303],[10.57528,46.04295],[10.5758,46.04299],[10.57666,46.04317],[10.57734,46.0434],[10.57803,46.04356],[10.58009,46.04435],[10.58061,46.04449],[10.58438,46.04456],[10.5861,46.04438],[10.58679,46.0445],[10.58747,46.04453],[10.5897,46.04425],[10.59159,46.04383],[10.59194,46.04364],[10.59203,46.04339],[10.59198,46.0428],[10.59204,46.04256],[10.59258,46.04172],[10.59274,46.04125],[10.59276,46.04077],[10.59269,46.04041],[10.59248,46.04005],[10.59197,46.03958],[10.59181,46.03934],[10.59168,46.03815],[10.59149,46.03791],[10.59108,46.0378],[10.5897,46.0377],[10.58799,46.03713],[10.58593,46.0366],[10.5849,46.03621],[10.58444,46.03588],[10.58387,46.03523],[10.58232,46.03299],[10.58181,46.03263],[10.58043,46.03213],[10.58009,46.03185],[10.57982,46.03136],[10.57958,46.03004],[10.57934,46.02945],[10.57844,46.02778],[10.57804,46.02671],[10.57784,46.02575],[10.57788,46.02504],[10.57843,46.02289],[10.57866,46.01979],[10.57883,46.01932],[10.57917,46.01896],[10.57969,46.01872],[10.58146,46.01828],[10.58181,46.01814],[10.58217,46.01789],[10.5823,46.01753],[10.58217,46.01717],[10.58131,46.01598],[10.58079,46.01503],[10.58036,46.01455],[10.58032,46.01395],[10.58037,46.01312],[10.58021,46.01216],[10.58025,46.01157],[10.58016,46.01109],[10.57954,46.00966],[10.57923,46.00934],[10.57878,46.00906],[10.57803,46.00883],[10.577,46.00876],[10.57546,46.00887],[10.57374,46.00883],[10.57323,46.00895],[10.57293,46.00918],[10.57283,46.00954],[10.57308,46.01014],[10.57437,46.01181],[10.57459,46.01216],[10.5747,46.01252],[10.57468,46.01276],[10.57438,46.01359],[10.57428,46.01491],[10.57393,46.01634],[10.57373,46.01669],[10.57357,46.01682],[10.57323,46.01695],[10.57254,46.017],[10.57099,46.01689],[10.56996,46.01692],[10.56687,46.01767],[10.56516,46.01822],[10.56413,46.01825],[10.56104,46.018],[10.56052,46.01811],[10.55966,46.01851],[10.55898,46.01854],[10.55846,46.01837],[10.55813,46.01812],[10.55761,46.01705],[10.55716,46.01658],[10.55658,46.01622],[10.5552,46.01553],[10.55439,46.01491],[10.55383,46.01436],[10.55341,46.01407],[10.55314,46.01374],[10.55297,46.01394],[10.55291,46.01419],[10.55249,46.01503],[10.55252,46.01526],[10.55266,46.0155],[10.55314,46.01588],[10.55434,46.01634],[10.5552,46.01683],[10.55578,46.01729],[10.55611,46.01777],[10.55614,46.01801],[10.5561,46.01824],[10.55559,46.0192],[10.55537,46.02027],[10.55538,46.02087],[10.55547,46.0211],[10.55569,46.02134],[10.55606,46.02154],[10.55657,46.02166],[10.55881,46.02182],[10.55966,46.02213],[10.56172,46.02268],[10.56258,46.02307],[10.56529,46.02456],[10.56562,46.0248],[10.56586,46.02516],[10.56594,46.02552],[10.5659,46.02587],[10.56533,46.02706],[10.56522,46.02754],[10.56536,46.02826],[10.5658,46.02957],[10.56584,46.03004],[10.56577,46.03052],[10.56557,46.031],[10.565,46.03183],[10.56438,46.03314],[10.56413,46.0335],[10.56365,46.03398],[10.5635,46.03433],[10.56354,46.03493],[10.56378,46.036],[10.56454,46.03791],[10.56454,46.03815],[10.56446,46.03839],[10.56427,46.03862],[10.56396,46.03885],[10.56327,46.0391],[10.56258,46.03918],[10.56104,46.03905],[10.56039,46.0391],[10.55992,46.03922],[10.55865,46.0397],[10.55743,46.03989],[10.55554,46.03997],[10.55383,46.03961],[10.55245,46.03909],[10.55108,46.03873],[10.54968,46.03827],[10.54879,46.03791],[10.54838,46.03767],[10.54814,46.03743],[10.54783,46.03696],[10.54724,46.03565],[10.54694,46.03517],[10.54571,46.03374],[10.5449,46.03317],[10.54421,46.03291],[10.5425,46.03245],[10.54095,46.03178],[10.54044,46.03149],[10.54009,46.03138],[10.53958,46.03131],[10.53924,46.03134],[10.53884,46.03147],[10.53853,46.03171],[10.5385,46.03195],[10.53868,46.03267],[10.53908,46.03338],[10.53914,46.03386],[10.53907,46.0341],[10.53889,46.03434],[10.53855,46.03459],[10.53768,46.03505],[10.53754,46.03517],[10.53741,46.03541],[10.53744,46.03565],[10.53755,46.03588],[10.53838,46.03712],[10.53848,46.03755],[10.53836,46.03791],[10.53761,46.03862],[10.53742,46.03898],[10.53743,46.03922],[10.53755,46.03958],[10.53825,46.04065],[10.53835,46.04137],[10.53821,46.04196],[10.53726,46.04387],[10.53724,46.04411],[10.53735,46.04426],[10.53769,46.04445],[10.53872,46.04482],[10.53924,46.0449],[10.54044,46.04488],[10.54336,46.04466],[10.54456,46.04447],[10.54547,46.04458],[10.54576,46.0447],[10.54596,46.04494],[10.5459,46.04518],[10.5456,46.04565],[10.54553,46.04589],[10.54553,46.04613],[10.54565,46.04637],[10.54607,46.04673],[10.54782,46.04781],[10.54808,46.04816],[10.54846,46.04899],[10.54885,46.04929],[10.54919,46.04941],[10.54969,46.04947],[10.55469,46.04945],[10.55554,46.04959],[10.55795,46.05053],[10.55881,46.05078],[10.56001,46.05125],[10.56138,46.05157],[10.56258,46.05172],[10.5631,46.05188],[10.56344,46.05209],[10.5642,46.05292],[10.56523,46.05376],[10.56557,46.05411],[10.5663,46.0553],[10.56637,46.05554],[10.56627,46.05578],[10.56567,46.05624],[10.5645,46.05733],[10.56378,46.05781],[10.5619,46.05874],[10.55881,46.06008],[10.55782,46.06067],[10.55649,46.06221],[10.55572,46.06352],[10.5546,46.06495],[10.55455,46.06519],[10.55459,46.06531],[10.55482,46.06555],[10.5552,46.06569],[10.55743,46.06574],[10.55846,46.06596],[10.55986,46.06674],[10.56109,46.06734],[10.56207,46.06795],[10.56258,46.06816],[10.56756,46.06859],[10.56825,46.0687],[10.56911,46.06894],[10.57168,46.06994],[10.57374,46.07089],[10.57464,46.0715],[10.57528,46.07207],[10.57558,46.07258],[10.576,46.07377],[10.57684,46.07567],[10.57731,46.07651],[10.57786,46.07702],[10.57923,46.07774],[10.57975,46.07816],[10.58026,46.07877],[10.58112,46.08017],[10.58249,46.0814],[10.58301,46.08195],[10.58333,46.08246],[10.58346,46.08282],[10.58345,46.08317],[10.58333,46.08341],[10.58255,46.08425],[10.58221,46.08448],[10.58146,46.08477],[10.57918,46.08532],[10.57895,46.08544],[10.57879,46.08567],[10.57885,46.08579],[10.57918,46.08603],[10.58047,46.08663],[10.58131,46.0871],[10.58158,46.08734],[10.58175,46.0877],[10.58167,46.08901],[10.58175,46.09186],[10.58171,46.09258],[10.58148,46.09329],[10.5808,46.09425],[10.58061,46.09472],[10.58062,46.09508],[10.58088,46.09615],[10.58086,46.09698]]},"properties":{"ele":2480,"major":0}},{"type":"Feature","geometry":{"type":"LineString","coordinates":[[10.6,46.07942],[10.59791,46.07758],[10.59726,46.07722],[10.59554,46.07647],[10.59504,46.07615],[10.59374,46.07496],[10.59276,46.07377],[10.59265,46.07341],[10.59281,46.07305],[10.59314,46.0728],[10.59558,46.07198],[10.59709,46.07181],[10.6,46.07176]]},"properties":{"ele":2480,"major":0}},{"type":"Feature","geometry":{"type":"LineString","coordinates":[[10.47006,46.02715],[10.47109,46.02737],[10.47246,46.02787],[10.47315,46.02802],[10.47589,46.02807],[10.47795,46.02839],[10.47984,46.02856],[10.48293,46.02854],[10.48362,46.02858],[10.48413,46.0287],[10.48465,46.02892],[10.48499,46.02918],[10.48568,46.02991],[10.48619,46.0302],[10.48688,46.03028],[10.48764,46.03004],[10.48842,46.02962],[10.48879,46.02921],[10.48922,46.02671],[10.48952,46.02575],[10.48954,46.0254],[10.48948,46.02516],[10.48887,46.02432],[10.48865,46.02385],[10.48833,46.02265],[10.48827,46.02218],[10.48842,46.0217],[10.48881,46.02122],[10.48945,46.02019],[10.48965,46.01956],[10.4897,46.0186],[10.49004,46.01789],[10.48999,46.01765],[10.48976,46.01741],[10.48822,46.01646],[10.48705,46.01585],[10.48585,46.01534],[10.48533,46.01521],[10.48499,46.01521],[10.48448,46.01532],[10.48242,46.01615],[10.4807,46.01654],[10.47898,46.01711],[10.47847,46.01721],[10.47503,46.01749],[10.47383,46.01743],[10.47229,46.01745],[10.47143,46.0173],[10.47006,46.01685]]},"properties":{"ele":2500,"major":1}},{"type":"Feature","geometry":{"type":"LineString","coordinates":[[10.47006,46.05254],[10.47091,46.05275],[10.47212,46.05284],[10.47315,46.053],[10.47521,46.05362],[10.47744,46.05387],[10.47836,46.05411],[10.47881,46.05437],[10.47921,46.05483],[10.47929,46.05507],[10.47934,46.05566],[10.47947,46.05626],[10.48008,46.05733],[10.48036,46.05761],[10.48207,46.05855],[10.48345,46.05918],[10.48516,46.05973],[10.48636,46.06003],[10.48757,46.06055],[10.4886,46.06083],[10.48886,46.06078],[10.48902,46.06055],[10.48902,46.05959],[10.48875,46.0584],[10.48873,46.05804],[10.489,46.05709],[10.4893,46.05662],[10.4898,46.05634],[10.49117,46.05592],[10.49186,46.05546],[10.4922,46.05533],[10.49289,46.0553],[10.49495,46.05553],[10.49529,46.0555],[10.49563,46.05537],[10.49597,46.05507],[10.49649,46.05418],[10.49693,46.05364],[10.49713,46.05304],[10.49719,46.05256],[10.49712,46.05221],[10.49683,46.05185],[10.49632,46.05165],[10.49563,46.05167],[10.49495,46.05194],[10.49302,46.05304],[10.49271,46.05328],[10.4922,46.05384],[10.49203,46.05393],[10.49151,46.05398],[10.491,46.05396],[10.48893,46.0534],[10.48842,46.05332],[10.48791,46.05335],[10.48739,46.0536],[10.48671,46.05439],[10.48602,46.05487],[10.48533,46.05506],[10.48448,46.05505],[10.48327,46.05484],[10.48259,46.05461],[10.48208,46.05423],[10.48183,46.05376],[10.48157,46.05233],[10.4816,46.05185],[10.48224,46.05042],[10.48276,46.04994],[10.48289,46.04935],[10.48277,46.04923],[10.48248,46.04911],[10.48139,46.04887],[10.48087,46.04867],[10.47955,46.04768],[10.47898,46.04741],[10.4783,46.04729],[10.47778,46.04741],[10.47727,46.04772],[10.47658,46.0483],[10.47538,46.04896],[10.47469,46.04907],[10.47263,46.04921],[10.47194,46.04934],[10.47109,46.04964],[10.47006,46.05015]]},"properties":{"ele":2500,"major":1}},{"type":"Feature","geometry":{"type":"LineString","coordinates":[[10.47006,46.09297],[10.4704,46.09317],[10.4708,46.09353],[10.47107,46.09389],[10.47112,46.09413],[10.47097,46.09484],[10.47023,46.09591],[10.47006,46.09606]]},"properties":{"ele":2500,"major":1}},{"type":"Feature","geometry":{"type":"LineString","coordinates":[[10.48953,46.06317],[10.4898,46.06315],[10.49031,46.063],[10.49072,46.06281],[10.49088,46.06257],[10.49076,46.06221],[10.49049,46.06198],[10.49014,46.06179],[10.4898,46.06165],[10.48945,46.06162],[10.48925,46.06186],[10.48911,46.06245],[10.48921,46.06293],[10.48929,46.06305],[10.48953,46.06317]]},"properties":{"ele":2500,"major":1}},{"type":"Feature","geometry":{"type":"LineString","coordinates":[[10.49674,46.09698],[10.49567,46.09591],[10.49491,46.09532],[10.49375,46.09465],[10.49306,46.09442],[10.49186,46.09433],[10.48516,46.09426],[10.48379,46.0939],[10.48224,46.09371],[10.48173,46.09371],[10.48104,46.09391],[10.48018,46.09357],[10.47795,46.0932],[10.47727,46.09322],[10.47589,46.09342],[10.47503,46.0934],[10.47383,46.093],[10.47091,46.09171],[10.4704,46.09159],[10.47006,46.09161]]},"properties":{"ele":2500,"major":1}},{"type":"Feature","geometry":{"type":"LineString","coordinates":[[10.55328,46.09698],[10.5527,46.09627],[10.55249,46.09567],[10.55211,46.09496],[10.55177,46.09353],[10.55142,46.09306],[10.55028,46.09246],[10.54816,46.0916],[10.54439,46.08968],[10.54387,46.08957],[10.54336,46.08961],[10.54009,46.09066],[10.53906,46.09083],[10.53769,46.09088],[10.53718,46.09083],[10.53649,46.09061],[10.53599,46.09032],[10.5352,46.0896],[10.53468,46.08901],[10.53447,46.08865],[10.53404,46.08675],[10.53407,46.08567],[10.53391,46.08529],[10.53374,46.08517],[10.5334,46.08506],[10.53168,46.08481],[10.52922,46.08389],[10.52863,46.08353],[10.52791,46.08288],[10.5267,46.08199],[10.52627,46.08151],[10.52554,46.08032],[10.5254,46.0796],[10.52539,46.07805],[10.52518,46.07758],[10.52491,46.07734],[10.52414,46.07698],[10.52224,46.07633],[10.52087,46.07572],[10.51881,46.07503],[10.51744,46.07427],[10.51568,46.07341],[10.51438,46.07293],[10.51391,46.07269],[10.51378,46.07258],[10.51371,46.07234],[10.5144,46.07127],[10.51448,46.07091],[10.51432,46.07055],[10.51383,46.07019],[10.51332,46.0701],[10.51177,46.07046],[10.51074,46.07054],[10.51023,46.07047],[10.50834,46.06992],[10.50628,46.0696],[10.50525,46.06952],[10.50405,46.06961],[10.50353,46.06956],[10.50302,46.06934],[10.50235,46.06853],[10.50202,46.06829],[10.50113,46.06783],[10.50061,46.0677],[10.5001,46.06769],[10.49958,46.06777],[10.49801,46.06829],[10.49718,46.06841],[10.49642,46.06829],[10.49529,46.0678],[10.49443,46.06759],[10.49323,46.06754],[10.49254,46.06758],[10.49226,46.06769],[10.49229,46.06793],[10.49282,46.06888],[10.49323,46.06987],[10.49375,46.0705],[10.49443,46.07086],[10.49581,46.07111],[10.49666,46.07136],[10.49801,46.07198],[10.49844,46.07234],[10.49883,46.07317],[10.49924,46.07348],[10.50027,46.0738],[10.50181,46.07408],[10.50473,46.0743],[10.50559,46.07443],[10.50623,46.07472],[10.50731,46.0756],[10.50765,46.07596],[10.50851,46.07726],[10.5086,46.07758],[10.50857,46.07841],[10.50879,46.07877],[10.51114,46.0802],[10.51179,46.08067],[10.5126,46.08151],[10.51314,46.0823],[10.51404,46.08305],[10.51438,46.08353],[10.51448,46.08401],[10.51448,46.08508],[10.51469,46.08587],[10.51497,46.08663],[10.51499,46.08722],[10.51489,46.08758],[10.51435,46.08852],[10.51395,46.08948],[10.51323,46.09056],[10.51317,46.09079],[10.51321,46.09091],[10.51345,46.09115],[10.514,46.09153],[10.51469,46.09183],[10.51538,46.09205],[10.51623,46.09215],[10.51812,46.09217],[10.52011,46.09258],[10.52052,46.09272],[10.52079,46.09294],[10.52146,46.09377],[10.52205,46.09436],[10.52344,46.09538],[10.52392,46.09615],[10.52461,46.09675],[10.52473,46.09698]]},"properties":{"ele":2500,"major":1}},{"type":"Feature","geometry":{"type":"LineString","coordinates":[[10.55463,46.0161],[10.55491,46.0161],[10.55503,46.01598],[10.55476,46.01562],[10.554,46.01499],[10.55366,46.01482],[10.55348,46.0148],[10.55331,46.01484],[10.55308,46.01503],[10.55303,46.01514],[10.55307,46.01538],[10.55331,46.01565],[10.55383,46.01591],[10.55463,46.0161]]},"properties":{"ele":2500,"major":1}},{"type":"Feature","geometry":{"type":"LineString","coordinates":[[10.55689,46.01777],[10.55692,46.01785],[10.55709,46.01753],[10.55708,46.01729],[10.55692,46.01693],[10.5564,46.0166],[10.55606,46.01653],[10.55598,46.01658],[10.55609,46.01681],[10.55689,46.01777]]},"properties":{"ele":2500,"major":1}},{"type":"Feature","geometry":{"type":"LineString","coordinates":[[10.6,46.06179],[10.59983,46.06189],[10.59932,46.06242],[10.59897,46.06265],[10.59846,46.06286],[10.59777,46.06303],[10.59657,46.06311],[10.59417,46.06292],[10.59348,46.06273],[10.59175,46.06209],[10.59039,46.06114],[10.5885,46.05998],[10.58747,46.05942],[10.58707,46.059],[10.58669,46.05804],[10.58622,46.05721],[10.58586,46.05673],[10.58387,46.05522],[10.58327,46.05471],[10.58283,46.05423],[10.5824,46.05352],[10.58096,46.05149],[10.57884,46.04911],[10.57855,46.04858],[10.57816,46.04756],[10.578,46.04732],[10.57719,46.04673],[10.57477,46.04555],[10.57384,46.04482],[10.57325,46.04411],[10.57319,46.04339],[10.57322,46.04327],[10.57337,46.04315],[10.57425,46.04292],[10.57511,46.04284],[10.57612,46.04291],[10.5782,46.0434],[10.58061,46.04427],[10.58146,46.04422],[10.58335,46.0443],[10.58455,46.04444],[10.5861,46.04427],[10.58696,46.04437],[10.58764,46.04437],[10.58919,46.04416],[10.59015,46.04387],[10.5908,46.04351],[10.59098,46.04327],[10.59092,46.04256],[10.591,46.04232],[10.59185,46.0416],[10.59202,46.04137],[10.59208,46.04113],[10.59199,46.04065],[10.59127,46.03982],[10.59115,46.03958],[10.59109,46.03862],[10.591,46.03839],[10.59088,46.03827],[10.59057,46.03815],[10.5897,46.03802],[10.58799,46.03749],[10.58661,46.03718],[10.58524,46.03676],[10.58455,46.03646],[10.58417,46.03624],[10.58387,46.03597],[10.58267,46.03435],[10.58198,46.0336],[10.58164,46.03343],[10.58061,46.03336],[10.58026,46.03324],[10.57975,46.03286],[10.57934,46.03219],[10.57915,46.03147],[10.57907,46.0304],[10.57896,46.02993],[10.57854,46.02885],[10.57761,46.02695],[10.5774,46.02611],[10.57739,46.02552],[10.5775,46.02468],[10.57794,46.02361],[10.5781,46.02301],[10.5781,46.02242],[10.57797,46.02122],[10.578,46.02015],[10.57827,46.01932],[10.57872,46.01884],[10.57923,46.0186],[10.58061,46.0182],[10.58146,46.01804],[10.58186,46.01777],[10.58195,46.01753],[10.58179,46.01705],[10.58107,46.0161],[10.58048,46.01503],[10.58009,46.01455],[10.58016,46.01324],[10.57996,46.01216],[10.58002,46.01169],[10.57997,46.01133],[10.57929,46.0099],[10.57896,46.00954],[10.57855,46.00928],[10.57803,46.00909],[10.57734,46.00899],[10.57528,46.00907],[10.57408,46.00904],[10.57357,46.00914],[10.57323,46.00942],[10.57321,46.00966],[10.57343,46.01014],[10.57382,46.01061],[10.57408,46.01107],[10.5749,46.01205],[10.57512,46.0124],[10.57519,46.01264],[10.57517,46.01288],[10.57484,46.01383],[10.57479,46.01514],[10.57451,46.01634],[10.57431,46.01681],[10.57384,46.01717],[10.5734,46.01728],[10.57288,46.01731],[10.57065,46.01723],[10.5655,46.0185],[10.5643,46.01856],[10.56155,46.01844],[10.56104,46.01854],[10.56033,46.01884],[10.55966,46.01894],[10.55898,46.01888],[10.55802,46.0186],[10.55737,46.01824],[10.55709,46.01796],[10.55692,46.01793],[10.5568,46.01812],[10.55606,46.01881],[10.55588,46.01908],[10.55572,46.01967],[10.55566,46.02051],[10.55579,46.02099],[10.55606,46.02126],[10.55675,46.02149],[10.55795,46.02155],[10.55881,46.02166],[10.55949,46.02192],[10.5619,46.02254],[10.56275,46.02293],[10.56581,46.02456],[10.56625,46.02492],[10.56658,46.0254],[10.56668,46.02575],[10.56665,46.02611],[10.56608,46.02742],[10.56599,46.0279],[10.56601,46.02838],[10.56626,46.02981],[10.56622,46.031],[10.56602,46.03147],[10.56533,46.0324],[10.56441,46.03398],[10.56414,46.03469],[10.56412,46.03529],[10.56425,46.036],[10.56488,46.03755],[10.56501,46.03803],[10.56499,46.03827],[10.56488,46.03851],[10.56466,46.03874],[10.5643,46.039],[10.56378,46.03926],[10.56327,46.03941],[10.56241,46.03948],[10.56138,46.0394],[10.56087,46.03943],[10.55846,46.04017],[10.5564,46.04049],[10.55572,46.04048],[10.55451,46.04025],[10.55245,46.0395],[10.54885,46.03836],[10.54816,46.03802],[10.54778,46.03767],[10.54752,46.03731],[10.54682,46.03576],[10.54653,46.03529],[10.54597,46.03469],[10.54532,46.03386],[10.54464,46.03338],[10.54404,46.03313],[10.54215,46.03258],[10.54027,46.03167],[10.53941,46.03162],[10.53924,46.03169],[10.53912,46.03183],[10.53903,46.03219],[10.53904,46.03255],[10.53952,46.03338],[10.53957,46.03374],[10.53952,46.0341],[10.53924,46.03454],[10.53824,46.03517],[10.53811,46.03529],[10.53801,46.03553],[10.5382,46.03612],[10.53878,46.03708],[10.53889,46.03755],[10.53886,46.03779],[10.53873,46.03803],[10.53801,46.03874],[10.53781,46.0391],[10.53786,46.03951],[10.53868,46.04053],[10.53886,46.04089],[10.53892,46.04125],[10.53882,46.04196],[10.53821,46.04317],[10.53804,46.04363],[10.53803,46.04387],[10.53811,46.04399],[10.53849,46.04423],[10.53906,46.04447],[10.53947,46.04458],[10.54009,46.04465],[10.54095,46.04459],[10.54181,46.04437],[10.54318,46.04426],[10.54456,46.04408],[10.54599,46.04423],[10.54696,46.04446],[10.54712,46.04458],[10.54723,46.04482],[10.54717,46.04506],[10.54685,46.04554],[10.54675,46.04577],[10.54686,46.04625],[10.54727,46.04673],[10.5484,46.04756],[10.54906,46.04851],[10.54936,46.0488],[10.54986,46.04899],[10.55108,46.04922],[10.55228,46.04919],[10.55417,46.04901],[10.55503,46.04905],[10.55623,46.04945],[10.55812,46.05041],[10.55901,46.05066],[10.56018,46.05112],[10.56155,46.05138],[10.5631,46.05135],[10.56344,46.05142],[10.56378,46.0517],[10.56416,46.05245],[10.56443,46.0528],[10.56481,46.05316],[10.5658,46.05388],[10.56636,46.05472],[10.56702,46.05542],[10.56713,46.05566],[10.56712,46.05578],[10.56693,46.05602],[10.56584,46.05663],[10.56503,46.05733],[10.5643,46.05786],[10.56258,46.05878],[10.55898,46.06044],[10.55844,46.06078],[10.55808,46.06114],[10.55681,46.06305],[10.55579,46.06436],[10.55552,46.06483],[10.55549,46.06507],[10.55557,46.06519],[10.55589,46.06532],[10.55778,46.0655],[10.55863,46.06571],[10.55915,46.06594],[10.56018,46.06656],[10.56139,46.0671],[10.56241,46.06765],[10.56275,46.06777],[10.56516,46.06802],[10.56808,46.06844],[10.56928,46.0687],[10.57048,46.06907],[10.57202,46.06962],[10.57408,46.07061],[10.57514,46.07127],[10.57588,46.07186],[10.57628,46.07258],[10.57668,46.07377],[10.5773,46.0752],[10.57779,46.07615],[10.57823,46.07662],[10.57958,46.07743],[10.57992,46.07772],[10.58057,46.07853],[10.58144,46.07996],[10.5819,46.08043],[10.58287,46.08127],[10.5833,46.08174],[10.58371,46.08234],[10.58396,46.08294],[10.58396,46.08329],[10.58383,46.08353],[10.58281,46.08448],[10.58198,46.08492],[10.58026,46.08544],[10.58002,46.08567],[10.58014,46.08591],[10.58046,46.08615],[10.58222,46.0871],[10.58245,46.08734],[10.58257,46.0877],[10.58226,46.08936],[10.58222,46.09056],[10.5823,46.09198],[10.58223,46.09306],[10.5821,46.09353],[10.58164,46.09436],[10.58148,46.09484],[10.58133,46.09698]]},"properties":{"ele":2500,"major":1}},{"type":"Feature","geometry":{"type":"LineString","coordinates":[[10.6,46.07979],[10.59761,46.07782],[10.59542,46.07674],[10.59485,46.07638],[10.5934,46.07508],[10.59231,46.07377],[10.59217,46.07341],[10.5922,46.07317],[10.59233,46.07293],[10.59275,46.07258],[10.59331,46.07234],[10.59485,46.07188],[10.59606,46.07163],[10.5976,46.07145],[10.6,46.07142]]},"properties":{"ele":2500,"major":1}},{"type":"Feature","geometry":{"type":"LineString","coordinates":[[10.47006,46.0266],[10.47229,46.02721],[10.47349,46.02743],[10.47606,46.02754],[10.47967,46.02807],[10.48207,46.02806],[10.48379,46.02823],[10.48448,46.02843],[10.48499,46.02869],[10.48585,46.02957],[10.48619,46.02978],[10.48671,46.02989],[10.48725,46.02981],[10.48788,46.02945],[10.48811,46.02921],[10.48824,46.02897],[10.48841,46.02838],[10.48866,46.02659],[10.48899,46.02552],[10.48891,46.02516],[10.48842,46.02444],[10.48822,46.02397],[10.48787,46.02265],[10.48791,46.02206],[10.4882,46.02146],[10.4886,46.0211],[10.48911,46.02027],[10.48934,46.01979],[10.48941,46.01944],[10.48928,46.01801],[10.48915,46.01777],[10.48881,46.01741],[10.48825,46.01699],[10.48705,46.01628],[10.48568,46.01576],[10.48516,46.01564],[10.48482,46.01564],[10.48413,46.01578],[10.4831,46.01626],[10.48207,46.01657],[10.4807,46.0169],[10.47898,46.01749],[10.47675,46.01791],[10.47486,46.01799],[10.47212,46.01792],[10.47143,46.01776],[10.47006,46.01722]]},"properties":{"ele":2520,"major":0}},{"type":"Feature","geometry":{"type":"LineString","coordinates":[[10.47006,46.05234],[10.47091,46.05258],[10.47212,46.05268],[10.47332,46.05287],[10.47538,46.05347],[10.47778,46.05375],[10.4789,46.05411],[10.47931,46.05435],[10.47963,46.05471],[10.47974,46.05507],[10.47968,46.05578],[10.47976,46.05626],[10.48018,46.05708],[10.48053,46.05746],[10.48151,46.05804],[10.48345,46.05903],[10.48396,46.05916],[10.48516,46.0596],[10.48654,46.05992],[10.48757,46.06033],[10.48808,46.0604],[10.48842,46.06028],[10.48861,46.05983],[10.48861,46.05936],[10.48833,46.05828],[10.48829,46.05769],[10.48846,46.05685],[10.48877,46.05642],[10.48932,46.05614],[10.491,46.05571],[10.49186,46.05509],[10.4922,46.05497],[10.49254,46.05495],[10.49357,46.05517],[10.49478,46.0553],[10.49512,46.05531],[10.49546,46.05522],[10.49586,46.05483],[10.49626,46.05399],[10.49668,46.0534],[10.49679,46.0528],[10.49672,46.05245],[10.49649,46.05216],[10.49615,46.05201],[10.49563,46.052],[10.49512,46.05215],[10.49338,46.05304],[10.49294,46.0534],[10.49246,46.05399],[10.4922,46.05416],[10.49169,46.05425],[10.491,46.05427],[10.48911,46.0538],[10.48825,46.05376],[10.48774,46.05401],[10.48688,46.05489],[10.48636,46.05527],[10.48585,46.05547],[10.48516,46.05551],[10.48259,46.05509],[10.482,46.05483],[10.4816,46.05447],[10.48143,46.05411],[10.48142,46.05292],[10.48132,46.05209],[10.48137,46.05173],[10.48169,46.0509],[10.48178,46.04994],[10.48174,46.04971],[10.48139,46.04935],[10.48053,46.04885],[10.47933,46.04793],[10.47881,46.04766],[10.4783,46.04758],[10.47778,46.04771],[10.47744,46.04789],[10.47675,46.04844],[10.47538,46.04915],[10.47469,46.04928],[10.47212,46.04954],[10.47126,46.04983],[10.47006,46.05043]]},"properties":{"ele":2520,"major":0}},{"type":"Feature","geometry":{"type":"LineString","coordinates":[[10.49636,46.09698],[10.49521,46.09591],[10.49431,46.0952],[10.49349,46.09472],[10.49289,46.09453],[10.49169,46.09445],[10.48825,46.09443],[10.48722,46.0945],[10.48516,46.09446],[10.48379,46.0941],[10.48224,46.09389],[10.4819,46.09388],[10.48121,46.09408],[10.48087,46.09408],[10.48001,46.09371],[10.47778,46.0934],[10.47709,46.09344],[10.47589,46.09364],[10.47503,46.09364],[10.47418,46.09341],[10.47177,46.09237],[10.47126,46.09222],[10.47074,46.09215],[10.47049,46.09222],[10.47038,46.09234],[10.47038,46.09246],[10.47051,46.0927],[10.47126,46.09357],[10.47146,46.09389],[10.4715,46.09413],[10.47131,46.09484],[10.47085,46.09544],[10.47057,46.09593],[10.47006,46.09644]]},"properties":{"ele":2520,"major":0}},{"type":"Feature","geometry":{"type":"LineString","coordinates":[[10.55251,46.09698],[10.55218,46.09639],[10.5517,46.09496],[10.55153,46.09401],[10.5514,46.09377],[10.55108,46.09345],[10.54952,46.09258],[10.54645,46.09137],[10.54421,46.09018],[10.5437,46.09005],[10.54336,46.09006],[10.54027,46.09092],[10.53872,46.09114],[10.537,46.09101],[10.53649,46.09085],[10.53573,46.09044],[10.53502,46.08984],[10.53411,46.08877],[10.53363,46.08746],[10.53318,46.08651],[10.53304,46.08579],[10.53271,46.08562],[10.53134,46.08537],[10.53014,46.08485],[10.52841,46.08425],[10.52776,46.08389],[10.52586,46.08246],[10.52541,46.08186],[10.52478,46.08067],[10.52473,46.0802],[10.52491,46.07901],[10.52492,46.07853],[10.52475,46.07793],[10.5244,46.07758],[10.524,46.07734],[10.52342,46.0771],[10.51864,46.07543],[10.51527,46.07365],[10.51348,46.07305],[10.51302,46.07281],[10.51292,46.07258],[10.51304,46.07222],[10.51383,46.07139],[10.51399,46.07115],[10.514,46.07091],[10.51395,46.07079],[10.51366,46.07055],[10.51314,46.07053],[10.5116,46.07088],[10.5104,46.07088],[10.50954,46.07075],[10.50817,46.07019],[10.50628,46.06989],[10.50542,46.06987],[10.50387,46.07004],[10.50319,46.07002],[10.50267,46.06987],[10.50233,46.06963],[10.50185,46.06876],[10.50148,46.06841],[10.50096,46.06815],[10.50044,46.06803],[10.49941,46.06811],[10.49787,46.06856],[10.49718,46.06866],[10.49666,46.06863],[10.49615,46.06853],[10.49495,46.06803],[10.49426,46.06786],[10.49357,46.06782],[10.49323,46.06791],[10.49306,46.06804],[10.49306,46.06841],[10.49342,46.0696],[10.49361,46.06996],[10.49392,46.07027],[10.4946,46.07064],[10.49615,46.07103],[10.49718,46.07137],[10.49838,46.07197],[10.49879,46.07234],[10.4992,46.07305],[10.49958,46.07334],[10.50078,46.07373],[10.50181,46.07394],[10.50456,46.07409],[10.50576,46.07429],[10.50643,46.0746],[10.50747,46.07543],[10.50777,46.07579],[10.50866,46.07722],[10.50876,46.07758],[10.50875,46.07829],[10.50894,46.07865],[10.50923,46.07889],[10.51129,46.08008],[10.51197,46.08055],[10.51332,46.08177],[10.51435,46.08261],[10.51469,46.08295],[10.51491,46.08329],[10.51499,46.08365],[10.51484,46.08472],[10.51487,46.0852],[10.51508,46.08579],[10.51559,46.08663],[10.51568,46.08722],[10.51549,46.0877],[10.51471,46.08877],[10.51434,46.0896],[10.51385,46.09044],[10.51377,46.09079],[10.51387,46.09103],[10.51413,46.09127],[10.51458,46.09151],[10.51572,46.09185],[10.51658,46.09189],[10.51795,46.09181],[10.52052,46.09189],[10.52121,46.09203],[10.52166,46.09246],[10.52212,46.09329],[10.52247,46.09377],[10.52404,46.09484],[10.52417,46.09508],[10.5242,46.09579],[10.52502,46.09675],[10.52511,46.09698]]},"properties":{"ele":2520,"major":0}},{"type":"Feature","geometry":{"type":"LineString","coordinates":[[10.6,46.06238],[10.59944,46.06281],[10.59897,46.06303],[10.5976,46.06335],[10.59623,46.06344],[10.59451,46.06329],[10.59382,46.06317],[10.59176,46.0625],[10.59142,46.06234],[10.5902,46.06138],[10.58833,46.06022],[10.58718,46.05959],[10.5869,46.05936],[10.58664,46.059],[10.58588,46.05745],[10.58553,46.05697],[10.58404,46.0559],[10.58273,46.05483],[10.58199,46.05411],[10.58091,46.05268],[10.57926,46.05018],[10.5785,46.04923],[10.57795,46.04816],[10.57742,46.04732],[10.57684,46.04685],[10.57477,46.04579],[10.57356,46.04494],[10.5733,46.0447],[10.5729,46.04411],[10.57282,46.04339],[10.57284,46.04327],[10.57296,46.04315],[10.57391,46.04286],[10.57511,46.04272],[10.57614,46.04279],[10.57752,46.04312],[10.57854,46.04327],[10.58061,46.044],[10.58146,46.04398],[10.58335,46.04409],[10.58421,46.04429],[10.58473,46.04432],[10.58593,46.04416],[10.58764,46.0442],[10.58833,46.04407],[10.58902,46.04402],[10.58977,46.04375],[10.59021,46.04339],[10.59029,46.04303],[10.59008,46.04232],[10.59013,46.04208],[10.59037,46.04184],[10.59108,46.04137],[10.59126,46.04101],[10.59117,46.04065],[10.59056,46.03977],[10.59035,46.03886],[10.59019,46.03862],[10.58969,46.03839],[10.58528,46.03708],[10.58387,46.03655],[10.58327,46.03612],[10.58232,46.03491],[10.58181,46.03455],[10.58146,46.03448],[10.58043,46.03464],[10.57992,46.0345],[10.57962,46.03422],[10.57886,46.03267],[10.57868,46.03207],[10.5785,46.03064],[10.57803,46.02957],[10.57765,46.02826],[10.57707,46.02683],[10.57696,46.02635],[10.57697,46.02563],[10.57713,46.02444],[10.57727,46.02408],[10.57765,46.02349],[10.5778,46.02301],[10.57776,46.02254],[10.57742,46.02134],[10.57746,46.02027],[10.57761,46.01979],[10.57784,46.01932],[10.57841,46.01872],[10.57906,46.01841],[10.58129,46.01783],[10.58151,46.01765],[10.58159,46.01741],[10.58146,46.01705],[10.58064,46.01598],[10.58027,46.01514],[10.57985,46.01455],[10.57993,46.01336],[10.57971,46.01216],[10.57979,46.01169],[10.57968,46.01121],[10.57906,46.01013],[10.57873,46.00978],[10.57837,46.00953],[10.57769,46.00928],[10.57666,46.0092],[10.57528,46.00928],[10.57425,46.00925],[10.57391,46.00932],[10.57362,46.00954],[10.57361,46.00978],[10.57375,46.01014],[10.57545,46.01228],[10.57563,46.01264],[10.57568,46.01288],[10.57565,46.01312],[10.57532,46.01407],[10.5753,46.01538],[10.57509,46.01634],[10.57471,46.01705],[10.57418,46.01741],[10.57374,46.01754],[10.57323,46.0176],[10.57082,46.0176],[10.56533,46.01882],[10.5631,46.01896],[10.56001,46.01926],[10.55928,46.0192],[10.55743,46.01879],[10.55692,46.01876],[10.5564,46.01891],[10.55606,46.01931],[10.55596,46.01979],[10.55599,46.02051],[10.55614,46.02087],[10.5564,46.02113],[10.55692,46.02131],[10.55795,46.02135],[10.55881,46.02151],[10.55949,46.02177],[10.56052,46.02204],[10.56155,46.02222],[10.56224,46.02247],[10.56642,46.02468],[10.56688,46.02516],[10.56723,46.02575],[10.56732,46.02611],[10.56729,46.02647],[10.56681,46.0279],[10.56671,46.02838],[10.5667,46.02969],[10.56679,46.03076],[10.5667,46.0314],[10.56644,46.03195],[10.56567,46.03281],[10.5653,46.03338],[10.56492,46.0341],[10.56469,46.03493],[10.56464,46.03541],[10.5647,46.03588],[10.56534,46.03755],[10.56548,46.03815],[10.56531,46.03862],[10.56508,46.03886],[10.56472,46.0391],[10.56396,46.0395],[10.56327,46.03972],[10.56121,46.03981],[10.55846,46.04056],[10.55657,46.04086],[10.55572,46.04089],[10.55451,46.04063],[10.55022,46.03909],[10.54851,46.03857],[10.5479,46.03827],[10.54748,46.03789],[10.5471,46.03743],[10.54614,46.03553],[10.54562,46.03493],[10.54507,46.0341],[10.54448,46.03362],[10.54387,46.03334],[10.54215,46.03284],[10.54009,46.0321],[10.53992,46.03209],[10.53975,46.03216],[10.53966,46.03231],[10.54002,46.03326],[10.54003,46.03374],[10.53995,46.03422],[10.53975,46.03458],[10.53878,46.03529],[10.53857,46.03565],[10.53867,46.03612],[10.5392,46.03719],[10.53925,46.03779],[10.53906,46.03819],[10.53838,46.03893],[10.53825,46.03922],[10.53835,46.03958],[10.53913,46.04053],[10.53938,46.04113],[10.5394,46.04184],[10.53906,46.04327],[10.53907,46.04351],[10.53923,46.04375],[10.54009,46.04424],[10.54044,46.04434],[10.54078,46.04431],[10.54138,46.04399],[10.54164,46.04392],[10.54233,46.04392],[10.54421,46.04373],[10.54524,46.04379],[10.5473,46.04415],[10.54773,46.04434],[10.548,46.0447],[10.54798,46.04506],[10.54771,46.04589],[10.54782,46.04627],[10.54888,46.04732],[10.54962,46.04828],[10.55005,46.04859],[10.55064,46.04887],[10.55108,46.04897],[10.55211,46.04897],[10.554,46.04873],[10.55503,46.04876],[10.5564,46.04917],[10.55829,46.05028],[10.56035,46.051],[10.56172,46.05117],[10.56224,46.05112],[10.5631,46.05087],[10.56361,46.05092],[10.56393,46.05114],[10.56413,46.05141],[10.56427,46.05173],[10.5644,46.05233],[10.56472,46.0528],[10.56516,46.05316],[10.56609,46.05376],[10.56632,46.05399],[10.56681,46.05471],[10.56789,46.05554],[10.5681,46.05578],[10.5681,46.05602],[10.56799,46.05614],[10.56752,46.05638],[10.56619,46.05683],[10.56464,46.058],[10.56293,46.05904],[10.56088,46.05995],[10.55898,46.06099],[10.55851,46.0615],[10.55759,46.06305],[10.55665,46.06424],[10.55652,46.06448],[10.55651,46.06472],[10.55658,46.06483],[10.55692,46.06501],[10.55829,46.0653],[10.55915,46.06559],[10.56054,46.06638],[10.56275,46.06736],[10.56499,46.06763],[10.56705,46.06805],[10.57048,46.06853],[10.57099,46.06865],[10.57511,46.07065],[10.57614,46.07136],[10.57664,46.07186],[10.57691,46.07234],[10.5773,46.07341],[10.57859,46.07615],[10.57895,46.07651],[10.58008,46.07722],[10.58046,46.07758],[10.58116,46.07853],[10.58193,46.07984],[10.5836,46.08151],[10.5841,46.08222],[10.58458,46.08305],[10.58456,46.08341],[10.58414,46.08389],[10.58301,46.08478],[10.58151,46.08555],[10.58131,46.08579],[10.58133,46.08591],[10.58154,46.08615],[10.58304,46.0871],[10.58332,46.08746],[10.58345,46.08782],[10.5834,46.08829],[10.58296,46.08948],[10.58282,46.0902],[10.5828,46.09067],[10.58293,46.09198],[10.58281,46.09365],[10.58201,46.09591],[10.58183,46.09698]]},"properties":{"ele":2520,"major":0}},{"type":"Feature","geometry":{"type":"LineString","coordinates":[[10.6,46.08011],[10.59966,46.07992],[10.59846,46.07893],[10.59727,46.07805],[10.595,46.07686],[10.59348,46.07574],[10.59235,46.0746],[10.5918,46.07377],[10.5917,46.07329],[10.59184,46.07281],[10.59221,46.07246],[10.59279,46.07214],[10.59365,46.07186],[10.59468,46.07162],[10.5976,46.07113],[10.59863,46.07107],[10.6,46.07109]]},"properties":{"ele":2520,"major":0}},{"type":"Feature","geometry":{"type":"LineString","coordinates":[[10.47006,46.02616],[10.47109,46.0265],[10.47366,46.0269],[10.47761,46.02717],[10.47984,46.02763],[10.48224,46.02763],[10.48345,46.02778],[10.4843,46.028],[10.48499,46.02828],[10.48636,46.0293],[10.48671,46.02938],[10.487,46.02933],[10.48739,46.02904],[10.48772,46.02849],[10.48811,46.02611],[10.48803,46.02528],[10.48773,46.02397],[10.48755,46.02361],[10.48722,46.02334],[10.48714,46.02313],[10.48737,46.02277],[10.48765,46.02182],[10.48808,46.02122],[10.48853,46.02087],[10.48908,46.01979],[10.48915,46.01944],[10.48905,46.01884],[10.48889,46.01836],[10.48858,46.01789],[10.48811,46.01741],[10.48654,46.01649],[10.48551,46.01615],[10.48499,46.01606],[10.48448,46.01606],[10.48396,46.01616],[10.48224,46.01679],[10.48091,46.01717],[10.47915,46.01778],[10.47778,46.01815],[10.47675,46.01832],[10.47521,46.01838],[10.47212,46.01834],[10.47109,46.0181],[10.47006,46.01761]]},"properties":{"ele":2540,"major":0}},{"type":"Feature","geometry":{"type":"LineString","coordinates":[[10.47006,46.05212],[10.47109,46.05243],[10.47229,46.05255],[10.47349,46.05274],[10.47538,46.05329],[10.47795,46.0536],[10.48001,46.05429],[10.48036,46.05434],[10.48053,46.05432],[10.4807,46.05418],[10.48108,46.05352],[10.48115,46.05292],[10.48108,46.05185],[10.48135,46.0509],[10.48132,46.05066],[10.48113,46.05018],[10.4806,46.04935],[10.47933,46.04828],[10.47881,46.04801],[10.4783,46.04791],[10.47761,46.0481],[10.47692,46.04857],[10.47555,46.04929],[10.47486,46.04946],[10.47263,46.04971],[10.47194,46.04985],[10.47109,46.05018],[10.47006,46.05076]]},"properties":{"ele":2540,"major":0}},{"type":"Feature","geometry":{"type":"LineString","coordinates":[[10.48713,46.05995],[10.48774,46.06006],[10.48802,46.05995],[10.48815,46.05971],[10.48815,46.05912],[10.48774,46.05757],[10.48773,46.05662],[10.48779,46.05626],[10.48789,46.05614],[10.48815,46.05602],[10.49094,46.05542],[10.49146,46.05495],[10.49153,46.05483],[10.49151,46.05465],[10.49134,46.05458],[10.49031,46.05467],[10.4898,46.0544],[10.48945,46.0543],[10.48894,46.05427],[10.4886,46.05432],[10.48825,46.05447],[10.48791,46.05473],[10.48753,46.05519],[10.48718,46.05578],[10.48695,46.0559],[10.48654,46.05595],[10.48533,46.0559],[10.48276,46.05552],[10.48182,46.0553],[10.48087,46.05493],[10.4807,46.05491],[10.48053,46.05502],[10.48018,46.0557],[10.48014,46.05638],[10.4804,46.05697],[10.48091,46.05745],[10.48167,46.05793],[10.48327,46.05879],[10.48413,46.05898],[10.48518,46.05947],[10.48636,46.0597],[10.48713,46.05995]]},"properties":{"ele":2540,"major":0}},{"type":"Feature","geometry":{"type":"LineString","coordinates":[[10.49437,46.05507],[10.49529,46.05504],[10.49546,46.05495],[10.49567,46.05471],[10.49625,46.05328],[10.49617,46.0528],[10.49598,46.05255],[10.49563,46.05244],[10.49529,46.05245],[10.49426,46.0528],[10.49342,46.05328],[10.49301,46.05376],[10.49282,46.05423],[10.49287,46.05447],[10.49306,46.0547],[10.49357,46.05494],[10.49437,46.05507]]},"properties":{"ele":2540,"major":0}},{"type":"Feature","geometry":{"type":"LineString","coordinates":[[10.49596,46.09698],[10.49391,46.0952],[10.49332,46.09484],[10.49272,46.09465],[10.49169,46.09459],[10.4898,46.09462],[10.48825,46.09458],[10.48739,46.09466],[10.48499,46.09461],[10.48379,46.0943],[10.48207,46.09406],[10.48173,46.09408],[10.48121,46.09423],[10.48087,46.09424],[10.48001,46.09387],[10.47778,46.09361],[10.47709,46.09365],[10.47572,46.09388],[10.47503,46.09387],[10.47407,46.09365],[10.47246,46.09296],[10.47177,46.09283],[10.4716,46.09289],[10.47152,46.09306],[10.47161,46.09341],[10.47184,46.09389],[10.4717,46.09472],[10.47074,46.09603],[10.47029,46.09651],[10.47006,46.09695]]},"properties":{"ele":2540,"major":0}},{"type":"Feature","geometry":{"type":"LineString","coordinates":[[10.55181,46.09698],[10.55147,46.09615],[10.55137,46.09556],[10.55118,46.09496],[10.55107,46.09425],[10.55081,46.09389],[10.55029,46.09353],[10.54902,46.09286],[10.54645,46.09195],[10.54439,46.09084],[10.5437,46.09066],[10.54284,46.0907],[10.54061,46.09119],[10.53924,46.09143],[10.53855,46.09147],[10.53752,46.09138],[10.53666,46.09122],[10.53546,46.09063],[10.53474,46.09008],[10.53369,46.08889],[10.53337,46.08829],[10.53318,46.08746],[10.53306,46.08719],[10.5322,46.08641],[10.53185,46.08621],[10.53048,46.08575],[10.52909,46.08508],[10.52739,46.0844],[10.52675,46.08401],[10.52466,46.08246],[10.52447,46.08218],[10.52392,46.08079],[10.52394,46.08043],[10.52423,46.07948],[10.52439,46.07865],[10.52425,46.07817],[10.52393,46.07782],[10.52356,46.07758],[10.52276,46.07726],[10.51881,46.07603],[10.51658,46.07481],[10.51469,46.07386],[10.51383,46.07356],[10.51217,46.07317],[10.51201,46.07305],[10.51197,46.07281],[10.51259,46.07174],[10.51264,46.0715],[10.51253,46.07138],[10.51194,46.07127],[10.50902,46.07118],[10.50805,46.07055],[10.50645,46.07021],[10.50559,46.07019],[10.50353,46.0704],[10.50267,46.0703],[10.50216,46.07013],[10.50181,46.06994],[10.50148,46.0696],[10.50096,46.0687],[10.5007,46.06853],[10.50027,46.06839],[10.49924,46.06841],[10.49769,46.0688],[10.49684,46.06888],[10.49598,46.06877],[10.49426,46.06833],[10.49392,46.06839],[10.49378,46.06853],[10.49367,46.06888],[10.49375,46.06947],[10.49392,46.06984],[10.49426,46.07017],[10.49495,46.0705],[10.49718,46.07114],[10.49857,46.07186],[10.49901,46.07222],[10.4995,46.07293],[10.50003,46.07329],[10.50113,46.07368],[10.50199,46.07383],[10.50422,46.07387],[10.50559,46.07405],[10.50667,46.07448],[10.50748,46.07514],[10.50784,46.07555],[10.50817,46.07619],[10.50883,46.07722],[10.50892,46.07758],[10.50895,46.07829],[10.50919,46.07865],[10.51163,46.08008],[10.51332,46.08132],[10.514,46.08175],[10.51469,46.08239],[10.51523,46.08317],[10.51537,46.08377],[10.51521,46.08484],[10.51527,46.08532],[10.51551,46.08579],[10.51621,46.08663],[10.51631,46.08686],[10.51633,46.08722],[10.51615,46.0877],[10.5152,46.08879],[10.51479,46.08948],[10.51436,46.09056],[10.51436,46.09079],[10.51446,46.09103],[10.51469,46.09123],[10.51503,46.09139],[10.51555,46.09154],[10.51606,46.09161],[10.51658,46.09163],[10.51778,46.09151],[10.5207,46.09141],[10.52155,46.09154],[10.5219,46.09182],[10.52258,46.0928],[10.5231,46.09338],[10.52361,46.09372],[10.52464,46.09419],[10.52498,46.09448],[10.52504,46.09484],[10.52466,46.09556],[10.52466,46.09579],[10.52548,46.09698]]},"properties":{"ele":2540,"major":0}},{"type":"Feature","geometry":{"type":"LineString","coordinates":[[10.6,46.06294],[10.59932,46.06326],[10.5988,46.06342],[10.59691,46.06371],[10.59623,46.06373],[10.59503,46.06364],[10.59348,46.0634],[10.59125,46.06263],[10.58984,46.0615],[10.58696,46.05977],[10.58661,46.05947],[10.58602,46.05876],[10.58564,46.05816],[10.5853,46.05745],[10.58507,46.05715],[10.58387,46.05628],[10.58162,46.05447],[10.58081,46.05352],[10.57998,46.05268],[10.57913,46.05125],[10.57869,46.05018],[10.57763,46.0484],[10.57717,46.04778],[10.57631,46.04696],[10.57477,46.04608],[10.57323,46.04497],[10.57278,46.04446],[10.57259,46.04411],[10.57253,46.04339],[10.57254,46.04327],[10.57271,46.0431],[10.57391,46.04273],[10.57511,46.0426],[10.57597,46.04265],[10.57769,46.04299],[10.57889,46.04309],[10.57958,46.0433],[10.58061,46.04376],[10.58335,46.04393],[10.58455,46.0442],[10.58507,46.04421],[10.5861,46.04402],[10.58713,46.04405],[10.58885,46.04384],[10.58941,46.04363],[10.5897,46.04339],[10.58977,46.04303],[10.58938,46.0422],[10.58939,46.04196],[10.58955,46.04172],[10.59034,46.04113],[10.59047,46.04089],[10.59041,46.04053],[10.59001,46.03982],[10.58977,46.0391],[10.58959,46.03886],[10.58921,46.03862],[10.58799,46.03818],[10.5837,46.03686],[10.58215,46.03619],[10.58146,46.03599],[10.5797,46.03565],[10.57861,46.03529],[10.5782,46.03505],[10.57818,46.03481],[10.57836,46.03422],[10.57843,46.03362],[10.57816,46.03231],[10.57808,46.031],[10.57791,46.03052],[10.57707,46.02945],[10.57684,46.02897],[10.57678,46.02861],[10.5768,46.02766],[10.57649,46.02647],[10.57665,46.0248],[10.57675,46.02432],[10.5769,46.02397],[10.57736,46.02337],[10.5775,46.02289],[10.57738,46.02242],[10.57702,46.02182],[10.57689,46.02146],[10.57696,46.02039],[10.57711,46.01991],[10.57744,46.01932],[10.57773,46.01896],[10.57816,46.0186],[10.57889,46.01824],[10.58009,46.01795],[10.58095,46.01765],[10.5811,46.01753],[10.58117,46.01729],[10.581,46.01693],[10.58028,46.01598],[10.58,46.01514],[10.57961,46.01455],[10.57958,46.01419],[10.57966,46.01336],[10.57947,46.01228],[10.57957,46.01169],[10.57949,46.01133],[10.57889,46.01037],[10.57854,46.01002],[10.57803,46.0097],[10.57734,46.00948],[10.57666,46.00944],[10.57443,46.0095],[10.57405,46.00966],[10.574,46.0099],[10.57408,46.01012],[10.57445,46.01061],[10.57494,46.01111],[10.57521,46.01157],[10.5759,46.0124],[10.5761,46.01276],[10.57616,46.013],[10.57611,46.01336],[10.57584,46.01419],[10.57585,46.01562],[10.57575,46.0161],[10.57556,46.01658],[10.57528,46.01705],[10.57494,46.01739],[10.5746,46.01759],[10.57408,46.01776],[10.5734,46.01788],[10.57099,46.01799],[10.56584,46.01906],[10.5643,46.01925],[10.56275,46.01964],[10.55984,46.01951],[10.55795,46.01917],[10.55726,46.01911],[10.55657,46.01924],[10.55632,46.01956],[10.55626,46.01991],[10.55631,46.02039],[10.55648,46.02075],[10.55675,46.021],[10.55726,46.02116],[10.55795,46.02119],[10.55863,46.02131],[10.56052,46.02189],[10.56155,46.02203],[10.56224,46.02226],[10.56396,46.02313],[10.56481,46.02368],[10.56662,46.02456],[10.5672,46.02504],[10.56765,46.02575],[10.56778,46.02623],[10.5678,46.02683],[10.56729,46.02957],[10.56729,46.03088],[10.56715,46.03171],[10.56687,46.03227],[10.56602,46.03316],[10.56567,46.03363],[10.56539,46.03422],[10.56519,46.03505],[10.56516,46.03553],[10.56521,46.03588],[10.5657,46.03708],[10.56597,46.03815],[10.56585,46.03862],[10.56533,46.03912],[10.5643,46.03969],[10.56344,46.04],[10.56121,46.04023],[10.55829,46.04097],[10.55623,46.04122],[10.55554,46.04119],[10.55314,46.04055],[10.55194,46.04012],[10.55039,46.03945],[10.54816,46.03874],[10.54766,46.03851],[10.5473,46.03822],[10.54679,46.0376],[10.54591,46.036],[10.54533,46.03529],[10.5447,46.03422],[10.54431,46.03386],[10.54353,46.03349],[10.54267,46.03324],[10.54181,46.03307],[10.5413,46.03301],[10.54095,46.03307],[10.54078,46.03321],[10.54068,46.03338],[10.54041,46.03433],[10.54023,46.03469],[10.53931,46.03541],[10.53914,46.03565],[10.53912,46.036],[10.53953,46.03719],[10.53961,46.03779],[10.53948,46.03827],[10.53894,46.03898],[10.5388,46.03934],[10.53892,46.0397],[10.53952,46.04053],[10.53974,46.04101],[10.53983,46.04148],[10.53978,46.04232],[10.53987,46.04315],[10.53996,46.04339],[10.54008,46.04351],[10.54044,46.04365],[10.54095,46.0437],[10.54404,46.04342],[10.54507,46.04344],[10.54559,46.04349],[10.54645,46.04378],[10.54748,46.04387],[10.54799,46.04404],[10.54833,46.04428],[10.54857,46.04458],[10.54866,46.04482],[10.54871,46.04565],[10.54883,46.04613],[10.54971,46.04764],[10.55025,46.04828],[10.55091,46.04871],[10.55211,46.04879],[10.55434,46.04849],[10.5555,46.04863],[10.55675,46.04902],[10.55858,46.05018],[10.56018,46.05077],[10.56069,46.0509],[10.56138,46.05095],[10.5619,46.05091],[10.5631,46.05047],[10.56344,46.05046],[10.56378,46.05056],[10.56413,46.05081],[10.56436,46.05114],[10.56456,46.05161],[10.56466,46.05233],[10.56499,46.05279],[10.56634,46.05364],[10.56671,46.05399],[10.56707,46.05447],[10.56735,46.05471],[10.56897,46.05566],[10.56938,46.05602],[10.56941,46.05626],[10.56933,46.05638],[10.56911,46.05648],[10.56687,46.05694],[10.56636,46.05714],[10.56408,46.05876],[10.56327,46.0594],[10.56136,46.06019],[10.55954,46.06126],[10.55915,46.06161],[10.55876,46.06209],[10.55817,46.06317],[10.5575,46.06412],[10.55745,46.06448],[10.55778,46.06476],[10.55932,46.06536],[10.56105,46.06626],[10.56293,46.06702],[10.56361,46.06713],[10.56516,46.06724],[10.56687,46.06768],[10.56773,46.06782],[10.56911,46.0679],[10.57048,46.06771],[10.57117,46.06786],[10.5718,46.06817],[10.57323,46.06918],[10.57494,46.06985],[10.57546,46.07012],[10.57631,46.07075],[10.57724,46.07174],[10.57765,46.07234],[10.57873,46.0746],[10.57904,46.07567],[10.57921,46.07603],[10.57957,46.07639],[10.58068,46.0771],[10.58205,46.07817],[10.58243,46.07936],[10.58265,46.07984],[10.58301,46.0803],[10.58395,46.08127],[10.58511,46.08282],[10.58527,46.08317],[10.58522,46.08353],[10.58505,46.08377],[10.58269,46.08555],[10.58252,46.08579],[10.58253,46.08603],[10.58269,46.08627],[10.58412,46.08758],[10.58431,46.08794],[10.58438,46.08853],[10.58426,46.08913],[10.5837,46.09006],[10.58356,46.09056],[10.58359,46.09234],[10.58348,46.09401],[10.58279,46.09567],[10.58236,46.09698]]},"properties":{"ele":2540,"major":0}},{"type":"Feature","geometry":{"type":"LineString","coordinates":[[10.6,46.08044],[10.59956,46.0802],[10.59674,46.07816],[10.59468,46.07702],[10.59309,46.07591],[10.59186,46.07484],[10.59124,46.07377],[10.59113,46.07317],[10.59123,46.07269],[10.59144,46.07246],[10.59245,46.07187],[10.59331,46.07156],[10.5959,46.07115],[10.59794,46.07073],[10.5988,46.07069],[10.6,46.07075]]},"properties":{"ele":2540,"major":0}},{"type":"Feature","geometry":{"type":"LineString","coordinates":[[10.6,46.08282],[10.59969,46.08258],[10.59963,46.08234],[10.59978,46.0821],[10.6,46.08198]]},"properties":{"ele":2540,"major":0}},{"type":"Feature","geometry":{"type":"LineString","coordinates":[[10.6,46.09074],[10.59983,46.09035],[10.59976,46.08996],[10.59981,46.08972],[10.6,46.08947]]},"properties":{"ele":2540,"major":0}},{"type":"Feature","geometry":{"type":"LineString","coordinates":[[10.47006,46.02576],[10.47091,46.02604],[10.47143,46.02613],[10.47263,46.02624],[10.47521,46.0266],[10.47761,46.02669],[10.48001,46.02718],[10.48293,46.02726],[10.48473,46.02778],[10.48619,46.02849],[10.48671,46.02849],[10.48705,46.02826],[10.48719,46.02802],[10.48756,46.02623],[10.48748,46.02575],[10.4875,46.02444],[10.48729,46.02385],[10.48688,46.02331],[10.48684,46.02301],[10.48712,46.02254],[10.48739,46.0217],[10.48791,46.02106],[10.48825,46.02086],[10.48842,46.02065],[10.48885,46.01967],[10.48887,46.01944],[10.48877,46.01895],[10.48853,46.01848],[10.48791,46.01782],[10.48739,46.01742],[10.48619,46.01678],[10.48499,46.01649],[10.48448,46.01643],[10.48362,46.01651],[10.48293,46.01669],[10.48224,46.01705],[10.48036,46.01776],[10.47812,46.01844],[10.47692,46.01864],[10.47383,46.01873],[10.47229,46.01867],[10.47109,46.01843],[10.47006,46.01794]]},"properties":{"ele":2560,"major":0}},{"type":"Feature","geometry":{"type":"LineString","coordinates":[[10.47006,46.05177],[10.47061,46.05209],[10.47109,46.05224],[10.47332,46.05254],[10.47538,46.05312],[10.47744,46.05332],[10.4795,46.05382],[10.48001,46.05386],[10.48053,46.05367],[10.48082,46.05328],[10.48088,46.0528],[10.4808,46.05173],[10.48099,46.0509],[10.48091,46.05054],[10.48034,46.04959],[10.4795,46.04872],[10.47933,46.04859],[10.47864,46.04832],[10.47812,46.04827],[10.47761,46.0484],[10.47617,46.04923],[10.47555,46.04949],[10.47418,46.04981],[10.47229,46.05003],[10.4716,46.05024],[10.47077,46.05066],[10.47006,46.05125]]},"properties":{"ele":2560,"major":0}},{"type":"Feature","geometry":{"type":"LineString","coordinates":[[10.487,46.05959],[10.48739,46.0596],[10.48756,46.05947],[10.48762,46.05924],[10.4876,46.05888],[10.48736,46.05793],[10.48701,46.05697],[10.48684,46.05673],[10.48654,46.05651],[10.48585,46.05629],[10.48413,46.05598],[10.48139,46.0557],[10.48104,46.05572],[10.48087,46.05581],[10.48071,46.05602],[10.48062,46.0565],[10.48073,46.05685],[10.48117,46.05733],[10.48184,46.05781],[10.48327,46.0586],[10.48396,46.05874],[10.48528,46.05936],[10.487,46.05959]]},"properties":{"ele":2560,"major":0}},{"type":"Feature","geometry":{"type":"LineString","coordinates":[[10.49428,46.05483],[10.49512,46.05479],[10.49529,46.05472],[10.49546,46.05454],[10.49585,46.0534],[10.49581,46.05316],[10.49563,46.05294],[10.49546,46.05286],[10.49512,46.05283],[10.49443,46.05297],[10.49383,46.05328],[10.4934,46.05372],[10.49326,46.05411],[10.4934,46.05446],[10.49379,46.05471],[10.49428,46.05483]]},"properties":{"ele":2560,"major":0}},{"type":"Feature","geometry":{"type":"LineString","coordinates":[[10.49551,46.09698],[10.49348,46.0952],[10.49306,46.09494],[10.49254,46.09478],[10.49169,46.09473],[10.4898,46.09479],[10.48842,46.0947],[10.48739,46.09478],[10.48499,46.09476],[10.48207,46.09423],[10.48087,46.09438],[10.47984,46.094],[10.47795,46.09383],[10.47727,46.09385],[10.47589,46.0941],[10.47521,46.09412],[10.47385,46.09389],[10.4728,46.09355],[10.47246,46.09351],[10.4723,46.09365],[10.47224,46.09401],[10.47194,46.09484],[10.47139,46.09544],[10.47099,46.09603],[10.47055,46.09651],[10.47049,46.09675],[10.47056,46.09698]]},"properties":{"ele":2560,"major":0}},{"type":"Feature","geometry":{"type":"LineString","coordinates":[[10.5511,46.09698],[10.55054,46.0952],[10.55041,46.09448],[10.55018,46.09413],[10.54902,46.09346],[10.54645,46.09241],[10.5449,46.09157],[10.54439,46.09135],[10.54387,46.0912],[10.54336,46.09116],[10.53906,46.09178],[10.53786,46.09175],[10.53632,46.09148],[10.53546,46.09113],[10.53486,46.09079],[10.53424,46.09032],[10.53327,46.08925],[10.53291,46.08865],[10.53255,46.08758],[10.53233,46.08734],[10.53123,46.08675],[10.527,46.08484],[10.5262,46.08436],[10.52526,46.08365],[10.52392,46.08282],[10.52369,46.08246],[10.52323,46.08079],[10.52329,46.08032],[10.5236,46.0796],[10.52379,46.07877],[10.52374,46.07841],[10.52344,46.07803],[10.5231,46.07782],[10.52241,46.07753],[10.51876,46.07651],[10.51452,46.07427],[10.51386,46.074],[10.5128,46.07375],[10.51177,46.07365],[10.51091,46.07365],[10.51042,46.07353],[10.51033,46.07341],[10.5104,46.07325],[10.51135,46.07246],[10.51155,46.07222],[10.51162,46.07198],[10.51158,46.07186],[10.51143,46.07173],[10.51108,46.07162],[10.5104,46.07154],[10.50885,46.07166],[10.50851,46.07163],[10.50821,46.0715],[10.50774,46.07103],[10.50748,46.07085],[10.507,46.07067],[10.50638,46.07055],[10.50559,46.07051],[10.50353,46.07068],[10.50246,46.07055],[10.50199,46.07041],[10.50147,46.07016],[10.50113,46.06987],[10.5004,46.069],[10.5001,46.06881],[10.49975,46.06871],[10.49907,46.06869],[10.49752,46.06901],[10.49666,46.0691],[10.49478,46.06891],[10.49443,46.069],[10.49429,46.06912],[10.49422,46.06936],[10.49426,46.0696],[10.49439,46.06984],[10.49466,46.07007],[10.49598,46.07061],[10.49718,46.07092],[10.49804,46.07144],[10.49872,46.07176],[10.49907,46.07199],[10.49975,46.07286],[10.50044,46.07328],[10.50113,46.07353],[10.50199,46.07368],[10.50439,46.07365],[10.50542,46.0738],[10.50697,46.07436],[10.50734,46.0746],[10.50799,46.07544],[10.50833,46.07615],[10.50893,46.0771],[10.50907,46.07758],[10.50912,46.07817],[10.50931,46.07853],[10.50971,46.07883],[10.51174,46.07996],[10.51314,46.08085],[10.51432,46.08151],[10.51486,46.08212],[10.51555,46.08329],[10.51568,46.08389],[10.51563,46.08496],[10.51568,46.08532],[10.51589,46.08568],[10.51679,46.08663],[10.51689,46.08686],[10.51689,46.0871],[10.5168,46.08746],[10.51659,46.08782],[10.51553,46.08901],[10.51516,46.0896],[10.51493,46.09032],[10.51493,46.09067],[10.51502,46.09091],[10.5152,46.09108],[10.51555,46.09123],[10.51623,46.09134],[10.52087,46.09108],[10.52155,46.0911],[10.52207,46.09126],[10.52234,46.09151],[10.52287,46.09246],[10.52344,46.09302],[10.52396,46.09331],[10.52529,46.09377],[10.52568,46.09413],[10.52581,46.09448],[10.52577,46.09472],[10.52557,46.09508],[10.52515,46.09556],[10.52507,46.09579],[10.52519,46.09615],[10.5254,46.09651],[10.52594,46.09698]]},"properties":{"ele":2560,"major":0}},{"type":"Feature","geometry":{"type":"LineString","coordinates":[[10.6,46.06335],[10.5988,46.06375],[10.59709,46.06399],[10.59468,46.0639],[10.59331,46.06368],[10.59094,46.06281],[10.5897,46.06179],[10.58675,46.05995],[10.5863,46.05959],[10.58533,46.05864],[10.58439,46.05733],[10.58279,46.0559],[10.58106,46.05459],[10.57952,46.05304],[10.57853,46.05137],[10.57803,46.05014],[10.57741,46.04887],[10.5771,46.0484],[10.57683,46.0481],[10.57597,46.04737],[10.5746,46.04642],[10.57291,46.04494],[10.57256,46.04458],[10.57234,46.04411],[10.57228,46.04387],[10.57228,46.04339],[10.57237,46.04315],[10.57251,46.04303],[10.57357,46.04267],[10.57477,46.04248],[10.57597,46.04252],[10.57786,46.04283],[10.57923,46.04288],[10.57992,46.04307],[10.58085,46.04351],[10.58232,46.04373],[10.58352,46.0438],[10.58438,46.04403],[10.5849,46.04409],[10.5861,46.04388],[10.5873,46.04387],[10.5885,46.04365],[10.58902,46.04349],[10.58919,46.04337],[10.5893,46.04315],[10.58926,46.04291],[10.58883,46.0422],[10.58879,46.04184],[10.58902,46.04143],[10.58955,46.04089],[10.58966,46.04053],[10.5893,46.03934],[10.58915,46.0391],[10.58884,46.03886],[10.5873,46.03827],[10.58198,46.03662],[10.58095,46.03639],[10.57872,46.03602],[10.57724,46.03588],[10.57687,46.03576],[10.57675,46.03565],[10.57679,46.03529],[10.57745,46.03445],[10.57765,46.0341],[10.57777,46.03314],[10.57764,46.03219],[10.57766,46.03136],[10.57758,46.03088],[10.57738,46.03052],[10.5768,46.02981],[10.57641,46.02921],[10.57616,46.02861],[10.57606,46.02814],[10.57611,46.02742],[10.57606,46.02647],[10.57629,46.02456],[10.57649,46.02397],[10.57703,46.02325],[10.57717,46.02289],[10.5771,46.02254],[10.57655,46.02182],[10.57644,46.02158],[10.57641,46.0211],[10.57647,46.02039],[10.57661,46.02003],[10.57697,46.01944],[10.57756,46.01872],[10.57855,46.01814],[10.58019,46.01765],[10.58043,46.01751],[10.5806,46.01729],[10.5805,46.01693],[10.57989,46.01598],[10.57971,46.01514],[10.57925,46.01431],[10.57933,46.01395],[10.57932,46.01312],[10.57912,46.0124],[10.57933,46.01181],[10.57929,46.01145],[10.57906,46.01101],[10.57872,46.01057],[10.57837,46.01025],[10.57786,46.00994],[10.57734,46.00976],[10.57666,46.00968],[10.57494,46.00977],[10.57464,46.0099],[10.57488,46.01061],[10.57548,46.01145],[10.57637,46.01252],[10.57657,46.01288],[10.57662,46.01312],[10.57661,46.01336],[10.57636,46.01431],[10.57648,46.0155],[10.5764,46.01598],[10.57566,46.01729],[10.57542,46.01753],[10.575,46.01777],[10.57374,46.01811],[10.57099,46.01838],[10.56911,46.01878],[10.56722,46.01908],[10.56602,46.01939],[10.56464,46.01961],[10.56293,46.02005],[10.56224,46.02004],[10.56001,46.01977],[10.55778,46.01941],[10.55709,46.01948],[10.5569,46.01956],[10.55668,46.01979],[10.55663,46.02003],[10.55668,46.02039],[10.55681,46.02063],[10.55709,46.02087],[10.55881,46.02118],[10.56052,46.02172],[10.56172,46.02185],[10.56224,46.02201],[10.56408,46.02301],[10.56481,46.02352],[10.56714,46.02468],[10.56754,46.02504],[10.568,46.02575],[10.56815,46.02623],[10.56837,46.02754],[10.56829,46.02885],[10.56792,46.03004],[10.56755,46.03207],[10.56726,46.03255],[10.56603,46.03398],[10.56582,46.03445],[10.56572,46.03505],[10.56573,46.03565],[10.56625,46.03708],[10.56645,46.03779],[10.56649,46.03827],[10.56633,46.03874],[10.56567,46.03932],[10.56464,46.03995],[10.56361,46.0403],[10.56104,46.04066],[10.55863,46.04129],[10.55623,46.0415],[10.55554,46.04148],[10.55366,46.04107],[10.55211,46.04059],[10.55039,46.03982],[10.54776,46.03886],[10.54728,46.03862],[10.54698,46.03839],[10.54662,46.03793],[10.5461,46.03703],[10.54567,46.03648],[10.54536,46.03588],[10.5449,46.03538],[10.54433,46.03433],[10.54391,46.03398],[10.54318,46.03366],[10.54267,46.03351],[10.54215,46.03344],[10.54164,46.03347],[10.54132,46.03362],[10.54103,46.03398],[10.54069,46.03481],[10.54047,46.03505],[10.53983,46.03553],[10.53965,46.03576],[10.5396,46.03624],[10.53997,46.03767],[10.54001,46.03803],[10.53989,46.03851],[10.53947,46.03922],[10.53944,46.03958],[10.54005,46.04101],[10.54016,46.04148],[10.54016,46.0422],[10.54029,46.04291],[10.54038,46.04315],[10.54051,46.04327],[10.54095,46.0434],[10.54215,46.04345],[10.54421,46.04313],[10.54542,46.04317],[10.54593,46.04326],[10.54662,46.0436],[10.54782,46.04371],[10.5483,46.04387],[10.54868,46.04411],[10.54909,46.04458],[10.54987,46.04637],[10.55032,46.04768],[10.55065,46.04816],[10.55117,46.04851],[10.55194,46.04862],[10.55366,46.04834],[10.55434,46.04829],[10.55609,46.04851],[10.55692,46.04883],[10.55773,46.04923],[10.55867,46.04994],[10.55909,46.05018],[10.56069,46.05071],[10.56121,46.05074],[10.56172,46.05068],[10.56263,46.0503],[10.5631,46.05018],[10.56361,46.05017],[10.56396,46.05027],[10.5643,46.05053],[10.56462,46.05102],[10.56481,46.05153],[10.56491,46.05233],[10.56516,46.05269],[10.56655,46.05352],[10.56773,46.05458],[10.5698,46.05566],[10.57017,46.0559],[10.57041,46.05614],[10.57049,46.05638],[10.57041,46.05662],[10.56997,46.05685],[10.56928,46.05701],[10.56739,46.05716],[10.5667,46.05737],[10.56619,46.0577],[10.56481,46.05876],[10.56378,46.05969],[10.5619,46.06045],[10.56018,46.06149],[10.55955,46.06198],[10.55915,46.06245],[10.55828,46.06388],[10.55819,46.06412],[10.55822,46.06436],[10.55843,46.0646],[10.55887,46.06483],[10.56138,46.06603],[10.56275,46.06658],[10.56361,46.06675],[10.56567,46.06681],[10.5667,46.06711],[10.5679,46.06731],[10.56876,46.06732],[10.57014,46.06715],[10.57099,46.06725],[10.5722,46.06765],[10.57357,46.06863],[10.57546,46.06936],[10.57614,46.06983],[10.57666,46.07031],[10.57826,46.07222],[10.57877,46.07293],[10.57904,46.07341],[10.57954,46.0746],[10.5796,46.07496],[10.57961,46.07555],[10.57981,46.07603],[10.58043,46.07651],[10.58284,46.0777],[10.58353,46.07817],[10.58365,46.07853],[10.58348,46.07913],[10.58348,46.07936],[10.58372,46.08008],[10.58477,46.08163],[10.58574,46.08282],[10.58597,46.08341],[10.58593,46.08365],[10.58574,46.08389],[10.58421,46.08496],[10.58358,46.08555],[10.58336,46.08591],[10.58338,46.08627],[10.58363,46.08663],[10.58404,46.087],[10.58492,46.08758],[10.58513,46.08782],[10.58535,46.08829],[10.58543,46.08877],[10.5853,46.08925],[10.58471,46.0902],[10.58449,46.09079],[10.58431,46.0921],[10.58428,46.09353],[10.58411,46.09436],[10.58293,46.09698]]},"properties":{"ele":2560,"major":0}},{"type":"Feature","geometry":{"type":"LineString","coordinates":[[10.6,46.08328],[10.59932,46.08289],[10.59914,46.0827],[10.59905,46.08246],[10.59907,46.08222],[10.59917,46.08198],[10.59991,46.08115],[10.59989,46.08103],[10.5997,46.08079],[10.59863,46.07991],[10.59628,46.07829],[10.59423,46.0771],[10.59169,46.07531],[10.59136,46.07496],[10.5906,46.07377],[10.59036,46.07329],[10.59025,46.07281],[10.59037,46.07246],[10.59064,46.07222],[10.59237,46.0715],[10.59314,46.07125],[10.59542,46.07091],[10.59691,46.07048],[10.5976,46.07037],[10.5988,46.07028],[10.6,46.07036]]},"properties":{"ele":2560,"major":0}},{"type":"Feature","geometry":{"type":"LineString","coordinates":[[10.6,46.09154],[10.59966,46.0911],[10.59909,46.08996],[10.59904,46.08972],[10.59916,46.08948],[10.6,46.0887]]},"properties":{"ele":2560,"major":0}},{"type":"Feature","geometry":{"type":"LineString","coordinates":[[10.47006,46.02534],[10.47091,46.02562],[10.47143,46.02572],[10.4728,46.02579],[10.47503,46.02609],[10.47744,46.02622],[10.47984,46.02666],[10.48293,46.02683],[10.48516,46.02752],[10.48585,46.02781],[10.48619,46.02787],[10.48636,46.02783],[10.48655,46.02766],[10.48707,46.02647],[10.48712,46.02623],[10.4871,46.02563],[10.4872,46.02516],[10.48716,46.02432],[10.48704,46.02397],[10.48668,46.02337],[10.48666,46.02289],[10.4872,46.02146],[10.48768,46.02087],[10.48825,46.02051],[10.48858,46.01956],[10.48847,46.01908],[10.48825,46.01872],[10.48722,46.01786],[10.48671,46.01753],[10.48585,46.01712],[10.48396,46.01678],[10.48362,46.01678],[10.48293,46.01693],[10.48242,46.01731],[10.48181,46.01753],[10.48053,46.01821],[10.47915,46.01851],[10.47812,46.01883],[10.47744,46.01893],[10.47469,46.01906],[10.47349,46.01907],[10.47263,46.01901],[10.47177,46.01889],[10.47109,46.01871],[10.47006,46.01817]]},"properties":{"ele":2580,"major":0}},{"type":"Feature","geometry":{"type":"LineString","coordinates":[[10.47911,46.05352],[10.47967,46.05358],[10.48001,46.05353],[10.48029,46.0534],[10.4805,46.05316],[10.48061,46.05268],[10.48047,46.05173],[10.48055,46.05078],[10.48043,46.05042],[10.48004,46.04971],[10.47942,46.04899],[10.47915,46.04882],[10.47847,46.04859],[10.47795,46.04857],[10.47761,46.04867],[10.47624,46.04944],[10.47538,46.04974],[10.47452,46.04994],[10.47246,46.05025],[10.47177,46.05044],[10.47091,46.05092],[10.47061,46.05125],[10.47052,46.05149],[10.47059,46.05173],[10.47072,46.05185],[10.47126,46.05206],[10.47349,46.0524],[10.47555,46.05297],[10.47744,46.05315],[10.47911,46.05352]]},"properties":{"ele":2580,"major":0}},{"type":"Feature","geometry":{"type":"LineString","coordinates":[[10.48549,46.05924],[10.48602,46.05924],[10.48662,46.05912],[10.48684,46.059],[10.48699,46.05876],[10.48701,46.0584],[10.48683,46.05769],[10.48654,46.05718],[10.48619,46.05683],[10.48585,46.05665],[10.48533,46.05648],[10.48362,46.05619],[10.48173,46.05618],[10.48143,46.05626],[10.48128,46.05638],[10.48121,46.05662],[10.48134,46.05697],[10.48161,46.05733],[10.48205,46.05769],[10.48327,46.05839],[10.48379,46.0585],[10.4843,46.05877],[10.48482,46.0589],[10.48549,46.05924]]},"properties":{"ele":2580,"major":0}},{"type":"Feature","geometry":{"type":"LineString","coordinates":[[10.49413,46.05447],[10.4946,46.05452],[10.49512,46.05433],[10.49529,46.0541],[10.49544,46.05364],[10.49538,46.0534],[10.49529,46.0533],[10.49495,46.05321],[10.4946,46.05324],[10.49426,46.05335],[10.49392,46.05363],[10.49375,46.05388],[10.49373,46.05411],[10.49391,46.05435],[10.49413,46.05447]]},"properties":{"ele":2580,"major":0}},{"type":"Feature","geometry":{"type":"LineString","coordinates":[[10.49507,46.09698],[10.49306,46.09523],[10.49272,46.09503],[10.49237,46.09493],[10.49169,46.09489],[10.4898,46.09496],[10.48842,46.09482],[10.48739,46.09489],[10.48499,46.09488],[10.48207,46.0944],[10.48087,46.09451],[10.47984,46.09417],[10.47778,46.09404],[10.47727,46.09408],[10.47572,46.09438],[10.47521,46.09436],[10.47418,46.09418],[10.4728,46.09417],[10.47246,46.09442],[10.47222,46.09484],[10.47155,46.09556],[10.47098,46.09639],[10.47088,46.09663],[10.47102,46.09698]]},"properties":{"ele":2580,"major":0}},{"type":"Feature","geometry":{"type":"LineString","coordinates":[[10.55046,46.09698],[10.54946,46.09472],[10.54917,46.09436],[10.54811,46.09365],[10.54561,46.09246],[10.54454,46.09186],[10.54404,46.09171],[10.54336,46.09165],[10.5413,46.09176],[10.53906,46.09209],[10.53718,46.09198],[10.53615,46.09182],[10.53546,46.09161],[10.53474,46.09127],[10.53355,46.09056],[10.53237,46.0896],[10.53225,46.08936],[10.53203,46.0884],[10.53185,46.08811],[10.53167,46.08794],[10.53108,46.08758],[10.52997,46.08705],[10.52808,46.08597],[10.52606,46.08496],[10.52464,46.08399],[10.52346,46.08329],[10.52318,46.08305],[10.52295,46.08258],[10.5226,46.08079],[10.52269,46.08032],[10.52305,46.07948],[10.52313,46.07877],[10.52305,46.07853],[10.52286,46.07829],[10.52235,46.07793],[10.52104,46.07748],[10.51847,46.07687],[10.51669,46.07591],[10.51469,46.075],[10.514,46.0746],[10.51308,46.07424],[10.51194,46.07402],[10.51005,46.07399],[10.50935,46.07389],[10.5092,46.07377],[10.50917,46.07365],[10.50928,46.07329],[10.50954,46.07299],[10.51039,46.07234],[10.51046,46.07222],[10.51043,46.0721],[10.51023,46.07201],[10.50971,46.07198],[10.50868,46.07215],[10.50799,46.07214],[10.50748,46.07196],[10.50686,46.07115],[10.50628,46.07091],[10.50559,46.07082],[10.50319,46.0709],[10.50199,46.07069],[10.50109,46.07031],[10.5,46.06924],[10.49941,46.06898],[10.49872,46.06896],[10.49666,46.06931],[10.49529,46.06936],[10.49503,46.06948],[10.49496,46.0696],[10.49504,46.06984],[10.49555,46.07019],[10.49615,46.07045],[10.49701,46.07065],[10.49821,46.07136],[10.49902,46.07174],[10.4993,46.07198],[10.49993,46.07275],[10.50061,46.07319],[10.50132,46.07341],[10.50216,46.07353],[10.50456,46.07343],[10.50559,46.07362],[10.50679,46.07404],[10.50797,46.07436],[10.50804,46.07448],[10.50802,46.07508],[10.50845,46.07603],[10.50908,46.0771],[10.5092,46.07746],[10.50931,46.07817],[10.50943,46.07841],[10.50989,46.07877],[10.5128,46.08038],[10.51463,46.08127],[10.51486,46.08153],[10.51579,46.08329],[10.51617,46.08448],[10.51616,46.0852],[10.51623,46.08544],[10.51649,46.08579],[10.51722,46.08651],[10.51737,46.08675],[10.5174,46.08698],[10.51729,46.08734],[10.51708,46.0877],[10.51591,46.08913],[10.51562,46.0896],[10.51549,46.0902],[10.51555,46.09045],[10.51572,46.09072],[10.51606,46.0909],[10.51641,46.09094],[10.52138,46.09081],[10.5219,46.09086],[10.52241,46.09103],[10.52272,46.09127],[10.52319,46.09222],[10.52367,46.0927],[10.5243,46.09304],[10.52585,46.0935],[10.52619,46.09374],[10.5264,46.09401],[10.52651,46.09436],[10.52639,46.09472],[10.52613,46.09508],[10.5255,46.0957],[10.5254,46.09591],[10.52551,46.09627],[10.5258,46.09663],[10.52619,46.09681],[10.52653,46.09686],[10.52825,46.09666],[10.52894,46.09667],[10.52945,46.0968],[10.52977,46.09698]]},"properties":{"ele":2580,"major":0}},{"type":"Feature","geometry":{"type":"LineString","coordinates":[[10.6,46.06372],[10.59897,46.06409],[10.5976,46.06433],[10.59468,46.06422],[10.59382,46.0641],[10.59297,46.06389],[10.59075,46.06305],[10.58953,46.06217],[10.58833,46.06141],[10.58487,46.05888],[10.58406,46.05804],[10.58284,46.05655],[10.58073,46.05495],[10.57922,46.05352],[10.57889,46.05307],[10.57847,46.05221],[10.57778,46.05114],[10.57711,46.04971],[10.57691,46.04911],[10.57666,46.04867],[10.57639,46.0484],[10.57408,46.0466],[10.57239,46.0447],[10.57209,46.04411],[10.57194,46.04351],[10.57202,46.04327],[10.57222,46.04303],[10.57254,46.04285],[10.57323,46.04261],[10.5746,46.04235],[10.5758,46.04237],[10.57803,46.04265],[10.57889,46.04262],[10.57975,46.04268],[10.58026,46.04281],[10.58108,46.04327],[10.58146,46.04341],[10.58249,46.0436],[10.58352,46.04365],[10.5849,46.04394],[10.58593,46.04375],[10.58713,46.04369],[10.58782,46.04357],[10.58861,46.04327],[10.58874,46.04303],[10.58867,46.0428],[10.58836,46.0422],[10.58829,46.04184],[10.5884,46.04137],[10.58886,46.04041],[10.58888,46.03982],[10.58877,46.03946],[10.58861,46.03922],[10.58808,46.03886],[10.58696,46.03844],[10.58558,46.0381],[10.58232,46.03706],[10.58129,46.03679],[10.57975,46.03658],[10.57872,46.03653],[10.57786,46.03657],[10.57631,46.03684],[10.57597,46.03683],[10.57546,46.03659],[10.57511,46.03631],[10.57498,46.03612],[10.57496,46.03588],[10.57511,46.03562],[10.57649,46.03472],[10.57693,46.03433],[10.57718,46.03386],[10.57727,46.03314],[10.57717,46.03219],[10.57716,46.03136],[10.57709,46.031],[10.57686,46.03052],[10.57595,46.02909],[10.57561,46.02838],[10.57549,46.0279],[10.57578,46.02528],[10.57594,46.02444],[10.57614,46.02389],[10.57667,46.02313],[10.57678,46.02277],[10.5767,46.02254],[10.5762,46.02194],[10.57607,46.0217],[10.576,46.02134],[10.57598,46.02027],[10.57684,46.01896],[10.57716,46.0186],[10.57799,46.01812],[10.57946,46.01753],[10.57967,46.01741],[10.57986,46.01717],[10.57984,46.01693],[10.57944,46.01598],[10.57928,46.01491],[10.57901,46.01431],[10.57906,46.01395],[10.57893,46.01336],[10.57897,46.01288],[10.57879,46.0124],[10.57906,46.01193],[10.57907,46.01157],[10.57889,46.01119],[10.57855,46.01077],[10.57786,46.01025],[10.57717,46.01001],[10.57649,46.00994],[10.57561,46.01002],[10.57533,46.01014],[10.57528,46.01026],[10.57532,46.01061],[10.57563,46.01121],[10.57689,46.01264],[10.57706,46.01312],[10.5769,46.01431],[10.57714,46.01538],[10.57711,46.01574],[10.57611,46.01753],[10.57567,46.01789],[10.57511,46.0181],[10.57391,46.01839],[10.57117,46.01872],[10.56945,46.01918],[10.56756,46.01943],[10.56602,46.01989],[10.56464,46.02007],[10.5631,46.02043],[10.56224,46.02044],[10.56087,46.02015],[10.55812,46.01972],[10.55743,46.01979],[10.55726,46.01987],[10.55711,46.02003],[10.55712,46.02039],[10.5573,46.02063],[10.55754,46.02075],[10.55898,46.02105],[10.56035,46.02151],[10.5619,46.02159],[10.56241,46.02175],[10.56487,46.02337],[10.56743,46.02468],[10.56783,46.02504],[10.56838,46.02587],[10.56869,46.02695],[10.5691,46.02802],[10.56915,46.02849],[10.56912,46.02885],[10.56896,46.02933],[10.56842,46.0304],[10.56815,46.03183],[10.56803,46.03219],[10.56703,46.03362],[10.56652,46.03422],[10.56635,46.03457],[10.56628,46.03505],[10.56631,46.03541],[10.56695,46.03731],[10.56702,46.03779],[10.56701,46.03827],[10.56693,46.03862],[10.5668,46.03886],[10.56596,46.03958],[10.56499,46.0402],[10.5643,46.04048],[10.56361,46.04064],[10.56138,46.04098],[10.55915,46.0416],[10.55623,46.04179],[10.55503,46.0417],[10.55331,46.04141],[10.55211,46.04111],[10.5484,46.03934],[10.54736,46.03898],[10.54689,46.03874],[10.5464,46.03827],[10.54587,46.03731],[10.54536,46.03684],[10.54504,46.036],[10.54448,46.03541],[10.54401,46.03457],[10.54364,46.03422],[10.54318,46.03398],[10.54233,46.03379],[10.54181,46.03388],[10.54154,46.0341],[10.54121,46.03481],[10.54103,46.03505],[10.54029,46.03565],[10.54009,46.03588],[10.53998,46.03624],[10.54,46.0366],[10.54047,46.03815],[10.54042,46.03862],[10.54012,46.03946],[10.54008,46.03994],[10.54045,46.04148],[10.54051,46.04244],[10.54061,46.04282],[10.54078,46.04304],[10.54112,46.04317],[10.54215,46.0433],[10.54301,46.04306],[10.54439,46.04282],[10.54576,46.04301],[10.54679,46.04345],[10.54782,46.04352],[10.54853,46.04375],[10.54926,46.04423],[10.54965,46.0447],[10.55058,46.04637],[10.55087,46.0478],[10.55108,46.04809],[10.55142,46.0483],[10.55211,46.04839],[10.55366,46.04815],[10.55434,46.04812],[10.55623,46.04837],[10.55805,46.04899],[10.5584,46.04923],[10.55932,46.05006],[10.56069,46.05051],[10.56104,46.05053],[10.56155,46.05046],[10.5631,46.04993],[10.56361,46.04991],[10.56413,46.05001],[10.56447,46.05026],[10.56466,46.05054],[10.56505,46.05149],[10.56514,46.05233],[10.56543,46.05268],[10.56636,46.05316],[10.56808,46.05446],[10.57052,46.05566],[10.57089,46.0559],[10.5711,46.05614],[10.57117,46.05638],[10.57107,46.05673],[10.57097,46.05685],[10.57065,46.05702],[10.56945,46.05736],[10.56756,46.0575],[10.56687,46.05775],[10.56636,46.0581],[10.56544,46.05888],[10.56447,46.05985],[10.56405,46.06007],[10.56241,46.06069],[10.5607,46.06174],[10.56008,46.06221],[10.55976,46.06257],[10.55892,46.06376],[10.55882,46.064],[10.55884,46.06424],[10.55902,46.06448],[10.5596,46.06483],[10.56293,46.06623],[10.56396,46.06638],[10.56533,46.06626],[10.56602,46.06628],[10.56739,46.06646],[10.56962,46.06663],[10.57113,46.06686],[10.57212,46.0671],[10.5728,46.06734],[10.57408,46.06809],[10.57555,46.06876],[10.57597,46.06905],[10.57666,46.06967],[10.57975,46.07308],[10.5801,46.07365],[10.58027,46.07412],[10.58032,46.07472],[10.58017,46.07555],[10.58022,46.07579],[10.5804,46.07603],[10.58112,46.07648],[10.5837,46.07767],[10.58408,46.07793],[10.5843,46.07817],[10.58451,46.07865],[10.58477,46.0802],[10.58495,46.08079],[10.58532,46.08151],[10.58627,46.08278],[10.5865,46.08329],[10.58657,46.08365],[10.58653,46.08389],[10.58635,46.08413],[10.5849,46.08493],[10.58438,46.08533],[10.58397,46.08579],[10.58386,46.08603],[10.58385,46.08627],[10.58398,46.08651],[10.58436,46.08686],[10.58541,46.08746],[10.58585,46.08782],[10.58622,46.08841],[10.58636,46.08901],[10.58628,46.08936],[10.58586,46.0902],[10.58566,46.09091],[10.58516,46.09222],[10.5851,46.09353],[10.58482,46.09472],[10.58417,46.09603],[10.58356,46.09698]]},"properties":{"ele":2580,"major":0}},{"type":"Feature","geometry":{"type":"LineString","coordinates":[[10.6,46.08374],[10.59897,46.08306],[10.59864,46.08258],[10.59859,46.08234],[10.59863,46.082],[10.59902,46.08115],[10.59901,46.08091],[10.59876,46.08055],[10.59829,46.08016],[10.59594,46.07853],[10.59381,46.07722],[10.59129,46.07543],[10.59056,46.0746],[10.58994,46.07377],[10.58907,46.07293],[10.58894,46.07269],[10.58894,46.07258],[10.58908,46.07234],[10.58932,46.0721],[10.58968,46.07186],[10.58998,46.07174],[10.59159,46.07139],[10.59331,46.07088],[10.59503,46.07061],[10.59674,46.07005],[10.59846,46.06988],[10.6,46.06995]]},"properties":{"ele":2580,"major":0}},{"type":"Feature","geometry":{"type":"LineString","coordinates":[[10.6,46.09223],[10.59942,46.09151],[10.59895,46.09056],[10.59826,46.08984],[10.59815,46.0896],[10.59816,46.08948],[10.59829,46.08931],[10.59926,46.08877],[10.6,46.08799]]},"properties":{"ele":2580,"major":0}},{"type":"Feature","geometry":{"type":"LineString","coordinates":[[10.47006,46.02486],[10.4716,46.0253],[10.47641,46.02553],[10.47727,46.02565],[10.47967,46.02615],[10.48242,46.02632],[10.4831,46.02647],[10.48465,46.02701],[10.48533,46.02714],[10.48585,46.02716],[10.48609,46.02706],[10.48636,46.02681],[10.48663,46.02647],[10.48677,46.02611],[10.48678,46.02563],[10.48689,46.02516],[10.48687,46.02456],[10.48679,46.0242],[10.48654,46.02361],[10.48648,46.02301],[10.48674,46.02194],[10.48697,46.02134],[10.48719,46.02099],[10.48796,46.02027],[10.48818,46.01979],[10.48822,46.01956],[10.48812,46.0192],[10.48779,46.01884],[10.48602,46.01778],[10.48551,46.01757],[10.48362,46.01711],[10.48327,46.01714],[10.48293,46.01729],[10.48242,46.01766],[10.48173,46.018],[10.48087,46.01853],[10.47778,46.01925],[10.47572,46.01938],[10.47349,46.01938],[10.47263,46.01932],[10.47126,46.01908],[10.47074,46.01883],[10.47006,46.01837]]},"properties":{"ele":2600,"major":1}},{"type":"Feature","geometry":{"type":"LineString","coordinates":[[10.47895,46.05328],[10.4795,46.05333],[10.48001,46.05319],[10.48024,46.05292],[10.4803,46.05256],[10.48005,46.05161],[10.48001,46.05054],[10.47984,46.05],[10.47915,46.04918],[10.47847,46.04886],[10.47795,46.04883],[10.47761,46.04892],[10.47644,46.04959],[10.47555,46.0499],[10.47212,46.05058],[10.47146,46.0509],[10.47118,46.05114],[10.47101,46.05137],[10.47099,46.05149],[10.47109,46.05167],[10.4716,46.05189],[10.47349,46.05222],[10.47555,46.05279],[10.47727,46.05295],[10.47895,46.05328]]},"properties":{"ele":2600,"major":1}},{"type":"Feature","geometry":{"type":"LineString","coordinates":[[10.48539,46.059],[10.48568,46.05904],[10.48615,46.05888],[10.48643,46.05864],[10.48662,46.05828],[10.48658,46.05804],[10.48636,46.05759],[10.48585,46.05706],[10.48499,46.05668],[10.48379,46.05648],[10.48277,46.0565],[10.48227,46.05662],[10.48206,46.05673],[10.48198,46.05697],[10.48204,46.05721],[10.48223,46.05745],[10.48255,46.05769],[10.48345,46.05825],[10.48379,46.05832],[10.4843,46.05862],[10.48499,46.0588],[10.48539,46.059]]},"properties":{"ele":2600,"major":1}},{"type":"Feature","geometry":{"type":"LineString","coordinates":[[10.49467,46.09698],[10.49289,46.0955],[10.49254,46.09527],[10.4922,46.09515],[10.49151,46.0951],[10.48997,46.09516],[10.48842,46.09494],[10.48739,46.095],[10.4843,46.09498],[10.48293,46.0948],[10.4819,46.09456],[10.48087,46.09465],[10.47967,46.09434],[10.47778,46.09426],[10.47727,46.09432],[10.47641,46.09456],[10.47572,46.09467],[10.47538,46.09465],[10.47418,46.09438],[10.47349,46.09442],[10.47297,46.09452],[10.47263,46.09473],[10.47192,46.09544],[10.4714,46.09615],[10.47128,46.09639],[10.47125,46.09663],[10.47146,46.09698]]},"properties":{"ele":2600,"major":1}},{"type":"Feature","geometry":{"type":"LineString","coordinates":[[10.50677,46.07377],[10.50748,46.07384],[10.50799,46.07375],[10.50829,46.07353],[10.50833,46.07317],[10.50821,46.07293],[10.50807,46.07281],[10.50714,46.07247],[10.50693,46.07234],[10.50672,46.0721],[10.50639,46.0715],[10.50593,46.07122],[10.50542,46.07112],[10.50284,46.07107],[10.5013,46.07078],[10.50076,46.07055],[10.49972,46.06948],[10.49941,46.06931],[10.49907,46.06921],[10.49838,46.06921],[10.49755,46.06936],[10.49632,46.06963],[10.49606,46.06972],[10.49593,46.06984],[10.49594,46.06996],[10.49623,46.07019],[10.49701,46.07042],[10.49837,46.07127],[10.49913,46.07162],[10.49941,46.07186],[10.49975,46.0723],[10.5005,46.07293],[10.50073,46.07305],[10.50147,46.07325],[10.50216,46.07335],[10.50473,46.07326],[10.50576,46.07342],[10.50677,46.07377]]},"properties":{"ele":2600,"major":1}},{"type":"Feature","geometry":{"type":"LineString","coordinates":[[10.54981,46.09698],[10.54954,46.09645],[10.5485,46.09496],[10.5478,46.09413],[10.54645,46.09328],[10.54456,46.0924],[10.54353,46.09216],[10.54181,46.09208],[10.54112,46.09211],[10.53924,46.09239],[10.53838,46.0924],[10.537,46.09226],[10.53529,46.09204],[10.53282,46.09115],[10.532,46.09044],[10.53138,46.08972],[10.531,46.08908],[10.53073,46.08877],[10.52864,46.0871],[10.52773,46.08657],[10.52619,46.08586],[10.52499,46.0852],[10.52379,46.08442],[10.52252,46.08341],[10.52234,46.08305],[10.52208,46.0821],[10.52197,46.08127],[10.52202,46.08067],[10.52241,46.07972],[10.52247,46.07913],[10.52241,46.07886],[10.52224,46.07855],[10.52178,46.07817],[10.52087,46.07781],[10.51864,46.07736],[10.51778,46.0771],[10.51555,46.07595],[10.51435,46.07548],[10.51332,46.0749],[10.51211,46.07442],[10.51108,46.07427],[10.50971,46.07429],[10.50902,46.07443],[10.50857,46.07472],[10.50837,46.07496],[10.50833,46.0752],[10.50863,46.07603],[10.50928,46.07722],[10.50951,46.07817],[10.50966,46.07841],[10.51038,46.07889],[10.51211,46.07982],[10.51486,46.08108],[10.51504,46.08127],[10.51554,46.08246],[10.51613,46.08353],[10.5167,46.08436],[10.51682,46.08472],[10.51678,46.08532],[10.51686,46.08555],[10.51769,46.08651],[10.51782,46.08675],[10.51784,46.08698],[10.5176,46.08746],[10.51682,46.08841],[10.5162,46.08936],[10.51609,46.08984],[10.51626,46.0902],[10.51658,46.09038],[10.51726,46.09053],[10.52155,46.09061],[10.52209,46.09067],[10.52276,46.09087],[10.52309,46.09115],[10.52356,46.0921],[10.52396,46.09252],[10.52457,46.09282],[10.52567,46.09308],[10.52619,46.09327],[10.52672,46.09365],[10.52699,46.09401],[10.52707,46.09436],[10.52687,46.09484],[10.52659,46.0952],[10.52581,46.09591],[10.52582,46.09627],[10.52599,46.09651],[10.52636,46.09662],[10.5267,46.09661],[10.52773,46.09646],[10.52876,46.09623],[10.52911,46.09631],[10.52962,46.09655],[10.53027,46.09698]]},"properties":{"ele":2600,"major":1}},{"type":"Feature","geometry":{"type":"LineString","coordinates":[[10.56017,46.02122],[10.56069,46.02127],[10.56116,46.02122],[10.56146,46.0211],[10.56155,46.02099],[10.56154,46.02087],[10.56122,46.02063],[10.56088,46.02051],[10.55984,46.02029],[10.55829,46.02013],[10.55808,46.02015],[10.55785,46.02027],[10.55783,46.02039],[10.55791,46.02051],[10.55816,46.02063],[10.55915,46.02087],[10.56017,46.02122]]},"properties":{"ele":2600,"major":1}},{"type":"Feature","geometry":{"type":"LineString","coordinates":[[10.57697,46.01789],[10.57717,46.01794],[10.57752,46.01792],[10.5786,46.01753],[10.57907,46.01717],[10.57915,46.01681],[10.57874,46.01562],[10.57875,46.01443],[10.57837,46.01377],[10.57833,46.01359],[10.57844,46.01288],[10.57844,46.0124],[10.57872,46.01202],[10.57879,46.01181],[10.57872,46.01146],[10.57837,46.01097],[10.57786,46.01058],[10.57717,46.01032],[10.57649,46.01028],[10.57597,46.01044],[10.57585,46.01061],[10.57587,46.01085],[10.57603,46.01121],[10.57751,46.01276],[10.57757,46.013],[10.57758,46.01431],[10.578,46.01538],[10.57792,46.01574],[10.57717,46.01654],[10.57694,46.01693],[10.57683,46.01753],[10.57687,46.01777],[10.57697,46.01789]]},"properties":{"ele":2600,"major":1}},{"type":"Feature","geometry":{"type":"LineString","coordinates":[[10.6,46.06412],[10.59915,46.06449],[10.59794,46.06473],[10.59726,46.06474],[10.59451,46.06456],[10.59297,46.06419],[10.59073,46.06337],[10.58828,46.06209],[10.58799,46.06186],[10.58722,46.06102],[10.58679,46.06067],[10.58541,46.05971],[10.58441,46.05912],[10.58395,46.05876],[10.58326,46.05804],[10.58253,46.05697],[10.58103,46.0559],[10.58018,46.05519],[10.57872,46.05378],[10.57835,46.05328],[10.57781,46.05221],[10.57696,46.0509],[10.57605,46.04899],[10.57486,46.0478],[10.57391,46.04706],[10.57345,46.04661],[10.57217,46.04482],[10.57151,46.04363],[10.57146,46.04327],[10.57171,46.04303],[10.5734,46.04241],[10.57408,46.04226],[10.57477,46.04219],[10.57563,46.0422],[10.57683,46.04237],[10.57803,46.04246],[10.57923,46.04242],[10.58026,46.04246],[10.58094,46.04268],[10.58156,46.04315],[10.58215,46.04337],[10.58267,46.04346],[10.5837,46.04351],[10.5849,46.0437],[10.5873,46.0434],[10.58795,46.04315],[10.58812,46.04291],[10.58785,46.04172],[10.58819,46.04017],[10.58822,46.0397],[10.58805,46.03934],[10.58757,46.03898],[10.58661,46.03864],[10.58455,46.03826],[10.58146,46.03715],[10.57992,46.03694],[10.57872,46.03696],[10.57768,46.03719],[10.57703,46.03755],[10.57649,46.03823],[10.57614,46.0383],[10.57597,46.03824],[10.57563,46.03796],[10.5746,46.03687],[10.57423,46.03636],[10.57414,46.036],[10.57433,46.03553],[10.57477,46.03517],[10.57612,46.03445],[10.57645,46.03422],[10.5767,46.03386],[10.57681,46.03338],[10.57681,46.03279],[10.57659,46.03136],[10.57641,46.03064],[10.57621,46.03016],[10.57515,46.02826],[10.57498,46.02766],[10.57502,46.0273],[10.57536,46.02623],[10.57546,46.02513],[10.57566,46.0242],[10.57583,46.02373],[10.57625,46.02301],[10.5763,46.02277],[10.57623,46.02254],[10.57586,46.02206],[10.57569,46.0217],[10.57547,46.02027],[10.57553,46.01991],[10.57597,46.01932],[10.57607,46.01908],[10.57613,46.01872],[10.57597,46.01854],[10.57546,46.0185],[10.57168,46.019],[10.56979,46.01967],[10.56825,46.01979],[10.56636,46.02031],[10.56447,46.02055],[10.56349,46.02087],[10.56325,46.02099],[10.56303,46.02122],[10.56306,46.02146],[10.56323,46.02182],[10.56352,46.02218],[10.56381,46.02242],[10.56497,46.02325],[10.56727,46.02444],[10.56801,46.02492],[10.5685,46.02552],[10.56872,46.02587],[10.56904,46.02683],[10.56962,46.028],[10.56978,46.02861],[10.56974,46.02897],[10.56962,46.02929],[10.56888,46.03052],[10.56857,46.03219],[10.56784,46.03326],[10.56755,46.03386],[10.56715,46.03445],[10.56702,46.03481],[10.56702,46.03541],[10.56742,46.0366],[10.56753,46.03743],[10.56751,46.03803],[10.56735,46.03874],[10.56712,46.0391],[10.5666,46.03958],[10.56516,46.04053],[10.56413,46.04089],[10.56183,46.04125],[10.56035,46.04173],[10.55898,46.04199],[10.55606,46.04208],[10.55297,46.04176],[10.55205,46.04148],[10.55074,46.04079],[10.54916,46.04005],[10.54816,46.0395],[10.54696,46.03914],[10.54644,46.03886],[10.54593,46.03839],[10.54545,46.03743],[10.54499,46.03696],[10.54488,46.03636],[10.54473,46.03605],[10.54403,46.03541],[10.54337,46.03457],[10.54301,46.03433],[10.5425,46.03424],[10.54219,46.03433],[10.54166,46.03505],[10.54068,46.03576],[10.5404,46.03612],[10.54031,46.03648],[10.54035,46.03684],[10.54088,46.03791],[10.54101,46.03839],[10.54097,46.03886],[10.54058,46.04005],[10.54051,46.04053],[10.54073,46.04148],[10.54081,46.04244],[10.54095,46.04275],[10.54112,46.04289],[10.54181,46.0431],[10.54215,46.04311],[10.54284,46.04284],[10.54353,46.04273],[10.54421,46.04248],[10.54439,46.04248],[10.54593,46.04289],[10.54679,46.04326],[10.54748,46.04329],[10.54799,46.04339],[10.5489,46.04375],[10.54954,46.04411],[10.54993,46.04446],[10.55111,46.04613],[10.55127,46.04649],[10.55138,46.04768],[10.55155,46.04792],[10.55177,46.04805],[10.55245,46.04812],[10.55366,46.04796],[10.55434,46.04795],[10.55554,46.04817],[10.55623,46.04822],[10.55829,46.04884],[10.55912,46.04935],[10.5597,46.04994],[10.56069,46.05027],[10.56104,46.05028],[10.56155,46.05019],[10.5631,46.04969],[10.56361,46.04965],[10.5643,46.04975],[10.56461,46.04994],[10.56481,46.05026],[10.56527,46.05149],[10.56535,46.05221],[10.56559,46.05256],[10.56649,46.05304],[10.56825,46.05428],[10.57109,46.05566],[10.57143,46.0559],[10.57165,46.05614],[10.57174,46.05638],[10.5717,46.05662],[10.57147,46.05697],[10.57117,46.0572],[10.56996,46.05762],[10.5679,46.05794],[10.56722,46.05815],[10.5667,46.05846],[10.56619,46.05889],[10.56502,46.06007],[10.56449,46.06031],[10.56331,46.06067],[10.56261,46.06102],[10.5611,46.06209],[10.56054,46.06257],[10.55954,46.06376],[10.55944,46.064],[10.55947,46.06424],[10.55969,46.06448],[10.56012,46.06472],[10.56138,46.06518],[10.56275,46.06579],[10.56344,46.06597],[10.5643,46.06602],[10.56636,46.06579],[10.56842,46.06579],[10.56911,46.06589],[10.57048,46.06634],[10.57305,46.06698],[10.5758,46.06837],[10.57649,46.06888],[10.57769,46.07022],[10.57916,46.0715],[10.58024,46.07269],[10.5806,46.07317],[10.58085,46.07365],[10.58103,46.07424],[10.58101,46.0746],[10.58073,46.07543],[10.58074,46.07567],[10.5809,46.07591],[10.58143,46.07627],[10.58401,46.07746],[10.58455,46.07782],[10.5849,46.07817],[10.58526,46.07877],[10.58576,46.08079],[10.58644,46.08213],[10.58701,46.08353],[10.5871,46.08401],[10.58699,46.08425],[10.58668,46.08448],[10.58558,46.08491],[10.5849,46.0853],[10.58446,46.08567],[10.58427,46.08603],[10.58438,46.08627],[10.58473,46.08663],[10.58533,46.0871],[10.58616,46.08758],[10.58656,46.08794],[10.58702,46.08865],[10.58714,46.08913],[10.58673,46.09032],[10.58659,46.09139],[10.58613,46.09258],[10.58592,46.09365],[10.58547,46.0952],[10.58498,46.09615],[10.58428,46.09698]]},"properties":{"ele":2600,"major":1}},{"type":"Feature","geometry":{"type":"LineString","coordinates":[[10.6,46.08443],[10.59949,46.08381],[10.59863,46.08318],[10.59824,46.08258],[10.59815,46.0821],[10.59838,46.08115],[10.59831,46.08091],[10.59814,46.08067],[10.5964,46.07935],[10.59451,46.07818],[10.59096,46.07555],[10.59047,46.07508],[10.58953,46.07397],[10.58806,46.07293],[10.58786,46.07269],[10.58781,46.07246],[10.58796,46.07222],[10.58832,46.07198],[10.58936,46.07146],[10.59005,46.07125],[10.59194,46.07094],[10.59314,46.0706],[10.59485,46.07027],[10.59709,46.06963],[10.59863,46.06951],[10.6,46.06959]]},"properties":{"ele":2600,"major":1}},{"type":"Feature","geometry":{"type":"LineString","coordinates":[[10.6,46.09395],[10.59974,46.09377],[10.59956,46.09353],[10.59949,46.09329],[10.59946,46.09246],[10.59932,46.09216],[10.59888,46.09163],[10.59863,46.09079],[10.59742,46.08972],[10.5973,46.08936],[10.59743,46.08913],[10.59758,46.08901],[10.59873,46.08853],[10.59918,46.08817],[10.59947,46.0877],[10.59977,46.08675],[10.6,46.08635]]},"properties":{"ele":2600,"major":1}},{"type":"Feature","geometry":{"type":"LineString","coordinates":[[10.47006,46.02443],[10.47143,46.02481],[10.47212,46.02491],[10.47589,46.02485],[10.47727,46.02501],[10.4795,46.02555],[10.48224,46.02585],[10.48293,46.02604],[10.48465,46.02669],[10.48516,46.02678],[10.48568,46.02675],[10.48602,46.02658],[10.48636,46.02623],[10.48658,46.02528],[10.48659,46.02468],[10.48634,46.02349],[10.48633,46.02277],[10.48644,46.02206],[10.48687,46.02099],[10.48762,46.02003],[10.48774,46.01979],[10.48777,46.01956],[10.48767,46.01932],[10.48739,46.01906],[10.48613,46.01848],[10.48533,46.01804],[10.4843,46.0177],[10.48345,46.01753],[10.48293,46.01766],[10.48121,46.01871],[10.48087,46.01886],[10.47967,46.01912],[10.4783,46.01953],[10.47761,46.01962],[10.47589,46.0197],[10.47315,46.0196],[10.4716,46.01945],[10.47084,46.0192],[10.47006,46.0186]]},"properties":{"ele":2620,"major":0}},{"type":"Feature","geometry":{"type":"LineString","coordinates":[[10.47881,46.05304],[10.47933,46.05306],[10.47967,46.05296],[10.47984,46.0528],[10.47989,46.05256],[10.47947,46.05125],[10.47948,46.05042],[10.47939,46.05006],[10.47898,46.04945],[10.47867,46.04923],[10.47832,46.04911],[10.47795,46.04909],[10.47761,46.04918],[10.47669,46.04971],[10.47572,46.05006],[10.47469,46.05029],[10.47349,46.05045],[10.47246,46.05072],[10.47204,46.0509],[10.47169,46.05125],[10.4717,46.05149],[10.47194,46.05164],[10.47538,46.05255],[10.47881,46.05304]]},"properties":{"ele":2620,"major":0}},{"type":"Feature","geometry":{"type":"LineString","coordinates":[[10.48533,46.05876],[10.48566,46.05876],[10.48585,46.05865],[10.48604,46.0584],[10.4861,46.05816],[10.48593,46.05769],[10.48551,46.05727],[10.48482,46.05693],[10.48396,46.05679],[10.48327,46.05684],[10.48299,46.05697],[10.48288,46.05709],[10.48284,46.05721],[10.4829,46.05745],[10.48333,46.05793],[10.48396,46.05819],[10.48448,46.05851],[10.48533,46.05876]]},"properties":{"ele":2620,"major":0}},{"type":"Feature","geometry":{"type":"LineString","coordinates":[[10.49429,46.09698],[10.49392,46.09665],[10.49272,46.0958],[10.4922,46.09554],[10.49151,46.09535],[10.48997,46.09534],[10.48842,46.09507],[10.48396,46.09518],[10.48276,46.09501],[10.4819,46.09474],[10.48087,46.0948],[10.47967,46.09453],[10.47795,46.09448],[10.47744,46.09452],[10.47641,46.09483],[10.47572,46.09493],[10.47538,46.09491],[10.47452,46.09463],[10.47418,46.09459],[10.47349,46.09469],[10.47297,46.09487],[10.47219,46.09544],[10.47189,46.09579],[10.47161,46.09627],[10.47159,46.09663],[10.47177,46.09683],[10.47204,46.09698]]},"properties":{"ele":2620,"major":0}},{"type":"Feature","geometry":{"type":"LineString","coordinates":[[10.50138,46.07305],[10.50233,46.07317],[10.50473,46.07308],[10.50645,46.07312],[10.50666,46.07305],[10.50593,46.07175],[10.50576,46.07159],[10.50542,46.07144],[10.50405,46.07129],[10.50284,46.07124],[10.50061,46.07091],[10.50028,46.07067],[10.49993,46.07016],[10.49961,46.06984],[10.49925,46.0696],[10.4989,46.06948],[10.49804,46.06949],[10.49735,46.06966],[10.497,46.06984],[10.49697,46.06996],[10.4971,46.07007],[10.49838,46.07106],[10.49928,46.0715],[10.49993,46.07217],[10.50038,46.07234],[10.50082,46.07281],[10.50138,46.07305]]},"properties":{"ele":2620,"major":0}},{"type":"Feature","geometry":{"type":"LineString","coordinates":[[10.54899,46.09698],[10.54763,46.09496],[10.547,46.09425],[10.54604,46.09353],[10.54473,46.09294],[10.54301,46.09256],[10.54198,46.09246],[10.5413,46.09247],[10.54009,46.09268],[10.53924,46.09273],[10.53821,46.09272],[10.53529,46.09251],[10.53323,46.09214],[10.53215,46.09175],[10.53179,46.09151],[10.53091,46.09056],[10.53031,46.09002],[10.52945,46.08903],[10.52891,46.08817],[10.52832,46.08758],[10.52773,46.08726],[10.52622,46.08675],[10.52447,46.08585],[10.5231,46.08494],[10.52207,46.08384],[10.5217,46.08317],[10.52136,46.08198],[10.52134,46.08103],[10.52149,46.08055],[10.52182,46.07984],[10.52189,46.07948],[10.52178,46.07901],[10.52138,46.07853],[10.52095,46.07829],[10.52035,46.07808],[10.51798,46.07758],[10.51724,46.07734],[10.51606,46.07678],[10.51503,46.0762],[10.51338,46.07555],[10.51205,46.07484],[10.51143,46.0746],[10.51074,46.07449],[10.50988,46.07451],[10.5092,46.07468],[10.50878,46.07496],[10.50868,46.07508],[10.50861,46.07531],[10.50872,46.07579],[10.50943,46.07722],[10.50968,46.07805],[10.5098,46.07829],[10.51047,46.07877],[10.51169,46.07936],[10.51224,46.07972],[10.51452,46.08066],[10.51496,46.08091],[10.51525,46.08127],[10.51568,46.08234],[10.51602,46.08282],[10.51632,46.08341],[10.51726,46.08442],[10.51736,46.08472],[10.51735,46.08532],[10.51742,46.08555],[10.51814,46.08651],[10.51825,46.08686],[10.51812,46.08722],[10.5171,46.08841],[10.51674,46.08901],[10.5166,46.08948],[10.51675,46.08984],[10.51709,46.09005],[10.51761,46.09019],[10.52173,46.09042],[10.52276,46.09063],[10.5231,46.09076],[10.5234,46.09103],[10.52388,46.09198],[10.52421,46.09234],[10.52482,46.09259],[10.52585,46.09284],[10.5264,46.09306],[10.52696,46.09341],[10.52739,46.09388],[10.52751,46.09425],[10.52743,46.09484],[10.52708,46.09544],[10.5266,46.09591],[10.52653,46.09603],[10.52655,46.09615],[10.52688,46.09623],[10.52739,46.09623],[10.52859,46.096],[10.52894,46.096],[10.52928,46.09611],[10.52979,46.09638],[10.53031,46.0967],[10.53064,46.09698]]},"properties":{"ele":2620,"major":0}},{"type":"Feature","geometry":{"type":"LineString","coordinates":[[10.5775,46.01205],[10.57786,46.01211],[10.5782,46.01194],[10.57831,46.01169],[10.5782,46.01133],[10.57786,46.01098],[10.57752,46.01081],[10.577,46.01073],[10.5767,46.01085],[10.5766,46.01109],[10.57669,46.01133],[10.577,46.01171],[10.5775,46.01205]]},"properties":{"ele":2620,"major":0}},{"type":"Feature","geometry":{"type":"LineString","coordinates":[[10.57779,46.01717],[10.57804,46.01717],[10.57819,46.01705],[10.5782,46.0169],[10.57803,46.01682],[10.57786,46.01688],[10.57773,46.01705],[10.57779,46.01717]]},"properties":{"ele":2620,"major":0}},{"type":"Feature","geometry":{"type":"LineString","coordinates":[[10.6,46.06459],[10.59897,46.06494],[10.59796,46.06507],[10.59571,46.06506],[10.59451,46.06496],[10.59297,46.06452],[10.59125,46.06391],[10.58953,46.06319],[10.58838,46.06281],[10.58796,46.06257],[10.58756,46.06221],[10.58696,46.06133],[10.58627,46.06069],[10.58541,46.06011],[10.58413,46.05947],[10.58321,46.05888],[10.58264,46.05828],[10.58208,46.05733],[10.58186,46.05709],[10.58061,46.05618],[10.5785,46.05447],[10.5776,46.0534],[10.577,46.05242],[10.57625,46.05137],[10.57597,46.05078],[10.57578,46.04982],[10.57528,46.04899],[10.57433,46.04792],[10.57329,46.04708],[10.57281,46.04661],[10.57228,46.04589],[10.57138,46.04446],[10.57095,46.04351],[10.571,46.04315],[10.57117,46.04296],[10.57149,46.0428],[10.5734,46.04225],[10.57443,46.04204],[10.57546,46.04202],[10.57769,46.04228],[10.58009,46.04221],[10.58078,46.04225],[10.58146,46.04247],[10.58231,46.04315],[10.58301,46.0433],[10.58455,46.04335],[10.58644,46.04327],[10.58724,46.04303],[10.5874,46.04291],[10.58752,46.04268],[10.5874,46.04148],[10.58753,46.04041],[10.58754,46.0397],[10.58733,46.03934],[10.5867,46.03898],[10.5861,46.03886],[10.58473,46.0388],[10.58404,46.0387],[10.5835,46.03851],[10.58241,46.03791],[10.58164,46.03759],[10.58078,46.03738],[10.57975,46.03729],[10.57906,46.03734],[10.57837,46.03754],[10.578,46.03779],[10.57757,46.03839],[10.57713,46.03874],[10.57666,46.03894],[10.57597,46.03897],[10.57546,46.03884],[10.57494,46.03852],[10.57458,46.03815],[10.57425,46.03765],[10.57361,46.03624],[10.57357,46.036],[10.57368,46.03565],[10.57391,46.03532],[10.57422,46.03505],[10.57601,46.03398],[10.57624,46.03362],[10.57633,46.03302],[10.57592,46.03124],[10.57584,46.0304],[10.57575,46.03004],[10.57538,46.02921],[10.57469,46.02814],[10.57455,46.02778],[10.57458,46.0273],[10.57505,46.02623],[10.57515,46.02492],[10.57541,46.02385],[10.57573,46.02301],[10.57577,46.02277],[10.5757,46.02254],[10.57532,46.02182],[10.57517,46.02087],[10.57494,46.02028],[10.57458,46.01956],[10.57443,46.01936],[10.57425,46.01926],[10.57357,46.01917],[10.57237,46.01926],[10.57171,46.01944],[10.57014,46.02009],[10.56842,46.02025],[10.56705,46.02056],[10.56499,46.02084],[10.5643,46.02111],[10.56403,46.02134],[10.5639,46.02158],[10.56388,46.02182],[10.56403,46.02218],[10.56481,46.02294],[10.56584,46.0236],[10.56636,46.02382],[10.56797,46.02468],[10.56875,46.0254],[10.56907,46.02587],[10.56942,46.02683],[10.57012,46.02814],[10.57027,46.02861],[10.57026,46.02897],[10.57015,46.02933],[10.56945,46.03035],[10.56928,46.03074],[10.56906,46.03219],[10.56832,46.03338],[10.56811,46.03398],[10.56803,46.03445],[10.5681,46.03505],[10.56796,46.03565],[10.5681,46.03636],[10.5681,46.03684],[10.56799,46.03779],[10.56773,46.03883],[10.56743,46.03934],[10.56705,46.03972],[10.5655,46.04083],[10.56499,46.04106],[10.56413,46.04131],[10.56207,46.04158],[10.5606,46.04208],[10.55915,46.04231],[10.55623,46.0424],[10.55314,46.04208],[10.55245,46.04192],[10.55194,46.04172],[10.54816,46.03976],[10.54679,46.03941],[10.54627,46.03916],[10.54559,46.0385],[10.54507,46.0375],[10.5449,46.03737],[10.54455,46.03731],[10.54451,46.03719],[10.54466,46.0366],[10.54461,46.03636],[10.54447,46.03612],[10.54353,46.03542],[10.54318,46.03524],[10.54267,46.03511],[10.54233,46.03519],[10.54112,46.03583],[10.54073,46.03624],[10.54066,46.0366],[10.54074,46.03696],[10.54145,46.03815],[10.54158,46.03862],[10.54156,46.0391],[10.54147,46.03946],[10.54095,46.0403],[10.54085,46.04065],[10.54116,46.04232],[10.54127,46.04256],[10.54147,46.04272],[10.54198,46.04288],[10.54284,46.04253],[10.54336,46.04249],[10.54404,46.0423],[10.54439,46.04229],[10.54593,46.0427],[10.54679,46.04301],[10.54816,46.04328],[10.5495,46.04387],[10.55035,46.04446],[10.55166,46.04601],[10.55186,46.04649],[10.55194,46.04744],[10.55211,46.04767],[10.55228,46.04776],[10.5528,46.04782],[10.55417,46.04776],[10.55554,46.04802],[10.55623,46.04806],[10.55829,46.04866],[10.55926,46.04911],[10.56023,46.04982],[10.56069,46.04999],[10.56155,46.04992],[10.56258,46.04955],[10.5631,46.04942],[10.56378,46.04942],[10.56466,46.04959],[10.56485,46.04971],[10.56501,46.04994],[10.56524,46.0509],[10.56544,46.05137],[10.56561,46.05221],[10.56584,46.05252],[10.56661,46.05292],[10.56842,46.05413],[10.57151,46.05563],[10.57212,46.05614],[10.57228,46.0565],[10.57223,46.05673],[10.57196,46.05709],[10.57151,46.05741],[10.57048,46.05783],[10.56739,46.0587],[10.56687,46.05899],[10.5664,46.05936],[10.56545,46.06031],[10.56499,46.06051],[10.56361,46.06084],[10.56305,46.06114],[10.56224,46.06191],[10.56121,46.06272],[10.56061,46.06329],[10.56023,46.06376],[10.56015,46.06412],[10.56034,46.06436],[10.56054,46.06448],[10.56275,46.06543],[10.56361,46.06568],[10.56447,46.0657],[10.5667,46.06536],[10.56859,46.06539],[10.56962,46.06553],[10.57117,46.06611],[10.5734,46.06671],[10.57614,46.06813],[10.57696,46.06876],[10.57803,46.07002],[10.57971,46.07127],[10.58105,46.07293],[10.58146,46.07365],[10.58161,46.07412],[10.5816,46.07448],[10.58128,46.07543],[10.58141,46.07579],[10.58167,46.07603],[10.58267,46.07659],[10.5837,46.07698],[10.58455,46.07744],[10.58506,46.07782],[10.58578,46.07853],[10.58591,46.07877],[10.58604,46.07948],[10.58627,46.08019],[10.58698,46.08151],[10.58706,46.08186],[10.58709,46.08282],[10.58759,46.08389],[10.58762,46.08413],[10.58747,46.08442],[10.58713,46.08468],[10.58576,46.08513],[10.58516,46.08544],[10.58473,46.08579],[10.58465,46.08603],[10.58507,46.08653],[10.58576,46.08702],[10.58671,46.08758],[10.58729,46.08806],[10.58779,46.08877],[10.58795,46.08913],[10.58798,46.08936],[10.58764,46.09042],[10.58769,46.09127],[10.58763,46.09175],[10.58661,46.09401],[10.58618,46.09544],[10.58559,46.09639],[10.58498,46.09698]]},"properties":{"ele":2620,"major":0}},{"type":"Feature","geometry":{"type":"LineString","coordinates":[[10.6,46.09441],[10.59949,46.09409],[10.5991,46.09365],[10.59898,46.09329],[10.5989,46.09258],[10.59818,46.09186],[10.59814,46.09163],[10.59818,46.09103],[10.59806,46.09079],[10.5977,46.09044],[10.59686,46.08984],[10.59664,46.08948],[10.59671,46.08913],[10.59691,46.08888],[10.59727,46.08865],[10.59829,46.08818],[10.59863,46.08787],[10.59884,46.08746],[10.59904,46.08675],[10.59951,46.08591],[10.59967,46.08544],[10.59966,46.08496],[10.59944,46.08436],[10.59915,46.08402],[10.59834,46.08341],[10.59784,46.08258],[10.59773,46.08222],[10.59779,46.08139],[10.59769,46.08103],[10.5974,46.08067],[10.59612,46.0796],[10.59451,46.07869],[10.59245,46.07714],[10.59039,46.07548],[10.58914,46.07412],[10.5885,46.07369],[10.58733,46.07305],[10.5871,46.07281],[10.58699,46.07258],[10.5871,46.07222],[10.58754,46.07186],[10.58919,46.07113],[10.58988,46.07092],[10.59056,46.07077],[10.59194,46.0706],[10.59451,46.07002],[10.59743,46.06926],[10.59863,46.06919],[10.6,46.06931]]},"properties":{"ele":2620,"major":0}},{"type":"Feature","geometry":{"type":"LineString","coordinates":[[10.47006,46.02406],[10.47229,46.0245],[10.47315,46.02449],[10.47521,46.0243],[10.47778,46.02448],[10.48018,46.02507],[10.48139,46.02525],[10.48224,46.02544],[10.48465,46.02637],[10.48516,46.02645],[10.48551,46.02641],[10.48585,46.02625],[10.48602,46.02606],[10.48627,46.02528],[10.48633,46.02468],[10.48619,46.02349],[10.48616,46.02206],[10.48663,46.02087],[10.48706,46.02003],[10.48714,46.01967],[10.48705,46.01944],[10.48693,46.01932],[10.48654,46.0191],[10.48465,46.01825],[10.48396,46.01804],[10.48345,46.01796],[10.4831,46.01799],[10.48259,46.01817],[10.4819,46.0185],[10.48087,46.01911],[10.47973,46.01944],[10.47864,46.01984],[10.47795,46.01997],[10.47624,46.01998],[10.47194,46.01971],[10.47091,46.01949],[10.47006,46.01897]]},"properties":{"ele":2640,"major":0}},{"type":"Feature","geometry":{"type":"LineString","coordinates":[[10.47776,46.05268],[10.47847,46.05277],[10.47898,46.05276],[10.47921,46.05268],[10.47936,46.05245],[10.47928,46.05197],[10.47901,46.05125],[10.47889,46.05006],[10.47864,46.04963],[10.4783,46.04944],[10.47778,46.04943],[10.47668,46.04994],[10.47572,46.05026],[10.47299,46.05078],[10.4727,46.0509],[10.4724,46.05114],[10.47237,46.05125],[10.47246,46.05139],[10.47322,46.05173],[10.47572,46.05241],[10.47776,46.05268]]},"properties":{"ele":2640,"major":0}},{"type":"Feature","geometry":{"type":"LineString","coordinates":[[10.48514,46.0584],[10.48539,46.05828],[10.48542,46.05804],[10.48533,46.05778],[10.48499,46.05748],[10.48465,46.05732],[10.48413,46.05724],[10.48381,46.05733],[10.4837,46.05745],[10.48369,46.05769],[10.48377,46.05781],[10.48448,46.05826],[10.48514,46.0584]]},"properties":{"ele":2640,"major":0}},{"type":"Feature","geometry":{"type":"LineString","coordinates":[[10.49391,46.09698],[10.49364,46.09675],[10.49254,46.09607],[10.49169,46.09566],[10.49134,46.09556],[10.48997,46.09554],[10.4886,46.09526],[10.48774,46.09521],[10.48654,46.09527],[10.48602,46.09549],[10.48585,46.0955],[10.48482,46.0954],[10.48362,46.09543],[10.48276,46.09531],[10.4819,46.09498],[10.48087,46.095],[10.47967,46.09472],[10.47898,46.09466],[10.47761,46.09471],[10.47641,46.09505],[10.47572,46.09514],[10.47521,46.09509],[10.47452,46.09484],[10.474,46.09482],[10.4728,46.09526],[10.47246,46.09547],[10.47217,46.09579],[10.47196,46.09615],[10.47189,46.09639],[10.47197,46.09663],[10.47246,46.09683],[10.47332,46.09682],[10.47349,46.09684],[10.47373,46.09698]]},"properties":{"ele":2640,"major":0}},{"type":"Feature","geometry":{"type":"LineString","coordinates":[[10.50147,46.07293],[10.50233,46.07298],[10.50473,46.07288],[10.50544,46.07269],[10.5056,46.07258],[10.50566,46.07234],[10.50552,46.07198],[10.50508,46.07169],[10.50387,46.07146],[10.50284,46.0714],[10.50027,46.07111],[10.49986,46.07091],[10.4995,46.07031],[10.49907,46.06994],[10.49872,46.06982],[10.49838,46.0698],[10.49811,46.06984],[10.49789,46.06996],[10.49784,46.07007],[10.49794,46.07031],[10.49839,46.07079],[10.49872,46.07102],[10.49958,46.07136],[10.49993,46.07191],[10.50044,46.07218],[10.50096,46.0727],[10.50147,46.07293]]},"properties":{"ele":2640,"major":0}},{"type":"Feature","geometry":{"type":"LineString","coordinates":[[10.54766,46.09698],[10.54735,46.09591],[10.54691,46.0952],[10.54558,46.09389],[10.54507,46.09357],[10.54456,46.09336],[10.54284,46.09297],[10.54215,46.09289],[10.54147,46.0929],[10.53958,46.09309],[10.53803,46.09311],[10.53597,46.09303],[10.53288,46.0927],[10.5315,46.09222],[10.53081,46.09175],[10.52969,46.09067],[10.52876,46.08914],[10.52841,46.08841],[10.52799,46.08794],[10.52739,46.08761],[10.52585,46.08717],[10.52453,46.08651],[10.52276,46.0854],[10.52224,46.08487],[10.52155,46.08398],[10.52122,46.08341],[10.52082,46.08246],[10.52061,46.08163],[10.52056,46.08127],[10.5206,46.08103],[10.52126,46.0796],[10.52118,46.07913],[10.52087,46.07878],[10.52041,46.07853],[10.51984,46.07833],[10.51726,46.07771],[10.51658,46.07748],[10.51469,46.07648],[10.51298,46.07579],[10.51177,46.07509],[10.51108,46.07481],[10.51057,46.07471],[10.50988,46.07474],[10.50937,46.0749],[10.50902,46.07513],[10.50887,46.07543],[10.50895,46.07591],[10.50966,46.07734],[10.50992,46.07805],[10.51009,46.07829],[10.51097,46.07889],[10.51177,46.07923],[10.51246,46.07965],[10.51383,46.08016],[10.51469,46.08055],[10.51503,46.08078],[10.51538,46.08118],[10.51581,46.08222],[10.51619,46.0827],[10.5165,46.08329],[10.51761,46.08425],[10.51773,46.0846],[10.51773,46.0852],[10.51782,46.08555],[10.51856,46.08651],[10.51867,46.08686],[10.51847,46.08722],[10.51746,46.08829],[10.5172,46.08865],[10.51701,46.08925],[10.51707,46.08948],[10.51717,46.0896],[10.51744,46.08977],[10.51795,46.0899],[10.52035,46.09016],[10.5219,46.09026],[10.5231,46.09053],[10.52344,46.09067],[10.52372,46.09091],[10.5242,46.09186],[10.5244,46.0921],[10.52464,46.09223],[10.52602,46.09264],[10.5267,46.09293],[10.52712,46.09317],[10.52755,46.09353],[10.52778,46.09389],[10.52789,46.09425],[10.52793,46.09484],[10.52781,46.09556],[10.52781,46.09567],[10.52791,46.09577],[10.52894,46.09582],[10.52933,46.09591],[10.52997,46.09623],[10.53071,46.09675],[10.53095,46.09698]]},"properties":{"ele":2640,"major":0}},{"type":"Feature","geometry":{"type":"LineString","coordinates":[[10.6,46.06496],[10.59932,46.0652],[10.59863,46.06531],[10.59554,46.06542],[10.59451,46.06534],[10.59297,46.06489],[10.59125,46.0643],[10.58953,46.06359],[10.58816,46.06316],[10.58774,46.06293],[10.5873,46.06253],[10.58657,46.0615],[10.58593,46.06095],[10.58513,46.06043],[10.5828,46.05936],[10.58215,46.05893],[10.58175,46.0584],[10.58133,46.05745],[10.58115,46.05721],[10.57889,46.05535],[10.57811,46.05483],[10.57671,46.05352],[10.57592,46.05256],[10.57546,46.05182],[10.57513,46.0509],[10.57509,46.04982],[10.57474,46.04911],[10.57391,46.04812],[10.57293,46.04732],[10.57245,46.04685],[10.57134,46.04543],[10.57066,46.0447],[10.57048,46.04411],[10.57039,46.04339],[10.5705,46.04303],[10.57074,46.0428],[10.57117,46.04262],[10.5722,46.04245],[10.57425,46.04188],[10.57546,46.04184],[10.57769,46.04214],[10.5794,46.04202],[10.58095,46.04203],[10.58164,46.04217],[10.58202,46.04232],[10.58284,46.04293],[10.58318,46.04302],[10.5837,46.04304],[10.58524,46.04302],[10.58627,46.0429],[10.58679,46.04268],[10.58697,46.04232],[10.58692,46.04125],[10.587,46.04041],[10.58697,46.03994],[10.5869,46.0397],[10.58672,46.03946],[10.58627,46.03922],[10.58576,46.03916],[10.58421,46.03913],[10.58294,46.03874],[10.58146,46.03797],[10.58061,46.03775],[10.57992,46.03769],[10.5794,46.03774],[10.57889,46.03792],[10.57791,46.03874],[10.57717,46.03915],[10.57649,46.03935],[10.5758,46.03938],[10.57517,46.03922],[10.5746,46.03891],[10.57408,46.0384],[10.57382,46.03803],[10.5736,46.03755],[10.57322,46.03636],[10.57317,46.036],[10.57322,46.03565],[10.5734,46.03532],[10.57366,46.03505],[10.57543,46.03374],[10.57563,46.03338],[10.5757,46.0329],[10.57561,46.03243],[10.57516,46.03124],[10.57533,46.03028],[10.57527,46.02969],[10.57497,46.02897],[10.57426,46.02802],[10.57412,46.02754],[10.57422,46.02718],[10.5746,46.02655],[10.57477,46.02611],[10.57483,46.02492],[10.575,46.02408],[10.57516,46.02277],[10.57486,46.02194],[10.57479,46.0211],[10.57466,46.02075],[10.57425,46.02015],[10.57374,46.01975],[10.57323,46.01962],[10.57254,46.01964],[10.57031,46.02043],[10.56773,46.02089],[10.5655,46.02107],[10.56485,46.02134],[10.56455,46.0217],[10.5645,46.02194],[10.56453,46.02218],[10.56472,46.02254],[10.56499,46.02281],[10.5659,46.02349],[10.56646,46.02373],[10.56722,46.02418],[10.56822,46.02468],[10.56912,46.0254],[10.56946,46.02587],[10.56988,46.02706],[10.57058,46.02826],[10.57069,46.02873],[10.57068,46.02909],[10.57056,46.02945],[10.56993,46.0304],[10.5697,46.03088],[10.56961,46.03183],[10.56952,46.03219],[10.56885,46.03326],[10.56865,46.03374],[10.56864,46.03433],[10.56893,46.03505],[10.56898,46.03541],[10.56846,46.03767],[10.56804,46.0391],[10.56776,46.03958],[10.56743,46.03994],[10.56623,46.04089],[10.56567,46.04124],[10.56499,46.04155],[10.5643,46.04177],[10.56344,46.04191],[10.56241,46.04198],[10.56087,46.04245],[10.55915,46.04268],[10.5564,46.04276],[10.55434,46.04244],[10.55314,46.04233],[10.55245,46.04216],[10.55194,46.04195],[10.54816,46.04003],[10.54662,46.03967],[10.54627,46.03952],[10.54542,46.03861],[10.5449,46.03781],[10.54473,46.03768],[10.5442,46.03755],[10.54411,46.03731],[10.54434,46.03684],[10.54438,46.03648],[10.54421,46.0362],[10.5437,46.03589],[10.54301,46.03565],[10.54233,46.03565],[10.54147,46.03599],[10.5411,46.03636],[10.54109,46.0366],[10.54125,46.03708],[10.54205,46.03839],[10.54219,46.03886],[10.5422,46.03922],[10.5421,46.03958],[10.54133,46.04041],[10.54119,46.04077],[10.54139,46.04172],[10.54157,46.04208],[10.54181,46.04234],[10.54215,46.04244],[10.54267,46.04213],[10.54336,46.04222],[10.54421,46.04214],[10.54456,46.04218],[10.54564,46.04244],[10.54696,46.04287],[10.54816,46.04313],[10.54982,46.04387],[10.55054,46.04434],[10.55211,46.04589],[10.5524,46.04637],[10.5526,46.0472],[10.5528,46.04738],[10.55451,46.04763],[10.55554,46.04787],[10.5564,46.04795],[10.55846,46.04857],[10.55948,46.04899],[10.56052,46.0496],[10.56087,46.0497],[10.56155,46.04964],[10.56258,46.04926],[10.5631,46.04917],[10.56378,46.0492],[10.56499,46.04941],[10.56516,46.04953],[10.56527,46.04971],[10.56545,46.0509],[10.56589,46.05221],[10.56608,46.05245],[10.56842,46.05391],[10.57178,46.05554],[10.57233,46.0559],[10.57267,46.05626],[10.5728,46.05662],[10.5727,46.05697],[10.57249,46.05721],[10.57193,46.05757],[10.57099,46.05798],[10.56979,46.05837],[10.56722,46.05935],[10.5667,46.05971],[10.56598,46.06043],[10.56555,46.06067],[10.56396,46.06102],[10.56344,46.06124],[10.5631,46.06154],[10.56241,46.06242],[10.56129,46.06329],[10.56103,46.06364],[10.56094,46.064],[10.56124,46.06436],[10.56207,46.06481],[10.5631,46.06524],[10.56378,46.06542],[10.56464,46.06541],[10.56602,46.06511],[10.5667,46.06504],[10.56928,46.06513],[10.57014,46.06526],[10.5734,46.06633],[10.57542,46.06745],[10.57643,46.06793],[10.57734,46.06867],[10.5782,46.06967],[10.57992,46.07089],[10.58146,46.07278],[10.58185,46.07341],[10.58207,46.074],[10.58206,46.07448],[10.5818,46.07531],[10.58181,46.07555],[10.58194,46.07579],[10.58294,46.07651],[10.58352,46.07668],[10.58473,46.07724],[10.58592,46.07817],[10.58638,46.07865],[10.58674,46.07972],[10.58779,46.08127],[10.58783,46.08163],[10.58748,46.08246],[10.58745,46.08282],[10.58757,46.08317],[10.58805,46.08389],[10.58814,46.08425],[10.58804,46.08448],[10.58776,46.08472],[10.58713,46.085],[10.5857,46.08544],[10.58516,46.08579],[10.58507,46.08603],[10.58532,46.08639],[10.58741,46.0877],[10.58832,46.08841],[10.58884,46.08901],[10.58899,46.08936],[10.58904,46.08972],[10.58876,46.09067],[10.5885,46.09198],[10.58807,46.09294],[10.58732,46.09425],[10.58687,46.09556],[10.58653,46.09615],[10.58562,46.09698]]},"properties":{"ele":2640,"major":0}},{"type":"Feature","geometry":{"type":"LineString","coordinates":[[10.6,46.09491],[10.59932,46.09443],[10.5988,46.09392],[10.5986,46.09353],[10.59845,46.09282],[10.59775,46.09186],[10.59759,46.09103],[10.59749,46.09079],[10.59643,46.08996],[10.59611,46.08948],[10.59616,46.08913],[10.59643,46.08877],[10.59691,46.08842],[10.59782,46.08794],[10.59816,46.08758],[10.5983,46.08722],[10.5985,46.08627],[10.59896,46.08496],[10.59892,46.0846],[10.5988,46.08439],[10.59801,46.08365],[10.59777,46.0833],[10.59733,46.08234],[10.59719,46.08151],[10.59699,46.08103],[10.59583,46.07984],[10.5942,46.07889],[10.59146,46.07686],[10.58995,46.07555],[10.58911,46.0746],[10.58872,46.07424],[10.58816,46.0739],[10.58726,46.07353],[10.58679,46.07324],[10.58652,46.07293],[10.58639,46.07258],[10.58641,46.07234],[10.58653,46.0721],[10.58696,46.07174],[10.58919,46.07082],[10.59022,46.0705],[10.59434,46.06976],[10.5976,46.06892],[10.59863,46.06889],[10.6,46.06906]]},"properties":{"ele":2640,"major":0}},{"type":"Feature","geometry":{"type":"LineString","coordinates":[[10.47006,46.02371],[10.4728,46.02405],[10.47332,46.02403],[10.47452,46.02383],[10.47521,46.02377],[10.47795,46.02397],[10.47933,46.02425],[10.48224,46.02502],[10.48293,46.02527],[10.48448,46.02599],[10.48499,46.02608],[10.48533,46.02603],[10.48569,46.02575],[10.48606,46.02492],[10.4861,46.02397],[10.48587,46.02206],[10.48619,46.02131],[10.48649,46.02027],[10.48654,46.01991],[10.48637,46.01956],[10.48596,46.01932],[10.4843,46.01856],[10.48366,46.01836],[10.48327,46.01832],[10.48293,46.01836],[10.48207,46.01864],[10.48051,46.01956],[10.47889,46.02015],[10.47812,46.02029],[10.47692,46.02026],[10.47503,46.02005],[10.47205,46.01991],[10.47109,46.01975],[10.47006,46.0193]]},"properties":{"ele":2660,"major":0}},{"type":"Feature","geometry":{"type":"LineString","coordinates":[[10.47725,46.05245],[10.47847,46.05248],[10.47864,46.05243],[10.47884,46.05221],[10.47883,46.05185],[10.4785,46.05042],[10.47833,46.05006],[10.47812,46.04989],[10.47795,46.04984],[10.47761,46.04987],[10.47572,46.05047],[10.47345,46.0509],[10.47318,46.05102],[10.47308,46.05114],[10.47309,46.05125],[10.47321,46.05137],[10.47372,46.05161],[10.47587,46.05221],[10.47725,46.05245]]},"properties":{"ele":2660,"major":0}},{"type":"Feature","geometry":{"type":"LineString","coordinates":[[10.49351,46.09698],[10.49254,46.09635],[10.49169,46.0959],[10.49134,46.09578],[10.4898,46.09574],[10.48877,46.0955],[10.48774,46.09535],[10.48688,46.0955],[10.48602,46.09584],[10.48465,46.09578],[10.48362,46.09583],[10.48259,46.09563],[10.48173,46.09531],[10.48087,46.09528],[10.4795,46.09489],[10.47881,46.09483],[10.47761,46.09491],[10.47641,46.09525],[10.47572,46.09534],[10.47521,46.09529],[10.47435,46.09503],[10.474,46.09507],[10.47263,46.09567],[10.47229,46.09613],[10.47224,46.09639],[10.4723,46.09651],[10.47246,46.09661],[10.4728,46.09666],[10.47332,46.0966],[10.47349,46.09663],[10.47405,46.09698]]},"properties":{"ele":2660,"major":0}},{"type":"Feature","geometry":{"type":"LineString","coordinates":[[10.50125,46.07269],[10.50181,46.0728],[10.50422,46.07268],[10.50473,46.07256],[10.5049,46.07244],[10.50498,46.07222],[10.5048,46.07198],[10.50459,46.07186],[10.5037,46.07164],[10.50096,46.07137],[10.50044,46.07139],[10.50016,46.0715],[10.50011,46.07174],[10.5002,46.07186],[10.50056,46.0721],[10.50096,46.07253],[10.50125,46.07269]]},"properties":{"ele":2660,"major":0}},{"type":"Feature","geometry":{"type":"LineString","coordinates":[[10.54674,46.09698],[10.54654,46.09639],[10.54623,46.09579],[10.54516,46.09448],[10.54456,46.09397],[10.5437,46.09359],[10.5425,46.09332],[10.54181,46.09327],[10.53838,46.09355],[10.53632,46.09354],[10.5346,46.09336],[10.53271,46.0933],[10.53168,46.09309],[10.53127,46.09294],[10.53065,46.09245],[10.52909,46.09091],[10.52837,46.08984],[10.52783,46.08865],[10.52756,46.08829],[10.52722,46.08808],[10.52585,46.08761],[10.52491,46.08722],[10.52278,46.08603],[10.52224,46.08556],[10.52083,46.08365],[10.51976,46.08139],[10.5198,46.08091],[10.52037,46.07996],[10.5205,46.0796],[10.52048,46.07924],[10.52028,46.07901],[10.5195,46.0786],[10.5163,46.0777],[10.51452,46.07683],[10.51314,46.07625],[10.51177,46.07543],[10.51094,46.07508],[10.51046,46.07496],[10.51005,46.07496],[10.50964,46.07508],[10.50937,46.07525],[10.50919,46.07555],[10.50927,46.07615],[10.50954,46.07678],[10.51031,46.07817],[10.51108,46.07877],[10.51229,46.07934],[10.51263,46.07957],[10.514,46.08004],[10.51503,46.08061],[10.51552,46.08115],[10.51589,46.08197],[10.51641,46.08268],[10.51659,46.08305],[10.51692,46.08336],[10.51773,46.08389],[10.51795,46.08413],[10.51805,46.08436],[10.51805,46.0852],[10.51815,46.08555],[10.51839,46.08591],[10.51897,46.08651],[10.51907,46.08675],[10.51892,46.0871],[10.51755,46.08853],[10.51737,46.08901],[10.5174,46.08925],[10.51749,46.08936],[10.51778,46.08955],[10.51812,46.08965],[10.52035,46.08998],[10.5219,46.09009],[10.52327,46.09038],[10.5237,46.09056],[10.52414,46.09091],[10.52453,46.09175],[10.52475,46.09198],[10.52688,46.09278],[10.52786,46.09341],[10.52818,46.09401],[10.52837,46.09472],[10.52848,46.09544],[10.52864,46.09556],[10.52928,46.0957],[10.53022,46.09603],[10.53082,46.09653],[10.53124,46.09698]]},"properties":{"ele":2660,"major":0}},{"type":"Feature","geometry":{"type":"LineString","coordinates":[[10.6,46.06526],[10.59932,46.06556],[10.5988,46.06566],[10.59726,46.0656],[10.59503,46.06571],[10.594,46.06559],[10.59159,46.06488],[10.58764,46.06332],[10.58713,46.06292],[10.58644,46.06202],[10.58588,46.0615],[10.58431,46.06067],[10.58218,46.05971],[10.58181,46.05949],[10.58146,46.05919],[10.58112,46.05873],[10.58086,46.05828],[10.58057,46.05757],[10.58028,46.05721],[10.5794,46.05635],[10.57786,46.05519],[10.57631,46.0539],[10.57546,46.05301],[10.57504,46.05233],[10.57457,46.05114],[10.57438,46.05042],[10.57433,46.04971],[10.57404,46.04911],[10.5735,46.0484],[10.57254,46.04758],[10.57151,46.04633],[10.57007,46.04494],[10.56991,46.04458],[10.56984,46.04363],[10.56992,46.04315],[10.57014,46.0428],[10.57048,46.04258],[10.57082,46.04246],[10.57237,46.04224],[10.57425,46.04163],[10.57511,46.04158],[10.57769,46.04199],[10.5794,46.04184],[10.58112,46.04185],[10.58222,46.04208],[10.58352,46.04264],[10.58455,46.04274],[10.58541,46.04268],[10.58593,46.04255],[10.58631,46.04232],[10.58648,46.04196],[10.58645,46.04005],[10.58627,46.03972],[10.58593,46.03953],[10.58541,46.03946],[10.58421,46.03947],[10.58263,46.03898],[10.58095,46.03831],[10.58009,46.03818],[10.5794,46.03833],[10.57802,46.0391],[10.57717,46.03947],[10.57631,46.0397],[10.57546,46.03974],[10.5748,46.03958],[10.57425,46.03929],[10.57391,46.03895],[10.57352,46.03839],[10.57321,46.03779],[10.57292,46.0366],[10.57283,46.036],[10.57287,46.03553],[10.57312,46.03505],[10.57401,46.03433],[10.57471,46.03362],[10.57491,46.03326],[10.57499,46.03279],[10.57492,46.03243],[10.57456,46.03147],[10.57448,46.03112],[10.57453,46.03076],[10.57488,46.02993],[10.57486,46.02945],[10.57468,46.02897],[10.57402,46.02814],[10.57374,46.02754],[10.57381,46.02718],[10.5743,46.02647],[10.57449,46.02599],[10.57447,46.02516],[10.57463,46.0242],[10.57462,46.02373],[10.57443,46.02304],[10.57401,46.02254],[10.57393,46.0223],[10.57423,46.02134],[10.57422,46.02099],[10.57403,46.02063],[10.57357,46.02022],[10.57305,46.02008],[10.57254,46.02011],[10.57082,46.02067],[10.56859,46.02119],[10.5679,46.02128],[10.56602,46.02136],[10.56538,46.02158],[10.56507,46.02194],[10.56502,46.0223],[10.56509,46.02254],[10.56577,46.02325],[10.56825,46.02456],[10.56887,46.02504],[10.56936,46.02528],[10.56962,46.02552],[10.56984,46.02587],[10.57016,46.02695],[10.57097,46.02826],[10.57108,46.02897],[10.57094,46.02957],[10.57019,46.03088],[10.56994,46.03219],[10.56927,46.03326],[10.56907,46.03374],[10.56904,46.0341],[10.5691,46.03433],[10.56962,46.03517],[10.56971,46.03553],[10.56919,46.0366],[10.56882,46.03803],[10.56836,46.03946],[10.56805,46.03994],[10.56684,46.04101],[10.56635,46.04137],[10.5655,46.04183],[10.56481,46.04212],[10.56396,46.04234],[10.56258,46.04247],[10.56069,46.0429],[10.55863,46.04312],[10.55709,46.04315],[10.55623,46.0431],[10.5552,46.04294],[10.55417,46.04269],[10.55297,46.04254],[10.55194,46.0422],[10.54816,46.04029],[10.54625,46.03982],[10.54586,46.03946],[10.54473,46.03812],[10.54404,46.03766],[10.54393,46.03731],[10.5441,46.03684],[10.5441,46.03648],[10.5439,46.03624],[10.5437,46.03612],[10.54318,46.03598],[10.5425,46.03596],[10.54181,46.03619],[10.54152,46.03648],[10.54153,46.03672],[10.54192,46.03755],[10.54261,46.03839],[10.54277,46.03886],[10.54275,46.03934],[10.5426,46.0397],[10.54179,46.04041],[10.54156,46.04077],[10.54155,46.04113],[10.54164,46.04145],[10.54179,46.04172],[10.54198,46.04192],[10.54215,46.04196],[10.54267,46.04182],[10.54284,46.04183],[10.54353,46.04198],[10.54439,46.04201],[10.54559,46.04228],[10.54679,46.04267],[10.54816,46.04298],[10.55017,46.04387],[10.55057,46.04411],[10.55117,46.0447],[10.55245,46.04576],[10.55276,46.04613],[10.55327,46.04697],[10.55366,46.04724],[10.55537,46.04769],[10.5564,46.04783],[10.55829,46.04835],[10.55932,46.04872],[10.56052,46.04932],[10.56087,46.04943],[10.56121,46.04944],[10.56155,46.04936],[10.56275,46.04888],[10.56516,46.04922],[10.56536,46.04935],[10.56555,46.04959],[10.56561,46.04982],[10.56564,46.05078],[10.56611,46.05209],[10.56628,46.05233],[10.56842,46.05372],[10.57065,46.05473],[10.57239,46.05566],[10.57275,46.0559],[10.5731,46.05626],[10.57329,46.05662],[10.57327,46.05697],[10.57299,46.05733],[10.57245,46.05769],[10.57117,46.05824],[10.56979,46.05871],[10.56859,46.0593],[10.56756,46.05968],[10.56648,46.06055],[10.56602,46.06083],[10.56516,46.06112],[10.56413,46.06132],[10.56361,46.06156],[10.56332,46.06186],[10.56275,46.06266],[10.56182,46.0634],[10.56162,46.06376],[10.56164,46.064],[10.5618,46.06424],[10.56224,46.06455],[10.5631,46.06494],[10.56378,46.06514],[10.56447,46.06517],[10.56602,46.06484],[10.5667,46.06476],[10.56996,46.06489],[10.57082,46.06504],[10.57271,46.06557],[10.57357,46.06595],[10.57537,46.0671],[10.57673,46.06781],[10.57772,46.06865],[10.57837,46.06934],[10.5794,46.07004],[10.58009,46.07058],[10.58181,46.07258],[10.5823,46.07341],[10.58251,46.07412],[10.58247,46.07448],[10.58223,46.07531],[10.58224,46.07555],[10.58237,46.07579],[10.58301,46.07633],[10.58352,46.07649],[10.5849,46.0771],[10.58626,46.07805],[10.58687,46.07865],[10.5876,46.07984],[10.58816,46.08055],[10.58851,46.08127],[10.58854,46.08151],[10.5885,46.08174],[10.58795,46.08246],[10.58786,46.08282],[10.58798,46.08317],[10.5886,46.08401],[10.58869,46.08425],[10.58869,46.08448],[10.58852,46.08472],[10.58806,46.08496],[10.5859,46.08567],[10.58559,46.08591],[10.58558,46.08603],[10.58644,46.08679],[10.58936,46.08857],[10.5897,46.08901],[10.58983,46.0896],[10.5895,46.09067],[10.58918,46.0921],[10.58878,46.09317],[10.58819,46.09425],[10.58773,46.09544],[10.58754,46.09579],[10.58725,46.09615],[10.58626,46.09698]]},"properties":{"ele":2660,"major":0}},{"type":"Feature","geometry":{"type":"LineString","coordinates":[[10.6,46.09549],[10.59969,46.09532],[10.59932,46.095],[10.59851,46.09413],[10.59823,46.09365],[10.59801,46.09294],[10.59755,46.09234],[10.59735,46.09198],[10.59721,46.09127],[10.59709,46.09097],[10.59681,46.09067],[10.5959,46.08996],[10.59553,46.08948],[10.59557,46.08913],[10.59585,46.08877],[10.59629,46.08841],[10.59743,46.08772],[10.59773,46.08734],[10.59781,46.08698],[10.59774,46.08603],[10.59807,46.08484],[10.59803,46.08448],[10.59743,46.0835],[10.59692,46.08246],[10.59647,46.08127],[10.59537,46.07996],[10.594,46.07915],[10.59297,46.07833],[10.59125,46.07722],[10.58959,46.07579],[10.58868,46.07472],[10.58833,46.07441],[10.58782,46.07412],[10.58661,46.07366],[10.58627,46.07345],[10.58595,46.07305],[10.58586,46.07269],[10.58591,46.07234],[10.5861,46.07198],[10.58671,46.0715],[10.59056,46.07011],[10.59125,46.06995],[10.59468,46.06942],[10.5976,46.06863],[10.5988,46.06861],[10.6,46.06881]]},"properties":{"ele":2660,"major":0}},{"type":"Feature","geometry":{"type":"LineString","coordinates":[[10.47006,46.02332],[10.47109,46.02346],[10.47246,46.02353],[10.47332,46.02348],[10.47452,46.02329],[10.47555,46.02326],[10.47658,46.02332],[10.47812,46.02352],[10.48001,46.02395],[10.48242,46.02465],[10.4831,46.02491],[10.4843,46.02552],[10.48465,46.02561],[10.48499,46.02561],[10.48533,46.02546],[10.48551,46.02531],[10.4857,46.02504],[10.48587,46.02456],[10.48593,46.02408],[10.48588,46.02325],[10.48558,46.02194],[10.48591,46.02122],[10.486,46.02051],[10.48597,46.02015],[10.48588,46.01991],[10.48551,46.01959],[10.4843,46.01896],[10.4831,46.01865],[10.48224,46.01882],[10.48156,46.01911],[10.4808,46.01967],[10.48001,46.02004],[10.47897,46.02039],[10.4783,46.02053],[10.47709,46.02049],[10.47503,46.02021],[10.47194,46.02007],[10.47105,46.01991],[10.47006,46.01955]]},"properties":{"ele":2680,"major":0}},{"type":"Feature","geometry":{"type":"LineString","coordinates":[[10.47687,46.05221],[10.47795,46.05225],[10.4783,46.05212],[10.47841,46.05197],[10.47844,46.05173],[10.4783,46.0509],[10.47813,46.05054],[10.47795,46.05037],[10.47761,46.05025],[10.47709,46.05031],[10.47427,46.05114],[10.47418,46.05125],[10.47433,46.05137],[10.47552,46.05185],[10.47687,46.05221]]},"properties":{"ele":2680,"major":0}},{"type":"Feature","geometry":{"type":"LineString","coordinates":[[10.48097,46.09698],[10.48156,46.09632],[10.4819,46.09615],[10.4819,46.09603],[10.48173,46.09591],[10.48087,46.09566],[10.47967,46.09517],[10.47881,46.09499],[10.47778,46.09506],[10.47658,46.0954],[10.47589,46.09551],[10.47521,46.09548],[10.47452,46.09528],[10.474,46.09533],[10.47358,46.09567],[10.47352,46.09591],[10.47357,46.09627],[10.47385,46.09663],[10.47438,46.09698]]},"properties":{"ele":2680,"major":0}},{"type":"Feature","geometry":{"type":"LineString","coordinates":[[10.49313,46.09698],[10.49254,46.09659],[10.49134,46.096],[10.491,46.09595],[10.49014,46.09602],[10.48963,46.09599],[10.48877,46.09572],[10.48774,46.09549],[10.48722,46.09558],[10.48585,46.09613],[10.48499,46.09608],[10.48465,46.09612],[10.48439,46.09627],[10.48431,46.09639],[10.48433,46.09651],[10.48465,46.09671],[10.48568,46.09681],[10.48612,46.09698]]},"properties":{"ele":2680,"major":0}},{"type":"Feature","geometry":{"type":"LineString","coordinates":[[10.50112,46.07246],[10.50147,46.07255],[10.50233,46.07253],[10.5037,46.07239],[10.50397,46.07234],[10.50414,46.07222],[10.50411,46.0721],[10.50393,46.07198],[10.50346,46.07186],[10.50113,46.07158],[10.50057,46.07162],[10.50048,46.07174],[10.50055,46.07186],[10.50112,46.07246]]},"properties":{"ele":2680,"major":0}},{"type":"Feature","geometry":{"type":"LineString","coordinates":[[10.54608,46.09698],[10.54503,46.09532],[10.54432,46.09448],[10.54362,46.09401],[10.54267,46.09372],[10.54215,46.09363],[10.5413,46.09363],[10.53838,46.09395],[10.53666,46.094],[10.53409,46.0939],[10.53254,46.09373],[10.53151,46.09353],[10.53093,46.09329],[10.53061,46.09306],[10.52962,46.09198],[10.52808,46.09056],[10.5273,46.08936],[10.52694,46.08889],[10.52658,46.08853],[10.52567,46.08797],[10.52464,46.08751],[10.52361,46.08691],[10.52241,46.08634],[10.52203,46.08603],[10.52135,46.08484],[10.52024,46.08353],[10.51918,46.08139],[10.51913,46.08115],[10.51916,46.08079],[10.5197,46.07972],[10.51966,46.07936],[10.51949,46.07913],[10.51909,46.07889],[10.51823,46.07853],[10.51623,46.07796],[10.51469,46.07725],[10.51334,46.07674],[10.51194,46.07588],[10.51108,46.07547],[10.51023,46.07528],[10.50988,46.07536],[10.50971,46.07548],[10.50953,46.07591],[10.50961,46.07651],[10.50988,46.07704],[10.51077,46.07829],[10.51108,46.07856],[10.51194,46.07905],[10.51243,46.07924],[10.5128,46.07948],[10.514,46.07985],[10.51503,46.08044],[10.5156,46.08103],[10.51598,46.08174],[10.51677,46.08294],[10.51709,46.0832],[10.51795,46.08368],[10.51835,46.08413],[10.51843,46.08436],[10.51838,46.08484],[10.51846,46.08555],[10.51871,46.08591],[10.51932,46.08647],[10.51943,46.08675],[10.51927,46.0871],[10.51814,46.08817],[10.51785,46.08853],[10.51772,46.08889],[10.51778,46.08911],[10.51791,46.08925],[10.51829,46.08941],[10.52018,46.08976],[10.52207,46.08996],[10.52327,46.09019],[10.52413,46.09056],[10.52453,46.09091],[10.52486,46.09163],[10.52505,46.09186],[10.52705,46.09266],[10.52811,46.09329],[10.52848,46.09389],[10.52876,46.0946],[10.52895,46.09532],[10.52911,46.09544],[10.53048,46.09589],[10.53082,46.09617],[10.53158,46.09698]]},"properties":{"ele":2680,"major":0}},{"type":"Feature","geometry":{"type":"LineString","coordinates":[[10.6,46.06561],[10.59915,46.066],[10.59863,46.06614],[10.59726,46.06585],[10.59468,46.06602],[10.59365,46.06592],[10.59279,46.06572],[10.59073,46.06506],[10.58764,46.06379],[10.58692,46.06329],[10.58593,46.0623],[10.58473,46.0615],[10.58387,46.06102],[10.58181,46.06015],[10.58129,46.05987],[10.58068,46.05924],[10.58009,46.05831],[10.57883,46.05662],[10.57803,46.05589],[10.57683,46.05499],[10.57485,46.05304],[10.57449,46.05245],[10.57392,46.05114],[10.57342,46.0503],[10.57323,46.04923],[10.57297,46.04863],[10.57197,46.04768],[10.57115,46.04661],[10.56975,46.0453],[10.56948,46.04494],[10.56935,46.04458],[10.5693,46.04363],[10.56951,46.04291],[10.56979,46.04257],[10.57048,46.04231],[10.57237,46.04207],[10.57425,46.0413],[10.57477,46.04123],[10.57511,46.04127],[10.57769,46.04183],[10.5794,46.04165],[10.58146,46.04169],[10.58249,46.04192],[10.5837,46.04232],[10.58455,46.04245],[10.58507,46.04241],[10.58558,46.04225],[10.58584,46.04208],[10.58602,46.04172],[10.58589,46.04029],[10.58578,46.04005],[10.58564,46.03994],[10.58507,46.03976],[10.58421,46.03971],[10.58095,46.03884],[10.58009,46.03878],[10.57958,46.03885],[10.57906,46.039],[10.577,46.03982],[10.57614,46.04005],[10.57546,46.04014],[10.57494,46.0401],[10.57422,46.03982],[10.5737,46.03946],[10.57332,46.03898],[10.57276,46.03779],[10.57245,46.03612],[10.57243,46.03553],[10.57252,46.03517],[10.57268,46.03493],[10.57379,46.03398],[10.57426,46.03326],[10.57435,46.0329],[10.57435,46.03255],[10.57388,46.03076],[10.574,46.0304],[10.57439,46.02981],[10.57447,46.02945],[10.57436,46.02897],[10.57353,46.0279],[10.57336,46.02754],[10.57335,46.0273],[10.57343,46.02706],[10.57397,46.02635],[10.57412,46.02599],[10.57407,46.02504],[10.57421,46.02408],[10.57408,46.02364],[10.57391,46.02343],[10.5735,46.02313],[10.57332,46.02265],[10.57329,46.02242],[10.57342,46.02194],[10.57338,46.02146],[10.57344,46.0211],[10.57335,46.02087],[10.57305,46.02065],[10.57271,46.02059],[10.57237,46.02063],[10.569,46.02158],[10.56705,46.02164],[10.56636,46.02172],[10.5658,46.02194],[10.56551,46.0223],[10.56554,46.02265],[10.56577,46.02301],[10.56603,46.02325],[10.56756,46.024],[10.56797,46.02432],[10.56859,46.02464],[10.56893,46.02495],[10.56928,46.02509],[10.56979,46.02517],[10.57022,46.02587],[10.57048,46.02688],[10.57131,46.02814],[10.57143,46.02849],[10.57148,46.02897],[10.57134,46.02969],[10.57063,46.031],[10.57029,46.03231],[10.56968,46.03326],[10.56947,46.03374],[10.56945,46.0341],[10.56953,46.03433],[10.57029,46.03517],[10.57038,46.03553],[10.57024,46.03588],[10.56983,46.03636],[10.56964,46.03672],[10.56943,46.03791],[10.5689,46.03958],[10.56859,46.04005],[10.56773,46.04073],[10.56713,46.04137],[10.5667,46.04169],[10.56619,46.04198],[10.56533,46.04241],[10.56481,46.04258],[10.56344,46.04291],[10.56224,46.04312],[10.55846,46.04351],[10.5564,46.04348],[10.5552,46.04331],[10.554,46.04294],[10.55297,46.04279],[10.55228,46.04261],[10.54936,46.04119],[10.54816,46.04054],[10.54627,46.04009],[10.54593,46.03984],[10.54473,46.0386],[10.54393,46.03791],[10.54373,46.03743],[10.54387,46.03672],[10.5438,46.03648],[10.5437,46.03637],[10.54336,46.03623],[10.54277,46.03624],[10.5423,46.03636],[10.54203,46.0366],[10.54204,46.03696],[10.54226,46.03743],[10.54288,46.03803],[10.54305,46.03827],[10.5432,46.03898],[10.54313,46.03946],[10.54297,46.03982],[10.54216,46.04053],[10.54199,46.04077],[10.54195,46.04125],[10.54215,46.04159],[10.54233,46.04163],[10.54284,46.04155],[10.5437,46.04177],[10.54439,46.04182],[10.54679,46.04252],[10.54765,46.04265],[10.54919,46.04327],[10.54971,46.04356],[10.5503,46.04375],[10.55077,46.04399],[10.55117,46.04434],[10.55144,46.0447],[10.55201,46.04506],[10.55263,46.04556],[10.55381,46.04697],[10.5546,46.04732],[10.55539,46.04756],[10.55657,46.04776],[10.55829,46.0482],[10.55932,46.04855],[10.56087,46.0492],[10.56121,46.04921],[10.56172,46.04905],[10.56212,46.04887],[10.56258,46.04849],[10.56275,46.04849],[10.56344,46.04879],[10.56499,46.04897],[10.56533,46.04909],[10.56565,46.04935],[10.56586,46.04971],[10.56591,46.05078],[10.56634,46.05197],[10.56659,46.05233],[10.56739,46.05292],[10.56842,46.05354],[10.57065,46.0545],[10.57279,46.05566],[10.57328,46.05602],[10.57362,46.05638],[10.5738,46.05673],[10.57374,46.05709],[10.57341,46.05745],[10.57271,46.05791],[10.5719,46.05828],[10.56979,46.05909],[10.56876,46.05967],[10.5678,46.06007],[10.56679,46.06078],[10.56602,46.06118],[10.56533,46.06145],[10.5643,46.06171],[10.56396,46.06188],[10.56361,46.0622],[10.56314,46.06281],[10.56235,46.06352],[10.56222,46.06376],[10.56224,46.064],[10.56245,46.06424],[10.5631,46.06458],[10.56413,46.06488],[10.56464,46.06487],[10.56653,46.06452],[10.56842,46.06461],[10.57014,46.06461],[10.57099,46.06473],[10.57288,46.06515],[10.57374,46.06546],[10.57499,46.0665],[10.57683,46.0676],[10.57855,46.06904],[10.57959,46.06972],[10.58043,46.07048],[10.5814,46.07162],[10.58211,46.07234],[10.5826,46.07305],[10.5829,46.07389],[10.5829,46.07436],[10.58258,46.07543],[10.58264,46.07567],[10.58283,46.07591],[10.58318,46.07619],[10.58455,46.07672],[10.58576,46.07746],[10.58646,46.07782],[10.58705,46.07829],[10.58802,46.07936],[10.58867,46.08039],[10.58903,46.08127],[10.58908,46.08163],[10.58905,46.08186],[10.58851,46.08258],[10.58841,46.08294],[10.58858,46.08329],[10.58926,46.08425],[10.58936,46.0846],[10.58921,46.08484],[10.58899,46.08496],[10.5868,46.08567],[10.58636,46.08591],[10.5863,46.08603],[10.58639,46.08627],[10.58658,46.08651],[10.58739,46.0871],[10.58944,46.08817],[10.58988,46.08848],[10.59022,46.08901],[10.5903,46.08972],[10.58995,46.09103],[10.58951,46.09353],[10.5889,46.09496],[10.58817,46.09603],[10.58692,46.09698]]},"properties":{"ele":2680,"major":0}},{"type":"Feature","geometry":{"type":"LineString","coordinates":[[10.6,46.09606],[10.59934,46.09579],[10.59897,46.09541],[10.59791,46.09389],[10.59754,46.09294],[10.59705,46.0921],[10.59673,46.09115],[10.59642,46.09079],[10.5952,46.08986],[10.59496,46.08948],[10.59498,46.08913],[10.59523,46.08877],[10.59695,46.08758],[10.59718,46.08734],[10.59727,46.0871],[10.59703,46.08603],[10.59732,46.08496],[10.59734,46.08436],[10.59723,46.08401],[10.59654,46.08258],[10.59612,46.08151],[10.59495,46.08008],[10.59372,46.07936],[10.59245,46.07837],[10.59073,46.07734],[10.58919,46.07598],[10.58831,46.07496],[10.58791,46.0746],[10.58747,46.07437],[10.58627,46.07396],[10.5857,46.07365],[10.58541,46.07333],[10.58533,46.07293],[10.58541,46.07246],[10.58564,46.07198],[10.58593,46.07166],[10.58634,46.07138],[10.58696,46.07111],[10.59091,46.06971],[10.59211,46.06946],[10.59468,46.06914],[10.59677,46.06853],[10.5976,46.06835],[10.5988,46.06833],[10.6,46.06855]]},"properties":{"ele":2680,"major":0}},{"type":"Feature","geometry":{"type":"LineString","coordinates":[[10.47006,46.02279],[10.47074,46.02303],[10.47194,46.02314],[10.47315,46.02306],[10.47538,46.02275],[10.47744,46.02289],[10.4783,46.02305],[10.4807,46.02368],[10.48259,46.0243],[10.48394,46.0248],[10.48448,46.02507],[10.48482,46.02516],[10.48516,46.02509],[10.48547,46.0248],[10.48567,46.02432],[10.48573,46.02397],[10.48568,46.02305],[10.48531,46.02194],[10.48557,46.02099],[10.48553,46.02063],[10.48539,46.02027],[10.48513,46.01991],[10.4848,46.01967],[10.48413,46.01932],[10.48327,46.01902],[10.48276,46.01897],[10.48173,46.01921],[10.48092,46.01979],[10.48001,46.02027],[10.47881,46.02064],[10.47812,46.02074],[10.47709,46.02068],[10.47624,46.02049],[10.47521,46.02037],[10.47177,46.0202],[10.47091,46.02004],[10.47006,46.01979]]},"properties":{"ele":2700,"major":1}},{"type":"Feature","geometry":{"type":"LineString","coordinates":[[10.47684,46.05197],[10.47744,46.05201],[10.47795,46.05185],[10.47807,46.05161],[10.47807,46.05125],[10.47797,46.0509],[10.47778,46.05069],[10.47744,46.05057],[10.47675,46.05066],[10.47579,46.05102],[10.47548,46.05125],[10.47548,46.05137],[10.47576,46.05161],[10.47684,46.05197]]},"properties":{"ele":2700,"major":1}},{"type":"Feature","geometry":{"type":"LineString","coordinates":[[10.48028,46.09698],[10.48066,46.09651],[10.48064,46.09627],[10.48046,46.09603],[10.48006,46.09567],[10.4795,46.09535],[10.47904,46.0952],[10.47864,46.09515],[10.47778,46.09524],[10.47658,46.09558],[10.47606,46.09567],[10.47538,46.09569],[10.47452,46.09552],[10.47418,46.09557],[10.47392,46.09579],[10.47389,46.09627],[10.47402,46.09651],[10.4747,46.09698]]},"properties":{"ele":2700,"major":1}},{"type":"Feature","geometry":{"type":"LineString","coordinates":[[10.49274,46.09698],[10.49237,46.09672],[10.49117,46.09617],[10.49083,46.09617],[10.49031,46.09637],[10.48963,46.09638],[10.48863,46.09591],[10.48757,46.09564],[10.48652,46.09603],[10.48614,46.09639],[10.48612,46.09651],[10.48627,46.09663],[10.48691,46.09698]]},"properties":{"ele":2700,"major":1}},{"type":"Feature","geometry":{"type":"LineString","coordinates":[[10.54315,46.03755],[10.54336,46.03757],[10.54356,46.03696],[10.54353,46.03666],[10.54336,46.03653],[10.54318,46.03651],[10.5429,46.0366],[10.54264,46.03684],[10.5427,46.03719],[10.54315,46.03755]]},"properties":{"ele":2700,"major":1}},{"type":"Feature","geometry":{"type":"LineString","coordinates":[[10.54541,46.09698],[10.54435,46.09544],[10.54387,46.09484],[10.54318,46.09431],[10.54233,46.09403],[10.54181,46.09396],[10.54095,46.09397],[10.53786,46.09435],[10.53443,46.0944],[10.53168,46.0939],[10.53064,46.09353],[10.5303,46.09329],[10.52876,46.09169],[10.52768,46.09079],[10.52659,46.08925],[10.52602,46.08864],[10.52516,46.08806],[10.52198,46.08651],[10.52166,46.08627],[10.52151,46.08603],[10.52132,46.08544],[10.52104,46.08496],[10.52052,46.08438],[10.51954,46.08353],[10.51934,46.08258],[10.51867,46.08127],[10.51864,46.08091],[10.51885,46.07972],[10.51876,46.07948],[10.51843,46.07913],[10.51761,46.07865],[10.51606,46.07818],[10.51469,46.07751],[10.51263,46.07674],[10.51177,46.07615],[10.51126,46.07589],[10.51057,46.07573],[10.51025,46.07579],[10.51005,46.07591],[10.50985,46.07627],[10.50994,46.07674],[10.51111,46.07829],[10.51211,46.079],[10.51256,46.07913],[10.51297,46.07938],[10.514,46.07966],[10.51503,46.08026],[10.51561,46.08079],[10.51606,46.08155],[10.51645,46.08198],[10.51696,46.08282],[10.51744,46.08312],[10.51837,46.08353],[10.51877,46.08389],[10.51884,46.08425],[10.51869,46.08484],[10.51875,46.08555],[10.51898,46.08585],[10.51965,46.08639],[10.51978,46.08675],[10.51961,46.0871],[10.51827,46.08841],[10.51812,46.08877],[10.51822,46.08901],[10.51864,46.08921],[10.52034,46.0896],[10.52207,46.08981],[10.52344,46.09006],[10.52431,46.09044],[10.52492,46.09091],[10.52509,46.09115],[10.52527,46.09163],[10.5255,46.09186],[10.52705,46.09247],[10.52835,46.09317],[10.52858,46.09341],[10.52886,46.09389],[10.52936,46.0952],[10.52974,46.09544],[10.53065,46.09583],[10.53197,46.09698]]},"properties":{"ele":2700,"major":1}},{"type":"Feature","geometry":{"type":"LineString","coordinates":[[10.57132,46.03517],[10.57151,46.03519],[10.57168,46.03509],[10.57327,46.03386],[10.5736,46.03338],[10.57379,46.03267],[10.57369,46.03171],[10.57333,46.03088],[10.57326,46.03052],[10.57337,46.03016],[10.57391,46.02948],[10.57397,46.02909],[10.57374,46.02866],[10.57304,46.02778],[10.57286,46.02718],[10.57297,46.02683],[10.57354,46.02599],[10.57351,46.02504],[10.57363,46.0242],[10.57355,46.02397],[10.57305,46.02349],[10.57269,46.02206],[10.57269,46.02146],[10.57254,46.02127],[10.57237,46.02121],[10.57151,46.02131],[10.5699,46.02182],[10.56928,46.02196],[10.56756,46.02195],[10.56687,46.02202],[10.56619,46.02229],[10.56602,46.02247],[10.56596,46.02265],[10.566,46.02289],[10.56618,46.02313],[10.56773,46.02391],[10.568,46.0242],[10.56859,46.02451],[10.56907,46.02492],[10.56928,46.02497],[10.56962,46.0249],[10.56996,46.02507],[10.57056,46.02575],[10.57086,46.02671],[10.57178,46.02814],[10.5719,46.02849],[10.57195,46.02885],[10.57194,46.02933],[10.57187,46.02969],[10.57172,46.03004],[10.57109,46.031],[10.57069,46.03243],[10.57001,46.0335],[10.56989,46.03386],[10.56996,46.03422],[10.57014,46.03443],[10.57132,46.03517]]},"properties":{"ele":2700,"major":1}},{"type":"Feature","geometry":{"type":"LineString","coordinates":[[10.6,46.06592],[10.5988,46.06646],[10.59829,46.06655],[10.59709,46.06613],[10.59657,46.06613],[10.59537,46.06632],[10.59451,46.06638],[10.59313,46.06626],[10.59203,46.06603],[10.59022,46.06532],[10.58902,46.06476],[10.58713,46.06412],[10.58679,46.06388],[10.58593,46.06305],[10.58507,46.06256],[10.58396,46.06162],[10.58318,46.06124],[10.58164,46.06069],[10.58078,46.06021],[10.58012,46.05959],[10.57958,46.05866],[10.57888,46.05804],[10.57872,46.0578],[10.5785,46.05721],[10.5782,46.05672],[10.57769,46.05626],[10.57649,46.05539],[10.57558,46.05423],[10.57453,46.05328],[10.57422,46.05292],[10.5734,46.05166],[10.57271,46.0509],[10.57237,46.0504],[10.57227,46.05006],[10.57237,46.04923],[10.5723,46.04887],[10.57202,46.04854],[10.57124,46.0478],[10.57041,46.04649],[10.56926,46.04542],[10.56906,46.04518],[10.5689,46.04482],[10.56872,46.04363],[10.56877,46.04303],[10.56889,46.0428],[10.56923,46.04244],[10.56979,46.04213],[10.5722,46.04195],[10.57276,46.04172],[10.57374,46.04116],[10.57443,46.04095],[10.57494,46.04088],[10.5758,46.04106],[10.57752,46.04161],[10.57975,46.04145],[10.58164,46.0415],[10.58387,46.04208],[10.58473,46.04214],[10.58529,46.04196],[10.58551,46.04172],[10.58558,46.04148],[10.58552,46.04101],[10.58537,46.04053],[10.5852,46.04029],[10.5849,46.0401],[10.58352,46.03972],[10.58129,46.03926],[10.58009,46.03918],[10.57906,46.03936],[10.5758,46.0405],[10.57528,46.04057],[10.57477,46.04048],[10.57429,46.04029],[10.57342,46.03982],[10.57286,46.03934],[10.57264,46.03898],[10.57238,46.03839],[10.57199,46.03648],[10.57168,46.03593],[10.57151,46.03582],[10.57134,46.03582],[10.57065,46.03628],[10.57024,46.03672],[10.57016,46.03708],[10.57024,46.03779],[10.5702,46.03827],[10.56986,46.0391],[10.56944,46.03982],[10.56901,46.04029],[10.56802,46.04101],[10.56763,46.0416],[10.5674,46.04184],[10.56653,46.04242],[10.56572,46.0428],[10.56275,46.04354],[10.55829,46.04387],[10.55623,46.04382],[10.55503,46.04363],[10.55383,46.0432],[10.552,46.0428],[10.55075,46.04208],[10.54919,46.04139],[10.54807,46.04077],[10.54625,46.04029],[10.54593,46.04011],[10.54473,46.03917],[10.54404,46.03881],[10.54387,46.03888],[10.5437,46.03913],[10.54327,46.04005],[10.54244,46.04077],[10.54238,46.04101],[10.5425,46.0412],[10.54318,46.04126],[10.5437,46.0415],[10.54439,46.04156],[10.54507,46.04191],[10.54645,46.0423],[10.54765,46.04245],[10.54936,46.04315],[10.54988,46.04349],[10.55035,46.04363],[10.55115,46.04399],[10.55149,46.04423],[10.55165,46.04458],[10.55228,46.04496],[10.55292,46.04554],[10.55366,46.04642],[10.55411,46.04685],[10.55486,46.04725],[10.55554,46.04746],[10.55846,46.0481],[10.56087,46.049],[10.56121,46.049],[10.56172,46.04883],[10.56258,46.04825],[10.56282,46.04828],[10.56344,46.04862],[10.56499,46.04879],[10.56533,46.0489],[10.56578,46.04923],[10.5661,46.04971],[10.56621,46.05006],[10.56619,46.05066],[10.56651,46.05173],[10.56667,46.05209],[10.56699,46.05245],[10.56765,46.05292],[10.56859,46.05346],[10.57081,46.05435],[10.57288,46.05549],[10.57354,46.0559],[10.57409,46.05638],[10.57427,46.05673],[10.57419,46.05709],[10.5739,46.05745],[10.57343,46.05781],[10.57237,46.0584],[10.56996,46.05942],[10.56911,46.06],[10.56825,46.06038],[10.56734,46.0609],[10.56567,46.06173],[10.5643,46.06224],[10.5638,46.06269],[10.5635,46.06317],[10.56318,46.06352],[10.5631,46.06376],[10.56327,46.06399],[10.56351,46.06412],[10.56447,46.06433],[10.56533,46.06439],[10.56687,46.06427],[10.56859,46.06439],[10.57031,46.06432],[10.57322,46.06483],[10.57408,46.06519],[10.57567,46.06662],[10.57683,46.06735],[10.57769,46.06806],[10.57872,46.06879],[10.57989,46.06948],[10.58178,46.0715],[10.58266,46.07234],[10.58323,46.07317],[10.58339,46.07389],[10.58333,46.07436],[10.5829,46.07543],[10.58296,46.07567],[10.58316,46.07591],[10.58387,46.07631],[10.58473,46.07662],[10.58576,46.07729],[10.58661,46.07764],[10.58869,46.07936],[10.58935,46.08091],[10.58954,46.08163],[10.58948,46.0821],[10.5891,46.08282],[10.58911,46.08317],[10.58989,46.08436],[10.58996,46.08472],[10.58982,46.08496],[10.58962,46.08508],[10.58816,46.08547],[10.58732,46.08579],[10.587,46.08603],[10.58696,46.08627],[10.58722,46.08663],[10.58781,46.0871],[10.58976,46.08806],[10.5903,46.08841],[10.59059,46.08889],[10.59071,46.08972],[10.59036,46.09127],[10.59025,46.09365],[10.59009,46.09425],[10.58959,46.0952],[10.58884,46.09615],[10.58857,46.09639],[10.58762,46.09698]]},"properties":{"ele":2700,"major":1}},{"type":"Feature","geometry":{"type":"LineString","coordinates":[[10.6,46.09659],[10.59923,46.09639],[10.5988,46.09603],[10.59819,46.09496],[10.59746,46.09389],[10.59701,46.0927],[10.59635,46.09127],[10.59602,46.09091],[10.5948,46.09008],[10.59456,46.08984],[10.59443,46.0896],[10.59444,46.08925],[10.59468,46.08876],[10.59641,46.08746],[10.59666,46.0871],[10.5965,46.08603],[10.59656,46.08567],[10.59681,46.08496],[10.59684,46.08425],[10.59576,46.08163],[10.59505,46.08091],[10.59474,46.08043],[10.5945,46.0802],[10.59348,46.07957],[10.59228,46.07863],[10.59039,46.0776],[10.58869,46.07603],[10.58764,46.07495],[10.58727,46.07472],[10.58525,46.07389],[10.58482,46.07353],[10.58473,46.07317],[10.58481,46.07269],[10.5852,46.07198],[10.58549,46.07162],[10.58598,46.07127],[10.58679,46.07092],[10.58919,46.07013],[10.59125,46.06931],[10.59245,46.06902],[10.594,46.06894],[10.59485,46.06883],[10.59691,46.06821],[10.59777,46.06806],[10.59863,46.06805],[10.6,46.06831]]},"properties":{"ele":2700,"major":1}},{"type":"Feature","geometry":{"type":"LineString","coordinates":[[10.47006,46.02203],[10.47091,46.0226],[10.47194,46.02278],[10.47332,46.02273],[10.47555,46.02238],[10.47692,46.02239],[10.47795,46.0225],[10.48121,46.02334],[10.4831,46.0241],[10.48345,46.02418],[10.48396,46.02419],[10.48482,46.02468],[10.48516,46.02459],[10.48533,46.02442],[10.48552,46.02385],[10.48551,46.02309],[10.48509,46.02206],[10.48509,46.02099],[10.48483,46.02039],[10.48465,46.02012],[10.4843,46.01986],[10.48293,46.0193],[10.48259,46.01927],[10.4819,46.01937],[10.48019,46.02039],[10.47881,46.02083],[10.47795,46.02094],[10.47692,46.02084],[10.47589,46.02058],[10.47177,46.02035],[10.47006,46.02004]]},"properties":{"ele":2720,"major":0}},{"type":"Feature","geometry":{"type":"LineString","coordinates":[[10.47674,46.05161],[10.47709,46.05165],[10.47744,46.05157],[10.47761,46.05137],[10.4776,46.05114],[10.47744,46.05098],[10.47727,46.05093],[10.47692,46.05095],[10.47658,46.05107],[10.47635,46.05125],[10.47635,46.05137],[10.47674,46.05161]]},"properties":{"ele":2720,"major":0}},{"type":"Feature","geometry":{"type":"LineString","coordinates":[[10.4795,46.09698],[10.47986,46.09651],[10.47986,46.09627],[10.47975,46.09603],[10.47935,46.09556],[10.47898,46.09539],[10.47864,46.09533],[10.47779,46.09544],[10.47624,46.09585],[10.47538,46.09589],[10.47469,46.09584],[10.47438,46.09591],[10.47423,46.09615],[10.47429,46.09639],[10.47451,46.09663],[10.47501,46.09698]]},"properties":{"ele":2720,"major":0}},{"type":"Feature","geometry":{"type":"LineString","coordinates":[[10.48852,46.09698],[10.48883,46.09675],[10.48893,46.09651],[10.48877,46.09627],[10.48842,46.09608],[10.48791,46.0959],[10.48757,46.09587],[10.48669,46.09627],[10.48673,46.09639],[10.48776,46.09698]]},"properties":{"ele":2720,"major":0}},{"type":"Feature","geometry":{"type":"LineString","coordinates":[[10.4923,46.09698],[10.49134,46.09647],[10.491,46.09639],[10.49083,46.09645],[10.49063,46.09663],[10.49044,46.09698]]},"properties":{"ele":2720,"major":0}},{"type":"Feature","geometry":{"type":"LineString","coordinates":[[10.51825,46.08305],[10.51847,46.08305],[10.51872,46.08294],[10.5188,46.08282],[10.51882,46.08258],[10.51865,46.0821],[10.51815,46.08115],[10.51825,46.08032],[10.51819,46.07984],[10.51805,46.0796],[10.51772,46.07924],[10.51738,46.07901],[10.51589,46.0784],[10.51503,46.07789],[10.51366,46.07726],[10.51212,46.07686],[10.51126,46.07625],[10.51074,46.07616],[10.5104,46.07627],[10.51026,46.07639],[10.51019,46.07662],[10.51036,46.07698],[10.51082,46.07746],[10.51134,46.07817],[10.51194,46.0787],[10.51211,46.07882],[10.51271,46.07901],[10.51314,46.07926],[10.51417,46.0795],[10.51469,46.07979],[10.51524,46.0802],[10.51585,46.08079],[10.51627,46.08151],[10.51671,46.08198],[10.51709,46.08261],[10.51761,46.0829],[10.51825,46.08305]]},"properties":{"ele":2720,"major":0}},{"type":"Feature","geometry":{"type":"LineString","coordinates":[[10.54464,46.09698],[10.5437,46.09566],[10.54296,46.09484],[10.54266,46.0946],[10.54215,46.09443],[10.54147,46.09433],[10.54061,46.09433],[10.53855,46.09461],[10.537,46.09468],[10.53529,46.09485],[10.5346,46.09485],[10.53391,46.09475],[10.531,46.09404],[10.53018,46.09377],[10.52968,46.09341],[10.5291,46.0927],[10.52829,46.09186],[10.52716,46.09091],[10.52632,46.08948],[10.52581,46.08889],[10.52482,46.08817],[10.52237,46.08698],[10.52115,46.08651],[10.52091,46.08627],[10.52095,46.08567],[10.52091,46.08544],[10.52052,46.08485],[10.52018,46.08457],[10.51984,46.0844],[10.5195,46.08439],[10.51932,46.08452],[10.51901,46.08496],[10.51896,46.0852],[10.51901,46.08544],[10.51932,46.08581],[10.52026,46.08639],[10.52032,46.08663],[10.5201,46.08698],[10.5192,46.08782],[10.51869,46.08841],[10.51861,46.08865],[10.51877,46.08889],[10.51933,46.08913],[10.52035,46.08941],[10.52138,46.08962],[10.52224,46.08966],[10.52361,46.08992],[10.5247,46.09044],[10.52554,46.09103],[10.52572,46.09127],[10.52582,46.09163],[10.52595,46.09175],[10.529,46.09317],[10.52942,46.09377],[10.52963,46.09472],[10.52981,46.09508],[10.53005,46.09532],[10.53065,46.09565],[10.53236,46.09698]]},"properties":{"ele":2720,"major":0}},{"type":"Feature","geometry":{"type":"LineString","coordinates":[[10.56856,46.04184],[10.56893,46.0419],[10.57014,46.04173],[10.57099,46.04189],[10.57202,46.04183],[10.57254,46.04162],[10.57305,46.04121],[10.57391,46.04077],[10.57398,46.04065],[10.57371,46.04041],[10.57239,46.0397],[10.57168,46.03918],[10.57134,46.03904],[10.57117,46.03907],[10.57082,46.03925],[10.56932,46.04065],[10.56859,46.04113],[10.56842,46.04148],[10.56847,46.04172],[10.56856,46.04184]]},"properties":{"ele":2720,"major":0}},{"type":"Feature","geometry":{"type":"LineString","coordinates":[[10.57086,46.03422],[10.57117,46.0343],[10.57151,46.03429],[10.57202,46.0341],[10.57259,46.03362],[10.57294,46.03302],[10.57316,46.03231],[10.57319,46.03171],[10.57304,46.03136],[10.57271,46.03089],[10.57237,46.03066],[10.5722,46.03065],[10.57185,46.0308],[10.57166,46.031],[10.5714,46.03147],[10.57119,46.03279],[10.57058,46.03374],[10.57059,46.03398],[10.57086,46.03422]]},"properties":{"ele":2720,"major":0}},{"type":"Feature","geometry":{"type":"LineString","coordinates":[[10.57178,46.02611],[10.57202,46.02614],[10.5722,46.0261],[10.57254,46.02584],[10.57288,46.02523],[10.57306,46.02444],[10.57301,46.0242],[10.57275,46.02373],[10.57245,46.02265],[10.57202,46.02186],[10.57168,46.02177],[10.57134,46.02181],[10.56945,46.02228],[10.56739,46.02228],[10.56687,46.02242],[10.56649,46.02265],[10.5664,46.02289],[10.56652,46.02313],[10.56784,46.02385],[10.56808,46.02412],[10.56868,46.02444],[10.56907,46.0248],[10.56928,46.02486],[10.56962,46.02474],[10.56979,46.02478],[10.57117,46.0258],[10.57178,46.02611]]},"properties":{"ele":2720,"major":0}},{"type":"Feature","geometry":{"type":"LineString","coordinates":[[10.58412,46.04184],[10.58473,46.04178],[10.5849,46.04169],[10.58505,46.04148],[10.58509,46.04125],[10.58502,46.04089],[10.58491,46.04065],[10.58469,46.04041],[10.58424,46.04017],[10.58352,46.03997],[10.58112,46.03955],[10.58009,46.03952],[10.57923,46.03966],[10.57738,46.04029],[10.57684,46.04053],[10.57664,46.04065],[10.57657,46.04077],[10.57665,46.04089],[10.57703,46.04113],[10.57769,46.04138],[10.57992,46.04121],[10.58181,46.04133],[10.58412,46.04184]]},"properties":{"ele":2720,"major":0}},{"type":"Feature","geometry":{"type":"LineString","coordinates":[[10.59943,46.09698],[10.5988,46.09671],[10.59846,46.09637],[10.59791,46.0952],[10.59702,46.09389],[10.59651,46.09246],[10.59596,46.09139],[10.59556,46.09103],[10.59425,46.0902],[10.59402,46.08996],[10.59389,46.08972],[10.59389,46.08948],[10.59397,46.08925],[10.59434,46.08866],[10.59584,46.08746],[10.59604,46.08722],[10.59613,46.08698],[10.59608,46.08591],[10.59633,46.08496],[10.59634,46.08436],[10.59577,46.08282],[10.59558,46.0821],[10.5954,46.08174],[10.59477,46.08115],[10.59417,46.08043],[10.59331,46.07982],[10.59245,46.0791],[10.59194,46.07878],[10.59073,46.07826],[10.59005,46.07782],[10.5873,46.07525],[10.5866,46.07484],[10.58558,46.07442],[10.58473,46.07418],[10.58421,46.07416],[10.58404,46.07424],[10.5837,46.07458],[10.58328,46.0752],[10.58323,46.07555],[10.58337,46.07579],[10.58387,46.07613],[10.58473,46.07645],[10.5851,46.07674],[10.58593,46.07723],[10.58668,46.07746],[10.58764,46.07828],[10.58903,46.07913],[10.58918,46.07936],[10.58928,46.07984],[10.58981,46.08115],[10.58993,46.08163],[10.58993,46.0821],[10.58966,46.08282],[10.58964,46.08305],[10.5898,46.08353],[10.59039,46.08447],[10.59044,46.08472],[10.59037,46.08496],[10.59011,46.0852],[10.58983,46.08532],[10.58801,46.08579],[10.58764,46.08603],[10.58753,46.08627],[10.58766,46.08663],[10.58805,46.08698],[10.59039,46.08814],[10.59072,46.08841],[10.59095,46.08877],[10.5911,46.08984],[10.59075,46.09151],[10.59068,46.0927],[10.59077,46.09401],[10.59061,46.0946],[10.59016,46.09544],[10.58935,46.09639],[10.58849,46.09698]]},"properties":{"ele":2720,"major":0}},{"type":"Feature","geometry":{"type":"LineString","coordinates":[[10.6,46.06616],[10.5988,46.06677],[10.59812,46.06702],[10.59777,46.06694],[10.59726,46.0666],[10.59674,46.06647],[10.59606,46.06652],[10.59485,46.06674],[10.59417,46.0668],[10.59176,46.06643],[10.59039,46.06589],[10.58867,46.06503],[10.58661,46.06446],[10.58627,46.06422],[10.58558,46.06345],[10.5847,46.06293],[10.58352,46.06193],[10.58267,46.06154],[10.58129,46.0612],[10.58078,46.0609],[10.5795,46.05983],[10.57903,46.05912],[10.57828,46.05828],[10.57813,46.05804],[10.57784,46.05721],[10.57764,46.05685],[10.57722,46.0565],[10.57649,46.05607],[10.57614,46.05579],[10.57543,46.05459],[10.57515,46.05423],[10.57418,46.0534],[10.57305,46.05225],[10.57228,46.05161],[10.57168,46.05098],[10.57145,46.05042],[10.57141,46.04947],[10.5713,46.04899],[10.5705,46.04792],[10.57011,46.04697],[10.56984,46.04649],[10.56891,46.04565],[10.56859,46.04529],[10.56844,46.04494],[10.56835,46.04423],[10.56821,46.04375],[10.5679,46.0433],[10.56756,46.04308],[10.56722,46.04302],[10.56687,46.04304],[10.56241,46.04405],[10.56001,46.04402],[10.55829,46.04423],[10.55606,46.04417],[10.55486,46.04393],[10.55348,46.04341],[10.55177,46.04303],[10.55039,46.04218],[10.54902,46.0416],[10.54782,46.04094],[10.5461,46.04045],[10.54524,46.03988],[10.54439,46.03945],[10.54421,46.03943],[10.54404,46.03951],[10.54387,46.03972],[10.54352,46.04065],[10.54356,46.04077],[10.54387,46.04105],[10.54439,46.04125],[10.5453,46.04184],[10.54645,46.04216],[10.54765,46.04222],[10.54822,46.04256],[10.54948,46.04303],[10.54988,46.04333],[10.55125,46.04384],[10.55194,46.04444],[10.55228,46.04463],[10.55263,46.04492],[10.55322,46.04554],[10.5539,46.04637],[10.55451,46.04688],[10.55503,46.04715],[10.55608,46.04744],[10.55863,46.04801],[10.56087,46.04881],[10.56121,46.04881],[10.56155,46.0487],[10.5619,46.04853],[10.5624,46.04816],[10.56258,46.0481],[10.56292,46.04816],[10.56327,46.04838],[10.56361,46.04851],[10.56499,46.0486],[10.56533,46.04872],[10.56589,46.04911],[10.5664,46.04982],[10.56652,46.05018],[10.56652,46.05078],[10.56671,46.05161],[10.56702,46.05221],[10.56738,46.05256],[10.56808,46.05301],[10.56893,46.05346],[10.57099,46.0542],[10.57382,46.05578],[10.57461,46.05638],[10.57476,46.05673],[10.57463,46.05709],[10.57421,46.05757],[10.57357,46.05804],[10.57185,46.05898],[10.57033,46.05971],[10.56928,46.06043],[10.56803,46.06102],[10.56681,46.0615],[10.56584,46.06211],[10.56475,46.06257],[10.56454,46.06281],[10.56457,46.06317],[10.56489,46.06364],[10.56527,46.06388],[10.56567,46.06402],[10.56687,46.06402],[10.56842,46.06415],[10.56996,46.06399],[10.57048,46.064],[10.57168,46.06427],[10.57305,46.06448],[10.57391,46.06475],[10.57459,46.06519],[10.57597,46.0665],[10.57786,46.06796],[10.57872,46.06851],[10.58017,46.06924],[10.58115,46.07031],[10.58215,46.07128],[10.58352,46.07233],[10.58387,46.07245],[10.58438,46.07221],[10.58513,46.0715],[10.58593,46.071],[10.58919,46.06992],[10.59176,46.06878],[10.59279,46.06858],[10.594,46.06862],[10.59468,46.06857],[10.59588,46.06829],[10.59627,46.06805],[10.59657,46.06732],[10.59674,46.06731],[10.59691,46.06742],[10.59709,46.06771],[10.59726,46.06783],[10.59794,46.06769],[10.5988,46.06775],[10.59891,46.06769],[10.59915,46.06737],[10.59932,46.06742],[10.59941,46.06757],[10.59936,46.06781],[10.59942,46.06793],[10.6,46.0681]]},"properties":{"ele":2720,"major":0}},{"type":"Feature","geometry":{"type":"LineString","coordinates":[[10.47006,46.02145],[10.47109,46.02222],[10.47194,46.02245],[10.47297,46.02246],[10.47538,46.02207],[10.47727,46.022],[10.47812,46.02215],[10.48139,46.02296],[10.48276,46.02359],[10.48327,46.02375],[10.48362,46.02376],[10.4843,46.02356],[10.48457,46.02397],[10.48482,46.02415],[10.48499,46.02416],[10.48516,46.02402],[10.48532,46.02349],[10.48526,46.02301],[10.48492,46.0223],[10.48471,46.02122],[10.48427,46.02039],[10.48379,46.02001],[10.48259,46.01961],[10.48224,46.01959],[10.4819,46.01965],[10.4806,46.02039],[10.47915,46.0209],[10.47778,46.02116],[10.47709,46.0211],[10.47624,46.02082],[10.47555,46.02073],[10.47383,46.02068],[10.47057,46.02037],[10.47006,46.02037]]},"properties":{"ele":2740,"major":0}},{"type":"Feature","geometry":{"type":"LineString","coordinates":[[10.47884,46.09698],[10.4792,46.09651],[10.47926,46.09615],[10.47922,46.09591],[10.47898,46.09566],[10.47847,46.09555],[10.4778,46.09567],[10.47641,46.09607],[10.47481,46.09627],[10.47476,46.09639],[10.47482,46.09651],[10.47535,46.09698]]},"properties":{"ele":2740,"major":0}},{"type":"Feature","geometry":{"type":"LineString","coordinates":[[10.48803,46.09651],[10.48825,46.09657],[10.48833,46.09651],[10.4883,46.09639],[10.48808,46.09633],[10.48798,46.09639],[10.48803,46.09651]]},"properties":{"ele":2740,"major":0}},{"type":"Feature","geometry":{"type":"LineString","coordinates":[[10.49155,46.09698],[10.49117,46.09677],[10.491,46.0968],[10.49092,46.09698]]},"properties":{"ele":2740,"major":0}},{"type":"Feature","geometry":{"type":"LineString","coordinates":[[10.51741,46.08246],[10.51778,46.08258],[10.51795,46.08256],[10.51812,46.08244],[10.51817,46.08222],[10.51808,46.08198],[10.51759,46.08127],[10.51756,46.08091],[10.51768,46.08032],[10.51766,46.08008],[10.51757,46.07984],[10.51726,46.07947],[10.51678,46.07913],[10.51563,46.07853],[10.51486,46.07801],[10.51342,46.07734],[10.51297,46.07721],[10.51194,46.07712],[10.51108,46.07667],[10.51091,46.07663],[10.51074,46.07671],[10.51076,46.07686],[10.51119,46.07734],[10.51166,46.07817],[10.51202,46.07853],[10.51314,46.07908],[10.51417,46.07923],[10.51469,46.07948],[10.51634,46.08091],[10.51663,46.08151],[10.51741,46.08246]]},"properties":{"ele":2740,"major":0}},{"type":"Feature","geometry":{"type":"LineString","coordinates":[[10.5199,46.08567],[10.52018,46.08566],[10.52029,46.08555],[10.52029,46.08532],[10.52018,46.08516],[10.52001,46.08507],[10.51967,46.08509],[10.5195,46.08525],[10.5195,46.08544],[10.51967,46.08559],[10.5199,46.08567]]},"properties":{"ele":2740,"major":0}},{"type":"Feature","geometry":{"type":"LineString","coordinates":[[10.52528,46.09044],[10.52585,46.09053],[10.52602,46.09047],[10.52612,46.09032],[10.52612,46.09008],[10.52602,46.08972],[10.52561,46.08913],[10.52464,46.08838],[10.5219,46.08712],[10.52104,46.08699],[10.52052,46.08711],[10.51967,46.0877],[10.51936,46.08806],[10.51917,46.08841],[10.51922,46.08865],[10.51933,46.08877],[10.52001,46.08909],[10.52138,46.08943],[10.52241,46.0895],[10.52379,46.08976],[10.52528,46.09044]]},"properties":{"ele":2740,"major":0}},{"type":"Feature","geometry":{"type":"LineString","coordinates":[[10.54386,46.09698],[10.54353,46.09648],[10.54267,46.09553],[10.54198,46.09498],[10.54147,46.09482],[10.54044,46.09472],[10.53906,46.09491],[10.53718,46.095],[10.5358,46.09527],[10.53529,46.0953],[10.53391,46.0951],[10.53168,46.09454],[10.531,46.0945],[10.53065,46.09461],[10.53052,46.09484],[10.53054,46.09508],[10.53087,46.09556],[10.53151,46.09613],[10.53281,46.09698]]},"properties":{"ele":2740,"major":0}},{"type":"Feature","geometry":{"type":"LineString","coordinates":[[10.57084,46.0416],[10.57134,46.04172],[10.5722,46.04159],[10.57323,46.04077],[10.57327,46.04065],[10.57298,46.04041],[10.57202,46.04003],[10.57151,46.03993],[10.57099,46.04],[10.5703,46.04041],[10.56995,46.04077],[10.56982,46.04101],[10.56989,46.04125],[10.57084,46.0416]]},"properties":{"ele":2740,"major":0}},{"type":"Feature","geometry":{"type":"LineString","coordinates":[[10.5713,46.0254],[10.57185,46.02539],[10.5722,46.02525],[10.57251,46.02492],[10.57262,46.02456],[10.57234,46.02325],[10.57209,46.02277],[10.57168,46.02232],[10.57151,46.02226],[10.57117,46.02227],[10.56945,46.02256],[10.56773,46.02258],[10.56722,46.02272],[10.56687,46.02298],[10.5669,46.02313],[10.56705,46.02325],[10.5679,46.02375],[10.56821,46.02408],[10.56876,46.02436],[10.56911,46.02468],[10.56928,46.02472],[10.56962,46.0246],[10.56979,46.02462],[10.57065,46.02518],[10.5713,46.0254]]},"properties":{"ele":2740,"major":0}},{"type":"Feature","geometry":{"type":"LineString","coordinates":[[10.57458,46.05578],[10.57494,46.05587],[10.57511,46.05585],[10.57524,46.05566],[10.57518,46.05507],[10.57499,46.05459],[10.57445,46.05399],[10.57243,46.05233],[10.57116,46.05137],[10.57083,46.05102],[10.57064,46.05054],[10.57043,46.04947],[10.56968,46.04792],[10.56935,46.04673],[10.56911,46.04639],[10.56813,46.04542],[10.56794,46.04494],[10.56783,46.04411],[10.56768,46.04387],[10.56739,46.04365],[10.56705,46.04356],[10.56653,46.04358],[10.56447,46.04413],[10.56267,46.04446],[10.56155,46.04447],[10.56018,46.04432],[10.55829,46.0446],[10.55606,46.04453],[10.55451,46.04418],[10.55297,46.04359],[10.5516,46.04331],[10.55125,46.04314],[10.55027,46.04244],[10.54868,46.0418],[10.5475,46.04113],[10.5461,46.04068],[10.54507,46.04019],[10.54473,46.04018],[10.54464,46.04029],[10.54449,46.04077],[10.54454,46.04101],[10.54474,46.04125],[10.54524,46.04164],[10.54627,46.04197],[10.54782,46.04202],[10.54833,46.04241],[10.54954,46.04285],[10.55005,46.04321],[10.55078,46.04351],[10.55142,46.04366],[10.55194,46.04419],[10.55292,46.04482],[10.55317,46.04518],[10.55348,46.04547],[10.554,46.04618],[10.5552,46.04693],[10.55572,46.04705],[10.55619,46.04732],[10.55863,46.04788],[10.56087,46.04863],[10.56138,46.04857],[10.56237,46.04804],[10.56258,46.04798],[10.56293,46.04803],[10.56361,46.04836],[10.56499,46.04844],[10.5655,46.04862],[10.5661,46.04911],[10.56672,46.04994],[10.56679,46.05018],[10.5668,46.0509],[10.5669,46.05149],[10.56729,46.05221],[10.56756,46.0525],[10.56895,46.05328],[10.57117,46.05401],[10.5722,46.05468],[10.57305,46.05506],[10.57357,46.05538],[10.57458,46.05578]]},"properties":{"ele":2740,"major":0}},{"type":"Feature","geometry":{"type":"LineString","coordinates":[[10.58352,46.0715],[10.58387,46.07159],[10.58421,46.07155],[10.58608,46.07067],[10.58919,46.06967],[10.59159,46.06844],[10.59228,46.06817],[10.59314,46.06809],[10.59417,46.06825],[10.59468,46.06827],[10.59571,46.06807],[10.59588,46.06793],[10.59597,46.06769],[10.59604,46.06698],[10.59588,46.06687],[10.59554,46.06689],[10.59382,46.06729],[10.59176,46.06688],[10.59022,46.06639],[10.58885,46.06562],[10.58799,46.06524],[10.58627,46.06477],[10.58585,46.06448],[10.58501,46.06364],[10.58421,46.06317],[10.58318,46.0623],[10.58215,46.06189],[10.58095,46.06173],[10.5803,46.06138],[10.57964,46.06067],[10.57889,46.05998],[10.57857,46.05959],[10.57771,46.05828],[10.57734,46.05734],[10.57717,46.05707],[10.57683,46.05681],[10.57631,46.05667],[10.57597,46.05664],[10.57563,46.05674],[10.57512,46.05721],[10.57419,46.05793],[10.57281,46.05876],[10.57185,46.05943],[10.57065,46.06007],[10.56945,46.06084],[10.56705,46.0618],[10.5656,46.06293],[10.56554,46.06317],[10.5656,46.0634],[10.56569,46.06352],[10.56602,46.06367],[10.56842,46.06388],[10.56893,46.06382],[10.56979,46.06361],[10.57031,46.06357],[10.57082,46.06367],[10.57185,46.064],[10.57323,46.06425],[10.57391,46.06448],[10.57443,46.06476],[10.57485,46.06507],[10.57646,46.06662],[10.57786,46.06774],[10.57889,46.06837],[10.58043,46.06901],[10.58088,46.06936],[10.58199,46.07055],[10.58267,46.07104],[10.58352,46.0715]]},"properties":{"ele":2740,"major":0}},{"type":"Feature","geometry":{"type":"LineString","coordinates":[[10.58384,46.04148],[10.58421,46.04145],[10.58451,46.04125],[10.58455,46.04101],[10.58436,46.04065],[10.58404,46.04043],[10.58368,46.04029],[10.58249,46.04003],[10.58078,46.03988],[10.57992,46.03993],[10.57806,46.04041],[10.57769,46.04058],[10.57749,46.04077],[10.57751,46.04089],[10.57765,46.04101],[10.57786,46.04107],[10.57837,46.04107],[10.58009,46.04087],[10.58198,46.04112],[10.58384,46.04148]]},"properties":{"ele":2740,"major":0}},{"type":"Feature","geometry":{"type":"LineString","coordinates":[[10.59843,46.09698],[10.59805,46.09651],[10.59747,46.0952],[10.5966,46.09401],[10.59645,46.09365],[10.59617,46.09258],[10.59571,46.0917],[10.5952,46.09123],[10.59338,46.0902],[10.59326,46.08996],[10.59342,46.08936],[10.59372,46.08889],[10.59419,46.08841],[10.59536,46.08746],[10.59558,46.08722],[10.59574,46.08686],[10.59569,46.08591],[10.59572,46.08472],[10.59554,46.08377],[10.59526,46.08282],[10.59512,46.0821],[10.595,46.08186],[10.59374,46.08055],[10.59217,46.07924],[10.59159,46.07897],[10.59005,46.07865],[10.5898,46.07853],[10.58957,46.07805],[10.5893,46.0777],[10.58783,46.07615],[10.58711,46.07555],[10.58627,46.07503],[10.58558,46.07474],[10.5849,46.07459],[10.58438,46.07462],[10.58393,46.07484],[10.58361,46.0752],[10.58355,46.07555],[10.5837,46.07579],[10.58405,46.07603],[10.58473,46.07629],[10.58524,46.0767],[10.58593,46.07709],[10.58679,46.0773],[10.58759,46.07805],[10.58833,46.0785],[10.58936,46.07887],[10.58949,46.07913],[10.58955,46.0796],[10.58989,46.08043],[10.59027,46.08163],[10.59033,46.0821],[10.59013,46.08282],[10.59012,46.08317],[10.59025,46.08353],[10.59076,46.08448],[10.5908,46.08484],[10.59073,46.08506],[10.59056,46.08526],[10.59022,46.08545],[10.58847,46.08591],[10.58811,46.08615],[10.58803,46.08639],[10.58811,46.08663],[10.5885,46.08698],[10.58885,46.08715],[10.58953,46.08735],[10.59073,46.08803],[10.59108,46.08833],[10.59138,46.08877],[10.59158,46.08972],[10.59156,46.09032],[10.59117,46.09151],[10.59103,46.0927],[10.59105,46.09317],[10.59127,46.09425],[10.5912,46.09472],[10.59085,46.09544],[10.59035,46.09615],[10.59001,46.09651],[10.58936,46.09698]]},"properties":{"ele":2740,"major":0}},{"type":"Feature","geometry":{"type":"LineString","coordinates":[[10.6,46.06641],[10.59938,46.06674],[10.59927,46.06686],[10.59927,46.06698],[10.59983,46.06773],[10.6,46.06785]]},"properties":{"ele":2740,"major":0}},{"type":"Feature","geometry":{"type":"LineString","coordinates":[[10.47174,46.02206],[10.47246,46.02217],[10.47315,46.02213],[10.47503,46.02172],[10.47611,46.02158],[10.47643,46.02146],[10.47646,46.02134],[10.47624,46.02117],[10.47589,46.02116],[10.47521,46.02097],[10.474,46.02096],[10.47246,46.02077],[10.47109,46.02069],[10.47062,46.02075],[10.47047,46.02087],[10.47045,46.02099],[10.47052,46.02122],[10.47083,46.02158],[10.47126,46.02187],[10.47174,46.02206]]},"properties":{"ele":2760,"major":0}},{"type":"Feature","geometry":{"type":"LineString","coordinates":[[10.47648,46.09675],[10.47727,46.09684],[10.47847,46.09674],[10.47877,46.09651],[10.47884,46.09627],[10.47881,46.09606],[10.47864,46.09588],[10.47847,46.09585],[10.47809,46.09591],[10.47648,46.09651],[10.47635,46.09663],[10.47648,46.09675]]},"properties":{"ele":2760,"major":0}},{"type":"Feature","geometry":{"type":"LineString","coordinates":[[10.48289,46.02325],[10.48345,46.02335],[10.48379,46.02328],[10.4845,46.02277],[10.4846,46.02265],[10.48466,46.02242],[10.48463,46.02206],[10.48451,46.0217],[10.48391,46.02063],[10.48362,46.02033],[10.4831,46.02011],[10.48242,46.01993],[10.4819,46.01993],[10.48073,46.02051],[10.47835,46.02134],[10.47813,46.02146],[10.47807,46.02158],[10.4783,46.02176],[10.47898,46.02202],[10.48156,46.02268],[10.48289,46.02325]]},"properties":{"ele":2760,"major":0}},{"type":"Feature","geometry":{"type":"LineString","coordinates":[[10.51647,46.08043],[10.51675,46.08048],[10.51697,46.08032],[10.51704,46.08008],[10.5169,46.07972],[10.51642,46.07924],[10.51538,46.07865],[10.51478,46.07817],[10.51434,46.07793],[10.51297,46.0774],[10.51211,46.07742],[10.51194,46.07747],[10.51185,46.07758],[10.5119,46.07805],[10.51231,46.07853],[10.51332,46.07895],[10.51417,46.07899],[10.51464,46.07913],[10.51606,46.08021],[10.51647,46.08043]]},"properties":{"ele":2760,"major":0}},{"type":"Feature","geometry":{"type":"LineString","coordinates":[[10.52509,46.08996],[10.52533,46.08995],[10.52544,46.08984],[10.52545,46.0896],[10.52522,46.08925],[10.52482,46.08887],[10.52413,46.08845],[10.52188,46.08746],[10.52121,46.08734],[10.5207,46.08742],[10.52001,46.08778],[10.5197,46.08817],[10.51966,46.08841],[10.51979,46.08865],[10.52035,46.08895],[10.52138,46.0892],[10.52241,46.08926],[10.52327,46.08942],[10.52509,46.08996]]},"properties":{"ele":2760,"major":0}},{"type":"Feature","geometry":{"type":"LineString","coordinates":[[10.54314,46.09698],[10.54288,46.09663],[10.54215,46.09593],[10.5413,46.09541],[10.54061,46.0952],[10.54009,46.09519],[10.53769,46.09536],[10.53635,46.09567],[10.5358,46.09573],[10.53306,46.09537],[10.53185,46.09514],[10.53151,46.0952],[10.5314,46.09544],[10.53151,46.09568],[10.53306,46.09679],[10.53324,46.09698]]},"properties":{"ele":2760,"major":0}},{"type":"Feature","geometry":{"type":"LineString","coordinates":[[10.54609,46.04172],[10.54679,46.04173],[10.54705,46.0416],[10.547,46.04148],[10.54671,46.04125],[10.54542,46.04066],[10.54507,46.04063],[10.54486,46.04077],[10.54481,46.04089],[10.5449,46.0411],[10.54538,46.04148],[10.54609,46.04172]]},"properties":{"ele":2760,"major":0}},{"type":"Feature","geometry":{"type":"LineString","coordinates":[[10.55279,46.04423],[10.5529,46.04411],[10.55268,46.04399],[10.55254,46.04399],[10.55256,46.04411],[10.55279,46.04423]]},"properties":{"ele":2760,"major":0}},{"type":"Feature","geometry":{"type":"LineString","coordinates":[[10.57088,46.02504],[10.57134,46.02512],[10.57181,46.02504],[10.57215,46.0248],[10.57227,46.02456],[10.57211,46.02337],[10.57185,46.02302],[10.57151,46.02272],[10.57099,46.02265],[10.56962,46.02281],[10.56825,46.02289],[10.56773,46.02299],[10.56746,46.02313],[10.56744,46.02325],[10.56752,46.02337],[10.56808,46.02371],[10.56842,46.02406],[10.56876,46.02421],[10.56911,46.02447],[10.56928,46.02453],[10.56979,46.02446],[10.57031,46.02479],[10.57088,46.02504]]},"properties":{"ele":2760,"major":0}},{"type":"Feature","geometry":{"type":"LineString","coordinates":[[10.57128,46.04148],[10.57185,46.04146],[10.5722,46.04133],[10.57255,46.04089],[10.57259,46.04077],[10.57254,46.04066],[10.57202,46.04044],[10.57151,46.04038],[10.57099,46.04049],[10.57069,46.04065],[10.57049,46.04089],[10.57056,46.04113],[10.57093,46.04137],[10.57128,46.04148]]},"properties":{"ele":2760,"major":0}},{"type":"Feature","geometry":{"type":"LineString","coordinates":[[10.57399,46.05519],[10.57425,46.05518],[10.57443,46.05509],[10.57451,46.05495],[10.57446,46.05459],[10.57419,46.05423],[10.57287,46.05328],[10.57164,46.05221],[10.5701,46.05114],[10.56975,46.05078],[10.5695,46.05006],[10.56935,46.04875],[10.56878,46.04768],[10.56864,46.04685],[10.56842,46.0465],[10.56767,46.04565],[10.56744,46.04518],[10.56722,46.04437],[10.56705,46.04417],[10.56687,46.0441],[10.56653,46.0441],[10.56481,46.04473],[10.5631,46.04494],[10.56155,46.04484],[10.56018,46.04466],[10.55982,46.0447],[10.55881,46.04499],[10.55812,46.04502],[10.55623,46.04492],[10.55434,46.04454],[10.55366,46.04456],[10.55345,46.0447],[10.55349,46.04506],[10.55404,46.04589],[10.55503,46.04657],[10.55589,46.0469],[10.55657,46.04728],[10.55881,46.04778],[10.56087,46.04844],[10.56132,46.0484],[10.56258,46.04788],[10.56293,46.04792],[10.56361,46.04821],[10.56499,46.0483],[10.56567,46.0485],[10.56644,46.04923],[10.56701,46.04994],[10.5671,46.0503],[10.56706,46.05102],[10.56713,46.05149],[10.56753,46.05221],[10.56773,46.05242],[10.56842,46.05283],[10.56928,46.05319],[10.57151,46.0538],[10.57185,46.05398],[10.57254,46.05457],[10.57357,46.05507],[10.57399,46.05519]]},"properties":{"ele":2760,"major":0}},{"type":"Feature","geometry":{"type":"LineString","coordinates":[[10.583,46.04089],[10.58345,46.04089],[10.58347,46.04077],[10.58332,46.04065],[10.58284,46.04051],[10.58248,46.04053],[10.58238,46.04065],[10.583,46.04089]]},"properties":{"ele":2760,"major":0}},{"type":"Feature","geometry":{"type":"LineString","coordinates":[[10.58366,46.07091],[10.58421,46.071],[10.58473,46.07092],[10.58679,46.07015],[10.58875,46.0696],[10.58977,46.06912],[10.59097,46.06829],[10.59136,46.06793],[10.59151,46.06769],[10.59152,46.06757],[10.59142,46.06744],[10.591,46.06722],[10.5897,46.06673],[10.58833,46.066],[10.5861,46.06509],[10.5837,46.06344],[10.58301,46.06283],[10.58267,46.06263],[10.58215,46.06247],[10.58112,46.06236],[10.58046,46.06221],[10.57975,46.06191],[10.57931,46.0615],[10.5789,46.06078],[10.57795,46.05959],[10.57685,46.05769],[10.57649,46.05743],[10.57614,46.05735],[10.5758,46.05738],[10.57494,46.05774],[10.5731,46.05888],[10.57202,46.05981],[10.57043,46.06078],[10.56962,46.0612],[10.56747,46.06209],[10.56679,46.06269],[10.56651,46.06305],[10.56651,46.06317],[10.56663,46.06329],[10.56687,46.06338],[10.56808,46.06354],[10.56859,46.0635],[10.56962,46.06322],[10.57048,46.06323],[10.57185,46.06367],[10.5734,46.06404],[10.57408,46.0643],[10.5746,46.0646],[10.57511,46.065],[10.57674,46.06662],[10.57803,46.06766],[10.57906,46.06823],[10.58043,46.0687],[10.58109,46.069],[10.58161,46.06936],[10.5826,46.07031],[10.58366,46.07091]]},"properties":{"ele":2760,"major":0}},{"type":"Feature","geometry":{"type":"LineString","coordinates":[[10.58818,46.07817],[10.5885,46.07827],[10.58867,46.07827],[10.58879,46.07817],[10.58881,46.07793],[10.5887,46.0777],[10.58746,46.07627],[10.58656,46.07555],[10.58576,46.0751],[10.58507,46.07491],[10.58438,46.07496],[10.58415,46.07508],[10.58391,46.07531],[10.58387,46.07555],[10.58404,46.0758],[10.5849,46.07621],[10.58535,46.07662],[10.58593,46.07695],[10.58627,46.07705],[10.58679,46.07706],[10.58696,46.07712],[10.58764,46.07788],[10.58818,46.07817]]},"properties":{"ele":2760,"major":0}},{"type":"Feature","geometry":{"type":"LineString","coordinates":[[10.59223,46.08913],[10.59245,46.08922],[10.59262,46.08919],[10.59297,46.089],[10.59438,46.08794],[10.59517,46.08722],[10.59537,46.08688],[10.59542,46.08663],[10.59523,46.08544],[10.59483,46.08436],[10.59478,46.08365],[10.59462,46.08294],[10.59458,46.08222],[10.59437,46.08174],[10.59356,46.08079],[10.59211,46.07952],[10.59176,46.07934],[10.59125,46.07919],[10.59039,46.07913],[10.59005,46.07925],[10.58988,46.07947],[10.58988,46.0796],[10.59043,46.08103],[10.59068,46.08198],[10.5907,46.08234],[10.59055,46.08294],[10.59055,46.08317],[10.59108,46.08448],[10.59113,46.08484],[10.59109,46.08508],[10.59091,46.08537],[10.59056,46.08558],[10.58919,46.08597],[10.58877,46.08615],[10.58864,46.08627],[10.58857,46.08651],[10.58869,46.08675],[10.58884,46.08686],[10.5897,46.08716],[10.59102,46.08794],[10.5916,46.08841],[10.59223,46.08913]]},"properties":{"ele":2760,"major":0}},{"type":"Feature","geometry":{"type":"LineString","coordinates":[[10.59467,46.06781],[10.59503,46.0679],[10.59548,46.06781],[10.59558,46.06769],[10.59559,46.06734],[10.59554,46.06725],[10.59537,46.06721],[10.59495,46.06734],[10.59465,46.06757],[10.59461,46.06769],[10.59467,46.06781]]},"properties":{"ele":2760,"major":0}},{"type":"Feature","geometry":{"type":"LineString","coordinates":[[10.59777,46.09698],[10.5972,46.09556],[10.59611,46.09413],[10.59599,46.09377],[10.59582,46.0927],[10.59562,46.09222],[10.59538,46.09186],[10.59477,46.09139],[10.59262,46.09035],[10.59245,46.09041],[10.59228,46.09057],[10.59176,46.09132],[10.59137,46.09258],[10.59137,46.09317],[10.59176,46.09448],[10.59168,46.09496],[10.59101,46.09627],[10.59081,46.09651],[10.59022,46.09698]]},"properties":{"ele":2760,"major":0}},{"type":"Feature","geometry":{"type":"LineString","coordinates":[[10.6,46.06667],[10.59966,46.06686],[10.59963,46.06698],[10.59972,46.06722],[10.6,46.06753]]},"properties":{"ele":2760,"major":0}},{"type":"Feature","geometry":{"type":"LineString","coordinates":[[10.4723,46.0217],[10.4728,46.02169],[10.47317,46.02158],[10.47328,46.02146],[10.47315,46.02134],[10.47246,46.02113],[10.47194,46.02113],[10.47165,46.02122],[10.47162,46.02134],[10.47171,46.02146],[10.47194,46.0216],[10.4723,46.0217]]},"properties":{"ele":2780,"major":0}},{"type":"Feature","geometry":{"type":"LineString","coordinates":[[10.483,46.02289],[10.48345,46.02296],[10.48379,46.02289],[10.48427,46.02254],[10.48439,46.02218],[10.4843,46.02191],[10.48396,46.02144],[10.48362,46.02079],[10.48327,46.02054],[10.48293,46.0204],[10.48224,46.02022],[10.48173,46.02024],[10.48036,46.02083],[10.48001,46.02091],[10.47967,46.02117],[10.47919,46.02134],[10.47905,46.02146],[10.47906,46.02158],[10.47915,46.02167],[10.4795,46.02184],[10.48173,46.02244],[10.483,46.02289]]},"properties":{"ele":2780,"major":0}},{"type":"Feature","geometry":{"type":"LineString","coordinates":[[10.51342,46.07877],[10.51469,46.07883],[10.51491,46.07877],[10.51483,46.07853],[10.51458,46.07829],[10.51388,46.07793],[10.5128,46.07765],[10.51246,46.07769],[10.5123,46.07782],[10.51231,46.07817],[10.51248,46.07841],[10.51297,46.07867],[10.51342,46.07877]]},"properties":{"ele":2780,"major":0}},{"type":"Feature","geometry":{"type":"LineString","coordinates":[[10.52391,46.08925],[10.5243,46.0893],[10.52438,46.08925],[10.52433,46.08913],[10.52413,46.08898],[10.52344,46.08872],[10.52223,46.08806],[10.52155,46.08779],[10.52121,46.08774],[10.5207,46.08781],[10.52035,46.08798],[10.52019,46.08817],[10.52018,46.08841],[10.52025,46.08853],[10.5207,46.08879],[10.52138,46.08893],[10.52241,46.08891],[10.5231,46.08897],[10.52344,46.08904],[10.52391,46.08925]]},"properties":{"ele":2780,"major":0}},{"type":"Feature","geometry":{"type":"LineString","coordinates":[[10.54236,46.09698],[10.54177,46.09639],[10.54112,46.09595],[10.54044,46.09571],[10.53958,46.09565],[10.53838,46.09571],[10.537,46.09606],[10.53649,46.09612],[10.5358,46.09611],[10.53443,46.09595],[10.53391,46.09598],[10.53357,46.0961],[10.53337,46.09627],[10.53337,46.09651],[10.53363,46.09698]]},"properties":{"ele":2780,"major":0}},{"type":"Feature","geometry":{"type":"LineString","coordinates":[[10.56983,46.05304],[10.57099,46.05313],[10.57134,46.05307],[10.57145,46.05292],[10.57137,46.05268],[10.57107,46.05233],[10.56937,46.05114],[10.56869,46.0503],[10.56856,46.04994],[10.56878,46.04911],[10.56872,46.04863],[10.56816,46.0478],[10.56762,46.04661],[10.567,46.04577],[10.56653,46.04535],[10.56602,46.04523],[10.56275,46.04544],[10.56069,46.04521],[10.56035,46.04527],[10.55966,46.04551],[10.55932,46.04555],[10.5564,46.0453],[10.55486,46.04503],[10.55434,46.04505],[10.55414,46.04518],[10.55413,46.04542],[10.55421,46.04565],[10.55472,46.04613],[10.55503,46.04635],[10.55589,46.04671],[10.55657,46.04711],[10.55898,46.04765],[10.56087,46.04825],[10.56121,46.04823],[10.56241,46.04781],[10.56275,46.04778],[10.56361,46.04806],[10.56499,46.04816],[10.56567,46.04833],[10.56732,46.04971],[10.56752,46.04994],[10.56758,46.05018],[10.56737,46.0509],[10.56736,46.05137],[10.56748,46.05173],[10.56773,46.05213],[10.56808,46.05242],[10.56858,46.05268],[10.56983,46.05304]]},"properties":{"ele":2780,"major":0}},{"type":"Feature","geometry":{"type":"LineString","coordinates":[[10.57087,46.0248],[10.57117,46.02487],[10.57151,46.02484],[10.57183,46.02468],[10.57198,46.02444],[10.57199,46.0242],[10.57183,46.02349],[10.57166,46.02325],[10.57134,46.02303],[10.57099,46.02296],[10.57065,46.02296],[10.56822,46.02337],[10.56824,46.02349],[10.5685,46.02385],[10.56928,46.02429],[10.56996,46.02435],[10.57048,46.02466],[10.57087,46.0248]]},"properties":{"ele":2780,"major":0}},{"type":"Feature","geometry":{"type":"LineString","coordinates":[[10.58451,46.07055],[10.58524,46.07043],[10.58679,46.06989],[10.58867,46.06943],[10.58957,46.06888],[10.58983,46.06865],[10.5903,46.06805],[10.59035,46.06781],[10.5903,46.06769],[10.58951,46.06722],[10.58782,46.06642],[10.58679,46.066],[10.58507,46.06492],[10.58361,46.06412],[10.58232,46.0632],[10.58164,46.06296],[10.57878,46.06245],[10.5782,46.06221],[10.57803,46.06206],[10.57794,46.06186],[10.57808,46.0609],[10.57797,46.06043],[10.57726,46.05947],[10.5766,46.0584],[10.57631,46.05814],[10.5758,46.05801],[10.57528,46.05802],[10.57443,46.0584],[10.57324,46.05912],[10.57237,46.06002],[10.57185,46.06042],[10.57031,46.06132],[10.56859,46.06209],[10.56814,46.06245],[10.56811,46.06269],[10.56818,46.06281],[10.56842,46.0629],[10.56962,46.06278],[10.57065,46.06284],[10.57134,46.06316],[10.57288,46.06362],[10.57425,46.06415],[10.57477,46.06446],[10.57528,46.06487],[10.577,46.06661],[10.57769,46.06723],[10.5782,46.06758],[10.57923,46.0681],[10.58066,46.06853],[10.58156,46.06888],[10.58238,46.06936],[10.5836,46.07031],[10.58404,46.07049],[10.58451,46.07055]]},"properties":{"ele":2780,"major":0}},{"type":"Feature","geometry":{"type":"LineString","coordinates":[[10.58614,46.07686],[10.58649,46.07686],[10.58694,46.07674],[10.58704,46.07662],[10.58682,46.07627],[10.58632,46.07579],[10.58576,46.07542],[10.58524,46.07524],[10.58473,46.07522],[10.58445,46.07531],[10.5843,46.07543],[10.58426,46.07555],[10.5843,46.07567],[10.58443,46.07579],[10.58511,46.07615],[10.58558,46.07659],[10.58614,46.07686]]},"properties":{"ele":2780,"major":0}},{"type":"Feature","geometry":{"type":"LineString","coordinates":[[10.59223,46.08841],[10.59262,46.0885],[10.59297,46.08846],[10.59331,46.08835],[10.59382,46.08805],[10.59477,46.08722],[10.595,46.08686],[10.59505,46.08651],[10.59416,46.08413],[10.5939,46.08305],[10.59395,46.08198],[10.59374,46.08151],[10.59314,46.08069],[10.59244,46.0802],[10.59194,46.07973],[10.59125,46.07947],[10.59056,46.07946],[10.59039,46.07953],[10.59032,46.07972],[10.59046,46.08032],[10.5908,46.08115],[10.5911,46.08222],[10.59112,46.08246],[10.59101,46.08329],[10.59137,46.08436],[10.59143,46.08508],[10.59134,46.08532],[10.59108,46.08561],[10.59073,46.0858],[10.58937,46.08627],[10.58919,46.08647],[10.58918,46.08663],[10.5893,46.08675],[10.58988,46.08696],[10.59159,46.08809],[10.59223,46.08841]]},"properties":{"ele":2780,"major":0}},{"type":"Feature","geometry":{"type":"LineString","coordinates":[[10.59725,46.09698],[10.59696,46.09615],[10.59674,46.09573],[10.59575,46.09472],[10.59553,46.09436],[10.59539,46.09377],[10.59541,46.09282],[10.59518,46.09222],[10.59485,46.09189],[10.59434,46.09161],[10.59382,46.09146],[10.59297,46.09132],[10.59262,46.09139],[10.59228,46.09164],[10.59194,46.09207],[10.59172,46.09246],[10.59167,46.0927],[10.59175,46.09329],[10.5922,46.09448],[10.59221,46.09484],[10.59211,46.0952],[10.59153,46.09639],[10.59137,46.09663],[10.591,46.09698]]},"properties":{"ele":2780,"major":0}},{"type":"Feature","geometry":{"type":"LineString","coordinates":[[10.48294,46.02254],[10.48327,46.0226],[10.48362,46.02258],[10.48396,46.02242],[10.48406,46.02218],[10.48345,46.02103],[10.48327,46.02089],[10.48293,46.02075],[10.48207,46.02052],[10.48156,46.02057],[10.48087,46.02081],[10.48061,46.0211],[10.48005,46.02146],[10.47998,46.02158],[10.48014,46.0217],[10.4805,46.02182],[10.48294,46.02254]]},"properties":{"ele":2800,"major":1}},{"type":"Feature","geometry":{"type":"LineString","coordinates":[[10.51304,46.07841],[10.51366,46.07851],[10.51409,46.07841],[10.51386,46.07817],[10.51314,46.07798],[10.51284,46.07805],[10.51281,46.07817],[10.51304,46.07841]]},"properties":{"ele":2800,"major":1}},{"type":"Feature","geometry":{"type":"LineString","coordinates":[[10.5414,46.09698],[10.54106,46.09663],[10.54061,46.09635],[10.53992,46.09615],[10.53924,46.09608],[10.53855,46.09614],[10.537,46.09651],[10.53529,46.09641],[10.5346,46.09646],[10.53421,46.09663],[10.53408,46.09698]]},"properties":{"ele":2800,"major":1}},{"type":"Feature","geometry":{"type":"LineString","coordinates":[[10.5674,46.04923],[10.56773,46.04927],[10.56807,46.04911],[10.56816,46.04887],[10.56812,46.04863],[10.56767,46.04792],[10.5674,46.0472],[10.56705,46.04663],[10.56653,46.0461],[10.56602,46.04584],[10.56516,46.0457],[10.56396,46.0457],[10.56186,46.04589],[10.56087,46.04611],[10.56018,46.04618],[10.55949,46.0461],[10.55778,46.04575],[10.5564,46.04567],[10.55537,46.04551],[10.55503,46.0455],[10.55486,46.04556],[10.55478,46.04565],[10.55483,46.04589],[10.55503,46.04607],[10.55675,46.04691],[10.55881,46.04735],[10.56087,46.04802],[10.56121,46.04801],[10.56172,46.04782],[10.56258,46.04767],[10.56293,46.0477],[10.56361,46.0479],[10.56499,46.04799],[10.56584,46.04825],[10.56653,46.04876],[10.5674,46.04923]]},"properties":{"ele":2800,"major":1}},{"type":"Feature","geometry":{"type":"LineString","coordinates":[[10.56877,46.05245],[10.56962,46.05251],[10.5699,46.05245],[10.56998,46.05233],[10.56987,46.05209],[10.56963,46.05185],[10.56859,46.05106],[10.56825,46.05088],[10.56808,46.05088],[10.5679,46.05096],[10.56776,46.05114],[10.56771,46.05137],[10.56774,46.05161],[10.56786,46.05185],[10.56825,46.05223],[10.56877,46.05245]]},"properties":{"ele":2800,"major":1}},{"type":"Feature","geometry":{"type":"LineString","coordinates":[[10.57082,46.02456],[10.57134,46.0246],[10.57151,46.02453],[10.57169,46.02432],[10.57168,46.02397],[10.57151,46.02361],[10.57134,46.02342],[10.57099,46.02328],[10.57048,46.0233],[10.56985,46.02349],[10.56953,46.02373],[10.56951,46.02385],[10.56959,46.02397],[10.57082,46.02456]]},"properties":{"ele":2800,"major":1}},{"type":"Feature","geometry":{"type":"LineString","coordinates":[[10.58461,46.07019],[10.58524,46.07014],[10.58661,46.0697],[10.5885,46.06928],[10.58895,46.069],[10.58928,46.06865],[10.58943,46.06829],[10.58941,46.06805],[10.58923,46.06781],[10.58885,46.06753],[10.58679,46.06659],[10.58524,46.06554],[10.58455,46.06524],[10.58335,46.06487],[10.58247,46.064],[10.58198,46.06368],[10.58078,46.06329],[10.57837,46.06296],[10.57764,46.06269],[10.57721,46.06245],[10.577,46.06221],[10.57695,46.06198],[10.57733,46.0609],[10.57729,46.06043],[10.57705,46.06007],[10.5758,46.05876],[10.57546,46.05861],[10.57494,46.05859],[10.57443,46.05875],[10.57391,46.059],[10.5734,46.05937],[10.5722,46.06063],[10.57079,46.0615],[10.57046,46.06174],[10.57025,46.06198],[10.57027,46.06209],[10.57049,46.06221],[10.57127,46.06245],[10.57151,46.06281],[10.57167,46.06293],[10.57288,46.06329],[10.57425,46.06391],[10.57477,46.06421],[10.5757,46.06495],[10.57777,46.0671],[10.57837,46.06749],[10.57923,46.06791],[10.58066,46.06829],[10.58167,46.06865],[10.58263,46.06912],[10.58404,46.07004],[10.58461,46.07019]]},"properties":{"ele":2800,"major":1}},{"type":"Feature","geometry":{"type":"LineString","coordinates":[[10.58545,46.07603],[10.58558,46.07608],[10.58573,46.07603],[10.58541,46.07572],[10.58524,46.07565],[10.58496,46.07567],[10.58498,46.07579],[10.58513,46.07591],[10.58545,46.07603]]},"properties":{"ele":2800,"major":1}},{"type":"Feature","geometry":{"type":"LineString","coordinates":[[10.59208,46.08806],[10.59245,46.08814],[10.59297,46.08813],[10.59365,46.08785],[10.59414,46.08746],[10.59446,46.0871],[10.59462,46.08675],[10.59461,46.08651],[10.59348,46.08386],[10.59294,46.08294],[10.59295,46.0827],[10.59331,46.08213],[10.59337,46.08186],[10.59334,46.08163],[10.59309,46.08103],[10.59279,46.0807],[10.59228,46.08047],[10.59176,46.07998],[10.59142,46.07984],[10.59091,46.07979],[10.59073,46.07992],[10.59075,46.0802],[10.59123,46.08139],[10.59133,46.08186],[10.59171,46.08246],[10.59172,46.0827],[10.59153,46.08341],[10.59175,46.08448],[10.59181,46.08508],[10.59169,46.08544],[10.59137,46.08579],[10.59095,46.08603],[10.59022,46.0863],[10.59004,46.08639],[10.58996,46.08651],[10.59012,46.08675],[10.59096,46.08746],[10.59208,46.08806]]},"properties":{"ele":2800,"major":1}},{"type":"Feature","geometry":{"type":"LineString","coordinates":[[10.59686,46.09698],[10.59662,46.09639],[10.59615,46.09579],[10.59479,46.09472],[10.59472,46.09436],[10.59481,46.09282],[10.59468,46.09241],[10.59451,46.09222],[10.59417,46.09202],[10.59365,46.09187],[10.59331,46.09184],[10.59262,46.09202],[10.59228,46.09226],[10.59204,46.09258],[10.59213,46.09329],[10.59276,46.09448],[10.59281,46.09472],[10.59271,46.09508],[10.59221,46.09591],[10.59168,46.09698]]},"properties":{"ele":2800,"major":1}},{"type":"Feature","geometry":{"type":"LineString","coordinates":[[10.48291,46.02218],[10.48327,46.02221],[10.48345,46.02215],[10.48352,46.02206],[10.48327,46.02134],[10.4831,46.02115],[10.4819,46.02083],[10.48139,46.02088],[10.48104,46.02099],[10.48083,46.02146],[10.48092,46.02158],[10.48291,46.02218]]},"properties":{"ele":2820,"major":0}},{"type":"Feature","geometry":{"type":"LineString","coordinates":[[10.5403,46.09698],[10.53975,46.09668],[10.53906,46.09656],[10.53735,46.09685],[10.53546,46.09678],[10.53512,46.09685],[10.53488,46.09698]]},"properties":{"ele":2820,"major":0}},{"type":"Feature","geometry":{"type":"LineString","coordinates":[[10.56677,46.04851],[10.56705,46.04856],[10.56722,46.04852],[10.56726,46.0484],[10.56702,46.04732],[10.56691,46.04708],[10.56665,46.04673],[10.56636,46.04645],[10.56602,46.04625],[10.5655,46.0461],[10.56464,46.046],[10.56378,46.04602],[10.56035,46.0468],[10.55984,46.04687],[10.55949,46.04681],[10.55885,46.04649],[10.55812,46.04628],[10.55749,46.04625],[10.55719,46.04637],[10.55725,46.04649],[10.5579,46.04673],[10.55949,46.04701],[10.56087,46.04772],[10.56121,46.04774],[10.56172,46.04753],[10.56207,46.0476],[10.56258,46.0475],[10.56361,46.04774],[10.56481,46.04776],[10.56567,46.048],[10.56677,46.04851]]},"properties":{"ele":2820,"major":0}},{"type":"Feature","geometry":{"type":"LineString","coordinates":[[10.57072,46.0242],[10.57099,46.02427],[10.57117,46.02425],[10.57129,46.02408],[10.57126,46.02397],[10.57117,46.02382],[10.57099,46.02372],[10.57065,46.02374],[10.5705,46.02385],[10.57048,46.02397],[10.57072,46.0242]]},"properties":{"ele":2820,"major":0}},{"type":"Feature","geometry":{"type":"LineString","coordinates":[[10.58443,46.06984],[10.5849,46.06991],[10.58524,46.06987],[10.58644,46.06951],[10.58812,46.06912],[10.58838,46.069],[10.58865,46.06876],[10.58877,46.06853],[10.58878,46.06829],[10.58864,46.06805],[10.58832,46.06781],[10.58782,46.06756],[10.58644,46.06704],[10.58473,46.06603],[10.58435,46.06591],[10.58318,46.0658],[10.58255,46.06555],[10.58215,46.06519],[10.58164,46.06437],[10.58125,46.06412],[10.58078,46.06398],[10.57992,46.06387],[10.57872,46.06351],[10.57678,46.06269],[10.57652,46.06245],[10.57636,46.06209],[10.57638,46.06174],[10.57659,46.0609],[10.57656,46.06055],[10.5763,46.06019],[10.57546,46.05942],[10.57511,46.05918],[10.57494,46.05912],[10.5746,46.05911],[10.57391,46.05937],[10.57357,46.05964],[10.57243,46.0609],[10.57146,46.0615],[10.57121,46.06174],[10.57117,46.06186],[10.5712,46.06198],[10.57202,46.06269],[10.57305,46.06302],[10.57425,46.06366],[10.57494,46.06408],[10.5758,46.06474],[10.57718,46.06626],[10.5782,46.06722],[10.5794,46.06777],[10.58078,46.06809],[10.58181,46.06844],[10.58267,46.06885],[10.58404,46.06967],[10.58443,46.06984]]},"properties":{"ele":2820,"major":0}},{"type":"Feature","geometry":{"type":"LineString","coordinates":[[10.59188,46.08186],[10.59228,46.08197],[10.5926,46.08186],[10.59279,46.08163],[10.59279,46.08139],[10.59262,46.08102],[10.59159,46.08038],[10.59146,46.08043],[10.59142,46.08055],[10.59147,46.08091],[10.59176,46.08174],[10.59188,46.08186]]},"properties":{"ele":2820,"major":0}},{"type":"Feature","geometry":{"type":"LineString","coordinates":[[10.59217,46.08782],[10.59279,46.08786],[10.59331,46.08772],[10.59383,46.08734],[10.59412,46.08686],[10.59406,46.08651],[10.59361,46.08579],[10.59304,46.08448],[10.59279,46.08416],[10.59262,46.08406],[10.59245,46.08406],[10.59236,46.08425],[10.59235,46.0852],[10.59213,46.08567],[10.59171,46.08603],[10.59091,46.08641],[10.59064,46.08663],[10.59071,46.08686],[10.59117,46.08734],[10.59217,46.08782]]},"properties":{"ele":2820,"major":0}},{"type":"Feature","geometry":{"type":"LineString","coordinates":[[10.5931,46.09389],[10.59331,46.09394],[10.59365,46.09391],[10.59382,46.09379],[10.5939,46.09365],[10.59404,46.0927],[10.59388,46.09246],[10.59365,46.09233],[10.59331,46.09228],[10.59297,46.09232],[10.59262,46.09247],[10.59246,46.0927],[10.59251,46.09317],[10.5926,46.09341],[10.59279,46.09368],[10.5931,46.09389]]},"properties":{"ele":2820,"major":0}},{"type":"Feature","geometry":{"type":"LineString","coordinates":[[10.59652,46.09698],[10.59618,46.09639],[10.59546,46.09567],[10.59451,46.09523],[10.59382,46.09508],[10.59331,46.09524],[10.59284,46.09567],[10.59252,46.09615],[10.59221,46.09698]]},"properties":{"ele":2820,"major":0}},{"type":"Feature","geometry":{"type":"LineString","coordinates":[[10.48233,46.02158],[10.48267,46.02158],[10.48269,46.02146],[10.48242,46.02132],[10.48199,46.02134],[10.48205,46.02146],[10.48233,46.02158]]},"properties":{"ele":2840,"major":0}},{"type":"Feature","geometry":{"type":"LineString","coordinates":[[10.5658,46.0478],[10.56619,46.04784],[10.56636,46.04778],[10.56653,46.04756],[10.56655,46.04732],[10.56629,46.04685],[10.56602,46.04663],[10.56567,46.04648],[10.56499,46.04635],[10.56413,46.0464],[10.56327,46.04661],[10.56307,46.04673],[10.56292,46.04697],[10.56304,46.04732],[10.56344,46.04753],[10.56378,46.04751],[10.5643,46.04736],[10.5658,46.0478]]},"properties":{"ele":2840,"major":0}},{"type":"Feature","geometry":{"type":"LineString","coordinates":[[10.58459,46.0696],[10.5849,46.06964],[10.58541,46.06957],[10.58764,46.06891],[10.58804,46.06865],[10.5881,46.06853],[10.58806,46.06829],[10.58782,46.06804],[10.58714,46.06769],[10.58541,46.06703],[10.58284,46.0662],[10.58215,46.0659],[10.58014,46.06472],[10.57649,46.06287],[10.57612,46.06257],[10.57592,46.06221],[10.57583,46.06078],[10.57575,46.06055],[10.5752,46.05995],[10.57477,46.05966],[10.57443,46.05961],[10.57391,46.05982],[10.57342,46.06031],[10.57288,46.06107],[10.5719,46.06174],[10.57187,46.06198],[10.5721,46.06221],[10.5725,46.06245],[10.57323,46.06275],[10.57425,46.06336],[10.57511,46.06392],[10.57597,46.06461],[10.5773,46.06614],[10.57832,46.0671],[10.5794,46.06757],[10.58164,46.06811],[10.58267,46.06859],[10.58404,46.06938],[10.58459,46.0696]]},"properties":{"ele":2840,"major":0}},{"type":"Feature","geometry":{"type":"LineString","coordinates":[[10.59205,46.08746],[10.59245,46.08754],[10.59297,46.08746],[10.59331,46.08722],[10.59337,46.0871],[10.59335,46.08686],[10.59314,46.08662],[10.59262,46.08639],[10.59194,46.0865],[10.59142,46.08674],[10.59138,46.08686],[10.59147,46.0871],[10.59176,46.08734],[10.59205,46.08746]]},"properties":{"ele":2840,"major":0}},{"type":"Feature","geometry":{"type":"LineString","coordinates":[[10.59618,46.09698],[10.59576,46.09639],[10.5952,46.09588],[10.59468,46.09564],[10.594,46.09554],[10.59348,46.09566],[10.59314,46.09592],[10.59285,46.09639],[10.59267,46.09698]]},"properties":{"ele":2840,"major":0}},{"type":"Feature","geometry":{"type":"LineString","coordinates":[[10.56533,46.0472],[10.56565,46.0472],[10.56568,46.04708],[10.5655,46.04695],[10.56523,46.04697],[10.56519,46.04708],[10.56533,46.0472]]},"properties":{"ele":2860,"major":0}},{"type":"Feature","geometry":{"type":"LineString","coordinates":[[10.58471,46.06936],[10.58541,46.0693],[10.58665,46.06888],[10.58714,46.06865],[10.58726,46.06853],[10.58726,46.06829],[10.58678,46.06793],[10.58562,46.06745],[10.58421,46.06698],[10.58301,46.0667],[10.58249,46.06649],[10.58009,46.06522],[10.57769,46.06378],[10.57614,46.06305],[10.5758,46.0628],[10.57555,46.06245],[10.575,46.06078],[10.57478,46.06043],[10.57443,46.06026],[10.57408,46.06034],[10.57391,46.06048],[10.57373,46.06078],[10.57351,46.06138],[10.57302,46.06186],[10.57296,46.06198],[10.57298,46.06209],[10.57353,46.06257],[10.57408,46.06287],[10.57546,46.0638],[10.57614,46.06448],[10.57755,46.06614],[10.5783,46.06686],[10.57872,46.0671],[10.5794,46.06736],[10.58181,46.06786],[10.58421,46.0692],[10.58471,46.06936]]},"properties":{"ele":2860,"major":0}},{"type":"Feature","geometry":{"type":"LineString","coordinates":[[10.59582,46.09698],[10.59554,46.0966],[10.59503,46.09614],[10.59468,46.09597],[10.59417,46.0959],[10.59382,46.09596],[10.59348,46.09617],[10.59326,46.09651],[10.5931,46.09698]]},"properties":{"ele":2860,"major":0}},{"type":"Feature","geometry":{"type":"LineString","coordinates":[[10.57456,46.06269],[10.57477,46.06279],[10.57488,46.06269],[10.57484,46.06245],[10.5746,46.06212],[10.57443,46.06201],[10.57425,46.06206],[10.57411,46.06221],[10.57414,46.06233],[10.57456,46.06269]]},"properties":{"ele":2880,"major":0}},{"type":"Feature","geometry":{"type":"LineString","coordinates":[[10.58444,46.069],[10.58507,46.06907],[10.58575,46.06888],[10.58633,46.06853],[10.58637,46.06829],[10.58611,46.06805],[10.58567,46.06781],[10.58438,46.06734],[10.58387,46.06722],[10.58301,46.06719],[10.58232,46.0671],[10.58154,46.06638],[10.58098,46.06603],[10.57734,46.06404],[10.57666,46.06379],[10.57631,46.06378],[10.57628,46.064],[10.57666,46.06472],[10.5779,46.06626],[10.57855,46.0668],[10.57923,46.06708],[10.57975,46.06722],[10.58112,46.0674],[10.58198,46.06736],[10.58215,46.06742],[10.58254,46.06781],[10.58332,46.06841],[10.58444,46.069]]},"properties":{"ele":2880,"major":0}},{"type":"Feature","geometry":{"type":"LineString","coordinates":[[10.59543,46.09698],[10.5952,46.09671],[10.59485,46.09645],[10.59434,46.09631],[10.594,46.09639],[10.59383,46.09651],[10.59355,46.09698]]},"properties":{"ele":2880,"major":0}},{"type":"Feature","geometry":{"type":"LineString","coordinates":[[10.57993,46.06698],[10.58078,46.06697],[10.58095,46.06686],[10.58094,46.06662],[10.58074,46.06638],[10.58041,46.06614],[10.57872,46.06514],[10.57786,46.06488],[10.57769,46.06487],[10.57747,46.06495],[10.57746,46.06519],[10.57763,46.06555],[10.57803,46.06608],[10.57837,46.06641],[10.57872,46.06663],[10.57993,46.06698]]},"properties":{"ele":2900,"major":1}},{"type":"Feature","geometry":{"type":"LineString","coordinates":[[10.58466,46.06865],[10.58496,46.06865],[10.58524,46.06857],[10.58543,46.06841],[10.58542,46.06829],[10.58516,46.06805],[10.58431,46.06769],[10.58387,46.06765],[10.58367,46.06769],[10.5835,46.06781],[10.58353,46.06805],[10.58376,46.06829],[10.58421,46.06852],[10.58466,46.06865]]},"properties":{"ele":2900,"major":1}},{"type":"Feature","geometry":{"type":"LineString","coordinates":[[10.57862,46.06603],[10.57889,46.06612],[10.57909,46.06603],[10.5789,46.06579],[10.57854,46.06567],[10.57842,46.06579],[10.57862,46.06603]]},"properties":{"ele":2920,"major":0}}]}