{"type":"FeatureCollection","features":[{"type":"Feature","geometry":{"type":"LineString","coordinates":[[10.46997,46.02797],[10.47018,46.02801],[10.47052,46.02813],[10.47072,46.02831],[10.47086,46.02826],[10.47092,46.02827],[10.47108,46.02853],[10.47131,46.02875],[10.4717,46.02877],[10.47196,46.02887],[10.47248,46.02924],[10.47263,46.02929],[10.4733,46.02964],[10.47341,46.02973],[10.47341,46.02984],[10.4743,46.03037],[10.47492,46.03055],[10.47517,46.03057],[10.47538,46.03066],[10.47587,46.0306],[10.47667,46.03084],[10.4771,46.03112],[10.47711,46.03125],[10.47734,46.03133],[10.47754,46.03128],[10.47767,46.03111],[10.4778,46.03102],[10.47817,46.03106],[10.47886,46.031],[10.47917,46.03104],[10.47996,46.03131],[10.48042,46.03137],[10.4809,46.03128],[10.48139,46.03128],[10.48165,46.03136],[10.4816,46.03144],[10.48164,46.03146],[10.48158,46.03151],[10.48181,46.03154],[10.48195,46.03159],[10.48192,46.03164],[10.48242,46.03161],[10.48259,46.03179],[10.48293,46.03196],[10.48322,46.03203],[10.48352,46.03216],[10.48403,46.03245],[10.48425,46.03248]]},"properties":{"cls":"path"}},{"type":"Feature","geometry":{"type":"LineString","coordinates":[[10.51318,46.03207],[10.51319,46.03227],[10.51299,46.03251],[10.51295,46.03261],[10.51299,46.03296],[10.51297,46.03316],[10.51301,46.03334],[10.51299,46.03349],[10.51291,46.03359],[10.51255,46.0339],[10.51248,46.03398],[10.51236,46.0343],[10.51194,46.03474],[10.512,46.03549]]},"properties":{"cls":"track"}},{"type":"Feature","geometry":{"type":"LineString","coordinates":[[10.51067,46.04437],[10.51071,46.04423],[10.51068,46.04391],[10.51027,46.04328],[10.51011,46.0432],[10.50956,46.04327],[10.50902,46.04325],[10.50866,46.04316],[10.50844,46.04297],[10.50837,46.04265],[10.5084,46.04248],[10.5085,46.04229],[10.50839,46.04214],[10.50823,46.04199],[10.5084,46.04157]]},"properties":{"cls":"track"}},{"type":"Feature","geometry":{"type":"LineString","coordinates":[[10.48888,46.08326],[10.48885,46.0835],[10.48892,46.08359],[10.48901,46.08364],[10.48902,46.08386],[10.4891,46.08399],[10.48899,46.08426],[10.48881,46.08447],[10.48877,46.08459],[10.48852,46.08471],[10.48813,46.08486],[10.48801,46.08489],[10.48788,46.08488]]},"properties":{"cls":"path"}},{"type":"Feature","geometry":{"type":"LineString","coordinates":[[10.51197,46.03522],[10.51145,46.03527]]},"properties":{"cls":"track"}},{"type":"Feature","geometry":{"type":"LineString","coordinates":[[10.51192,46.05139],[10.51184,46.05131],[10.51161,46.05118]]},"properties":{"cls":"path"}},{"type":"Feature","geometry":{"type":"LineString","coordinates":[[10.49779,46.08049],[10.49799,46.08093],[10.49805,46.08143],[10.49802,46.08166],[10.49753,46.08196],[10.49738,46.08211],[10.49739,46.08232],[10.49731,46.08256],[10.4972,46.08273],[10.497,46.08283],[10.49695,46.08295],[10.49672,46.0831],[10.49647,46.08332],[10.49648,46.08349],[10.49655,46.08359],[10.49694,46.08395],[10.49715,46.08427],[10.49714,46.08433],[10.49682,46.08447]]},"properties":{"cls":"path"}},{"type":"Feature","geometry":{"type":"LineString","coordinates":[[10.51309,46.05442],[10.513,46.05453],[10.51307,46.05456],[10.51318,46.05455]]},"properties":{"cls":"steps"}},{"type":"Feature","geometry":{"type":"LineString","coordinates":[[10.55288,46.08008],[10.55276,46.08031],[10.55269,46.08038],[10.55257,46.08065],[10.55282,46.08092],[10.55287,46.08107]]},"properties":{"cls":"path"}},{"type":"Feature","geometry":{"type":"LineString","coordinates":[[10.56225,46.08431],[10.56221,46.08429]]},"properties":{"cls":"path"}},{"type":"Feature","geometry":{"type":"LineString","coordinates":[[10.50886,46.04684],[10.5085,46.0468],[10.50847,46.04688],[10.50832,46.04682],[10.50792,46.04681],[10.50794,46.04711],[10.50779,46.04733],[10.5075,46.04741],[10.50711,46.04731]]},"properties":{"cls":"path"}},{"type":"Feature","geometry":{"type":"LineString","coordinates":[[10.53672,46.07134],[10.53649,46.07142],[10.53629,46.07143],[10.53572,46.07132],[10.53547,46.07132]]},"properties":{"cls":"path"}},{"type":"Feature","geometry":{"type":"LineString","coordinates":[[10.47899,46.04296],[10.47891,46.04308],[10.47876,46.04315],[10.47878,46.04346],[10.47845,46.04352],[10.47841,46.04362],[10.47835,46.04366]]},"properties":{"cls":"path"}},{"type":"Feature","geometry":{"type":"LineString","coordinates":[[10.51504,46.00167],[10.51513,46.00155],[10.5151,46.0014],[10.51548,46.00097],[10.51559,46.00071],[10.51548,46.00048],[10.51532,46.00025],[10.51544,45.99996],[10.51568,45.99972],[10.51576,45.99924],[10.51593,45.99877],[10.5164,45.99834],[10.51666,45.99796],[10.51703,45.9975],[10.51787,45.99678]]},"properties":{"cls":"path"}},{"type":"Feature","geometry":{"type":"LineString","coordinates":[[10.51053,46.05053],[10.51059,46.05024],[10.51056,46.05016],[10.51019,46.04978],[10.51008,46.04959],[10.51007,46.04933],[10.51,46.0493],[10.5084,46.04915]]},"properties":{"cls":"track"}},{"type":"Feature","geometry":{"type":"LineString","coordinates":[[10.5408,46.07104],[10.54085,46.07141],[10.54081,46.07162]]},"properties":{"cls":"path"}},{"type":"Feature","geometry":{"type":"LineString","coordinates":[[10.49779,46.08005],[10.49775,46.08037],[10.49779,46.08049]]},"properties":{"cls":"path"}},{"type":"Feature","geometry":{"type":"LineString","coordinates":[[10.58809,46.04863],[10.58804,46.04866],[10.58805,46.04872],[10.58809,46.04874],[10.58809,46.04883],[10.58812,46.04887],[10.5882,46.04892],[10.58829,46.04907],[10.58827,46.0492],[10.5883,46.0493],[10.58868,46.04944],[10.58888,46.04948],[10.58895,46.04953],[10.58905,46.04972],[10.58923,46.04986],[10.58935,46.04992],[10.58954,46.04991],[10.58959,46.04993],[10.58991,46.05052],[10.59024,46.05095],[10.59037,46.05095],[10.59067,46.05121],[10.5912,46.05149],[10.59131,46.05148],[10.59166,46.05163],[10.59164,46.05168],[10.5917,46.05173],[10.59165,46.05185],[10.59184,46.05203],[10.59192,46.05216],[10.59231,46.0523],[10.59272,46.05255],[10.59299,46.05262],[10.59301,46.05272],[10.59306,46.05275],[10.59351,46.05288],[10.59356,46.05297],[10.59373,46.05304],[10.59388,46.05303],[10.59391,46.05312],[10.59399,46.05316],[10.59406,46.05331],[10.59416,46.05332],[10.59427,46.05356],[10.59423,46.05371],[10.59429,46.0538],[10.59433,46.05377],[10.5944,46.05358],[10.59449,46.05382],[10.59469,46.05401],[10.59483,46.05409],[10.595,46.05414],[10.59524,46.0541],[10.5958,46.05427],[10.59587,46.05426],[10.596,46.0542],[10.59605,46.05425],[10.59613,46.05411],[10.59634,46.05413],[10.59722,46.05404],[10.59733,46.05401],[10.59744,46.05388],[10.5976,46.05375],[10.59793,46.05361],[10.59796,46.05351],[10.59804,46.05347],[10.59825,46.05342],[10.59829,46.05338],[10.59858,46.05333],[10.59873,46.05337],[10.59893,46.05336],[10.59943,46.05325]]},"properties":{"cls":"path"}},{"type":"Feature","geometry":{"type":"LineString","coordinates":[[10.58809,46.04863],[10.58786,46.04862],[10.58776,46.04858],[10.58743,46.04853],[10.58701,46.04855],[10.58674,46.04841],[10.58647,46.04819],[10.58553,46.04777],[10.58524,46.04771],[10.58524,46.04767],[10.58509,46.04766],[10.58508,46.0477],[10.58498,46.04769],[10.58484,46.04764],[10.58482,46.04759],[10.58471,46.04756],[10.5847,46.0475],[10.58457,46.0475],[10.58456,46.04753],[10.58438,46.04745],[10.58359,46.04739],[10.58356,46.04734],[10.58337,46.04733],[10.58313,46.04727],[10.58308,46.04722],[10.58278,46.04717],[10.58267,46.0473],[10.58258,46.04731],[10.58245,46.04747],[10.58232,46.04754],[10.58219,46.04753],[10.582,46.04744],[10.58193,46.04749],[10.58172,46.04741],[10.58172,46.04746],[10.58162,46.04744],[10.5816,46.04748],[10.58139,46.04741],[10.58137,46.04745],[10.58138,46.04748],[10.58121,46.04747],[10.58121,46.04752],[10.58114,46.04753],[10.58105,46.04745],[10.58107,46.04743],[10.58101,46.04727],[10.58094,46.04723],[10.58088,46.04725],[10.58078,46.04718],[10.58077,46.04713],[10.58067,46.04712],[10.58051,46.04701],[10.58051,46.04696],[10.58037,46.04691],[10.58019,46.04679],[10.5801,46.04675],[10.58005,46.04677],[10.57997,46.0467],[10.57986,46.04667],[10.57984,46.04659],[10.57968,46.04646],[10.57943,46.0464],[10.57919,46.04639],[10.57884,46.04628],[10.57869,46.04626],[10.57869,46.04628],[10.57864,46.04629],[10.57853,46.04624],[10.57849,46.04617],[10.57837,46.04619],[10.57833,46.04615],[10.57828,46.04617],[10.57828,46.04624],[10.57821,46.04625],[10.57791,46.04613],[10.57779,46.04603],[10.57761,46.04607],[10.5768,46.04579],[10.57665,46.04578],[10.57664,46.04575],[10.57663,46.04579],[10.57659,46.04579],[10.57656,46.04573],[10.57641,46.04567],[10.57634,46.04566],[10.57633,46.0457],[10.57627,46.04567],[10.57591,46.04534],[10.57575,46.04528],[10.57568,46.04513],[10.57564,46.04517],[10.57554,46.04508],[10.57544,46.04505],[10.57539,46.04514],[10.57534,46.04511],[10.57541,46.04528],[10.5754,46.04545],[10.57544,46.04566],[10.57542,46.04576],[10.57554,46.04601],[10.57553,46.0461],[10.5756,46.04618],[10.57554,46.04621],[10.57561,46.04626],[10.57558,46.04629],[10.57561,46.04632],[10.57559,46.04635],[10.57563,46.04637],[10.57554,46.04638],[10.57564,46.04644],[10.5756,46.04648],[10.57564,46.0466],[10.57569,46.04664],[10.57564,46.04668],[10.57581,46.04698],[10.57573,46.047],[10.57572,46.04703],[10.57567,46.04702],[10.57564,46.04707],[10.57554,46.04708],[10.57536,46.04705],[10.57512,46.04692],[10.57506,46.04696],[10.57479,46.0469],[10.57468,46.04691],[10.57455,46.04682],[10.57417,46.04677],[10.57381,46.04657],[10.57354,46.04636],[10.57326,46.0463],[10.5732,46.04633],[10.573,46.04626],[10.57288,46.04617],[10.57278,46.04606],[10.57282,46.04604],[10.57265,46.04597],[10.57259,46.04583],[10.57242,46.04567],[10.57233,46.04569],[10.57224,46.04567],[10.57215,46.04562],[10.57211,46.04563],[10.57206,46.04557],[10.57171,46.04552],[10.57137,46.04535],[10.57109,46.04507],[10.57101,46.04506],[10.57083,46.04484],[10.5707,46.04484],[10.57063,46.0448],[10.57067,46.04476],[10.57062,46.04459],[10.57056,46.04457],[10.57036,46.04437],[10.57032,46.04424],[10.57008,46.04407],[10.56991,46.04386],[10.56952,46.04366],[10.56949,46.04359],[10.56945,46.04365],[10.56937,46.04358],[10.56889,46.04343],[10.56885,46.04338],[10.56863,46.04335],[10.56822,46.04306],[10.56824,46.04297],[10.5682,46.04288]]},"properties":{"cls":"path"}},{"type":"Feature","geometry":{"type":"LineString","coordinates":[[10.51191,46.07795],[10.51177,46.07771],[10.51164,46.07762],[10.51177,46.07757],[10.51171,46.07716],[10.51186,46.07688]]},"properties":{"cls":"path"}},{"type":"Feature","geometry":{"type":"LineString","coordinates":[[10.50833,46.06713],[10.5084,46.06719],[10.50833,46.06723],[10.50831,46.06734],[10.50848,46.06743],[10.50834,46.06759],[10.50834,46.0678],[10.50813,46.06791],[10.50813,46.068],[10.50826,46.06807],[10.50879,46.06814],[10.50906,46.06824],[10.50931,46.06825]]},"properties":{"cls":"path"}},{"type":"Feature","geometry":{"type":"LineString","coordinates":[[10.51381,46.05315],[10.51376,46.05319],[10.51355,46.05318],[10.51351,46.05304],[10.51354,46.05299]]},"properties":{"cls":"service"}},{"type":"Feature","geometry":{"type":"LineString","coordinates":[[10.48484,46.03847],[10.48504,46.03839],[10.48514,46.03838],[10.48537,46.03815]]},"properties":{"cls":"path"}},{"type":"Feature","geometry":{"type":"LineString","coordinates":[[10.56787,46.04229],[10.5677,46.04239],[10.56755,46.04237],[10.5672,46.04245],[10.56684,46.04242],[10.5667,46.04257],[10.5668,46.04264],[10.56673,46.04266],[10.56669,46.04275],[10.56655,46.04283],[10.56644,46.04281],[10.56574,46.04291],[10.56556,46.04305],[10.56537,46.04308],[10.56523,46.04318],[10.56502,46.04323],[10.56497,46.04335],[10.56474,46.04346],[10.56426,46.04358],[10.56412,46.04359],[10.56368,46.04385],[10.56333,46.04397],[10.56296,46.04401],[10.56271,46.0441],[10.56245,46.04413],[10.56231,46.04423],[10.56195,46.04412],[10.56204,46.04424],[10.56151,46.04426],[10.5611,46.04441],[10.55905,46.04443],[10.55874,46.04457],[10.55818,46.04464],[10.55806,46.04453],[10.55764,46.04458],[10.55741,46.04442],[10.5573,46.04444],[10.55731,46.0445],[10.55712,46.04449],[10.557,46.04474],[10.55578,46.0448],[10.55561,46.04489],[10.5554,46.04489],[10.55496,46.045],[10.5544,46.04506],[10.55403,46.04496],[10.55391,46.04478],[10.55384,46.04478],[10.55386,46.04491],[10.55372,46.04502],[10.55382,46.04544],[10.55361,46.04581],[10.55307,46.04597],[10.55277,46.04621],[10.55266,46.04653],[10.55212,46.04685],[10.55204,46.04705],[10.55172,46.04714],[10.55112,46.0474],[10.55095,46.04774],[10.55079,46.048],[10.55082,46.04812],[10.55066,46.04819],[10.55013,46.04826],[10.54982,46.04834],[10.54931,46.04872],[10.549,46.04875],[10.54871,46.04883],[10.54854,46.04903],[10.54801,46.04929],[10.54794,46.0494],[10.54795,46.04952],[10.54776,46.04983],[10.54777,46.05],[10.54743,46.05034],[10.54735,46.05062],[10.5471,46.05098],[10.54692,46.05132],[10.54666,46.05136],[10.54629,46.05189],[10.54608,46.05197],[10.54592,46.05199],[10.54567,46.05217],[10.54515,46.05212],[10.54436,46.05271],[10.54415,46.05273],[10.54355,46.05297],[10.54305,46.05331],[10.54279,46.05358],[10.54245,46.05405],[10.54225,46.05455],[10.54205,46.05517],[10.54176,46.05579],[10.54185,46.05617],[10.54225,46.05641],[10.54249,46.05647],[10.54246,46.05663],[10.54219,46.05688],[10.5421,46.057],[10.54212,46.05709],[10.54224,46.05709],[10.54238,46.05703],[10.54303,46.05695],[10.54335,46.05682],[10.54347,46.05684],[10.54331,46.05712],[10.54339,46.05718],[10.54324,46.05739],[10.54332,46.0577],[10.5431,46.05795],[10.5423,46.05822],[10.54217,46.05845],[10.54194,46.0587],[10.54194,46.05897],[10.54237,46.05908],[10.54249,46.05928],[10.54307,46.05935],[10.54323,46.0595],[10.54341,46.05961],[10.54318,46.05986],[10.54313,46.06005],[10.54331,46.06031],[10.54321,46.06046],[10.54322,46.06059],[10.54339,46.0606],[10.54359,46.06051],[10.54397,46.06076],[10.54427,46.06091],[10.54448,46.06091],[10.54497,46.06079],[10.54511,46.06082],[10.54546,46.06106],[10.54559,46.06125],[10.54565,46.06147]]},"properties":{"cls":"path"}},{"type":"Feature","geometry":{"type":"LineString","coordinates":[[10.59669,45.98661],[10.59671,45.98664],[10.59694,45.98674],[10.59784,45.98697],[10.59839,45.98691],[10.59874,45.98692],[10.59894,45.98686],[10.59984,45.98675],[10.60009,45.98681]]},"properties":{"cls":"path"}},{"type":"Feature","geometry":{"type":"LineString","coordinates":[[10.60009,45.98673],[10.59995,45.98653],[10.59994,45.98633],[10.6,45.98607],[10.60009,45.98584]]},"properties":{"cls":"path"}},{"type":"Feature","geometry":{"type":"LineString","coordinates":[[10.48425,46.03248],[10.48439,46.03266],[10.4843,46.03274],[10.48429,46.0328],[10.48435,46.03301],[10.48447,46.03315],[10.48451,46.03331],[10.48457,46.03341],[10.48465,46.03369],[10.48465,46.03384],[10.48489,46.03397],[10.48503,46.03424],[10.48504,46.0344],[10.48496,46.03461],[10.485,46.03471],[10.48491,46.03503],[10.48485,46.03542],[10.48449,46.03593],[10.4845,46.0361],[10.48443,46.03616],[10.48443,46.03632],[10.48437,46.03636],[10.48419,46.03675],[10.48425,46.03691],[10.48439,46.03672],[10.48443,46.03675],[10.48439,46.0369],[10.48441,46.03695],[10.48448,46.03694],[10.48488,46.03741],[10.48499,46.0376],[10.48508,46.03798],[10.48507,46.03815],[10.48484,46.03847],[10.48431,46.03876],[10.48428,46.03884],[10.48435,46.03895],[10.48428,46.03904],[10.48428,46.03916],[10.48419,46.03941],[10.48419,46.03948],[10.48415,46.03957],[10.48394,46.03975]]},"properties":{"cls":"path"}},{"type":"Feature","geometry":{"type":"LineString","coordinates":[[10.54948,45.99219],[10.5494,45.99231],[10.54916,45.99255],[10.54897,45.9926],[10.54859,45.99338],[10.54843,45.99381],[10.54816,45.99396],[10.54749,45.99397],[10.54678,45.99408],[10.54628,45.99422],[10.54577,45.99476],[10.54557,45.99507],[10.54532,45.99533],[10.54482,45.99578],[10.54477,45.99594],[10.54487,45.99615],[10.54479,45.99637]]},"properties":{"cls":"track"}},{"type":"Feature","geometry":{"type":"LineString","coordinates":[[10.5672,46.0413],[10.56729,46.04142],[10.56721,46.04142],[10.56724,46.04154],[10.56757,46.04173],[10.56757,46.0418],[10.56773,46.04199],[10.56773,46.04208],[10.56787,46.04229]]},"properties":{"cls":"path"}},{"type":"Feature","geometry":{"type":"LineString","coordinates":[[10.51286,46.03576],[10.51301,46.03577],[10.51313,46.03567],[10.51345,46.03527],[10.5135,46.03482],[10.51342,46.03469],[10.51343,46.03455],[10.51358,46.03435],[10.51389,46.03412],[10.51414,46.03374],[10.51433,46.03319],[10.51445,46.03301],[10.51441,46.03244]]},"properties":{"cls":"path"}},{"type":"Feature","geometry":{"type":"LineString","coordinates":[[10.48058,46.0458],[10.48059,46.04593],[10.48035,46.0461],[10.48028,46.0462],[10.4795,46.04638],[10.47924,46.04624],[10.47895,46.04637],[10.47878,46.04657],[10.47855,46.04657],[10.47845,46.04662],[10.47841,46.0467],[10.47846,46.04676],[10.47843,46.04683],[10.47854,46.04687],[10.47844,46.04693],[10.47852,46.04707],[10.47851,46.04712],[10.47854,46.04723],[10.47872,46.04743],[10.47866,46.04748],[10.47896,46.04792],[10.47895,46.048],[10.47905,46.04809],[10.47907,46.04824],[10.47921,46.04842],[10.47926,46.04863],[10.47923,46.04894],[10.47911,46.04939],[10.47905,46.04951],[10.47907,46.0496],[10.47891,46.04975],[10.47881,46.0498],[10.47878,46.04991],[10.47855,46.05006],[10.47856,46.05019],[10.47821,46.0505],[10.47803,46.0506],[10.47772,46.05063],[10.47767,46.05075],[10.47782,46.05072],[10.47786,46.05076],[10.47782,46.0508],[10.47788,46.05083],[10.47797,46.05081],[10.47798,46.05092],[10.47767,46.05125],[10.4775,46.05133]]},"properties":{"cls":"path"}},{"type":"Feature","geometry":{"type":"LineString","coordinates":[[10.55963,46.00589],[10.55981,46.0059],[10.55989,46.00586],[10.55993,46.0057],[10.56011,46.00555],[10.56023,46.0054],[10.56033,46.00506],[10.56057,46.0048],[10.56123,46.00451],[10.56133,46.00442],[10.56168,46.00425],[10.56203,46.00397],[10.56217,46.00393],[10.56221,46.00384],[10.56228,46.00381],[10.56238,46.00381],[10.56286,46.00337],[10.56298,46.00331],[10.56327,46.00328],[10.56332,46.00326],[10.56333,46.00322],[10.56357,46.00317],[10.56343,46.00309],[10.56347,46.00302],[10.56368,46.00295],[10.56395,46.0028],[10.56418,46.00283],[10.56427,46.00281],[10.56439,46.00261],[10.56448,46.00256],[10.56451,46.00257],[10.56442,46.00289],[10.56449,46.00289],[10.56472,46.00267],[10.56476,46.00272],[10.56484,46.00273],[10.56488,46.00278],[10.56502,46.00277],[10.56567,46.00319],[10.56574,46.00332],[10.56636,46.00356],[10.56649,46.00375],[10.56664,46.00391],[10.56665,46.00402],[10.56674,46.00407],[10.56692,46.00401],[10.56768,46.00391],[10.56779,46.00397],[10.56792,46.00413],[10.56796,46.00426],[10.56814,46.00438],[10.56828,46.00458],[10.56838,46.00464],[10.56856,46.00466],[10.56896,46.00477],[10.56904,46.00476],[10.56935,46.00487],[10.5696,46.00491],[10.56987,46.00484],[10.57047,46.00478],[10.57058,46.00467],[10.57102,46.00437],[10.57119,46.00435],[10.57174,46.00473],[10.57256,46.00497],[10.57302,46.00499],[10.57364,46.00493],[10.57416,46.00502],[10.57444,46.005],[10.57446,46.00497],[10.57492,46.00496],[10.57515,46.00472],[10.57542,46.00412],[10.57557,46.00422],[10.57587,46.00456],[10.57603,46.00464],[10.57658,46.00477],[10.57699,46.0048],[10.57706,46.00483],[10.57732,46.00482],[10.57766,46.00488],[10.57827,46.00508],[10.57864,46.00526],[10.57886,46.00547],[10.57892,46.0056],[10.57909,46.00564],[10.57925,46.00552],[10.57982,46.00543],[10.57994,46.00544],[10.58023,46.0055],[10.58041,46.00557],[10.58046,46.00565],[10.58045,46.00571],[10.58064,46.00573],[10.58075,46.00578],[10.58086,46.0057],[10.58108,46.00565],[10.58171,46.00584],[10.58178,46.00593],[10.58194,46.00601],[10.58206,46.0061],[10.58209,46.00617],[10.58203,46.00632],[10.58207,46.00637]]},"properties":{"cls":"path"}},{"type":"Feature","geometry":{"type":"LineString","coordinates":[[10.54558,46.06154],[10.54603,46.06155],[10.54628,46.06166],[10.5466,46.06172],[10.547,46.06188],[10.54718,46.0618],[10.54721,46.06174],[10.54715,46.06169],[10.54719,46.06167],[10.54748,46.06172],[10.54756,46.06167],[10.54757,46.06162],[10.54765,46.06163],[10.54776,46.06177],[10.54783,46.06174],[10.548,46.06178],[10.54807,46.06187],[10.54843,46.0617],[10.54854,46.06171],[10.54861,46.06168],[10.54867,46.0617],[10.54888,46.06164],[10.549,46.06157],[10.54903,46.06147],[10.54911,46.06141],[10.54931,46.06138],[10.54949,46.06146],[10.54945,46.06156],[10.54947,46.0617],[10.54945,46.06174],[10.54894,46.06208],[10.54881,46.06234],[10.5487,46.06248],[10.54865,46.06264],[10.54879,46.06269],[10.54892,46.06266],[10.54927,46.06247],[10.54934,46.06251],[10.54935,46.06258],[10.54931,46.06273],[10.5493,46.063],[10.54947,46.06297],[10.54958,46.06291],[10.54961,46.06294],[10.54976,46.06291],[10.54978,46.06296],[10.54972,46.06315],[10.54987,46.06312],[10.5499,46.06309],[10.54992,46.06323],[10.54988,46.06357],[10.54992,46.06359],[10.54991,46.06374],[10.55003,46.06388],[10.55002,46.06412],[10.55017,46.06429],[10.55015,46.06451],[10.55022,46.06458],[10.55025,46.06466],[10.55053,46.06489],[10.55068,46.06497],[10.55081,46.06495],[10.55089,46.06499],[10.55107,46.065],[10.55122,46.06515],[10.55122,46.0652],[10.55134,46.06529],[10.55146,46.06553],[10.55151,46.06558],[10.55162,46.0656],[10.55168,46.06565],[10.55176,46.06585],[10.55174,46.0659],[10.55193,46.06604],[10.552,46.06614],[10.55201,46.06632],[10.55209,46.06638],[10.55216,46.0665],[10.55217,46.06672],[10.55209,46.06701],[10.55223,46.06741],[10.55223,46.06762],[10.55226,46.06771],[10.55271,46.06791],[10.55289,46.06795],[10.5533,46.06795],[10.55345,46.06792],[10.55357,46.06798],[10.55367,46.06798],[10.55417,46.06812],[10.55447,46.06811],[10.55466,46.06818],[10.55471,46.06815],[10.55497,46.06818],[10.55505,46.06816],[10.55623,46.06842],[10.55659,46.06837],[10.55677,46.06842],[10.55686,46.06849],[10.55724,46.06856],[10.55764,46.06877],[10.5578,46.0688],[10.55807,46.0689],[10.55823,46.06889],[10.55865,46.06918],[10.55878,46.06932],[10.55895,46.06941],[10.55924,46.0697],[10.55938,46.06995],[10.55953,46.07003],[10.5597,46.07022],[10.55993,46.07041],[10.56006,46.07065],[10.56028,46.07095],[10.56038,46.07135],[10.56051,46.07152],[10.56039,46.07178],[10.56042,46.07194],[10.56056,46.072],[10.56129,46.07201],[10.56125,46.07216],[10.56157,46.07223],[10.56185,46.07224],[10.56191,46.07227],[10.56188,46.07271],[10.562,46.07275],[10.56222,46.07276],[10.56216,46.07299],[10.5622,46.07303],[10.56226,46.07331],[10.56231,46.07332],[10.56224,46.07358],[10.5624,46.07361],[10.56237,46.07366],[10.56241,46.07378],[10.56238,46.07386],[10.56242,46.07393],[10.56239,46.07412],[10.5623,46.07422],[10.56235,46.07455],[10.56226,46.07471],[10.56218,46.07478],[10.56217,46.07489],[10.56207,46.07498],[10.56204,46.07509],[10.56245,46.0751],[10.56253,46.07514],[10.5628,46.07515],[10.56314,46.07501],[10.56324,46.07505],[10.56329,46.07515],[10.5635,46.07526],[10.56355,46.07521],[10.56367,46.07523],[10.56374,46.07528],[10.56372,46.07533],[10.56382,46.07539],[10.56386,46.07549],[10.56398,46.07556],[10.56407,46.07568],[10.56405,46.07578],[10.56419,46.07596],[10.56421,46.07608],[10.56417,46.07615],[10.56416,46.07645]]},"properties":{"cls":"path"}},{"type":"Feature","geometry":{"type":"LineString","coordinates":[[10.5682,46.04288],[10.5682,46.04268],[10.56813,46.0426],[10.56797,46.04255],[10.56789,46.04248],[10.56784,46.04241],[10.56787,46.04229]]},"properties":{"cls":"path"}},{"type":"Feature","geometry":{"type":"LineString","coordinates":[[10.55963,46.00589],[10.55948,46.00607],[10.55951,46.00636],[10.55959,46.00647],[10.55952,46.00662],[10.55937,46.00671],[10.55919,46.00693],[10.5592,46.00728],[10.55929,46.00735],[10.55934,46.00748],[10.55932,46.00767],[10.55943,46.00776],[10.55952,46.00794],[10.55961,46.00799],[10.5597,46.00815],[10.55954,46.0084],[10.55957,46.0085],[10.55968,46.00856],[10.5597,46.00867],[10.55993,46.0088],[10.56001,46.00896],[10.56019,46.009],[10.56053,46.00897],[10.56098,46.00903],[10.56124,46.00909],[10.56138,46.00922],[10.56152,46.00925],[10.56149,46.00932],[10.56141,46.00935],[10.56151,46.00938],[10.5615,46.00942],[10.56153,46.00944],[10.56151,46.00948],[10.56164,46.00951],[10.56189,46.00972],[10.5619,46.00981],[10.56199,46.00991],[10.56236,46.0101],[10.56257,46.01032],[10.56266,46.01054],[10.56252,46.01067],[10.56224,46.01082],[10.56228,46.01092],[10.56225,46.01099],[10.56234,46.0111],[10.56233,46.01119],[10.56222,46.01126],[10.56235,46.01153],[10.56244,46.0116],[10.56254,46.01159],[10.56294,46.01178],[10.56297,46.01187],[10.5629,46.01196],[10.56278,46.012],[10.56271,46.01216],[10.56255,46.01227],[10.56249,46.01237],[10.56225,46.0124],[10.56197,46.01248],[10.5618,46.01249],[10.56158,46.01243],[10.56139,46.01229],[10.56106,46.01216],[10.56078,46.01219],[10.56066,46.01232],[10.5603,46.01232],[10.56021,46.01244],[10.5602,46.0125],[10.56011,46.01252],[10.55978,46.01277],[10.55961,46.01305],[10.55922,46.01333],[10.55907,46.01351],[10.55879,46.014],[10.55863,46.01421],[10.55853,46.01424],[10.55843,46.01445],[10.55817,46.01463],[10.55813,46.01479],[10.55821,46.01505],[10.55834,46.01529],[10.55865,46.0155],[10.55874,46.01564],[10.55875,46.01571],[10.55862,46.01582],[10.55864,46.01589],[10.55853,46.01637],[10.55852,46.01656],[10.55863,46.01665],[10.55859,46.01678],[10.55862,46.01698],[10.55896,46.01746],[10.55897,46.01755],[10.55888,46.01779],[10.55899,46.01797],[10.559,46.01807],[10.55913,46.01811],[10.55909,46.01823],[10.55918,46.01827],[10.5592,46.01837],[10.55972,46.01884],[10.55994,46.01895],[10.56105,46.01923],[10.56145,46.0196],[10.56153,46.01978],[10.5616,46.0198],[10.56191,46.02021],[10.56202,46.02025],[10.56202,46.02036],[10.56227,46.02053],[10.56262,46.02095],[10.5628,46.02102],[10.56298,46.02118],[10.56314,46.02121],[10.56312,46.02126],[10.5632,46.02131],[10.56311,46.02143],[10.56311,46.0215],[10.56281,46.02175],[10.56273,46.02177],[10.56264,46.02184],[10.56265,46.02192],[10.56255,46.02198],[10.56251,46.02209],[10.56245,46.02216],[10.56245,46.02222],[10.56236,46.02222],[10.56236,46.02234],[10.56225,46.02234],[10.56218,46.02248],[10.56228,46.02265],[10.56224,46.02269],[10.56234,46.0228],[10.56222,46.02294],[10.56224,46.0231],[10.56221,46.02317],[10.56237,46.0233],[10.56253,46.02357],[10.56256,46.02405],[10.56264,46.02415],[10.56259,46.02426],[10.56246,46.02434],[10.56246,46.0244],[10.56257,46.02448],[10.56257,46.02458],[10.56268,46.02465],[10.56261,46.02466],[10.5628,46.02477],[10.56285,46.02485],[10.56283,46.02489],[10.56292,46.02492],[10.56304,46.02522],[10.5632,46.02532],[10.56319,46.02553],[10.56327,46.02561],[10.56331,46.02573],[10.56342,46.02588],[10.56351,46.02589],[10.56355,46.02597],[10.56377,46.02609],[10.56405,46.02632],[10.56415,46.02653],[10.56415,46.0266],[10.56427,46.02671],[10.56429,46.02677],[10.56436,46.02681],[10.56426,46.02705],[10.56429,46.02724],[10.56433,46.02729],[10.56436,46.02761],[10.56448,46.02763],[10.56456,46.02755],[10.56454,46.0277],[10.56502,46.02828],[10.5651,46.02827],[10.56519,46.02851],[10.56535,46.0287],[10.56538,46.02893],[10.56567,46.02945],[10.56582,46.02961],[10.56582,46.02974],[10.566,46.02998],[10.56603,46.03007],[10.56598,46.03019],[10.56604,46.03025],[10.56608,46.03068],[10.56603,46.03087],[10.56606,46.03106],[10.56595,46.03123],[10.56584,46.03129],[10.56592,46.03137],[10.56566,46.03183],[10.5655,46.03193],[10.56555,46.03198],[10.56546,46.03207],[10.56547,46.03254],[10.56561,46.03285],[10.56554,46.03292],[10.56565,46.03298],[10.56565,46.03312],[10.5657,46.03315],[10.56545,46.03354],[10.56531,46.03354],[10.56518,46.03375],[10.56528,46.03381],[10.56532,46.03391],[10.56516,46.03391],[10.56529,46.03402],[10.56525,46.03411],[10.56531,46.03415],[10.56532,46.03422],[10.56545,46.03429],[10.5655,46.03462],[10.56555,46.03464],[10.56561,46.0349],[10.56581,46.03513],[10.56612,46.03543],[10.56621,46.03559],[10.56645,46.03586],[10.56647,46.03596],[10.56685,46.03618],[10.56678,46.0364],[10.56687,46.0365],[10.56687,46.03703],[10.56691,46.03715],[10.5669,46.03724],[10.567,46.03737],[10.56681,46.03761],[10.56691,46.03778],[10.56685,46.03786],[10.56691,46.03791],[10.56685,46.03797],[10.56691,46.03808],[10.56687,46.03827],[10.56679,46.03825],[10.56678,46.03832],[10.56683,46.03836],[10.56683,46.03841],[10.56714,46.03845],[10.56705,46.03852],[10.56713,46.03853],[10.56716,46.0386],[10.56739,46.03876],[10.56731,46.03878],[10.5674,46.03885],[10.56732,46.03908],[10.56736,46.03914],[10.56724,46.03912],[10.56735,46.03922],[10.56739,46.03961],[10.56733,46.03971],[10.56735,46.03982],[10.5673,46.03992],[10.56723,46.03998],[10.56729,46.04003],[10.56714,46.04013],[10.5671,46.04033],[10.56723,46.04041],[10.56724,46.04048],[10.56742,46.04053],[10.56742,46.04064],[10.56731,46.04085],[10.56734,46.0409],[10.56728,46.04095],[10.5673,46.041],[10.56718,46.04107],[10.56721,46.04117],[10.56715,46.04121],[10.5672,46.0413]]},"properties":{"cls":"path"}},{"type":"Feature","geometry":{"type":"LineString","coordinates":[[10.50844,46.0424],[10.50785,46.04234],[10.50764,46.04221],[10.50731,46.04182],[10.50685,46.04167]]},"properties":{"cls":"path"}},{"type":"Feature","geometry":{"type":"LineString","coordinates":[[10.60009,46.09655],[10.59958,46.0965],[10.59952,46.09642],[10.59922,46.09635],[10.59902,46.09624],[10.59893,46.09635],[10.59836,46.09618],[10.59824,46.09606],[10.59812,46.09603],[10.59808,46.0959],[10.59792,46.09563],[10.59797,46.09553],[10.59783,46.09541],[10.59782,46.0953],[10.59756,46.09519],[10.59753,46.09523],[10.59757,46.09529],[10.59746,46.0953],[10.59753,46.09542],[10.59725,46.09546],[10.59714,46.09544],[10.59722,46.09565],[10.59713,46.09568],[10.59721,46.09573],[10.59709,46.09578],[10.5969,46.09571],[10.59687,46.09573],[10.59687,46.09581],[10.59679,46.09585],[10.59666,46.09584],[10.59665,46.09587],[10.5966,46.09589],[10.59657,46.09579],[10.59652,46.09575],[10.5963,46.09574],[10.59612,46.09582],[10.59611,46.09578],[10.59602,46.09577],[10.596,46.0958],[10.59593,46.09578],[10.5959,46.09582],[10.59582,46.0958],[10.59574,46.09583],[10.5958,46.09589],[10.59582,46.09595],[10.5957,46.09605],[10.59561,46.096],[10.59547,46.09602],[10.59537,46.09608],[10.59537,46.09612],[10.59516,46.09604],[10.59517,46.09609],[10.59512,46.09616],[10.59501,46.09615],[10.59494,46.0962],[10.5946,46.09618],[10.59426,46.09613],[10.59423,46.09615],[10.59391,46.09599],[10.59384,46.09617]]},"properties":{"cls":"path"}},{"type":"Feature","geometry":{"type":"LineString","coordinates":[[10.46997,46.09346],[10.47079,46.0935],[10.47091,46.09341],[10.47095,46.09335],[10.4709,46.09327],[10.47091,46.0931],[10.47115,46.09293],[10.47143,46.09286],[10.47141,46.09279],[10.47088,46.09253],[10.47064,46.09248],[10.47027,46.09228],[10.47024,46.0922],[10.47041,46.09179],[10.47044,46.09164],[10.47042,46.0916],[10.4703,46.09157],[10.47019,46.09149],[10.46997,46.09118]]},"properties":{"cls":"path"}},{"type":"Feature","geometry":{"type":"LineString","coordinates":[[10.571,45.99157],[10.57106,45.9916],[10.57108,45.99188],[10.57126,45.99253],[10.57147,45.99283],[10.57158,45.99314],[10.57153,45.99357],[10.57147,45.99373],[10.57139,45.99382],[10.57114,45.99394],[10.57106,45.99401],[10.57101,45.99415],[10.57099,45.99428],[10.57103,45.9949],[10.57099,45.99518],[10.57073,45.99567],[10.57066,45.99605],[10.5705,45.99634],[10.57037,45.9968],[10.57026,45.99747],[10.56997,45.99772],[10.56933,45.99794],[10.56914,45.99813],[10.56885,45.99855],[10.56863,45.99883],[10.56846,45.99917],[10.56825,45.99935],[10.5681,45.9994],[10.56765,45.99938],[10.56734,45.99925],[10.567,45.99918],[10.5665,45.99917],[10.5664,45.99907]]},"properties":{"cls":"track"}},{"type":"Feature","geometry":{"type":"LineString","coordinates":[[10.5414,46.07105],[10.54172,46.07124],[10.54181,46.07143],[10.5419,46.07153],[10.54196,46.07178],[10.54258,46.07246],[10.54292,46.0726],[10.54391,46.07249],[10.54425,46.07256],[10.54439,46.07249],[10.54459,46.07253],[10.54476,46.07269],[10.54485,46.07291],[10.54492,46.07333],[10.54529,46.0734],[10.54563,46.0734],[10.54565,46.07353],[10.5458,46.07358],[10.54583,46.07361],[10.54582,46.07368],[10.54602,46.07382],[10.54611,46.07396],[10.5463,46.07403],[10.54631,46.0741],[10.54642,46.07419],[10.54644,46.07431],[10.54626,46.07446],[10.54676,46.07486],[10.54693,46.07491],[10.5472,46.07515],[10.54722,46.07522],[10.54758,46.07538],[10.54774,46.07558],[10.5479,46.07556],[10.54824,46.07559],[10.54854,46.07581],[10.54883,46.07597],[10.54887,46.07603],[10.54918,46.07621],[10.54943,46.0763],[10.54991,46.07638],[10.55001,46.07644],[10.54997,46.0766],[10.55,46.07667],[10.5502,46.07686],[10.55047,46.07706],[10.55088,46.07728],[10.5511,46.07744],[10.55128,46.07764],[10.55126,46.07772],[10.55137,46.07786],[10.55144,46.0781],[10.55152,46.07813],[10.55154,46.07822],[10.55149,46.07848],[10.5515,46.07862],[10.5517,46.07887],[10.55209,46.07914],[10.5521,46.07925],[10.55233,46.07936],[10.55274,46.07966],[10.55284,46.07968],[10.55301,46.07955],[10.55318,46.07957],[10.55333,46.07954],[10.55356,46.07963],[10.55359,46.0797],[10.55356,46.07977],[10.5537,46.08015],[10.55409,46.08047],[10.55414,46.0806],[10.55426,46.08069]]},"properties":{"cls":"path"}},{"type":"Feature","geometry":{"type":"LineString","coordinates":[[10.51347,46.05241],[10.51359,46.05254],[10.51365,46.05272],[10.51393,46.05307],[10.51393,46.05409],[10.51399,46.05446],[10.51384,46.05467],[10.5138,46.05491],[10.51345,46.05519],[10.51343,46.05529],[10.51345,46.05536],[10.51375,46.05566],[10.51376,46.05578]]},"properties":{"cls":"service"}},{"type":"Feature","geometry":{"type":"LineString","coordinates":[[10.51314,46.05242],[10.51314,46.05232],[10.51301,46.05204],[10.51299,46.0519]]},"properties":{"cls":"service"}},{"type":"Feature","geometry":{"type":"LineString","coordinates":[[10.50064,46.04133],[10.50076,46.04127],[10.501,46.04133],[10.50132,46.04129],[10.50164,46.04137]]},"properties":{"cls":"path"}},{"type":"Feature","geometry":{"type":"LineString","coordinates":[[10.5664,45.99907],[10.56631,45.99892],[10.56616,45.99888],[10.56606,45.99881],[10.56603,45.99872],[10.56589,45.99868],[10.56583,45.99856],[10.56583,45.99847],[10.56569,45.99841],[10.56553,45.99838],[10.56534,45.99844],[10.56512,45.99846],[10.56436,45.99844],[10.56402,45.99846],[10.56336,45.99862],[10.56228,45.99908],[10.56173,45.99921],[10.56126,45.99924],[10.56029,45.99951],[10.55995,45.99953],[10.55984,45.99962],[10.55942,46.00033],[10.55913,46.00069],[10.55908,46.00084],[10.55875,46.00118],[10.55864,46.00136],[10.55865,46.00164],[10.55855,46.00197],[10.55854,46.00222],[10.55862,46.00239],[10.55861,46.00299],[10.55878,46.00317],[10.55921,46.00344],[10.55925,46.00357],[10.55925,46.00381],[10.55929,46.00391],[10.55937,46.00396],[10.55941,46.00431],[10.55939,46.00442],[10.55945,46.00473],[10.55939,46.00488],[10.55932,46.00527],[10.55936,46.00552],[10.55943,46.00571],[10.5595,46.00584],[10.55963,46.00589]]},"properties":{"cls":"path"}},{"type":"Feature","geometry":{"type":"LineString","coordinates":[[10.51347,46.03174],[10.51336,46.03164],[10.51342,46.03157],[10.51339,46.0314],[10.51321,46.03131],[10.5132,46.0312],[10.51333,46.03116],[10.51345,46.03123],[10.51345,46.03126]]},"properties":{"cls":"service"}},{"type":"Feature","geometry":{"type":"LineString","coordinates":[[10.56943,45.99254],[10.56766,45.99212],[10.56636,45.99162],[10.56528,45.99128],[10.56366,45.99086],[10.56299,45.99057],[10.56178,45.98966],[10.5612,45.98974],[10.56076,45.98974],[10.56016,45.98982],[10.5599,45.99002],[10.55959,45.99015],[10.55922,45.99005],[10.55943,45.98963],[10.55941,45.98933],[10.5598,45.98877],[10.56015,45.98816],[10.56007,45.98769],[10.55972,45.98727],[10.55924,45.98718],[10.55863,45.98718],[10.55857,45.98703],[10.55858,45.98652],[10.55808,45.98609],[10.55772,45.98593],[10.55746,45.98567],[10.55689,45.98563],[10.55671,45.98556],[10.55595,45.98586],[10.55566,45.98592],[10.55539,45.98589],[10.55518,45.9859],[10.55443,45.98616],[10.55356,45.98653],[10.55246,45.98715],[10.55213,45.98742],[10.55177,45.98782],[10.55156,45.98794],[10.5508,45.98813],[10.55079,45.98818],[10.55193,45.9881],[10.55245,45.98801],[10.553,45.98796],[10.55313,45.98799],[10.55369,45.98834],[10.55391,45.98838],[10.55408,45.98836],[10.5553,45.988],[10.55593,45.98793],[10.55644,45.98815],[10.55684,45.98844],[10.55697,45.98868],[10.55689,45.98882],[10.5567,45.98882],[10.55636,45.98866],[10.55585,45.98861],[10.5553,45.98899],[10.55482,45.98954],[10.55431,45.98997],[10.55373,45.99021],[10.5533,45.9903],[10.55277,45.99035],[10.55195,45.9905],[10.55151,45.99051],[10.55141,45.99045],[10.5513,45.99044],[10.55117,45.9907],[10.55105,45.99117],[10.55043,45.99163],[10.54948,45.99219],[10.5496,45.99252]]},"properties":{"cls":"track"}},{"type":"Feature","geometry":{"type":"LineString","coordinates":[[10.47343,46.07508],[10.47288,46.07536],[10.47277,46.07531],[10.47266,46.07543],[10.47258,46.07545],[10.47243,46.07557],[10.47243,46.07566],[10.47207,46.07575],[10.47184,46.07594],[10.47145,46.07601],[10.47122,46.07598],[10.46997,46.07655]]},"properties":{"cls":"path"}},{"type":"Feature","geometry":{"type":"LineString","coordinates":[[10.51282,46.0358],[10.51286,46.03576]]},"properties":{"cls":"footway"}},{"type":"Feature","geometry":{"type":"LineString","coordinates":[[10.50542,46.08627],[10.50584,46.08599],[10.50584,46.0858],[10.50611,46.08532],[10.5065,46.08509],[10.50664,46.08493],[10.50704,46.08485],[10.50742,46.0847],[10.50774,46.08468],[10.50811,46.08453],[10.50821,46.08435],[10.50827,46.08415],[10.50861,46.08382],[10.50887,46.08364],[10.50932,46.0836],[10.50969,46.0835],[10.5102,46.08347],[10.51048,46.08353],[10.51117,46.08339],[10.5115,46.08321],[10.51183,46.08312],[10.51188,46.08299],[10.51248,46.08295],[10.51296,46.08257],[10.51328,46.08221],[10.51309,46.08214],[10.51294,46.08214],[10.51287,46.082],[10.51312,46.08188],[10.51305,46.08174],[10.51325,46.08153],[10.51318,46.08125],[10.51324,46.08116],[10.51324,46.08109],[10.51343,46.08092],[10.51336,46.08082],[10.5135,46.08062],[10.51344,46.08044],[10.51351,46.0803],[10.51345,46.08014],[10.51359,46.07995],[10.51364,46.07975],[10.51364,46.07951],[10.51376,46.07935],[10.51396,46.07923],[10.51409,46.07921],[10.51399,46.07913],[10.51381,46.07908],[10.51399,46.07898],[10.51396,46.07889],[10.51423,46.07874],[10.51404,46.07872],[10.51388,46.0786],[10.51366,46.07856],[10.51353,46.07848],[10.51336,46.07832],[10.51324,46.07816],[10.51289,46.07812],[10.51271,46.07814],[10.51257,46.07808]]},"properties":{"cls":"path"}},{"type":"Feature","geometry":{"type":"LineString","coordinates":[[10.58207,46.00637],[10.58179,46.00629],[10.58163,46.00629],[10.58136,46.00616],[10.58095,46.00616],[10.58077,46.0062],[10.58011,46.00622],[10.58051,46.0065],[10.57965,46.00648],[10.58024,46.00688],[10.58065,46.00705],[10.57991,46.00716],[10.57969,46.00712],[10.57934,46.00715],[10.58027,46.00762],[10.57988,46.00763],[10.57967,46.00771],[10.58017,46.00796],[10.58039,46.00816],[10.58028,46.00819],[10.5803,46.00829],[10.57927,46.00827],[10.57873,46.00834],[10.57823,46.00836],[10.57827,46.00841],[10.57819,46.00841],[10.57825,46.00847],[10.57814,46.00843],[10.57778,46.00844],[10.57824,46.00879],[10.57791,46.0088],[10.57825,46.00907],[10.57769,46.00908],[10.57784,46.0092],[10.578,46.00925],[10.57838,46.00953],[10.57806,46.00949],[10.57829,46.00962],[10.57787,46.00959],[10.57813,46.00976],[10.57784,46.0097],[10.57805,46.00985],[10.57783,46.00983],[10.57807,46.00997],[10.5778,46.00993],[10.57811,46.01011],[10.57781,46.0101],[10.57763,46.01014],[10.57713,46.0105],[10.5773,46.01047],[10.57723,46.01053],[10.5775,46.01051],[10.57732,46.01064],[10.57737,46.01067],[10.57718,46.01076],[10.57729,46.01078],[10.57703,46.01089],[10.57719,46.01092],[10.57695,46.01103],[10.57703,46.01109],[10.57719,46.0111],[10.57737,46.01149],[10.57768,46.01168],[10.57778,46.01191],[10.57791,46.01198],[10.578,46.0121],[10.57794,46.0122],[10.57803,46.01261],[10.57797,46.01265],[10.57793,46.01288],[10.57806,46.0132],[10.57812,46.01328],[10.57816,46.01351],[10.57821,46.01353],[10.57824,46.01359],[10.57839,46.01366],[10.57835,46.01371],[10.57843,46.01392],[10.57845,46.01426],[10.5783,46.01431],[10.57836,46.01439],[10.57831,46.01448],[10.57831,46.01462],[10.57848,46.0152],[10.57849,46.01533],[10.57865,46.01543],[10.57871,46.01555],[10.57873,46.01567],[10.57899,46.01601],[10.57897,46.01619],[10.57903,46.01629],[10.57913,46.01637],[10.57925,46.0164],[10.57925,46.01655],[10.57909,46.01675],[10.57912,46.0168],[10.57908,46.01698],[10.57919,46.01724],[10.57909,46.0173],[10.57898,46.01731],[10.57867,46.01749],[10.57845,46.01755],[10.57829,46.01766],[10.57804,46.01772],[10.5779,46.01782],[10.5777,46.01787],[10.57763,46.01799],[10.57697,46.01823],[10.57656,46.01845],[10.57667,46.0185],[10.57676,46.01872],[10.57667,46.01881],[10.5767,46.01892],[10.57654,46.01913],[10.5766,46.01928],[10.57649,46.01935],[10.57647,46.01942],[10.57631,46.01947],[10.57618,46.0196],[10.57605,46.01962],[10.57598,46.01957],[10.57591,46.01963],[10.57581,46.01954],[10.57561,46.01956],[10.57555,46.01965],[10.57536,46.01978],[10.57528,46.01991],[10.57524,46.02019],[10.57513,46.0202],[10.575,46.02035],[10.57508,46.02042],[10.57499,46.02056],[10.57498,46.02082],[10.57489,46.02085],[10.57479,46.02094],[10.57479,46.02104],[10.57493,46.02108],[10.57483,46.02117],[10.57484,46.02123],[10.57471,46.02126],[10.57467,46.02137],[10.57471,46.02152],[10.57463,46.02155],[10.57462,46.0216],[10.57454,46.02162],[10.57456,46.02178],[10.57446,46.02196],[10.57435,46.02192],[10.57422,46.02197],[10.57418,46.0221],[10.5742,46.0222],[10.57401,46.02239],[10.57396,46.02258],[10.5738,46.02267],[10.5736,46.0227],[10.57354,46.02284],[10.57357,46.02306],[10.57341,46.02331],[10.57333,46.02334],[10.57335,46.02345],[10.57329,46.02355],[10.57318,46.02357],[10.57314,46.02364],[10.57308,46.02364],[10.57297,46.02372],[10.57298,46.02378],[10.57286,46.0239],[10.57292,46.02417],[10.57299,46.02427],[10.57319,46.02438],[10.57319,46.02445],[10.57311,46.02439],[10.57305,46.02444],[10.573,46.02443],[10.57297,46.02451],[10.57287,46.02446],[10.5727,46.0245],[10.57269,46.02455],[10.57258,46.02458],[10.57236,46.02449],[10.57233,46.02455],[10.57224,46.02455],[10.57226,46.02459],[10.57217,46.02487],[10.57211,46.02491],[10.57211,46.02512],[10.5719,46.02514],[10.57201,46.02521],[10.57212,46.02537],[10.57222,46.02532],[10.57229,46.02537],[10.57225,46.02542],[10.57234,46.02547],[10.57243,46.02542],[10.57248,46.02551],[10.57219,46.02588],[10.57212,46.02609],[10.57226,46.02638],[10.57212,46.02643],[10.57204,46.02656],[10.57179,46.02662],[10.57178,46.02668],[10.57202,46.0268],[10.57202,46.02693],[10.57197,46.02709],[10.572,46.02736],[10.57241,46.0279],[10.57254,46.02794],[10.57265,46.02816],[10.57275,46.02822],[10.573,46.02851],[10.57299,46.02863],[10.57305,46.02877],[10.57297,46.02883],[10.57317,46.02906],[10.5732,46.02933],[10.57312,46.02947],[10.57284,46.02966],[10.57276,46.02965],[10.57274,46.02972],[10.57262,46.02973],[10.57258,46.02979],[10.57251,46.02979],[10.57241,46.02999],[10.57247,46.03001],[10.5725,46.03019],[10.5724,46.03057],[10.5724,46.0307],[10.57225,46.03097],[10.57223,46.03115],[10.5723,46.03121],[10.57234,46.03139],[10.57227,46.03169],[10.57206,46.03208],[10.57193,46.03217],[10.57194,46.03224],[10.57177,46.03236],[10.5718,46.03244],[10.57185,46.03247],[10.57187,46.03262],[10.5717,46.03269],[10.57164,46.03276],[10.57158,46.03276],[10.57155,46.03305],[10.57158,46.03311],[10.57156,46.03327],[10.57159,46.03358],[10.5715,46.03372],[10.5714,46.0337],[10.57119,46.03389],[10.5711,46.03413],[10.57117,46.03443],[10.57127,46.03451],[10.57132,46.03473],[10.5713,46.03488],[10.57135,46.035],[10.5715,46.03514],[10.57163,46.03538],[10.57156,46.03546],[10.57162,46.03552],[10.57159,46.03565],[10.5717,46.03573],[10.57171,46.03595],[10.57162,46.036],[10.57161,46.03632],[10.57152,46.03643],[10.57161,46.03658],[10.57147,46.03666],[10.57143,46.03682],[10.57144,46.03702],[10.57139,46.03742],[10.57135,46.03747],[10.57145,46.03772],[10.57136,46.03779],[10.5712,46.03846],[10.57119,46.03863],[10.57129,46.0392],[10.5711,46.03946],[10.5711,46.03965],[10.57103,46.03968],[10.5709,46.03963],[10.57086,46.03957],[10.57086,46.0395],[10.57082,46.03947],[10.57077,46.0395],[10.5707,46.03965],[10.57056,46.03968],[10.57052,46.03966],[10.57046,46.03983],[10.57037,46.0399],[10.57007,46.04004],[10.56998,46.04018],[10.56985,46.0403],[10.56947,46.04049],[10.5694,46.04059],[10.56923,46.0406],[10.56909,46.04068],[10.56857,46.04069],[10.5684,46.04074],[10.56821,46.04068],[10.56789,46.04072],[10.5678,46.04076],[10.56768,46.04096],[10.56753,46.04101],[10.56753,46.04108],[10.56746,46.04111],[10.56738,46.04123],[10.5672,46.0413]]},"properties":{"cls":"path"}},{"type":"Feature","geometry":{"type":"LineString","coordinates":[[10.56253,46.08434],[10.56238,46.08435]]},"properties":{"cls":"path"}},{"type":"Feature","geometry":{"type":"LineString","coordinates":[[10.51394,46.05397],[10.51564,46.0538],[10.52075,46.05342],[10.52122,46.05331]]},"properties":{"cls":"service"}},{"type":"Feature","geometry":{"type":"LineString","coordinates":[[10.50858,46.07402],[10.50875,46.07417],[10.50907,46.07425],[10.50933,46.07425],[10.50967,46.0742],[10.50988,46.07407],[10.51036,46.07404],[10.51085,46.07388],[10.51184,46.07374],[10.51223,46.07364],[10.51271,46.07367],[10.51303,46.07366],[10.51317,46.07369],[10.51326,46.07386],[10.51341,46.07391],[10.51374,46.07397],[10.514,46.07391],[10.51456,46.07396],[10.51472,46.07402],[10.51474,46.07411],[10.51482,46.07418],[10.51485,46.07433],[10.51513,46.07432],[10.51526,46.07435],[10.51576,46.0743],[10.51595,46.07437],[10.51629,46.07435],[10.51639,46.07444],[10.51652,46.07446],[10.51655,46.07452],[10.51698,46.07467],[10.51766,46.07476],[10.51848,46.07472],[10.51973,46.07491],[10.52035,46.07504],[10.52116,46.07507],[10.52142,46.07505],[10.52164,46.07509],[10.52169,46.07524],[10.52243,46.07546],[10.5228,46.07545],[10.52456,46.07593],[10.52492,46.07594],[10.52502,46.0759],[10.52532,46.07598],[10.52529,46.07589],[10.52555,46.07597],[10.52589,46.07588],[10.5262,46.07584],[10.52642,46.07567],[10.52675,46.07575],[10.52725,46.07614],[10.52758,46.07635],[10.52784,46.07651],[10.52807,46.07654],[10.52816,46.0766],[10.52818,46.0768],[10.52813,46.07684],[10.52814,46.0769],[10.52805,46.07702],[10.52798,46.07719],[10.52801,46.07756],[10.52835,46.07787],[10.52857,46.07824],[10.5295,46.0788],[10.52942,46.07973],[10.52946,46.07994],[10.52942,46.08007],[10.52957,46.08023],[10.52947,46.08037],[10.52965,46.08068],[10.52988,46.08073],[10.53007,46.08089],[10.53064,46.0812],[10.53126,46.08177],[10.53195,46.08201],[10.53217,46.08217],[10.53238,46.08275],[10.53248,46.08277],[10.53252,46.0829],[10.53282,46.08298],[10.53299,46.08314],[10.53319,46.08317],[10.53331,46.08329],[10.5336,46.08336],[10.53391,46.08335],[10.53415,46.08329],[10.53435,46.08335],[10.53476,46.08339],[10.535,46.0835],[10.53555,46.08361],[10.53616,46.08358],[10.53621,46.08365],[10.53635,46.08367],[10.53709,46.08362],[10.53727,46.08356],[10.53773,46.08365],[10.53788,46.0836],[10.53816,46.08365],[10.53823,46.0836],[10.53854,46.08369],[10.53857,46.08374],[10.53873,46.08377],[10.53882,46.08375],[10.53902,46.08389],[10.53911,46.08399],[10.53933,46.08399],[10.53937,46.08408],[10.5395,46.08413],[10.53986,46.08419],[10.53988,46.08429],[10.53993,46.08436],[10.54013,46.08445],[10.54029,46.08443],[10.54027,46.08463],[10.54039,46.08467],[10.54053,46.08467],[10.54065,46.08445],[10.54076,46.08437],[10.54076,46.0843],[10.54084,46.08427],[10.54107,46.08435],[10.54121,46.08432],[10.54122,46.08425],[10.54137,46.08419],[10.54131,46.08409],[10.54133,46.08406],[10.54143,46.08408],[10.54147,46.08405],[10.54161,46.0841],[10.54166,46.08407],[10.54169,46.08396],[10.54182,46.08406],[10.5421,46.08412],[10.54213,46.08416],[10.5421,46.08436],[10.54223,46.08457],[10.54222,46.08468],[10.54239,46.08472],[10.54261,46.08471],[10.54298,46.08459],[10.5434,46.08457],[10.5435,46.0846],[10.54399,46.08451],[10.54409,46.08441],[10.54417,46.08443],[10.54438,46.0844],[10.54479,46.08424],[10.54485,46.08432],[10.54501,46.08436],[10.54523,46.08431],[10.54545,46.0844],[10.54562,46.08436],[10.54576,46.08438],[10.54618,46.08424],[10.54662,46.08424],[10.54682,46.08417],[10.547,46.0842],[10.54707,46.08412],[10.54753,46.08418],[10.54745,46.08409],[10.54747,46.08403],[10.54771,46.08399],[10.54794,46.08378],[10.54833,46.08379],[10.54903,46.08386],[10.54953,46.08379],[10.55082,46.08407],[10.55084,46.08421],[10.55099,46.08433],[10.55158,46.0845],[10.55241,46.08455],[10.55296,46.08466],[10.55338,46.08482],[10.55475,46.08507],[10.55492,46.08494],[10.55513,46.08484],[10.55517,46.08475],[10.55515,46.08464],[10.55503,46.08447],[10.55504,46.08442],[10.5552,46.08439],[10.55533,46.08431],[10.55541,46.08425],[10.55542,46.08417],[10.55557,46.08408],[10.55563,46.08399],[10.55573,46.08396],[10.55636,46.08395],[10.55691,46.0838],[10.55745,46.0837],[10.55764,46.08361],[10.55846,46.08355]]},"properties":{"cls":"path"}},{"type":"Feature","geometry":{"type":"LineString","coordinates":[[10.53263,45.98668],[10.53275,45.98677],[10.53376,45.98726]]},"properties":{"cls":"path"}},{"type":"Feature","geometry":{"type":"LineString","coordinates":[[10.57512,46.05779],[10.5749,46.05886],[10.57494,46.05943],[10.57508,46.05994],[10.57529,46.06106],[10.57519,46.06167],[10.57506,46.06204],[10.57504,46.06247],[10.57514,46.06293]]},"properties":{"cls":"path"}},{"type":"Feature","geometry":{"type":"LineString","coordinates":[[10.46997,46.07359],[10.47041,46.07324],[10.47051,46.07325],[10.47046,46.07338],[10.47039,46.07345],[10.47048,46.07358],[10.47045,46.07375],[10.47034,46.07407],[10.46997,46.0742]]},"properties":{"cls":"unclassified"}},{"type":"Feature","geometry":{"type":"LineString","coordinates":[[10.46997,46.0743],[10.47041,46.07423],[10.47088,46.07394],[10.47111,46.07371],[10.47114,46.07347],[10.47122,46.07343],[10.47127,46.07351],[10.47124,46.07386],[10.47104,46.07424],[10.47115,46.0742],[10.47145,46.07389],[10.47155,46.07384],[10.47159,46.07388],[10.47159,46.07395],[10.47137,46.07419],[10.47137,46.07427],[10.47147,46.07425],[10.47179,46.0739],[10.472,46.07355],[10.47215,46.07351],[10.47238,46.0735],[10.47279,46.07385],[10.47281,46.07424],[10.47269,46.07418],[10.47257,46.07402],[10.47249,46.07404],[10.47253,46.07417],[10.47305,46.0748],[10.47351,46.07512],[10.47372,46.07516],[10.47434,46.07566],[10.4748,46.07659],[10.47593,46.07729],[10.47607,46.07745],[10.47629,46.07797],[10.4769,46.07862],[10.47769,46.07877],[10.47791,46.07887],[10.4782,46.07917],[10.47867,46.07957],[10.47944,46.07999],[10.47985,46.08027],[10.48013,46.08036],[10.48021,46.08054],[10.48062,46.08047],[10.4807,46.08051],[10.48063,46.08059],[10.48049,46.08069],[10.48043,46.0808],[10.48051,46.08084],[10.4807,46.08078],[10.48094,46.08076],[10.48143,46.08096],[10.48137,46.08105],[10.48105,46.08109],[10.48105,46.08118],[10.48167,46.08139],[10.48226,46.08137],[10.48263,46.08141],[10.48257,46.08148],[10.48217,46.08156],[10.48197,46.08171],[10.48176,46.0818],[10.48142,46.08178],[10.48116,46.08172],[10.48095,46.08174],[10.481,46.08182],[10.48182,46.0821],[10.48251,46.08213],[10.48296,46.0821],[10.48318,46.08204],[10.4834,46.08208],[10.48341,46.08216],[10.48311,46.08219],[10.48264,46.08238],[10.4827,46.08243],[10.48333,46.08242],[10.48388,46.08261],[10.48439,46.08295],[10.4845,46.08298],[10.48478,46.08299],[10.48495,46.08312],[10.48592,46.08332],[10.48614,46.08338],[10.48651,46.08355],[10.48684,46.0836],[10.48687,46.08363],[10.48684,46.08366],[10.4864,46.08392],[10.48611,46.08392],[10.48582,46.08406],[10.48554,46.08404],[10.48548,46.08406],[10.48546,46.08411],[10.48555,46.08418],[10.48681,46.08467],[10.48696,46.0847],[10.4877,46.08473],[10.48781,46.08477],[10.48788,46.08488]]},"properties":{"cls":"unclassified"}},{"type":"Feature","geometry":{"type":"LineString","coordinates":[[10.51476,46.0097],[10.51473,46.00986],[10.51478,46.00997],[10.51475,46.01011],[10.51478,46.01017],[10.51514,46.01046],[10.51531,46.01055],[10.51513,46.01071],[10.51527,46.01086],[10.51528,46.01094],[10.51536,46.01109],[10.51543,46.01111],[10.51546,46.0112],[10.51553,46.01124],[10.51601,46.01131],[10.51624,46.01126],[10.51639,46.01127]]},"properties":{"cls":"path"}},{"type":"Feature","geometry":{"type":"LineString","coordinates":[[10.51441,46.03244],[10.51428,46.0324]]},"properties":{"cls":"footway"}},{"type":"Feature","geometry":{"type":"LineString","coordinates":[[10.51204,46.04621],[10.51223,46.04644],[10.51251,46.04663],[10.51277,46.04686],[10.51281,46.04705],[10.51276,46.04726],[10.51288,46.04779],[10.51303,46.04808],[10.51314,46.04821],[10.51317,46.04841],[10.51331,46.04864],[10.51343,46.04873],[10.51384,46.04886],[10.51422,46.04924],[10.51487,46.04959],[10.51494,46.04996],[10.51506,46.0503],[10.51535,46.05069],[10.51538,46.05127],[10.51578,46.05251],[10.51605,46.05292],[10.5162,46.05306],[10.51664,46.05334],[10.51676,46.05335],[10.5169,46.05325],[10.51725,46.0532],[10.51842,46.05318],[10.51873,46.05326],[10.51887,46.05322],[10.51916,46.05323]]},"properties":{"cls":"track"}},{"type":"Feature","geometry":{"type":"LineString","coordinates":[[10.60009,46.01378],[10.59957,46.01354],[10.59936,46.01349],[10.59918,46.01335],[10.59858,46.01313],[10.59809,46.01285],[10.59774,46.01258],[10.59708,46.01182],[10.59628,46.01127],[10.59604,46.01099],[10.59561,46.01084],[10.59551,46.01073],[10.59533,46.01063],[10.5945,46.01056],[10.59437,46.01018],[10.5943,46.0101],[10.59425,46.01012],[10.59411,46.01029],[10.59384,46.01042],[10.59376,46.01042],[10.59376,46.01037],[10.59382,46.01011],[10.59377,46.01008],[10.59358,46.0102],[10.59349,46.01021],[10.59343,46.01018],[10.59348,46.01008],[10.59349,46.00999],[10.59342,46.00993],[10.59332,46.01002],[10.59317,46.01003],[10.59293,46.01033],[10.59287,46.01032],[10.59293,46.01012],[10.59291,46.0101],[10.59262,46.01027],[10.59252,46.01028],[10.59252,46.01023],[10.59269,46.01006],[10.59268,46.00997],[10.59262,46.00998],[10.59252,46.01007],[10.59231,46.0101],[10.59209,46.01006],[10.59192,46.0101],[10.59166,46.01022],[10.59151,46.01023],[10.59104,46.01011],[10.59018,46.00982],[10.58997,46.00967],[10.5899,46.00946],[10.5897,46.00925],[10.58968,46.00913],[10.58971,46.00904],[10.58964,46.00895],[10.59002,46.00889],[10.59008,46.00886],[10.58973,46.00874],[10.58965,46.00867],[10.58987,46.00863],[10.58985,46.00857],[10.59034,46.00843],[10.59037,46.00821],[10.59055,46.00814],[10.59059,46.0081],[10.59052,46.00806],[10.58951,46.00791],[10.58935,46.00785],[10.58953,46.00767],[10.58933,46.0076],[10.58923,46.00763],[10.58863,46.00762],[10.5886,46.0076],[10.58881,46.00746],[10.58911,46.00729],[10.58911,46.00725],[10.58897,46.00715],[10.58885,46.00713],[10.58867,46.00715],[10.58829,46.00709],[10.58821,46.00716],[10.58742,46.00722],[10.58721,46.00727],[10.58715,46.00738],[10.58709,46.00741],[10.587,46.00737],[10.58697,46.00726],[10.58683,46.00725],[10.58679,46.00735],[10.58668,46.00738],[10.58654,46.0073],[10.58637,46.00726],[10.58631,46.00713],[10.58636,46.00686],[10.58631,46.00684],[10.58594,46.00706],[10.58576,46.00724],[10.58567,46.00726],[10.58564,46.0073],[10.58536,46.0073],[10.58535,46.00734],[10.58542,46.0074],[10.58542,46.00745],[10.58534,46.00753],[10.58511,46.00759],[10.58513,46.00775],[10.58501,46.00785],[10.58495,46.00798],[10.58483,46.00785],[10.58475,46.00788],[10.58475,46.00798],[10.58466,46.00803],[10.58476,46.00824],[10.58477,46.00829],[10.58473,46.0083],[10.5846,46.00819],[10.5845,46.00816],[10.58438,46.00801],[10.5844,46.00796],[10.58432,46.00786],[10.58412,46.0078],[10.58393,46.0078],[10.58388,46.00776],[10.58388,46.00772],[10.58394,46.00767],[10.58381,46.00763],[10.58347,46.00736],[10.58344,46.00727],[10.58315,46.007],[10.58306,46.00693],[10.58285,46.00691],[10.58254,46.00659],[10.58248,46.00658],[10.58237,46.00646],[10.58215,46.00639]]},"properties":{"cls":"path"}},{"type":"Feature","geometry":{"type":"LineString","coordinates":[[10.50484,46.07774],[10.50494,46.07773],[10.505,46.07749],[10.50532,46.07726],[10.50547,46.07688],[10.50558,46.07641],[10.50524,46.07587],[10.50538,46.07569],[10.50578,46.07548],[10.50611,46.07519],[10.50635,46.07509],[10.5064,46.07503],[10.50651,46.07503],[10.50671,46.07493],[10.50697,46.07489],[10.50736,46.07467],[10.50759,46.07465],[10.50777,46.07455],[10.50775,46.0743],[10.50807,46.0743],[10.50838,46.07407],[10.50858,46.07402]]},"properties":{"cls":"path"}},{"type":"Feature","geometry":{"type":"LineString","coordinates":[[10.51355,46.05318],[10.51374,46.05361],[10.51372,46.05374],[10.51349,46.05443],[10.51338,46.05463]]},"properties":{"cls":"track"}},{"type":"Feature","geometry":{"type":"LineString","coordinates":[[10.50711,46.04731],[10.507,46.04716],[10.50687,46.04709],[10.50658,46.04701],[10.50637,46.04668],[10.5061,46.04642],[10.50608,46.04636],[10.506,46.04633],[10.50589,46.04635],[10.50581,46.04627],[10.50574,46.04612],[10.50572,46.04599],[10.50576,46.04582],[10.50575,46.04571],[10.50561,46.04561],[10.50562,46.04551],[10.50552,46.0454],[10.50546,46.04527],[10.50544,46.04509],[10.50536,46.04501],[10.50536,46.04493],[10.50548,46.04454],[10.50546,46.04424],[10.50541,46.04416],[10.50508,46.04406],[10.50503,46.04383],[10.50492,46.04362],[10.50472,46.04339],[10.50441,46.04319],[10.5041,46.04282],[10.50401,46.04261],[10.5033,46.04181],[10.50317,46.04169],[10.50299,46.04163],[10.50273,46.04139],[10.50263,46.04135],[10.50259,46.04139],[10.50258,46.04144],[10.50249,46.04145],[10.50243,46.04127],[10.50233,46.04113],[10.50217,46.04096],[10.50201,46.04087],[10.50184,46.04085],[10.50176,46.04093],[10.50168,46.04094],[10.50161,46.04088],[10.50147,46.04086],[10.50094,46.04087],[10.5008,46.0409],[10.50055,46.04087],[10.50039,46.04095],[10.5,46.04126],[10.49932,46.04168],[10.4988,46.04187],[10.49727,46.04223],[10.49671,46.04203],[10.49634,46.04205],[10.49629,46.04199],[10.49529,46.04193],[10.49502,46.04178],[10.49469,46.04168],[10.49452,46.04158],[10.49445,46.04163],[10.49448,46.0417],[10.49435,46.04185],[10.49425,46.04187],[10.49408,46.04196],[10.49398,46.04193],[10.49394,46.04172],[10.49377,46.04175],[10.49376,46.04181],[10.49365,46.04181],[10.49363,46.04175],[10.49355,46.04172],[10.49345,46.04179],[10.49321,46.04184],[10.49316,46.04188],[10.49294,46.04195],[10.49275,46.04193],[10.49263,46.04194],[10.49255,46.04186],[10.49236,46.04188],[10.49228,46.0418],[10.49241,46.0417],[10.49236,46.04165],[10.49212,46.04159],[10.4921,46.0415],[10.49205,46.04148],[10.49181,46.0415],[10.49169,46.04155],[10.49135,46.04156],[10.49118,46.04163],[10.49105,46.04163],[10.49067,46.04183],[10.49046,46.04185],[10.48977,46.04184],[10.48914,46.04176],[10.489,46.04166],[10.48877,46.04157],[10.48848,46.04155],[10.4884,46.04149],[10.48841,46.04138],[10.48848,46.04131],[10.48847,46.04126],[10.48831,46.04117],[10.48819,46.04103],[10.4881,46.04083],[10.48803,46.04077],[10.48801,46.04061],[10.48783,46.04036],[10.48785,46.04027],[10.4878,46.04018],[10.48758,46.04009],[10.48751,46.03999],[10.48752,46.03988],[10.48725,46.03976],[10.48706,46.03974],[10.48662,46.03978],[10.48586,46.03992],[10.48569,46.04],[10.48524,46.03999],[10.48496,46.04008],[10.48493,46.04015],[10.48473,46.04024],[10.48447,46.0402],[10.48415,46.04023],[10.48413,46.04018],[10.4842,46.04007],[10.48433,46.04004],[10.48442,46.03988],[10.48394,46.03975]]},"properties":{"cls":"path"}},{"type":"Feature","geometry":{"type":"LineString","coordinates":[[10.57514,46.06293],[10.57514,46.063]]},"properties":{"cls":"path"}},{"type":"Feature","geometry":{"type":"LineString","coordinates":[[10.56659,46.09054],[10.56661,46.0908],[10.56655,46.09111],[10.56648,46.09113],[10.56651,46.0912],[10.56682,46.0914],[10.56682,46.09147],[10.56686,46.09153],[10.56677,46.09174],[10.56662,46.092],[10.56647,46.09203],[10.56644,46.09208],[10.56657,46.09219],[10.56643,46.09234],[10.5664,46.09242],[10.56643,46.09248],[10.5664,46.09253],[10.56633,46.09257],[10.56629,46.09267],[10.56633,46.09285],[10.56626,46.09308],[10.56627,46.09318],[10.56614,46.09335],[10.56608,46.09373],[10.56595,46.09395],[10.56595,46.09405],[10.566,46.0942],[10.56592,46.09432],[10.56597,46.09445],[10.56584,46.09456],[10.56572,46.09502],[10.56575,46.0952],[10.56569,46.09539],[10.56572,46.09552],[10.56588,46.09582],[10.56585,46.09587],[10.5657,46.0959],[10.56549,46.09591],[10.56513,46.09605]]},"properties":{"cls":"path"}},{"type":"Feature","geometry":{"type":"LineString","coordinates":[[10.48425,46.03248],[10.48423,46.0324],[10.48402,46.03213],[10.48395,46.032],[10.48396,46.03186],[10.48419,46.03195],[10.48411,46.03177],[10.48414,46.03162],[10.48399,46.03146],[10.48399,46.03134],[10.4839,46.03128],[10.48382,46.03113],[10.48377,46.03095],[10.48382,46.03077],[10.48392,46.03065],[10.48393,46.03036],[10.48408,46.03014],[10.48429,46.02959],[10.48427,46.0294],[10.48452,46.02893],[10.48447,46.02877],[10.48421,46.02869],[10.48419,46.02862],[10.48446,46.02843],[10.48422,46.02822],[10.48384,46.02798],[10.48377,46.02777],[10.48391,46.02769],[10.48388,46.02757],[10.48356,46.02714],[10.48347,46.02676],[10.4829,46.02612],[10.48264,46.02567],[10.48274,46.0256],[10.48266,46.02553],[10.48283,46.02527],[10.48272,46.02518],[10.48288,46.02505],[10.48264,46.02478],[10.4826,46.02451],[10.48243,46.02413],[10.48234,46.02405],[10.48228,46.02391],[10.48224,46.0237],[10.48196,46.02342],[10.482,46.023],[10.48183,46.02258],[10.48177,46.02229],[10.48162,46.02189]]},"properties":{"cls":"path"}},{"type":"Feature","geometry":{"type":"LineString","coordinates":[[10.48062,46.04234],[10.48067,46.04244],[10.48076,46.04243],[10.48095,46.0425],[10.4813,46.04251],[10.48161,46.04259],[10.48166,46.04263],[10.48158,46.0427],[10.4819,46.04282],[10.4818,46.04284],[10.48206,46.0429],[10.48194,46.04295]]},"properties":{"cls":"path"}},{"type":"Feature","geometry":{"type":"LineString","coordinates":[[10.54558,46.06154],[10.54579,46.06132],[10.54584,46.06104],[10.546,46.06081],[10.54617,46.06069],[10.54618,46.06056],[10.5463,46.06026],[10.5462,46.05996],[10.54592,46.05967],[10.54595,46.05943],[10.54604,46.05907],[10.5468,46.05868],[10.54705,46.05865],[10.54728,46.05832],[10.54734,46.05806],[10.54761,46.05766],[10.5485,46.05721],[10.54921,46.05675],[10.54957,46.05677],[10.54973,46.0567],[10.55011,46.05667],[10.5503,46.0566],[10.55034,46.05647],[10.55066,46.0563],[10.55085,46.05624],[10.55103,46.05608],[10.55172,46.05575],[10.55213,46.05563],[10.55254,46.0556],[10.55285,46.0555],[10.55367,46.05536],[10.55414,46.05545],[10.55491,46.05547],[10.55559,46.05537],[10.55612,46.05537],[10.55649,46.05542],[10.55714,46.05559],[10.55919,46.05597],[10.5597,46.05611],[10.56024,46.0562],[10.56215,46.05632],[10.56266,46.0563],[10.56314,46.05619],[10.5634,46.05621],[10.56367,46.0561],[10.56384,46.05614],[10.56417,46.05605],[10.56496,46.0559],[10.56565,46.05587],[10.56599,46.05596],[10.56625,46.05607],[10.56641,46.05608],[10.56781,46.05647],[10.56899,46.05662],[10.56944,46.05653],[10.56993,46.05657],[10.57037,46.05654],[10.5706,46.05647],[10.57081,46.05635],[10.571,46.05628],[10.5714,46.05622],[10.57198,46.05633],[10.57224,46.05634],[10.57263,46.05631],[10.57283,46.05627],[10.57322,46.05632],[10.57368,46.05626],[10.57381,46.05617],[10.57379,46.05614],[10.57385,46.05612],[10.57389,46.05616],[10.57419,46.05618],[10.57429,46.05617],[10.57432,46.05615],[10.57431,46.0561],[10.57436,46.0561],[10.57461,46.05619],[10.57464,46.05623],[10.5748,46.05623],[10.57485,46.05628],[10.57488,46.05624],[10.57495,46.05635],[10.57503,46.05631],[10.57511,46.05632]]},"properties":{"cls":"path"}},{"type":"Feature","geometry":{"type":"LineString","coordinates":[[10.58215,46.00639],[10.58207,46.00637]]},"properties":{"cls":"path"}},{"type":"Feature","geometry":{"type":"LineString","coordinates":[[10.59138,46.06762],[10.59084,46.06744],[10.59041,46.06736],[10.59025,46.06728],[10.59017,46.06716],[10.59001,46.06715],[10.58984,46.0672],[10.58946,46.06704],[10.58881,46.06691],[10.588,46.06704],[10.58656,46.06696],[10.58536,46.06665],[10.58516,46.06651],[10.58448,46.06632],[10.58414,46.06614],[10.58323,46.06598],[10.58299,46.0658],[10.5831,46.06566],[10.58304,46.06548],[10.58281,46.06539],[10.58263,46.06526],[10.58233,46.06519],[10.58215,46.06534],[10.5819,46.06539],[10.58185,46.06547],[10.58161,46.06539],[10.58142,46.06519],[10.58085,46.06493],[10.58075,46.06491],[10.58048,46.06476],[10.58033,46.06473],[10.58017,46.06475],[10.5796,46.06461],[10.57918,46.06455],[10.57908,46.06446],[10.57899,46.06449],[10.57882,46.06445],[10.57865,46.06435],[10.5785,46.06433],[10.57822,46.06403],[10.57813,46.06384],[10.57778,46.06378],[10.57722,46.0636],[10.5767,46.06354],[10.57604,46.06352],[10.57597,46.06349],[10.57561,46.06322],[10.57554,46.06301],[10.57542,46.06302],[10.57542,46.06273],[10.57532,46.06274],[10.57514,46.06293]]},"properties":{"cls":"path"}},{"type":"Feature","geometry":{"type":"LineString","coordinates":[[10.55852,46.08337],[10.55846,46.08347]]},"properties":{"cls":"footway"}},{"type":"Feature","geometry":{"type":"LineString","coordinates":[[10.48919,46.06171],[10.48927,46.06175]]},"properties":{"cls":"path"}},{"type":"Feature","geometry":{"type":"LineString","coordinates":[[10.53583,45.98492],[10.53592,45.98579],[10.53589,45.986],[10.53557,45.98657],[10.53553,45.98711],[10.53531,45.98742],[10.5353,45.98752],[10.53533,45.98813],[10.53531,45.98827],[10.53458,45.98937],[10.53435,45.98952],[10.53321,45.99003],[10.53288,45.99013],[10.53266,45.99011],[10.53237,45.99],[10.5321,45.99003],[10.53181,45.99014],[10.53145,45.99014],[10.53105,45.99002],[10.53021,45.98961],[10.53,45.98958],[10.52983,45.98962],[10.52977,45.98966],[10.52938,45.99024],[10.52928,45.99122],[10.52913,45.99144],[10.52874,45.99177],[10.52854,45.99202],[10.52839,45.99278],[10.52821,45.99289],[10.5278,45.9929],[10.52767,45.99296],[10.52763,45.99309],[10.52766,45.99349],[10.52764,45.99357],[10.52678,45.99437],[10.52649,45.99528],[10.52636,45.99541],[10.52591,45.99567],[10.52593,45.99578],[10.52598,45.99583],[10.52612,45.99585],[10.52619,45.99582],[10.52667,45.99542],[10.52695,45.99529],[10.52727,45.9951],[10.52749,45.99479],[10.52764,45.99474],[10.52774,45.99476],[10.5278,45.99481],[10.52779,45.99494],[10.52746,45.9951],[10.52733,45.99524],[10.52673,45.99623],[10.52622,45.99663],[10.52592,45.99731],[10.52581,45.99748],[10.52557,45.99766],[10.52528,45.99779],[10.52448,45.9979],[10.52398,45.9981],[10.523,45.99825],[10.52284,45.99832],[10.5225,45.99858],[10.52181,45.99859],[10.52159,45.99867],[10.52059,46.00021],[10.52041,46.00047],[10.51997,46.00093],[10.51987,46.00108],[10.51971,46.00175],[10.51962,46.00187],[10.51889,46.00243],[10.51879,46.00254],[10.51878,46.0026],[10.51886,46.00316],[10.51884,46.00325],[10.51846,46.00378],[10.51845,46.00433],[10.51814,46.00473],[10.51758,46.00527],[10.51695,46.00604],[10.51692,46.00623],[10.51714,46.00679],[10.5173,46.0074],[10.51709,46.00813],[10.51688,46.00848],[10.51626,46.00894],[10.51605,46.00901],[10.51538,46.00909],[10.51413,46.00965],[10.51399,46.0098],[10.51389,46.01014],[10.51372,46.0102],[10.51359,46.01017],[10.51283,46.00973],[10.5125,46.00891],[10.51242,46.00881],[10.51178,46.00835],[10.51162,46.00833],[10.51153,46.00838],[10.51149,46.00845],[10.51153,46.00853],[10.51192,46.00876],[10.512,46.00885],[10.51201,46.00895],[10.51193,46.00953],[10.51207,46.01003],[10.51205,46.01014],[10.51188,46.01019],[10.51174,46.01014],[10.51174,46.00974],[10.51136,46.00901],[10.51124,46.00895],[10.51113,46.00896],[10.51105,46.00901],[10.51102,46.00907],[10.5114,46.0102],[10.51182,46.01186],[10.51192,46.01206],[10.51191,46.01216],[10.51181,46.01222],[10.51167,46.01222],[10.51161,46.01217],[10.51147,46.0115],[10.51137,46.01134],[10.51088,46.01089],[10.51078,46.01044],[10.5107,46.01037],[10.5106,46.01035],[10.51051,46.01038],[10.51046,46.01046],[10.51067,46.01079],[10.51094,46.01206],[10.51132,46.01305],[10.51141,46.0132],[10.51185,46.01364],[10.51191,46.01374],[10.51194,46.01386],[10.51189,46.01433],[10.51192,46.01451],[10.51205,46.01462],[10.51274,46.01468],[10.5129,46.01475],[10.51294,46.01482],[10.51295,46.01492],[10.51281,46.01533],[10.51295,46.01599],[10.51315,46.01636],[10.51351,46.01671],[10.51354,46.01685],[10.51345,46.01697],[10.51309,46.01723],[10.51287,46.01761],[10.51258,46.01785],[10.51257,46.01795],[10.51292,46.01828],[10.51279,46.0192],[10.51282,46.01934],[10.51316,46.01986],[10.51321,46.02038],[10.51348,46.02121],[10.51344,46.02168],[10.51317,46.02249],[10.51322,46.02291],[10.51365,46.02432],[10.51352,46.02479],[10.51355,46.02493],[10.5141,46.02647],[10.51409,46.02658],[10.51401,46.02673],[10.51376,46.02691],[10.51365,46.02705],[10.51358,46.02736],[10.51338,46.0279],[10.51348,46.02887],[10.51344,46.02895],[10.5128,46.02958],[10.51279,46.02962],[10.51282,46.02972],[10.51288,46.02976],[10.51351,46.02991],[10.51356,46.02999],[10.51354,46.03004],[10.51342,46.0301],[10.51332,46.0301],[10.51252,46.02991],[10.51237,46.02977],[10.51243,46.02954],[10.51241,46.02945],[10.51236,46.02942],[10.51222,46.02942],[10.51212,46.02949],[10.51224,46.02984],[10.51224,46.03036],[10.51231,46.0305],[10.51249,46.03057],[10.51311,46.03065],[10.51359,46.03061],[10.51367,46.03063],[10.5138,46.03073],[10.51382,46.03087],[10.51369,46.03114],[10.51355,46.03165],[10.51328,46.03197],[10.51309,46.03215],[10.51162,46.033],[10.51155,46.03308],[10.51122,46.03371],[10.51077,46.03417],[10.51062,46.03471],[10.51015,46.03531],[10.5101,46.03561],[10.51018,46.03601],[10.51002,46.03671],[10.50957,46.03744],[10.50945,46.03774],[10.50918,46.03865],[10.50918,46.03885],[10.50924,46.03911],[10.50939,46.03953],[10.5098,46.04028],[10.51004,46.04048],[10.5102,46.04057],[10.51118,46.0408],[10.51124,46.04087],[10.5112,46.04096],[10.51102,46.04099],[10.51026,46.04075],[10.51014,46.0408],[10.51012,46.04089],[10.51015,46.04094],[10.51064,46.04111],[10.51109,46.04113],[10.51134,46.0413],[10.51178,46.04167],[10.51178,46.04176],[10.51174,46.04179],[10.51157,46.0418],[10.51108,46.04152],[10.51049,46.04137],[10.51036,46.0414],[10.51031,46.04146],[10.51034,46.04154],[10.51039,46.04158],[10.51121,46.0419],[10.51169,46.04227],[10.51175,46.04235],[10.51187,46.04277],[10.51217,46.04324],[10.51218,46.0434],[10.51204,46.04378],[10.51214,46.04614],[10.51204,46.04621],[10.51194,46.04622],[10.51182,46.04618],[10.51179,46.04614],[10.51167,46.04549],[10.51165,46.04505],[10.51156,46.04489],[10.51149,46.04482],[10.51067,46.04437],[10.5104,46.04429],[10.50971,46.0443],[10.50943,46.04438],[10.50874,46.04472],[10.50846,46.04502],[10.50839,46.04522],[10.50845,46.04544],[10.50866,46.04573],[10.50886,46.04614],[10.50887,46.04623],[10.50881,46.04662],[10.50882,46.04673],[10.50886,46.04684],[10.50905,46.04695],[10.50954,46.04697],[10.50975,46.04705],[10.50994,46.0474],[10.51005,46.04749],[10.51083,46.04795],[10.51095,46.04804],[10.51108,46.04823],[10.51116,46.04836],[10.51118,46.04879],[10.51146,46.04933],[10.51164,46.04985],[10.51172,46.04994],[10.51204,46.05012],[10.5121,46.05019],[10.51223,46.05062],[10.51292,46.05131],[10.51332,46.05207],[10.51347,46.05241],[10.51361,46.05287]]},"properties":{"cls":"tertiary"}},{"type":"Feature","geometry":{"type":"LineString","coordinates":[[10.58215,46.00639],[10.5824,46.0063],[10.58262,46.0063],[10.58277,46.00622],[10.5829,46.00606],[10.58294,46.00598],[10.58292,46.00592],[10.58308,46.00565],[10.58347,46.00544],[10.58356,46.00534],[10.5836,46.00523],[10.58361,46.00509],[10.5834,46.00409],[10.58346,46.00383],[10.58346,46.00347],[10.58356,46.00307],[10.58357,46.0027],[10.58352,46.00213],[10.58357,46.00173],[10.58342,46.00162],[10.58339,46.00155],[10.58351,46.00156],[10.58357,46.00153],[10.5835,46.00144],[10.58375,46.00148],[10.58367,46.00136],[10.58361,46.00133],[10.58367,46.00132],[10.58354,46.00123],[10.58355,46.0012],[10.58381,46.00121],[10.58383,46.00119],[10.58376,46.00114],[10.58387,46.00115],[10.58379,46.00106],[10.58393,46.00079],[10.58435,46.00041],[10.58452,46.00033],[10.58512,46.00011],[10.5853,46.00001],[10.58628,45.9997],[10.5867,45.99952],[10.58676,45.99947],[10.58708,45.99936],[10.58713,45.99929],[10.58725,45.99924],[10.58729,45.99919],[10.58742,45.99915],[10.58748,45.99916],[10.58765,45.99908],[10.58784,45.99902],[10.58794,45.99903],[10.58804,45.99909],[10.58845,45.99917],[10.588,45.99887],[10.58799,45.99882],[10.58806,45.99871],[10.58797,45.99836],[10.58807,45.9981],[10.58807,45.99802],[10.58777,45.99776],[10.58764,45.99753],[10.58744,45.99733],[10.58704,45.99686],[10.58699,45.99671],[10.58688,45.99652],[10.58665,45.99625],[10.58625,45.99581],[10.58589,45.99552],[10.58575,45.99533],[10.58556,45.99519],[10.58521,45.99468],[10.58521,45.9944],[10.58546,45.99371],[10.58553,45.99339],[10.58639,45.99275],[10.58665,45.99237],[10.58686,45.99225],[10.58691,45.99218],[10.58687,45.99199],[10.58698,45.99186],[10.58702,45.9916],[10.58702,45.99122],[10.58685,45.99084],[10.58676,45.99073],[10.58659,45.99023],[10.58662,45.99005],[10.58659,45.98977],[10.58669,45.98943],[10.58674,45.98909],[10.5867,45.98904],[10.58687,45.98851],[10.58692,45.98829],[10.58691,45.98817],[10.58702,45.98796],[10.58701,45.98766],[10.58707,45.98746],[10.58727,45.98704],[10.58726,45.98657],[10.58735,45.98647],[10.58742,45.98631],[10.58766,45.98594],[10.5877,45.98578],[10.58786,45.98562],[10.58819,45.98543],[10.58841,45.98544],[10.58849,45.98535],[10.58872,45.98522],[10.58889,45.98501],[10.58901,45.98492]]},"properties":{"cls":"path"}},{"type":"Feature","geometry":{"type":"LineString","coordinates":[[10.58921,45.98492],[10.58931,45.98492]]},"properties":{"cls":"path"}},{"type":"Feature","geometry":{"type":"LineString","coordinates":[[10.46997,46.02374],[10.47041,46.02366],[10.47078,46.0237],[10.47102,46.02364],[10.47132,46.0234],[10.47151,46.02337],[10.47169,46.0234],[10.47205,46.02328],[10.47231,46.02332],[10.47267,46.02318],[10.47305,46.0233],[10.47384,46.02295],[10.4742,46.02294],[10.47433,46.02286],[10.47516,46.02274],[10.47599,46.0224],[10.47613,46.0224],[10.47633,46.02234],[10.47672,46.02231],[10.47717,46.02238],[10.47746,46.02236],[10.47764,46.02229],[10.47782,46.02227],[10.47809,46.02232],[10.47835,46.0222],[10.47878,46.0222],[10.47906,46.02209],[10.4795,46.02204],[10.47975,46.02208],[10.47987,46.02204],[10.4802,46.02217],[10.48033,46.02218],[10.48075,46.02204],[10.48097,46.02207],[10.4812,46.02207],[10.48127,46.02199],[10.48148,46.02197],[10.48164,46.02187],[10.48175,46.02175],[10.48167,46.02165],[10.48188,46.02151],[10.48206,46.02145],[10.48216,46.02133],[10.48226,46.02126],[10.4825,46.02131],[10.48259,46.02125],[10.48284,46.02131],[10.48311,46.02141],[10.48345,46.02164]]},"properties":{"cls":"path"}},{"type":"Feature","geometry":{"type":"LineString","coordinates":[[10.48394,46.03975],[10.48391,46.03997],[10.484,46.04007],[10.484,46.04017],[10.48395,46.04034],[10.48389,46.04041],[10.48383,46.0412],[10.48369,46.04164],[10.48378,46.04221],[10.48374,46.04227],[10.48379,46.04237],[10.48391,46.04246],[10.48398,46.04265],[10.48424,46.04294],[10.48469,46.04315],[10.48491,46.0433],[10.4854,46.04342],[10.48622,46.04377],[10.4866,46.04419],[10.48657,46.04431],[10.48665,46.04462],[10.48684,46.04492],[10.48696,46.04504],[10.48718,46.04544],[10.48725,46.04547],[10.48726,46.04555],[10.48751,46.04587],[10.48755,46.04597],[10.48775,46.04615],[10.48783,46.04631],[10.48797,46.04645],[10.48801,46.04654],[10.4881,46.04664],[10.48821,46.0467],[10.4883,46.04691],[10.48826,46.04699],[10.4884,46.04728],[10.48848,46.04732],[10.48865,46.04732],[10.48873,46.04739],[10.48862,46.04761],[10.48864,46.04774],[10.48861,46.0479],[10.48846,46.04801],[10.4884,46.04815],[10.48832,46.04816],[10.48814,46.0483],[10.48813,46.04837],[10.48801,46.04846],[10.48797,46.04847],[10.48797,46.04844],[10.48789,46.04837],[10.4878,46.04851],[10.48774,46.04848],[10.48767,46.04852],[10.48765,46.04847],[10.48752,46.04851],[10.48731,46.04868],[10.48716,46.04898],[10.48716,46.04906],[10.48698,46.04917],[10.48706,46.04923],[10.48694,46.04933],[10.48645,46.04925],[10.48638,46.04928],[10.48634,46.04936],[10.48638,46.04946],[10.48661,46.0497],[10.48664,46.04981],[10.48655,46.05008],[10.48659,46.05014],[10.48653,46.05022],[10.4864,46.05024],[10.48634,46.05034],[10.48639,46.05042],[10.48627,46.05047],[10.4862,46.05054],[10.48594,46.05061],[10.48584,46.05058],[10.48589,46.05064],[10.48581,46.05065],[10.48583,46.05073],[10.48581,46.05076],[10.48597,46.05094],[10.48597,46.05118],[10.4861,46.05145],[10.48617,46.05146],[10.48628,46.05183],[10.48645,46.05215],[10.48642,46.05235],[10.48645,46.05251],[10.4867,46.05257],[10.48681,46.05255],[10.48685,46.05249],[10.48726,46.05252],[10.48725,46.05256],[10.48718,46.05258],[10.48724,46.05265],[10.48757,46.05279],[10.48752,46.05284],[10.48758,46.05289],[10.48772,46.05289],[10.48768,46.05297],[10.48773,46.05303],[10.48769,46.05313],[10.4878,46.05319],[10.48747,46.0533],[10.48728,46.05347],[10.48718,46.05369],[10.48712,46.05417],[10.48702,46.05442],[10.4871,46.05469],[10.48736,46.05498],[10.48762,46.05541],[10.48767,46.05565],[10.48764,46.05576],[10.48778,46.05589],[10.48761,46.05602],[10.48744,46.05603],[10.48748,46.05626],[10.48747,46.05639],[10.48738,46.0565],[10.48734,46.05677],[10.48722,46.05719],[10.48723,46.05734],[10.48714,46.05746],[10.48721,46.05788],[10.48733,46.05818],[10.48751,46.0584],[10.48772,46.05853],[10.48798,46.05854],[10.48824,46.05879],[10.48829,46.05896],[10.48825,46.05913],[10.48831,46.05942],[10.48843,46.05963],[10.4886,46.0598],[10.48869,46.06007],[10.48877,46.06018],[10.48878,46.06037],[10.48901,46.06067],[10.4892,46.06112],[10.48919,46.06171]]},"properties":{"cls":"path"}},{"type":"Feature","geometry":{"type":"LineString","coordinates":[[10.55846,46.08347],[10.55846,46.08355]]},"properties":{"cls":"path"}},{"type":"Feature","geometry":{"type":"LineString","coordinates":[[10.51238,46.00108],[10.51199,46.00108],[10.51155,46.00122],[10.51121,46.00139],[10.5109,46.00161],[10.51044,46.00197],[10.51014,46.00216],[10.50972,46.00253],[10.50948,46.00303],[10.50929,46.00318],[10.5092,46.00316],[10.50903,46.00304],[10.50898,46.00286],[10.50887,46.00293],[10.50871,46.00295],[10.50826,46.0029],[10.50744,46.00289],[10.5068,46.00267],[10.50614,46.00231],[10.50551,46.00187],[10.50445,46.00153],[10.50356,46.00118],[10.50343,46.00122],[10.50319,46.00138],[10.50272,46.00133],[10.50191,46.00116],[10.5016,46.00108],[10.50136,46.00091],[10.4995,46.00017],[10.49861,46.00017],[10.49847,46.0001],[10.4984,46.00001],[10.49827,45.99995],[10.49803,45.99985],[10.4977,45.99979],[10.49744,45.99981],[10.49698,45.99994],[10.49681,45.99992],[10.49658,45.99985],[10.49593,45.99953],[10.49562,45.99945],[10.49461,45.9994],[10.49303,45.99904],[10.49236,45.999],[10.49202,45.99893],[10.49142,45.99865],[10.49116,45.99844],[10.49034,45.99796],[10.48987,45.99763],[10.48964,45.99755],[10.48947,45.99734],[10.48934,45.99726],[10.48925,45.99723],[10.48885,45.99721],[10.48871,45.99717],[10.48828,45.99692],[10.48761,45.99646],[10.48638,45.996],[10.48613,45.99597],[10.48593,45.9959],[10.48562,45.99565],[10.48552,45.99551],[10.48534,45.99542],[10.48486,45.99501],[10.48454,45.99486],[10.48424,45.99479],[10.48405,45.99466],[10.48392,45.99451],[10.48389,45.9944],[10.4834,45.99406],[10.48336,45.99399],[10.48317,45.99388],[10.4831,45.99377],[10.48306,45.9936],[10.48293,45.99341],[10.48275,45.99326],[10.48245,45.99307],[10.4824,45.9929],[10.48218,45.99258],[10.48202,45.99245],[10.48186,45.99226],[10.48171,45.99219],[10.48136,45.99189],[10.48098,45.99168],[10.48094,45.99162],[10.48111,45.99149],[10.48115,45.99137],[10.48108,45.99115],[10.4808,45.99067],[10.48059,45.99046],[10.48007,45.99001],[10.47988,45.98992],[10.4795,45.98984],[10.47899,45.9896],[10.47871,45.98931],[10.47859,45.98925],[10.47832,45.98889],[10.47807,45.98879],[10.4779,45.98865],[10.4777,45.98859],[10.4776,45.98851],[10.47737,45.98824],[10.47716,45.98813],[10.47677,45.98784],[10.47664,45.98758],[10.4766,45.98717],[10.4766,45.98663],[10.47671,45.98642],[10.47676,45.98619],[10.4767,45.98594],[10.47669,45.98578],[10.47676,45.98567],[10.47709,45.98534],[10.47762,45.98492]]},"properties":{"cls":"path"}},{"type":"Feature","geometry":{"type":"LineString","coordinates":[[10.5414,46.07105],[10.54146,46.07094],[10.54144,46.07068],[10.54183,46.07026],[10.54204,46.07015],[10.54213,46.07004],[10.54247,46.06983],[10.54254,46.06959],[10.54246,46.06946],[10.54243,46.06928],[10.54225,46.06916],[10.54225,46.06894],[10.54231,46.06863],[10.54157,46.06797],[10.5415,46.06755],[10.5414,46.06734],[10.5413,46.06672],[10.54141,46.06661],[10.54142,46.06651],[10.54152,46.06644],[10.54115,46.06597],[10.54143,46.06576],[10.5415,46.06553],[10.54169,46.06553],[10.54185,46.06558],[10.54197,46.06557],[10.54213,46.06541],[10.54222,46.06508],[10.54254,46.06469],[10.54259,46.06454],[10.543,46.06426],[10.54319,46.06408],[10.5435,46.06362],[10.54358,46.06357],[10.54365,46.06344],[10.54358,46.06337],[10.5436,46.06325],[10.54378,46.06321],[10.54382,46.06311],[10.54374,46.06278],[10.5438,46.06265],[10.544,46.0626],[10.54425,46.06244],[10.5443,46.06227],[10.54452,46.06223],[10.54491,46.06233],[10.54502,46.06232],[10.545,46.06222],[10.5449,46.06218],[10.54491,46.06201],[10.54482,46.06201],[10.54476,46.06193],[10.5449,46.06188],[10.54502,46.06179],[10.5452,46.06173],[10.54525,46.06166],[10.54539,46.06159],[10.54558,46.06154]]},"properties":{"cls":"path"}},{"type":"Feature","geometry":{"type":"LineString","coordinates":[[10.51338,46.05463],[10.51321,46.05505],[10.51319,46.05524],[10.51322,46.05534],[10.51325,46.0554],[10.51355,46.05557],[10.51376,46.05578],[10.51377,46.056],[10.51371,46.05621],[10.51378,46.0564],[10.51378,46.0566],[10.51385,46.0567],[10.51389,46.05699],[10.51412,46.05723],[10.51418,46.05743],[10.51413,46.05776],[10.51416,46.05807],[10.51421,46.05816],[10.51451,46.05851],[10.5151,46.05877],[10.51556,46.05911],[10.51603,46.05937],[10.51673,46.05949],[10.5179,46.0599],[10.51827,46.06005],[10.51863,46.06034],[10.51886,46.06043],[10.51952,46.06097],[10.51955,46.06106],[10.51984,46.06134],[10.52002,46.06139],[10.52032,46.0617],[10.52135,46.06231],[10.5216,46.06265],[10.52177,46.06271],[10.52259,46.06321],[10.52269,46.06336],[10.52302,46.06359],[10.52331,46.06388],[10.52366,46.06411],[10.52384,46.06418],[10.52391,46.06438],[10.524,46.06445],[10.52445,46.06461],[10.52459,46.06473],[10.52615,46.06545],[10.52669,46.06588],[10.52712,46.06627],[10.52743,46.06659],[10.52782,46.06689],[10.52788,46.06708],[10.52802,46.06719],[10.52835,46.06732],[10.52871,46.06733],[10.52903,46.06743],[10.52954,46.06768],[10.52999,46.06798],[10.53071,46.06827],[10.53099,46.06864],[10.5312,46.06876],[10.53187,46.069],[10.53217,46.06949],[10.53337,46.07062],[10.5346,46.07108],[10.53565,46.07137],[10.53602,46.07176],[10.5362,46.07177],[10.5364,46.07172],[10.53681,46.07124],[10.53757,46.0708],[10.53776,46.07078],[10.53822,46.07093],[10.53849,46.07095],[10.53918,46.07066],[10.53957,46.07065],[10.54016,46.07072],[10.54038,46.07068],[10.54049,46.0708]]},"properties":{"cls":"track"}},{"type":"Feature","geometry":{"type":"LineString","coordinates":[[10.51331,46.05459],[10.51338,46.05463]]},"properties":{"cls":"steps"}},{"type":"Feature","geometry":{"type":"LineString","coordinates":[[10.46997,45.98744],[10.47045,45.98748],[10.47093,45.98738],[10.47031,45.9869],[10.47035,45.98664],[10.47076,45.98655],[10.47122,45.98638],[10.47235,45.98611],[10.47326,45.9858],[10.47388,45.98518],[10.47428,45.98501],[10.47431,45.98492]]},"properties":{"cls":"path"}},{"type":"Feature","geometry":{"type":"LineString","coordinates":[[10.47692,45.98492],[10.47717,45.98527]]},"properties":{"cls":"path"}},{"type":"Feature","geometry":{"type":"LineString","coordinates":[[10.57511,46.05632],[10.5751,46.05619],[10.575,46.05587],[10.575,46.05577],[10.5751,46.05557],[10.57508,46.05527],[10.57512,46.05516],[10.57511,46.05502],[10.57493,46.05482],[10.5749,46.05471],[10.5748,46.05465],[10.57475,46.05452],[10.57469,46.0545],[10.57461,46.05441],[10.57461,46.05437],[10.57443,46.0543],[10.57414,46.05407],[10.57413,46.05401],[10.57392,46.05385],[10.57379,46.05381],[10.57361,46.05359],[10.57323,46.05324],[10.57316,46.05302],[10.5731,46.05301],[10.57307,46.05298],[10.57303,46.05281],[10.57293,46.0527],[10.57286,46.05248],[10.57268,46.0523],[10.57269,46.05204],[10.57261,46.05196],[10.5725,46.05194],[10.57246,46.05181],[10.57232,46.05172],[10.57208,46.05147],[10.57212,46.05138],[10.57206,46.05124],[10.57187,46.05112],[10.5718,46.05094],[10.57165,46.05069],[10.57164,46.05048],[10.57153,46.05019],[10.57147,46.05011],[10.57136,46.05006],[10.57126,46.04995],[10.57082,46.04923],[10.57091,46.04909],[10.57076,46.04902],[10.57075,46.04878],[10.57064,46.04863],[10.57052,46.04835],[10.57049,46.04807],[10.57038,46.04789],[10.57043,46.04781],[10.5701,46.04753],[10.57011,46.04725],[10.56996,46.0472],[10.56986,46.04704],[10.56974,46.04667],[10.56946,46.0461],[10.56937,46.04598],[10.56943,46.04596],[10.56938,46.04583],[10.56906,46.04549],[10.56914,46.04537],[10.56872,46.04397],[10.5687,46.04369],[10.56862,46.04369],[10.56848,46.04346],[10.5682,46.04319],[10.56814,46.04301],[10.5682,46.04288]]},"properties":{"cls":"path"}},{"type":"Feature","geometry":{"type":"LineString","coordinates":[[10.51215,46.00787],[10.51212,46.00777]]},"properties":{"cls":"service"}},{"type":"Feature","geometry":{"type":"LineString","coordinates":[[10.47235,45.98611],[10.47228,45.98574],[10.47193,45.98553],[10.47159,45.98538],[10.4714,45.98514],[10.4715,45.98492]]},"properties":{"cls":"path"}},{"type":"Feature","geometry":{"type":"LineString","coordinates":[[10.53301,45.99011],[10.53298,45.99019],[10.53306,45.99026],[10.53339,45.99036],[10.53338,45.99044],[10.53328,45.99062],[10.53333,45.99065],[10.5337,45.99073],[10.53393,45.99073],[10.53412,45.9906],[10.53433,45.99062]]},"properties":{"cls":"track"}},{"type":"Feature","geometry":{"type":"LineString","coordinates":[[10.56943,45.99254],[10.56936,45.99244],[10.56893,45.99215],[10.56878,45.99187],[10.56865,45.99147],[10.56857,45.9913],[10.56833,45.99099],[10.568,45.99064],[10.56746,45.99017],[10.56726,45.99004],[10.56702,45.98996],[10.56688,45.98996],[10.5666,45.99003],[10.56612,45.99001],[10.56581,45.99007],[10.56574,45.99003],[10.56561,45.98991],[10.56554,45.98967],[10.56521,45.98941],[10.56519,45.98929],[10.56478,45.98908],[10.56441,45.98899],[10.56436,45.98895],[10.56427,45.9888],[10.56404,45.98858],[10.56398,45.98834],[10.56388,45.98811],[10.5636,45.98791],[10.56345,45.98763],[10.56335,45.98755],[10.56317,45.9875],[10.56278,45.98758],[10.56259,45.98759],[10.56255,45.98756],[10.56253,45.98747],[10.56256,45.98741],[10.56257,45.98723],[10.56248,45.98691],[10.56232,45.98654],[10.562,45.98642],[10.56198,45.98627],[10.56161,45.9859],[10.56149,45.98583],[10.5614,45.98582],[10.56103,45.98587],[10.56097,45.98583],[10.56097,45.98548],[10.56071,45.98526],[10.56072,45.98492]]},"properties":{"cls":"track"}},{"type":"Feature","geometry":{"type":"LineString","coordinates":[[10.52424,45.998],[10.52438,45.99802],[10.52473,45.99793],[10.5251,45.99811],[10.52529,45.99813],[10.52561,45.99805],[10.52657,45.99826],[10.5268,45.99837],[10.52693,45.99839],[10.52738,45.99825],[10.5275,45.99804],[10.52829,45.99802],[10.52857,45.99795]]},"properties":{"cls":"path"}},{"type":"Feature","geometry":{"type":"LineString","coordinates":[[10.46997,46.04369],[10.47022,46.04363],[10.47118,46.04375],[10.47186,46.04365],[10.47297,46.04377],[10.47383,46.04366],[10.47441,46.04385],[10.47544,46.04382],[10.4769,46.04352],[10.47765,46.04342]]},"properties":{"cls":"path"}},{"type":"Feature","geometry":{"type":"LineString","coordinates":[[10.49688,46.083],[10.49703,46.08307],[10.49718,46.08306],[10.49726,46.0829],[10.49747,46.08288],[10.49753,46.08299],[10.49793,46.08293],[10.49807,46.08268],[10.49838,46.08312],[10.49887,46.08336],[10.49924,46.08373],[10.49939,46.08373],[10.49974,46.08423],[10.5001,46.08448],[10.50014,46.08461],[10.50058,46.08475],[10.50079,46.08491],[10.50091,46.08509],[10.50115,46.08524],[10.50128,46.08544],[10.5016,46.0856],[10.5018,46.08582],[10.50215,46.0859],[10.50223,46.08585],[10.50233,46.08585],[10.50234,46.08581],[10.50256,46.08577],[10.50262,46.08573],[10.5026,46.08567],[10.50271,46.08564],[10.50286,46.08575],[10.50285,46.08586],[10.50304,46.08587],[10.5035,46.08564],[10.50391,46.08559],[10.50415,46.08573],[10.50435,46.08594],[10.50489,46.08615],[10.50542,46.08627],[10.50583,46.08656],[10.50617,46.08693],[10.50679,46.08726],[10.50696,46.08742],[10.50701,46.08752],[10.50744,46.0877],[10.50759,46.08783],[10.50803,46.08797],[10.50814,46.08807],[10.50831,46.08813],[10.50848,46.08827],[10.50852,46.08835],[10.50865,46.08843],[10.50879,46.08844],[10.50887,46.08841],[10.50907,46.08841],[10.5092,46.08832],[10.50931,46.08831],[10.50949,46.08842],[10.5096,46.08854],[10.50996,46.08864],[10.51029,46.08893],[10.51066,46.08895],[10.51142,46.08938],[10.51165,46.08939],[10.5119,46.08951],[10.51208,46.08961],[10.51221,46.08973],[10.51222,46.08987],[10.51228,46.08999],[10.51232,46.09018],[10.51243,46.0903],[10.5125,46.09032],[10.51257,46.09018],[10.51268,46.09018],[10.51276,46.09009],[10.51279,46.09019],[10.51285,46.09016],[10.51295,46.09017],[10.51315,46.09009],[10.51335,46.09005],[10.51372,46.09017],[10.51386,46.09009],[10.51408,46.09011],[10.51407,46.0902],[10.51418,46.09021],[10.51475,46.09],[10.51487,46.08987],[10.51506,46.08981],[10.51516,46.0897],[10.51539,46.08954],[10.51558,46.08954],[10.51575,46.08942],[10.51591,46.08942],[10.51608,46.08933],[10.51633,46.08903],[10.51648,46.08899],[10.51663,46.08899],[10.51665,46.08893],[10.51671,46.08888],[10.51682,46.08893],[10.51686,46.089],[10.51693,46.08904],[10.51721,46.08885],[10.51722,46.08879],[10.51734,46.08881],[10.51746,46.08876],[10.51743,46.0887],[10.51752,46.08866],[10.51766,46.08861],[10.51784,46.08859],[10.518,46.08849],[10.5183,46.08848],[10.51837,46.08857],[10.51832,46.0887],[10.51838,46.08874],[10.51874,46.08863],[10.51906,46.08858],[10.51947,46.08847],[10.5196,46.0885],[10.51966,46.08846],[10.51968,46.08851],[10.51995,46.08843],[10.52003,46.08849],[10.52019,46.08833],[10.52032,46.08827],[10.52042,46.08812],[10.52051,46.08808],[10.52061,46.08809],[10.52071,46.08819],[10.52063,46.08819],[10.52054,46.08825],[10.52063,46.08833],[10.52059,46.08835],[10.52069,46.08836],[10.52073,46.08841]]},"properties":{"cls":"path"}},{"type":"Feature","geometry":{"type":"LineString","coordinates":[[10.54119,46.07107],[10.5413,46.07108],[10.5414,46.07105]]},"properties":{"cls":"path"}},{"type":"Feature","geometry":{"type":"LineString","coordinates":[[10.5101,46.01439],[10.51016,46.0139],[10.51023,46.01382],[10.5105,46.01386],[10.51064,46.01399],[10.51074,46.01413],[10.51102,46.01419],[10.51112,46.01426],[10.51128,46.01464],[10.51123,46.0149],[10.51127,46.01497],[10.51146,46.01505],[10.51174,46.01502],[10.51182,46.01498],[10.51184,46.01492],[10.51181,46.01469],[10.51189,46.01442]]},"properties":{"cls":"track"}},{"type":"Feature","geometry":{"type":"LineString","coordinates":[[10.54106,46.07108],[10.54112,46.07107]]},"properties":{"cls":"path"}},{"type":"Feature","geometry":{"type":"LineString","coordinates":[[10.50143,46.06138],[10.50067,46.06133],[10.5004,46.06126],[10.50017,46.06099],[10.49987,46.06072],[10.49953,46.06068],[10.49944,46.06061],[10.49908,46.06065],[10.49913,46.06042],[10.49901,46.06036],[10.49901,46.06028],[10.49888,46.06015],[10.49848,46.06027],[10.49824,46.06009],[10.49821,46.05994],[10.49823,46.0598],[10.49802,46.05957],[10.49825,46.05929],[10.49844,46.05925],[10.49834,46.05911],[10.49831,46.05892],[10.49813,46.05889],[10.4981,46.05879],[10.49818,46.0586],[10.4981,46.05854],[10.4982,46.05833],[10.49804,46.05833],[10.49791,46.05817],[10.49802,46.05803],[10.49764,46.0578],[10.49737,46.05775],[10.49699,46.05782],[10.49678,46.05776],[10.49666,46.05781],[10.49631,46.05777],[10.49625,46.05781],[10.496,46.05781],[10.49592,46.05777],[10.49576,46.05783],[10.4956,46.05775],[10.49544,46.05779],[10.49555,46.05809],[10.49551,46.05815],[10.49531,46.05825],[10.49517,46.05821],[10.49478,46.05831],[10.49436,46.05855],[10.49397,46.05864],[10.49376,46.05895],[10.49355,46.05911],[10.4934,46.05918],[10.49318,46.05915],[10.49276,46.05934],[10.49251,46.05972],[10.49227,46.05981],[10.49235,46.05991],[10.49244,46.05996],[10.4924,46.06012],[10.492,46.06027],[10.49197,46.06037],[10.49203,46.06045],[10.49197,46.06059],[10.49185,46.0607],[10.49175,46.0607],[10.4917,46.06084],[10.49155,46.06099]]},"properties":{"cls":"path"}},{"type":"Feature","geometry":{"type":"LineString","coordinates":[[10.49779,46.08049],[10.49784,46.08038],[10.49827,46.08017],[10.49834,46.07999],[10.49828,46.07984],[10.49843,46.07984],[10.49847,46.07978],[10.49855,46.07982],[10.49863,46.07975],[10.4987,46.07981],[10.49881,46.0796],[10.49896,46.0795],[10.49912,46.07947],[10.49915,46.07939],[10.49929,46.07941],[10.49934,46.07931],[10.49958,46.07932],[10.49957,46.07904],[10.49973,46.07894],[10.50031,46.07894],[10.5001,46.07877],[10.50078,46.07867],[10.50064,46.07849],[10.50138,46.07853],[10.50109,46.0783],[10.50161,46.07837],[10.50176,46.07833],[10.50155,46.07823],[10.50183,46.07822],[10.50178,46.07813],[10.50199,46.07814],[10.50211,46.07794],[10.50234,46.07798],[10.50247,46.07785],[10.5027,46.07786],[10.50277,46.07774],[10.50298,46.07776],[10.50301,46.07767],[10.50358,46.07778],[10.50374,46.0777],[10.50399,46.07779],[10.50484,46.07774]]},"properties":{"cls":"path"}},{"type":"Feature","geometry":{"type":"LineString","coordinates":[[10.51381,46.05315],[10.51364,46.05315],[10.51359,46.0531],[10.51354,46.05299],[10.51361,46.05287]]},"properties":{"cls":"tertiary"}},{"type":"Feature","geometry":{"type":"LineString","coordinates":[[10.55028,46.07813],[10.55031,46.07817]]},"properties":{"cls":"footway"}},{"type":"Feature","geometry":{"type":"LineString","coordinates":[[10.51199,46.05176],[10.51194,46.05176],[10.51161,46.05149],[10.51134,46.05138],[10.5109,46.05098],[10.51053,46.05053]]},"properties":{"cls":"service"}},{"type":"Feature","geometry":{"type":"LineString","coordinates":[[10.49155,46.06099],[10.4911,46.06097],[10.49097,46.06108],[10.49084,46.0611],[10.49066,46.06124],[10.49051,46.06123],[10.49037,46.06136],[10.48991,46.06143],[10.48986,46.0615],[10.48991,46.06159],[10.48974,46.06166],[10.48968,46.06157],[10.48955,46.06151],[10.48948,46.06176],[10.48945,46.06169],[10.48937,46.06164],[10.48927,46.06175]]},"properties":{"cls":"path"}},{"type":"Feature","geometry":{"type":"LineString","coordinates":[[10.48276,46.03187],[10.48283,46.03161],[10.48283,46.03136],[10.48303,46.03066],[10.4832,46.03024],[10.4833,46.02952],[10.4833,46.02916],[10.48296,46.02855],[10.48285,46.02823],[10.48289,46.02732],[10.48278,46.02687],[10.48284,46.02671],[10.48282,46.02598]]},"properties":{"cls":"path"}},{"type":"Feature","geometry":{"type":"LineString","coordinates":[[10.5084,46.04915],[10.50817,46.04921],[10.50797,46.04921],[10.50783,46.04929],[10.5077,46.04957],[10.5077,46.04968],[10.50778,46.04979],[10.50778,46.05002],[10.50771,46.05017],[10.50765,46.05007],[10.50761,46.0501],[10.5076,46.05043],[10.50765,46.05062],[10.50768,46.05102],[10.50765,46.05104],[10.50753,46.05097],[10.50744,46.05087],[10.50737,46.05086],[10.50737,46.05119],[10.50758,46.05145],[10.50785,46.05156],[10.50844,46.05189],[10.50851,46.05205],[10.50853,46.05226],[10.50848,46.05241],[10.50842,46.05258],[10.50825,46.05284],[10.50818,46.05281],[10.50807,46.05248],[10.5079,46.05225],[10.50783,46.05224],[10.5078,46.05229],[10.50769,46.05311],[10.50775,46.05351],[10.50774,46.05369],[10.50801,46.05402],[10.50859,46.05454],[10.50879,46.05466],[10.50891,46.05477],[10.50901,46.0549],[10.50901,46.05498],[10.50874,46.05538],[10.50858,46.05545],[10.50836,46.05576],[10.50818,46.05586],[10.50803,46.05626],[10.50732,46.05643],[10.50709,46.05656],[10.50692,46.05654],[10.50679,46.05666],[10.50669,46.05667],[10.50648,46.05677],[10.5064,46.05688],[10.50625,46.05699],[10.50619,46.05717],[10.50621,46.05732],[10.50586,46.05749],[10.50582,46.05766],[10.50581,46.05807],[10.50557,46.05824],[10.50547,46.05851],[10.50552,46.05873],[10.50533,46.05888],[10.50535,46.05911],[10.50527,46.05942],[10.50539,46.05953],[10.5054,46.05964],[10.50559,46.05976],[10.50555,46.05987],[10.50567,46.06001],[10.50611,46.06023],[10.50618,46.06032],[10.50616,46.06039],[10.50567,46.06085],[10.50562,46.06097],[10.50564,46.0613],[10.50572,46.06149],[10.5057,46.06208],[10.50566,46.06234],[10.50615,46.06269],[10.50674,46.06285],[10.50684,46.06294],[10.50718,46.06298],[10.50747,46.06287],[10.50799,46.06283],[10.50812,46.06286],[10.50831,46.06298],[10.5085,46.06327],[10.50902,46.06369],[10.50929,46.06446],[10.50922,46.06452],[10.50931,46.06453],[10.50889,46.06465],[10.50881,46.06484],[10.50885,46.06492],[10.50885,46.0651],[10.50879,46.06516],[10.50879,46.06529],[10.50869,46.06553],[10.50832,46.06589],[10.50851,46.06622],[10.50847,46.0663],[10.50854,46.06635],[10.50848,46.0665],[10.50851,46.06659],[10.50843,46.0667],[10.5084,46.06703],[10.50833,46.06713]]},"properties":{"cls":"path"}},{"type":"Feature","geometry":{"type":"LineString","coordinates":[[10.46997,46.07445],[10.4705,46.07443],[10.47086,46.0745],[10.4709,46.07454],[10.4709,46.0747],[10.47097,46.07474],[10.47096,46.07481],[10.47103,46.07483],[10.47137,46.07474],[10.47167,46.07456],[10.47173,46.07449],[10.47172,46.07441],[10.47176,46.07426],[10.47221,46.07414],[10.47236,46.07413],[10.47253,46.07417]]},"properties":{"cls":"path"}},{"type":"Feature","geometry":{"type":"LineString","coordinates":[[10.56157,46.08492],[10.56132,46.08495]]},"properties":{"cls":"path"}},{"type":"Feature","geometry":{"type":"LineString","coordinates":[[10.55431,46.08074],[10.55429,46.08083],[10.55432,46.08088],[10.55471,46.08118],[10.55482,46.08134],[10.55526,46.08145],[10.55558,46.08158],[10.55627,46.08169],[10.55657,46.0817],[10.55682,46.08177],[10.55741,46.08175],[10.55762,46.08179],[10.55797,46.0821],[10.55807,46.08224],[10.55813,46.08289],[10.55845,46.08308],[10.55854,46.08317],[10.55856,46.08326],[10.55852,46.08337]]},"properties":{"cls":"path"}},{"type":"Feature","geometry":{"type":"LineString","coordinates":[[10.51277,46.00962],[10.51284,46.00953],[10.51278,46.00933],[10.51278,46.00924],[10.51298,46.00891],[10.51298,46.00872],[10.51293,46.00864],[10.51239,46.00813],[10.51222,46.00802],[10.51215,46.00787]]},"properties":{"cls":"service"}},{"type":"Feature","geometry":{"type":"LineString","coordinates":[[10.51124,46.01285],[10.51078,46.01274],[10.51045,46.0122]]},"properties":{"cls":"track"}},{"type":"Feature","geometry":{"type":"LineString","coordinates":[[10.51467,46.05039],[10.51464,46.05047],[10.51449,46.0505],[10.51431,46.05047],[10.51419,46.05073],[10.51416,46.05075],[10.51394,46.05065],[10.51391,46.05067],[10.51389,46.05074],[10.51395,46.051],[10.51384,46.05109],[10.51378,46.05108],[10.51372,46.05104],[10.51371,46.05098],[10.51366,46.05097],[10.51358,46.05105],[10.51356,46.05113],[10.51358,46.0514],[10.51356,46.0515],[10.5136,46.05168],[10.51365,46.05173],[10.5138,46.05212],[10.51391,46.05222],[10.51384,46.05228],[10.5138,46.05246],[10.51375,46.05255],[10.51363,46.05245],[10.51352,46.05245]]},"properties":{"cls":"path"}},{"type":"Feature","geometry":{"type":"LineString","coordinates":[[10.51345,46.03126],[10.51334,46.03137]]},"properties":{"cls":"service"}},{"type":"Feature","geometry":{"type":"LineString","coordinates":[[10.60009,46.01659],[10.59956,46.01637],[10.59913,46.01597],[10.59888,46.0158],[10.59857,46.01564],[10.59855,46.01548],[10.5986,46.01534],[10.59843,46.01501],[10.5982,46.01472],[10.59798,46.01455],[10.59793,46.01447],[10.59791,46.01418],[10.59784,46.01406],[10.59765,46.01395],[10.59763,46.0139],[10.59768,46.01377],[10.59772,46.01375],[10.59923,46.01375],[10.60009,46.01385]]},"properties":{"cls":"path"}},{"type":"Feature","geometry":{"type":"LineString","coordinates":[[10.46997,46.04528],[10.47107,46.04498],[10.47138,46.04494],[10.47224,46.04462],[10.47288,46.04449],[10.47344,46.04448],[10.47369,46.04435],[10.4738,46.04434],[10.47398,46.04442],[10.47468,46.0444],[10.47506,46.04421],[10.47558,46.04413],[10.47616,46.04395],[10.4766,46.04389],[10.47677,46.04375],[10.47699,46.04372],[10.47765,46.04342],[10.47783,46.04339],[10.47826,46.04318],[10.47841,46.04315],[10.47855,46.04304],[10.4788,46.04301],[10.47954,46.04283],[10.4799,46.0427],[10.48038,46.04243],[10.48045,46.04253],[10.48062,46.04234],[10.48073,46.04197],[10.48099,46.04158],[10.48102,46.04133],[10.48095,46.04118],[10.48095,46.04097],[10.48099,46.04077],[10.48111,46.04051],[10.48128,46.04025],[10.48154,46.04004],[10.48179,46.03995],[10.48202,46.03982],[10.48224,46.03977],[10.48278,46.03976],[10.48328,46.03962],[10.48394,46.03975]]},"properties":{"cls":"path"}},{"type":"Feature","geometry":{"type":"LineString","coordinates":[[10.5627,46.08445],[10.56295,46.08448],[10.56326,46.0846]]},"properties":{"cls":"path"}},{"type":"Feature","geometry":{"type":"LineString","coordinates":[[10.5084,46.04915],[10.50812,46.04892],[10.50803,46.04871],[10.5079,46.04863],[10.50787,46.04852],[10.50773,46.04828],[10.50768,46.04813],[10.50772,46.04806],[10.50762,46.04782],[10.50711,46.04731]]},"properties":{"cls":"path"}},{"type":"Feature","geometry":{"type":"LineString","coordinates":[[10.512,46.03549],[10.51212,46.03567],[10.51235,46.0358],[10.51276,46.03588],[10.51282,46.0358]]},"properties":{"cls":"path"}},{"type":"Feature","geometry":{"type":"LineString","coordinates":[[10.54979,46.02768],[10.54972,46.0277]]},"properties":{"cls":"footway"}},{"type":"Feature","geometry":{"type":"LineString","coordinates":[[10.55846,46.08355],[10.55886,46.08366],[10.55925,46.08408],[10.55933,46.08426],[10.55957,46.08462],[10.55985,46.08486],[10.56012,46.0849],[10.56101,46.08491],[10.56132,46.08495]]},"properties":{"cls":"path"}},{"type":"Feature","geometry":{"type":"LineString","coordinates":[[10.52176,45.99983],[10.52198,45.99997],[10.52217,46.0002],[10.52248,46.00043],[10.52258,46.00062]]},"properties":{"cls":"path"}},{"type":"Feature","geometry":{"type":"LineString","coordinates":[[10.52666,45.99473],[10.52662,45.99469],[10.52653,45.99471],[10.52645,45.99478],[10.52641,45.99487],[10.52605,45.99519],[10.52594,45.9952],[10.52593,45.99518],[10.52614,45.99496],[10.52614,45.99454],[10.52608,45.99439],[10.52626,45.99422],[10.52641,45.994],[10.52681,45.99358],[10.5272,45.99296],[10.52744,45.99243],[10.5281,45.99192],[10.52815,45.99186],[10.52819,45.99161],[10.52825,45.9915],[10.52836,45.99142],[10.52855,45.99139],[10.52873,45.99126],[10.52894,45.99044],[10.52926,45.98981],[10.52934,45.98954],[10.52945,45.9894],[10.52976,45.98924],[10.53002,45.98924],[10.53031,45.98931],[10.53106,45.98964],[10.53125,45.98969],[10.53136,45.98978],[10.53202,45.98965],[10.53227,45.98968],[10.53251,45.98976],[10.53266,45.98976],[10.53285,45.98958],[10.53333,45.98932],[10.53343,45.9892],[10.53371,45.989],[10.53431,45.98869],[10.53452,45.98853],[10.53475,45.98822],[10.53503,45.98761],[10.53504,45.98745],[10.5349,45.9871],[10.53501,45.98684],[10.53503,45.98638],[10.53522,45.98617],[10.53522,45.98596],[10.53526,45.9859],[10.53551,45.98569],[10.53563,45.98492]]},"properties":{"cls":"track"}},{"type":"Feature","geometry":{"type":"LineString","coordinates":[[10.57121,46.01797],[10.57071,46.01803],[10.57014,46.01818],[10.56967,46.01854],[10.5694,46.01858],[10.56918,46.01856],[10.56898,46.0185],[10.56861,46.01848],[10.5684,46.0185],[10.56817,46.01861],[10.56788,46.01882],[10.56768,46.01918],[10.56744,46.01937],[10.56728,46.01962],[10.5668,46.01983],[10.56645,46.02006],[10.56593,46.02026],[10.56575,46.02048],[10.56558,46.0208],[10.56534,46.02096],[10.5648,46.02099],[10.56371,46.02116],[10.56318,46.02135]]},"properties":{"cls":"path"}},{"type":"Feature","geometry":{"type":"LineString","coordinates":[[10.50039,46.04095],[10.50055,46.04099],[10.50068,46.04099],[10.50076,46.04103],[10.50078,46.04111],[10.50062,46.04136],[10.50033,46.04153],[10.50024,46.04178],[10.50018,46.04185],[10.49935,46.04223],[10.49862,46.04244],[10.49841,46.04247]]},"properties":{"cls":"path"}},{"type":"Feature","geometry":{"type":"LineString","coordinates":[[10.5321,45.99003],[10.5321,45.98997],[10.53216,45.98986],[10.53165,45.98971]]},"properties":{"cls":"path"}},{"type":"Feature","geometry":{"type":"LineString","coordinates":[[10.55426,46.08069],[10.55431,46.08074]]},"properties":{"cls":"footway"}},{"type":"Feature","geometry":{"type":"LineString","coordinates":[[10.56132,46.08495],[10.56135,46.08523],[10.56135,46.08554],[10.56142,46.08565],[10.56139,46.08571],[10.56144,46.08618],[10.5614,46.08626],[10.56143,46.08644],[10.56154,46.08659],[10.56203,46.08683],[10.56228,46.08689],[10.56259,46.0871],[10.56299,46.08764],[10.56343,46.08809],[10.56357,46.08844],[10.56407,46.08889],[10.56416,46.08924],[10.56433,46.08932],[10.56451,46.08954],[10.56472,46.08984],[10.5648,46.09008],[10.56492,46.09052],[10.56495,46.09125],[10.56503,46.09143],[10.56507,46.09175],[10.56497,46.09197],[10.56502,46.09207],[10.56499,46.09255],[10.56504,46.09286],[10.56503,46.0931],[10.56478,46.09329],[10.56468,46.09333],[10.56471,46.0936],[10.56466,46.09375],[10.56472,46.09421],[10.5648,46.09445],[10.56485,46.0945],[10.56486,46.09461],[10.56472,46.09487],[10.56475,46.0952],[10.56483,46.09542],[10.56482,46.0955],[10.56487,46.09575],[10.56513,46.09599],[10.56513,46.09605],[10.56499,46.09616],[10.56496,46.09626],[10.56502,46.09636],[10.56504,46.09663],[10.56496,46.09676],[10.5651,46.09704]]},"properties":{"cls":"path"}},{"type":"Feature","geometry":{"type":"LineString","coordinates":[[10.52271,45.99842],[10.52286,45.99848],[10.52287,45.99857],[10.52292,45.99862],[10.52313,45.99865],[10.52328,45.99863],[10.52359,45.99849],[10.52369,45.9985],[10.52419,45.99843]]},"properties":{"cls":"path"}},{"type":"Feature","geometry":{"type":"LineString","coordinates":[[10.60002,46.0537],[10.59989,46.05353],[10.59945,46.05345],[10.59943,46.05325],[10.59964,46.05327]]},"properties":{"cls":"path"}},{"type":"Feature","geometry":{"type":"LineString","coordinates":[[10.59138,46.06762],[10.59131,46.06758],[10.59126,46.06744],[10.59125,46.06737],[10.59132,46.06739],[10.59134,46.06736],[10.59128,46.06722],[10.59137,46.0672],[10.59136,46.06715],[10.59144,46.06709],[10.59153,46.06713],[10.59157,46.0671],[10.5916,46.06703],[10.59154,46.06702],[10.59155,46.06699],[10.59166,46.06695],[10.59178,46.06682],[10.59174,46.06681],[10.59186,46.06672],[10.59188,46.06669],[10.59186,46.06665],[10.59191,46.06659],[10.59195,46.06659],[10.59194,46.06654],[10.59189,46.06652],[10.59193,46.06652],[10.59192,46.06648],[10.59199,46.06645],[10.59199,46.0664],[10.59217,46.06633],[10.59219,46.06628],[10.59226,46.06627],[10.59236,46.06632],[10.59244,46.06627],[10.59253,46.06629],[10.5926,46.06626],[10.59261,46.06621],[10.59269,46.06618],[10.5927,46.06612],[10.59266,46.0661],[10.59267,46.06608],[10.59279,46.06609],[10.59283,46.06605],[10.59289,46.06609],[10.5931,46.06608],[10.59312,46.06602],[10.59321,46.06598],[10.59335,46.06601],[10.59344,46.06597],[10.59346,46.06601],[10.59357,46.06593],[10.59364,46.06597],[10.59369,46.06594],[10.59384,46.06595],[10.59414,46.06582],[10.59422,46.06573],[10.5944,46.06575],[10.59452,46.06558],[10.59451,46.06553],[10.59444,46.06551],[10.59447,46.0654],[10.59457,46.06529],[10.59464,46.06528],[10.59473,46.06532],[10.59499,46.06527],[10.59508,46.06517],[10.59528,46.06509],[10.59526,46.06506],[10.59532,46.06502],[10.59528,46.065],[10.59528,46.06486],[10.59531,46.06469],[10.59537,46.0647],[10.59554,46.06464],[10.59562,46.06454],[10.59557,46.06452],[10.59563,46.06444],[10.5956,46.06441],[10.59572,46.06438],[10.59578,46.0644],[10.59582,46.06434],[10.59564,46.06426],[10.59556,46.06417],[10.59559,46.06412],[10.59569,46.06411],[10.5957,46.06406],[10.59576,46.06407],[10.59575,46.06404],[10.5959,46.06407],[10.59583,46.06404],[10.59585,46.06402],[10.59603,46.06409],[10.59603,46.06404],[10.59612,46.06404],[10.5962,46.064],[10.59617,46.06396],[10.59629,46.06393],[10.59633,46.06389],[10.5963,46.06387],[10.59642,46.06386],[10.59644,46.06385],[10.59641,46.06383],[10.59666,46.06377],[10.59662,46.06373],[10.59666,46.06372],[10.59661,46.06369],[10.59671,46.06365],[10.59666,46.06357],[10.59671,46.06354],[10.59669,46.06351],[10.59683,46.06341],[10.59676,46.06336],[10.59663,46.06334],[10.59659,46.06328],[10.59666,46.06308],[10.59661,46.063],[10.59654,46.06298],[10.59657,46.06294],[10.59653,46.06289],[10.59629,46.06283],[10.59629,46.06277],[10.59622,46.06274],[10.59633,46.06266],[10.59627,46.06262],[10.59635,46.06258],[10.59629,46.06248],[10.59633,46.06239],[10.59629,46.06238],[10.59638,46.06238],[10.59642,46.06235],[10.5964,46.06233],[10.59646,46.0621],[10.59643,46.06208],[10.59644,46.06202],[10.59641,46.0619],[10.59637,46.06187],[10.59641,46.06182],[10.59634,46.06178],[10.5962,46.06181],[10.59576,46.06155],[10.59584,46.06149],[10.59586,46.06143],[10.59571,46.06125],[10.59578,46.06119],[10.59565,46.06109],[10.59576,46.06103],[10.59582,46.06104],[10.59589,46.06084],[10.59569,46.06067],[10.59554,46.06048],[10.59538,46.06042],[10.59527,46.06028],[10.59535,46.06014],[10.59533,46.06009],[10.59538,46.06004],[10.59538,46.05997],[10.59544,46.05992],[10.59568,46.05993],[10.59603,46.06004],[10.5961,46.06001],[10.59631,46.06002],[10.59639,46.05997],[10.59643,46.05991],[10.59636,46.05982],[10.59637,46.05976],[10.59626,46.05971],[10.59628,46.0596],[10.59625,46.05957],[10.59629,46.05951],[10.59622,46.05944],[10.59619,46.05934],[10.59625,46.05932],[10.59621,46.05925],[10.59623,46.05909],[10.59617,46.05906],[10.59637,46.05894],[10.59637,46.05888]]},"properties":{"cls":"path"}},{"type":"Feature","geometry":{"type":"LineString","coordinates":[[10.51176,46.07796],[10.51209,46.07794],[10.51244,46.07801],[10.51257,46.07808]]},"properties":{"cls":"path"}},{"type":"Feature","geometry":{"type":"LineString","coordinates":[[10.56416,46.07645],[10.56379,46.07703],[10.56367,46.07714],[10.56361,46.07726],[10.56311,46.07764],[10.56297,46.0778],[10.56277,46.07794],[10.56262,46.07813],[10.56256,46.0783],[10.56241,46.07846],[10.56232,46.0787],[10.56227,46.07875],[10.56222,46.07886],[10.56213,46.07885],[10.56181,46.07911],[10.56188,46.07917],[10.56189,46.07927],[10.56181,46.07932],[10.56171,46.07927],[10.56161,46.07928],[10.5617,46.07956],[10.56167,46.07962],[10.56118,46.07976],[10.56106,46.07994],[10.56086,46.08008],[10.56031,46.08021],[10.56019,46.08036],[10.56024,46.08041],[10.56022,46.08051],[10.56025,46.08057],[10.5602,46.08076],[10.56008,46.08107],[10.56009,46.0812],[10.56006,46.08151],[10.5602,46.08182],[10.56019,46.08191],[10.56035,46.08217],[10.56047,46.08227],[10.56051,46.08268],[10.56074,46.08289]]},"properties":{"cls":"path"}},{"type":"Feature","geometry":{"type":"LineString","coordinates":[[10.52041,46.00047],[10.52056,46.00049],[10.52079,46.00033],[10.52102,45.99988],[10.52126,45.99999],[10.52123,45.99984],[10.52164,45.9999],[10.52176,45.99983],[10.5219,45.99966],[10.52159,45.99936],[10.52166,45.99928],[10.52169,45.99917],[10.52179,45.99909],[10.52201,45.99907],[10.52218,45.99912]]},"properties":{"cls":"path"}},{"type":"Feature","geometry":{"type":"LineString","coordinates":[[10.49682,46.08447],[10.49703,46.08473],[10.49698,46.08492],[10.49702,46.08512],[10.49697,46.08533],[10.49699,46.08546],[10.49704,46.08557],[10.49718,46.08568],[10.49725,46.0858],[10.49725,46.08594],[10.4973,46.08605],[10.49737,46.08612],[10.49742,46.0866],[10.49754,46.08678],[10.49756,46.08694],[10.49798,46.08734],[10.49814,46.08745],[10.49835,46.08778],[10.49913,46.08824],[10.49946,46.08857],[10.49999,46.08891],[10.50005,46.08904],[10.50022,46.08913],[10.50035,46.08932],[10.50048,46.08941],[10.50055,46.08959],[10.50069,46.08983],[10.50075,46.09031],[10.50085,46.09055],[10.50091,46.09067],[10.50109,46.09079],[10.50134,46.09119],[10.50154,46.09134],[10.50184,46.09143],[10.50222,46.09161],[10.50255,46.09189],[10.50269,46.09195],[10.50277,46.09206],[10.50275,46.09234],[10.50264,46.09263],[10.50265,46.09274],[10.5026,46.09282],[10.50259,46.09298],[10.5027,46.09324],[10.50269,46.09333],[10.50274,46.09336],[10.5028,46.09374],[10.50288,46.09394],[10.50318,46.09438],[10.50338,46.09478],[10.50346,46.09487],[10.50373,46.09503],[10.50379,46.09517],[10.50409,46.09541],[10.50412,46.09548],[10.50421,46.09548],[10.50432,46.09555],[10.50496,46.0958],[10.50542,46.09603],[10.50555,46.09604],[10.50583,46.09591],[10.506,46.09594],[10.50613,46.09593],[10.50619,46.09596],[10.50673,46.09631],[10.5069,46.09636],[10.50702,46.09652],[10.50726,46.09664],[10.50759,46.09704]]},"properties":{"cls":"path"}},{"type":"Feature","geometry":{"type":"LineString","coordinates":[[10.52966,45.98894],[10.52977,45.98905],[10.53047,45.98928],[10.5306,45.98943]]},"properties":{"cls":"path"}},{"type":"Feature","geometry":{"type":"LineString","coordinates":[[10.60009,46.07503],[10.59957,46.07482],[10.59946,46.07473],[10.5992,46.07471],[10.5988,46.07461],[10.59869,46.07462],[10.59834,46.07451],[10.59809,46.07437],[10.59809,46.07434],[10.59836,46.07433],[10.59834,46.07429],[10.59815,46.07423],[10.59805,46.07416],[10.59801,46.07415],[10.59799,46.0742],[10.59789,46.07407],[10.59774,46.07397],[10.5974,46.07387],[10.59719,46.07386],[10.59715,46.07383],[10.59681,46.07383],[10.59666,46.07379],[10.5968,46.0737],[10.59681,46.07366],[10.59667,46.07362],[10.59665,46.07357],[10.5966,46.07354],[10.59655,46.07357],[10.59633,46.07358],[10.59614,46.07366],[10.59595,46.07365],[10.59569,46.07373],[10.59561,46.0737],[10.59535,46.07378],[10.59539,46.07364],[10.59537,46.07358],[10.59597,46.07335],[10.59591,46.07327],[10.59587,46.0733],[10.59573,46.07328],[10.59571,46.07324],[10.59577,46.07323],[10.59579,46.07318],[10.59558,46.07316],[10.59558,46.07314],[10.59571,46.0731],[10.59572,46.07306],[10.59553,46.07304],[10.59558,46.07302],[10.59533,46.07296],[10.59478,46.07293],[10.59458,46.07289],[10.59463,46.07287],[10.59444,46.07287],[10.59419,46.07278],[10.59401,46.07279],[10.59347,46.07306],[10.59336,46.07304],[10.59324,46.07297],[10.59285,46.07302],[10.59279,46.07299],[10.59273,46.07286],[10.59274,46.0728],[10.59261,46.0729],[10.59254,46.07288],[10.59245,46.07296],[10.59237,46.07296],[10.59229,46.07288],[10.59226,46.07294],[10.59218,46.07296],[10.59213,46.07308],[10.59211,46.07306],[10.59202,46.07314],[10.59193,46.07311],[10.59182,46.07321],[10.59178,46.07336],[10.59169,46.07342],[10.59164,46.07359],[10.5916,46.07362],[10.59132,46.07352],[10.59116,46.07368],[10.59114,46.07356],[10.59103,46.07369],[10.59089,46.07361],[10.59086,46.07382],[10.59054,46.07368],[10.59052,46.07373],[10.59048,46.07374],[10.59013,46.07365],[10.59006,46.07366],[10.58994,46.07357],[10.58975,46.07364],[10.58954,46.07357],[10.58947,46.07362],[10.58944,46.07372],[10.5893,46.07372],[10.58929,46.07376],[10.58916,46.07379],[10.58884,46.07373],[10.58885,46.07377],[10.58872,46.07376],[10.58867,46.07372],[10.58835,46.07364],[10.58804,46.07368],[10.58781,46.07359],[10.58773,46.07351],[10.58757,46.07348],[10.58711,46.07351],[10.58694,46.07359],[10.58676,46.07359],[10.58651,46.07353],[10.5865,46.07356],[10.58638,46.07355],[10.58614,46.07345],[10.58612,46.07347],[10.58603,46.07339],[10.58586,46.0734],[10.58557,46.07308],[10.58553,46.07299],[10.58542,46.07318],[10.58528,46.07305],[10.58526,46.07312],[10.58516,46.07305],[10.58508,46.07317],[10.58504,46.07311],[10.58497,46.0731],[10.58497,46.07296],[10.58487,46.07295],[10.58492,46.07287],[10.58494,46.07288],[10.58488,46.07278],[10.58491,46.07239],[10.58474,46.07243],[10.58474,46.07235],[10.58461,46.07221],[10.58461,46.07213],[10.58449,46.07207],[10.58442,46.07208],[10.58435,46.07205],[10.5843,46.07194],[10.58431,46.07189],[10.58424,46.0718],[10.58427,46.07174],[10.58426,46.07167],[10.58432,46.07158],[10.58431,46.07156],[10.58436,46.07153]]},"properties":{"cls":"path"}},{"type":"Feature","geometry":{"type":"LineString","coordinates":[[10.60009,46.02383],[10.60003,46.02381]]},"properties":{"cls":"track"}},{"type":"Feature","geometry":{"type":"LineString","coordinates":[[10.54972,46.0277],[10.54999,46.02807],[10.55004,46.02829],[10.55039,46.0284],[10.55057,46.02841],[10.55115,46.02873],[10.55107,46.02898],[10.55109,46.02912],[10.55118,46.02926],[10.55124,46.02931],[10.55164,46.02929],[10.55186,46.02934],[10.55204,46.02932],[10.55218,46.02937],[10.55251,46.02974],[10.5527,46.02982],[10.55281,46.02995],[10.5528,46.03007],[10.55284,46.03019],[10.55294,46.03033],[10.55324,46.03045],[10.55359,46.03042],[10.55378,46.03049],[10.55389,46.03059],[10.55385,46.03083],[10.55411,46.03087],[10.55438,46.03104],[10.5546,46.0311],[10.55474,46.03118],[10.55497,46.03142],[10.55499,46.03152],[10.55507,46.03164],[10.55505,46.03178],[10.55532,46.03211],[10.55554,46.03233],[10.55556,46.03256],[10.5556,46.03265],[10.55578,46.03274],[10.55615,46.03312],[10.55635,46.03324],[10.55662,46.03328],[10.55681,46.03338],[10.5569,46.03349],[10.55724,46.03367],[10.55742,46.03392],[10.5579,46.03417],[10.55786,46.03422],[10.55793,46.03433],[10.55809,46.0344],[10.55822,46.0345],[10.55823,46.0346],[10.55878,46.03532],[10.55937,46.03574],[10.55975,46.03611],[10.56117,46.03733],[10.5623,46.03799],[10.56294,46.03824],[10.56306,46.03873],[10.56353,46.03892],[10.56464,46.0399],[10.56501,46.04003],[10.56534,46.0405],[10.56591,46.04087],[10.56636,46.04084],[10.56675,46.04119],[10.56697,46.04145],[10.56744,46.04166]]},"properties":{"cls":"path"}},{"type":"Feature","geometry":{"type":"LineString","coordinates":[[10.56253,46.08434],[10.56265,46.08438],[10.56272,46.08452],[10.56283,46.08457],[10.56307,46.08491],[10.5631,46.08519],[10.56322,46.0853],[10.56326,46.08538],[10.56323,46.08547],[10.56329,46.08553],[10.5633,46.08559],[10.56342,46.08571],[10.5634,46.08587],[10.56343,46.086],[10.56363,46.08619],[10.56393,46.08637],[10.56411,46.08642],[10.5643,46.08652],[10.56436,46.08662],[10.56457,46.08675],[10.56458,46.0868],[10.56477,46.08693],[10.56494,46.08715],[10.56494,46.08721],[10.565,46.08727],[10.56513,46.08732],[10.56534,46.0875],[10.56544,46.08774],[10.5655,46.08778],[10.5655,46.08785],[10.56571,46.08805],[10.56579,46.08816],[10.56585,46.08835],[10.56593,46.0884],[10.56597,46.08854],[10.56607,46.08868],[10.56608,46.08877],[10.5662,46.08885],[10.56626,46.08896],[10.56637,46.08904],[10.5664,46.08912],[10.5663,46.08931],[10.5663,46.0894],[10.56647,46.09008],[10.56651,46.09036],[10.56659,46.09054]]},"properties":{"cls":"path"}},{"type":"Feature","geometry":{"type":"LineString","coordinates":[[10.48687,46.08363],[10.48713,46.08374],[10.48726,46.08374],[10.48741,46.08362],[10.48756,46.08358],[10.48812,46.08345],[10.48819,46.0835],[10.48888,46.08326]]},"properties":{"cls":"path"}},{"type":"Feature","geometry":{"type":"LineString","coordinates":[[10.60009,46.05762],[10.60001,46.05768],[10.60001,46.05774],[10.59995,46.05775],[10.59989,46.05785],[10.59957,46.05807],[10.59955,46.05818],[10.59951,46.05819],[10.59949,46.05825],[10.59944,46.05825],[10.59939,46.05867],[10.59917,46.05879],[10.5989,46.05865],[10.59872,46.05851],[10.59862,46.0585],[10.59839,46.05863],[10.59836,46.05873],[10.5982,46.05892],[10.59789,46.05905],[10.59766,46.05903],[10.5974,46.05895],[10.5973,46.05898],[10.5967,46.05899],[10.59637,46.05888],[10.59603,46.05885],[10.59557,46.05857],[10.59546,46.05855],[10.59519,46.05868],[10.59511,46.05868],[10.59477,46.05853],[10.59469,46.05844],[10.5942,46.05831],[10.59377,46.05824],[10.59363,46.05827],[10.59355,46.05836],[10.59335,46.05839],[10.59329,46.05836],[10.59315,46.05841],[10.59298,46.05839],[10.59286,46.05848],[10.59273,46.05849],[10.59227,46.05824],[10.59225,46.0582],[10.59204,46.05816],[10.59186,46.05829],[10.59183,46.05836],[10.59165,46.05847],[10.59159,46.05861],[10.59151,46.05868],[10.59137,46.05873],[10.59125,46.05869],[10.59121,46.05876],[10.59106,46.05882],[10.59091,46.0588],[10.59063,46.05892],[10.59035,46.05891],[10.59016,46.05885],[10.58997,46.05889],[10.58974,46.05884],[10.58954,46.05891],[10.58939,46.05889],[10.58909,46.05896],[10.58882,46.05904],[10.58828,46.05928],[10.58812,46.05917],[10.58805,46.0592],[10.58791,46.05917],[10.58777,46.05921],[10.58779,46.05925],[10.58767,46.05924],[10.58757,46.05927],[10.58753,46.05932],[10.58744,46.05934],[10.58745,46.05938],[10.58735,46.05938],[10.5873,46.05941],[10.5873,46.05945],[10.58727,46.05949],[10.58714,46.05947],[10.58688,46.05954],[10.58685,46.05967],[10.58681,46.05968],[10.58682,46.05985],[10.58669,46.05989],[10.58667,46.05995],[10.58656,46.05998],[10.58655,46.06002],[10.58643,46.06002],[10.58639,46.06007],[10.58617,46.06018],[10.58557,46.06004],[10.58512,46.05983],[10.58502,46.05973],[10.58477,46.05968],[10.58459,46.05956],[10.58389,46.0595],[10.58373,46.05944],[10.58366,46.05937],[10.58351,46.05935],[10.58327,46.05923],[10.58322,46.05917],[10.58299,46.0592],[10.58286,46.0591],[10.5827,46.05905],[10.58219,46.05925],[10.58215,46.05931],[10.58199,46.05936],[10.58182,46.05936],[10.58167,46.05943],[10.58125,46.0594],[10.58108,46.05929],[10.58089,46.05927],[10.58067,46.05942],[10.58051,46.05941],[10.58043,46.05936],[10.58005,46.0594],[10.57974,46.05924],[10.57934,46.05921],[10.57925,46.05924],[10.57915,46.0592],[10.57901,46.05921],[10.57878,46.05946],[10.57868,46.05943],[10.57851,46.05922],[10.57837,46.05913],[10.57822,46.05911],[10.57813,46.059],[10.57814,46.05892],[10.578,46.05887],[10.57788,46.05877],[10.57772,46.05889],[10.57754,46.05897],[10.57711,46.05897],[10.57679,46.05883],[10.57669,46.05883],[10.57662,46.05889],[10.57638,46.05887],[10.57593,46.05868],[10.57596,46.05845],[10.57591,46.05837],[10.57575,46.05836],[10.57575,46.05826],[10.57552,46.05812],[10.5754,46.05792],[10.57512,46.05779]]},"properties":{"cls":"path"}},{"type":"Feature","geometry":{"type":"LineString","coordinates":[[10.47898,46.04346],[10.47952,46.04355],[10.47983,46.04344],[10.47999,46.04348],[10.48025,46.04345],[10.48044,46.0433],[10.48056,46.04311],[10.48076,46.04298],[10.48113,46.0429],[10.48123,46.04295],[10.48118,46.04301],[10.48098,46.04311],[10.48098,46.04321],[10.48136,46.0431],[10.48159,46.04309],[10.48174,46.04319],[10.48174,46.04338],[10.48204,46.04344],[10.48197,46.04371],[10.48196,46.04384]]},"properties":{"cls":"path"}},{"type":"Feature","geometry":{"type":"LineString","coordinates":[[10.56074,46.08289],[10.56103,46.0831],[10.56117,46.08311],[10.56168,46.0834],[10.56172,46.08346],[10.56194,46.08356],[10.56206,46.08357],[10.56217,46.0837],[10.56216,46.08386],[10.56227,46.08389],[10.56233,46.0841],[10.5624,46.08418],[10.56241,46.08428],[10.5625,46.08434]]},"properties":{"cls":"path"}},{"type":"Feature","geometry":{"type":"LineString","coordinates":[[10.50009,46.04118],[10.5,46.04119],[10.50001,46.04082],[10.49993,46.04062],[10.50011,46.04053],[10.50014,46.04049],[10.49994,46.04036],[10.49982,46.03984],[10.49961,46.03965],[10.49937,46.03954],[10.49915,46.03907],[10.49848,46.03878],[10.49775,46.03853],[10.49725,46.0381],[10.49677,46.03792]]},"properties":{"cls":"path"}},{"type":"Feature","geometry":{"type":"LineString","coordinates":[[10.51199,46.05176],[10.51225,46.05207],[10.51251,46.05229],[10.51267,46.05274],[10.51284,46.05294],[10.51288,46.05315],[10.51307,46.05333],[10.51306,46.05356],[10.51316,46.05371],[10.5131,46.054],[10.51303,46.05407],[10.51301,46.05418],[10.51312,46.0543],[10.51314,46.05437],[10.51309,46.05442]]},"properties":{"cls":"path"}},{"type":"Feature","geometry":{"type":"LineString","coordinates":[[10.56074,46.08289],[10.56049,46.08303],[10.56047,46.08333],[10.56069,46.08359]]},"properties":{"cls":"path"}},{"type":"Feature","geometry":{"type":"LineString","coordinates":[[10.47878,46.04346],[10.47898,46.04346],[10.47908,46.04349],[10.47911,46.04362],[10.47907,46.04368],[10.47876,46.04385]]},"properties":{"cls":"path"}},{"type":"Feature","geometry":{"type":"LineString","coordinates":[[10.51525,46.00915],[10.51543,46.00916],[10.51526,46.00928],[10.51526,46.00934],[10.51539,46.00949],[10.51549,46.00951],[10.51562,46.00946],[10.51574,46.00947],[10.51591,46.00958],[10.51589,46.00969],[10.51612,46.00971],[10.51608,46.00981],[10.51617,46.01002],[10.51615,46.01022],[10.5162,46.01025],[10.51639,46.01008],[10.5167,46.00996],[10.51682,46.00985],[10.51683,46.00997],[10.51688,46.01002],[10.517,46.01001],[10.51707,46.00991],[10.51714,46.00992],[10.51714,46.01049],[10.5172,46.01054],[10.51756,46.01038],[10.5178,46.01021],[10.5181,46.00984],[10.51821,46.00978],[10.51825,46.00987],[10.51825,46.00999],[10.51836,46.00999],[10.51846,46.00991],[10.51856,46.01003],[10.51849,46.01021],[10.5185,46.01027],[10.51861,46.01028],[10.51873,46.01025],[10.51878,46.01032],[10.51873,46.0104],[10.51881,46.01061],[10.51889,46.01058],[10.51891,46.01047],[10.51898,46.01046],[10.51906,46.01055],[10.51901,46.01071],[10.51901,46.01101],[10.51906,46.01116],[10.51929,46.01105],[10.51939,46.01109],[10.51941,46.01132],[10.51955,46.01147],[10.51976,46.01157],[10.5203,46.012],[10.52056,46.01231],[10.52093,46.01306],[10.52153,46.01308],[10.5221,46.01326],[10.52277,46.01371],[10.52295,46.01372],[10.52312,46.01378],[10.52317,46.01396],[10.52383,46.01447],[10.52462,46.01472],[10.52478,46.01469],[10.52566,46.01491],[10.5261,46.01513],[10.52645,46.01526],[10.52689,46.01534],[10.52714,46.01535],[10.52733,46.01574],[10.52781,46.0161],[10.52816,46.01614],[10.52853,46.01642],[10.52892,46.01655],[10.52932,46.01677],[10.53076,46.0171],[10.5308,46.01713],[10.53081,46.01722],[10.53111,46.01747],[10.53116,46.01767],[10.53137,46.01802],[10.53149,46.0181],[10.53208,46.01831],[10.5323,46.01843],[10.53249,46.01859],[10.53344,46.01898],[10.53378,46.0195],[10.53401,46.01972],[10.53418,46.01982],[10.53438,46.01985],[10.53456,46.01993],[10.53472,46.02009],[10.53518,46.02033],[10.53576,46.0204],[10.53647,46.02064],[10.53669,46.02076],[10.53672,46.02098],[10.53686,46.02099],[10.53774,46.0213],[10.5379,46.0214],[10.53795,46.02148],[10.53811,46.02152],[10.53832,46.02166],[10.53881,46.02183],[10.53965,46.02247],[10.53993,46.02239],[10.54016,46.02256],[10.54029,46.02253],[10.54042,46.02246],[10.54052,46.02235],[10.54045,46.02221],[10.54052,46.02213],[10.54073,46.02213],[10.54091,46.02217],[10.54101,46.02232],[10.54109,46.02254],[10.54099,46.02266],[10.54107,46.02277],[10.54198,46.02329],[10.54222,46.02337],[10.54255,46.02359],[10.54282,46.02362],[10.54316,46.02378],[10.54409,46.02384],[10.54439,46.02393],[10.54484,46.02429],[10.54493,46.02447],[10.54505,46.0246],[10.54529,46.02461],[10.54544,46.02475],[10.54558,46.02472],[10.54569,46.02474],[10.54572,46.02479],[10.54585,46.02478],[10.54601,46.02489],[10.54613,46.0249],[10.54626,46.02487],[10.54662,46.02518],[10.54675,46.02524],[10.54703,46.02556],[10.54766,46.02582],[10.54772,46.02606],[10.54801,46.0263],[10.54824,46.02641],[10.54843,46.02646],[10.54856,46.02641],[10.54898,46.02665],[10.5491,46.02674],[10.54912,46.02689],[10.54932,46.02703],[10.54949,46.02722],[10.54968,46.02757],[10.5498,46.02767],[10.54979,46.02768]]},"properties":{"cls":"path"}},{"type":"Feature","geometry":{"type":"LineString","coordinates":[[10.51223,46.00617],[10.5122,46.00606],[10.51171,46.00533],[10.51163,46.00493],[10.5115,46.00479],[10.51151,46.00471],[10.5116,46.00461],[10.51163,46.00453],[10.51159,46.00444],[10.5116,46.0039],[10.51156,46.0038],[10.51159,46.0037],[10.5115,46.0035],[10.51152,46.00324],[10.51166,46.00303],[10.51181,46.00297],[10.51223,46.00254],[10.51239,46.00245],[10.51257,46.00239],[10.51321,46.00243]]},"properties":{"cls":"track"}},{"type":"Feature","geometry":{"type":"LineString","coordinates":[[10.59669,45.98661],[10.59749,45.9867],[10.59765,45.98669],[10.59773,45.98665],[10.59776,45.98658],[10.59775,45.98651],[10.59757,45.98622],[10.59731,45.98595],[10.5973,45.98585],[10.59748,45.98576],[10.59775,45.98572],[10.59787,45.98574],[10.59816,45.98586],[10.59827,45.98587],[10.59836,45.98583],[10.59848,45.98573],[10.59852,45.98555],[10.59858,45.98549],[10.59877,45.9854],[10.5989,45.98529],[10.599,45.98506],[10.599,45.98492]]},"properties":{"cls":"track"}},{"type":"Feature","geometry":{"type":"LineString","coordinates":[[10.51215,46.00787],[10.51223,46.00778],[10.51234,46.00728],[10.51243,46.00643],[10.51223,46.00617]]},"properties":{"cls":"service"}},{"type":"Feature","geometry":{"type":"LineString","coordinates":[[10.56162,46.08473],[10.56157,46.08492]]},"properties":{"cls":"footway"}},{"type":"Feature","geometry":{"type":"LineString","coordinates":[[10.56221,46.08429],[10.56202,46.08415],[10.56187,46.08392],[10.56171,46.08384],[10.56143,46.08377],[10.5612,46.08375],[10.56111,46.08371],[10.56108,46.08367],[10.56038,46.08355],[10.55997,46.08355],[10.55908,46.08332],[10.55852,46.08337]]},"properties":{"cls":"path"}},{"type":"Feature","geometry":{"type":"LineString","coordinates":[[10.54112,46.07107],[10.54119,46.07107]]},"properties":{"cls":"footway"}},{"type":"Feature","geometry":{"type":"LineString","coordinates":[[10.59433,46.09704],[10.59438,46.09672],[10.59438,46.09642],[10.59384,46.09617]]},"properties":{"cls":"path"}},{"type":"Feature","geometry":{"type":"LineString","coordinates":[[10.51321,46.00243],[10.51354,46.00255],[10.51371,46.00256],[10.5138,46.00254],[10.51387,46.00247],[10.51425,46.00235],[10.51433,46.00229],[10.5145,46.00224],[10.51504,46.00167]]},"properties":{"cls":"track"}},{"type":"Feature","geometry":{"type":"LineString","coordinates":[[10.46997,46.06571],[10.47001,46.06555],[10.46997,46.06551]]},"properties":{"cls":"path"}},{"type":"Feature","geometry":{"type":"LineString","coordinates":[[10.46997,46.06547],[10.47002,46.06547],[10.47022,46.06529],[10.47035,46.06531],[10.47048,46.0653],[10.47053,46.06512],[10.47065,46.06498],[10.47077,46.06501],[10.47094,46.06497],[10.47104,46.06501],[10.47119,46.06498],[10.47142,46.06505],[10.47156,46.06505],[10.47179,46.065],[10.47182,46.06495],[10.47193,46.06493],[10.47198,46.06483],[10.47211,46.06476],[10.47247,46.06479],[10.47269,46.0649],[10.47276,46.06482],[10.47285,46.0648],[10.47296,46.06486],[10.47326,46.06495],[10.4734,46.06495],[10.47349,46.065],[10.47357,46.065],[10.47364,46.06493],[10.47388,46.06482],[10.47396,46.06482],[10.47425,46.065],[10.47435,46.06481],[10.47436,46.06465],[10.47448,46.06451],[10.47476,46.06442],[10.4749,46.06432],[10.47498,46.06399],[10.47524,46.0638]]},"properties":{"cls":"path"}},{"type":"Feature","geometry":{"type":"LineString","coordinates":[[10.49681,45.99992],[10.49704,46.00007],[10.49707,46.00014],[10.49716,46.00022],[10.49728,46.00027],[10.49754,46.00031]]},"properties":{"cls":"path"}},{"type":"Feature","geometry":{"type":"LineString","coordinates":[[10.54831,45.98492],[10.54815,45.98508],[10.54784,45.98525],[10.54715,45.98587],[10.54683,45.98631],[10.54644,45.98661],[10.54616,45.98671],[10.54597,45.98695]]},"properties":{"cls":"path"}},{"type":"Feature","geometry":{"type":"LineString","coordinates":[[10.59573,45.98492],[10.59585,45.98513],[10.59586,45.98521],[10.59612,45.98551],[10.59631,45.98622],[10.59627,45.98637],[10.59629,45.98652],[10.59637,45.98661]]},"properties":{"cls":"path"}},{"type":"Feature","geometry":{"type":"LineString","coordinates":[[10.59384,46.09617],[10.59371,46.09622],[10.59366,46.09612],[10.59359,46.09612],[10.59359,46.09608],[10.59349,46.09612],[10.59342,46.09607],[10.59335,46.09609],[10.59329,46.0962],[10.59334,46.09628],[10.59337,46.09646],[10.59322,46.09646],[10.59319,46.09639],[10.59307,46.09638],[10.59297,46.09643],[10.59301,46.09652],[10.59297,46.09653],[10.59289,46.09667],[10.59272,46.09667],[10.59268,46.0967],[10.59266,46.09667],[10.59261,46.09674],[10.59254,46.09671],[10.59251,46.09674],[10.59235,46.0966],[10.59235,46.09654],[10.59228,46.09653],[10.59229,46.09647],[10.59225,46.09648],[10.59184,46.09637],[10.5916,46.09634],[10.59147,46.09623],[10.59127,46.09615],[10.59117,46.09621],[10.59113,46.0962],[10.59108,46.09612],[10.59096,46.09606],[10.59092,46.096],[10.59088,46.09602],[10.59084,46.09596],[10.59063,46.09598],[10.59059,46.09591],[10.5905,46.0959],[10.59029,46.09593],[10.5902,46.09587],[10.59004,46.09583],[10.59004,46.09572],[10.58994,46.09561],[10.58984,46.09557],[10.58982,46.09552],[10.58968,46.09555],[10.58947,46.09544],[10.58924,46.0954],[10.58867,46.09535],[10.58841,46.09542],[10.58793,46.09532],[10.58769,46.09537],[10.58741,46.09537],[10.58725,46.09534],[10.58703,46.09544],[10.58684,46.09542],[10.58671,46.09534],[10.58661,46.09542],[10.58661,46.09545],[10.58651,46.09546],[10.58641,46.0954],[10.58641,46.09535],[10.5862,46.09523],[10.58609,46.09528],[10.58598,46.09526],[10.58583,46.09529],[10.58523,46.09519],[10.58454,46.09545],[10.58449,46.09554],[10.58424,46.09581],[10.5842,46.09591],[10.58411,46.09591],[10.5839,46.09581],[10.58376,46.09583],[10.58357,46.09574],[10.58336,46.0957],[10.58331,46.09571],[10.58328,46.09566],[10.58319,46.09564],[10.58311,46.09567],[10.583,46.0956],[10.58257,46.0956],[10.58252,46.09555],[10.58229,46.09553],[10.5821,46.09542],[10.5821,46.09537],[10.58188,46.09533],[10.58185,46.09527],[10.58152,46.09523],[10.5813,46.09515],[10.58116,46.09514],[10.58107,46.09508],[10.58101,46.09509],[10.58091,46.09515],[10.58083,46.0951],[10.58067,46.09508],[10.58058,46.09502],[10.58022,46.09497],[10.58023,46.09493],[10.58016,46.09488],[10.5801,46.09488],[10.58005,46.09483],[10.57979,46.09485],[10.57953,46.09493],[10.57937,46.09487],[10.57931,46.0949],[10.57918,46.09488],[10.57912,46.09492],[10.57901,46.09491],[10.57874,46.09477],[10.57868,46.09478],[10.57856,46.09485],[10.57836,46.09488],[10.57822,46.09472]]},"properties":{"cls":"path"}},{"type":"Feature","geometry":{"type":"LineString","coordinates":[[10.52197,45.99526],[10.52337,45.99586],[10.52353,45.99609],[10.52328,45.99652],[10.52309,45.99677],[10.52301,45.99676],[10.52298,45.99715],[10.5227,45.99749],[10.5227,45.9977],[10.52274,45.99779],[10.52312,45.99814],[10.523,45.99822],[10.523,45.99825]]},"properties":{"cls":"service"}},{"type":"Feature","geometry":{"type":"LineString","coordinates":[[10.49993,46.04062],[10.49972,46.04103],[10.49956,46.04124],[10.49927,46.04143],[10.49897,46.04157],[10.4984,46.04157],[10.49797,46.04144],[10.49771,46.04141],[10.49711,46.04144],[10.49638,46.04137],[10.49607,46.04115],[10.49591,46.0409],[10.49596,46.04066],[10.49592,46.04063],[10.49569,46.04061],[10.49546,46.04056],[10.49525,46.04041],[10.49492,46.04038],[10.49452,46.04019],[10.4943,46.04002],[10.49384,46.03977],[10.49306,46.03912]]},"properties":{"cls":"path"}},{"type":"Feature","geometry":{"type":"LineString","coordinates":[[10.59971,46.05498],[10.59975,46.05501]]},"properties":{"cls":"steps"}},{"type":"Feature","geometry":{"type":"LineString","coordinates":[[10.56238,46.08435],[10.56225,46.08431]]},"properties":{"cls":"steps"}},{"type":"Feature","geometry":{"type":"LineString","coordinates":[[10.59964,46.05327],[10.60003,46.05324],[10.60009,46.0532]]},"properties":{"cls":"path"}},{"type":"Feature","geometry":{"type":"LineString","coordinates":[[10.51506,46.0503],[10.51467,46.05039]]},"properties":{"cls":"steps"}},{"type":"Feature","geometry":{"type":"LineString","coordinates":[[10.52293,45.9972],[10.523,45.99723]]},"properties":{"cls":"service"}},{"type":"Feature","geometry":{"type":"LineString","coordinates":[[10.49741,46.07894],[10.49761,46.07896],[10.49799,46.0788],[10.4982,46.07882],[10.49823,46.07898],[10.4983,46.07904],[10.49825,46.07914],[10.49804,46.07932],[10.49781,46.07947],[10.49771,46.07964],[10.49743,46.07986],[10.49779,46.08005]]},"properties":{"cls":"path"}},{"type":"Feature","geometry":{"type":"LineString","coordinates":[[10.56221,46.08429],[10.56202,46.08432],[10.56195,46.08448],[10.56185,46.08457],[10.56175,46.08456],[10.56166,46.08464],[10.56162,46.08473]]},"properties":{"cls":"path"}},{"type":"Feature","geometry":{"type":"LineString","coordinates":[[10.50484,46.07774],[10.50515,46.07802],[10.50532,46.07832],[10.50571,46.07884]]},"properties":{"cls":"path"}},{"type":"Feature","geometry":{"type":"LineString","coordinates":[[10.60002,46.0537],[10.60001,46.05384],[10.59995,46.05394],[10.5997,46.05408],[10.59933,46.05447],[10.5993,46.05461],[10.59925,46.05467],[10.59926,46.05474],[10.59939,46.05477],[10.59941,46.05488],[10.59945,46.05491],[10.59944,46.05497],[10.5996,46.05498],[10.5997,46.05494],[10.59971,46.05498]]},"properties":{"cls":"path"}},{"type":"Feature","geometry":{"type":"LineString","coordinates":[[10.57506,46.06257],[10.575,46.06254],[10.57496,46.06248],[10.57489,46.06247],[10.57481,46.06249],[10.57478,46.06272],[10.57459,46.06267],[10.5745,46.06254],[10.57442,46.0625],[10.57438,46.06244],[10.57438,46.06238],[10.57416,46.06227],[10.57417,46.06222],[10.57415,46.06216],[10.57391,46.06192]]},"properties":{"cls":"path"}},{"type":"Feature","geometry":{"type":"LineString","coordinates":[[10.58436,46.07153],[10.58448,46.07147],[10.58458,46.07147],[10.58478,46.07138],[10.58485,46.0714],[10.58498,46.07136],[10.58532,46.07113],[10.58534,46.07107],[10.58542,46.07102],[10.58542,46.07097],[10.58548,46.07091],[10.58553,46.07092],[10.58572,46.07085],[10.58589,46.07069],[10.5861,46.07061],[10.58625,46.07061],[10.5863,46.07056],[10.58667,46.07043],[10.58688,46.07029],[10.58738,46.07021],[10.58766,46.07021],[10.58799,46.07014],[10.58812,46.07008],[10.58849,46.07004],[10.58854,46.06998],[10.58891,46.06981],[10.58925,46.0696],[10.58938,46.0695],[10.58939,46.06945],[10.58978,46.06927],[10.58978,46.06918],[10.58981,46.06916],[10.58978,46.06911],[10.59006,46.06888],[10.59021,46.06886],[10.59036,46.06878],[10.59051,46.06866],[10.59052,46.06859],[10.59067,46.06858],[10.59066,46.06855],[10.59086,46.06847],[10.59088,46.06843],[10.59105,46.06838],[10.59136,46.06819],[10.5914,46.06812],[10.59159,46.06807],[10.59168,46.06797],[10.59189,46.0679],[10.59197,46.06779],[10.59192,46.06772],[10.59184,46.06768],[10.59138,46.06762]]},"properties":{"cls":"path"}},{"type":"Feature","geometry":{"type":"LineString","coordinates":[[10.51475,46.00937],[10.51474,46.00942],[10.51456,46.00953],[10.51476,46.0097]]},"properties":{"cls":"service"}},{"type":"Feature","geometry":{"type":"LineString","coordinates":[[10.57656,46.01845],[10.57641,46.01848],[10.57623,46.01844],[10.5761,46.01846],[10.57592,46.01843],[10.57572,46.01851],[10.57561,46.01851],[10.57549,46.0185],[10.575,46.01835],[10.57464,46.01833],[10.57429,46.01838],[10.57336,46.01835],[10.5732,46.01819],[10.57279,46.0183],[10.57251,46.01819],[10.57241,46.01807],[10.57208,46.01796],[10.57171,46.01799],[10.57121,46.01797]]},"properties":{"cls":"path"}},{"type":"Feature","geometry":{"type":"LineString","coordinates":[[10.51863,46.01268],[10.51943,46.01292],[10.51997,46.01301],[10.52104,46.01348],[10.52221,46.01414],[10.52244,46.01416],[10.52272,46.01408],[10.52312,46.01378]]},"properties":{"cls":"path"}},{"type":"Feature","geometry":{"type":"LineString","coordinates":[[10.55079,45.98818],[10.55046,45.98817],[10.55,45.98821],[10.54859,45.98845],[10.54673,45.98923],[10.54559,45.98983],[10.54519,45.99001],[10.54493,45.99004],[10.54472,45.99018],[10.54444,45.99074],[10.54423,45.99097],[10.54402,45.99107],[10.5428,45.99184],[10.54242,45.99216],[10.54237,45.99234],[10.54245,45.99276],[10.54233,45.99298],[10.54217,45.9931],[10.54189,45.99343],[10.54163,45.99366],[10.5415,45.99384],[10.5408,45.99452],[10.54021,45.99492],[10.54004,45.99518],[10.54002,45.99535],[10.54033,45.99608],[10.54021,45.99618],[10.53974,45.99615],[10.53947,45.99625],[10.53934,45.99638],[10.53922,45.99672]]},"properties":{"cls":"track"}},{"type":"Feature","geometry":{"type":"LineString","coordinates":[[10.51204,46.03556],[10.51199,46.03573],[10.51171,46.03589],[10.51149,46.03607],[10.51121,46.03656],[10.51116,46.03674],[10.51116,46.0369],[10.51129,46.03697],[10.51139,46.03686],[10.51144,46.03687],[10.51175,46.03713],[10.51174,46.0372],[10.51191,46.03733],[10.51186,46.03746],[10.51169,46.03751],[10.51165,46.03767],[10.51138,46.03771],[10.51136,46.03779],[10.51161,46.03814],[10.51178,46.03825],[10.51197,46.03828],[10.51214,46.0382],[10.51226,46.03806],[10.5123,46.03787],[10.51244,46.03769],[10.51244,46.03758],[10.51262,46.03757],[10.51265,46.03752],[10.5125,46.03721],[10.51275,46.03701],[10.5127,46.0367],[10.51272,46.03635],[10.51282,46.03598],[10.51282,46.03593],[10.51276,46.03588]]},"properties":{"cls":"path"}},{"type":"Feature","geometry":{"type":"LineString","coordinates":[[10.48927,46.06175],[10.48917,46.06202],[10.489,46.06212],[10.48887,46.06229],[10.48893,46.06248],[10.48893,46.06261],[10.48906,46.06275],[10.48904,46.06292],[10.48927,46.06326],[10.48919,46.06333],[10.48921,46.06343],[10.48931,46.06361],[10.48928,46.06369],[10.4892,46.06371],[10.48929,46.06395],[10.48918,46.0641],[10.48922,46.06419],[10.48918,46.06435],[10.48921,46.06444],[10.48918,46.0645],[10.4892,46.06463],[10.48928,46.06476],[10.48931,46.06495],[10.48922,46.0652],[10.48927,46.06525],[10.48942,46.0653],[10.48962,46.06551],[10.48981,46.06561],[10.48982,46.06565],[10.49001,46.06571],[10.49013,46.06582],[10.4903,46.06601],[10.49029,46.06609],[10.49036,46.0662],[10.4903,46.0663],[10.49043,46.06647],[10.49044,46.0666],[10.4905,46.06663],[10.49051,46.0667],[10.4906,46.06681],[10.4909,46.06693],[10.49095,46.06699],[10.49089,46.06703],[10.49115,46.06719],[10.49128,46.0674],[10.49145,46.0675],[10.49188,46.06757],[10.49192,46.06763],[10.4926,46.068],[10.49304,46.06838],[10.49306,46.06862],[10.49287,46.06875],[10.49274,46.06878],[10.49286,46.06883],[10.49291,46.06911],[10.493,46.06924],[10.4929,46.06943],[10.49283,46.06947],[10.49282,46.0695],[10.49286,46.06951],[10.49274,46.06963],[10.49251,46.06971],[10.49262,46.06985],[10.49287,46.06991],[10.49292,46.07008],[10.49298,46.07018],[10.49287,46.07027],[10.49326,46.07056],[10.49319,46.07066],[10.49294,46.07085],[10.4928,46.07089],[10.49264,46.07099],[10.49278,46.07105],[10.49281,46.07111],[10.49277,46.07118],[10.49278,46.07122],[10.49258,46.07154],[10.49256,46.07176],[10.49227,46.07181],[10.49207,46.07196],[10.49185,46.072],[10.49207,46.0723],[10.49199,46.07247],[10.4918,46.07255],[10.49173,46.07249],[10.49165,46.07252],[10.49165,46.07258],[10.49157,46.07259],[10.49154,46.07269],[10.49146,46.07268],[10.4913,46.07285],[10.49128,46.07292],[10.49143,46.07302],[10.49136,46.07314],[10.49128,46.07338],[10.49117,46.0735],[10.49112,46.07366],[10.4906,46.07426],[10.49029,46.07435],[10.49015,46.07464],[10.49041,46.07479],[10.49029,46.07488],[10.49052,46.07492],[10.49099,46.07477],[10.4913,46.07476],[10.49152,46.0748],[10.49169,46.07512],[10.49183,46.07518],[10.49186,46.07532],[10.49177,46.07546],[10.49248,46.07551],[10.49264,46.07545],[10.49284,46.07553],[10.49297,46.07563],[10.49305,46.07581],[10.49306,46.076],[10.49328,46.07618],[10.49334,46.07638],[10.49358,46.07659],[10.49374,46.07665],[10.49392,46.0769],[10.494,46.07696],[10.49404,46.07709],[10.49396,46.07715],[10.49396,46.07729],[10.49409,46.07733],[10.49431,46.07727],[10.49438,46.07732],[10.49444,46.0774],[10.49445,46.07755],[10.49479,46.078],[10.49498,46.07809],[10.49558,46.07814],[10.49581,46.07808],[10.49613,46.07845],[10.49639,46.0785],[10.49672,46.07877],[10.49741,46.07894]]},"properties":{"cls":"path"}},{"type":"Feature","geometry":{"type":"LineString","coordinates":[[10.51259,46.00832],[10.51271,46.00829],[10.51286,46.00834],[10.51318,46.00862],[10.51324,46.00881]]},"properties":{"cls":"service"}},{"type":"Feature","geometry":{"type":"LineString","coordinates":[[10.58436,46.07153],[10.58435,46.07148],[10.58429,46.07149],[10.58431,46.07152],[10.5841,46.07147],[10.58405,46.07156],[10.58401,46.07157],[10.58406,46.07162],[10.584,46.07169],[10.58392,46.07169],[10.58387,46.07179],[10.58381,46.0718],[10.58375,46.07175],[10.58367,46.07186],[10.58369,46.07194],[10.58358,46.07196],[10.58361,46.07199],[10.58359,46.07206],[10.58348,46.07202],[10.58343,46.07206],[10.58347,46.07208],[10.5833,46.0721],[10.5833,46.07215],[10.58328,46.07216],[10.5833,46.0722],[10.58325,46.07218],[10.58324,46.07222],[10.58325,46.0723],[10.58315,46.07229],[10.58314,46.07245],[10.58298,46.07245],[10.58298,46.07248],[10.58292,46.0725],[10.58294,46.07258],[10.5828,46.07272],[10.58269,46.07277],[10.58269,46.07281],[10.58259,46.07285],[10.58259,46.07282],[10.58244,46.07293],[10.58235,46.07294],[10.58233,46.07299],[10.58239,46.07298],[10.58238,46.07304],[10.58218,46.07305],[10.58215,46.07307],[10.58221,46.0731],[10.58176,46.07321],[10.58176,46.07326],[10.58179,46.07329],[10.58165,46.07344],[10.58156,46.07347],[10.58148,46.07358],[10.58151,46.07364],[10.5814,46.07381],[10.58146,46.07384],[10.58143,46.07388],[10.58133,46.07386],[10.58123,46.0739],[10.58119,46.07394],[10.58113,46.07393],[10.58106,46.07401],[10.58098,46.07419],[10.58101,46.07426],[10.58094,46.07431],[10.58084,46.07431],[10.58076,46.0744],[10.58065,46.0744],[10.58059,46.07449],[10.58051,46.07451],[10.58045,46.0746],[10.58024,46.07475],[10.58007,46.0748],[10.58011,46.07487],[10.57985,46.0749],[10.57973,46.07502],[10.5796,46.07509],[10.57949,46.07523],[10.57921,46.07538],[10.57928,46.07541],[10.5791,46.07552],[10.57905,46.07551],[10.57903,46.07555],[10.57892,46.07558],[10.57882,46.07555],[10.5787,46.0756],[10.57872,46.07562],[10.5786,46.0757],[10.57859,46.07576],[10.57842,46.07572],[10.57833,46.07586],[10.57831,46.07597],[10.57834,46.07601],[10.57827,46.07606],[10.5783,46.07613],[10.57821,46.07621],[10.57822,46.07628],[10.57817,46.07632],[10.57816,46.07638],[10.57814,46.07639],[10.57813,46.07636],[10.57796,46.07637],[10.57781,46.07648],[10.57761,46.07656],[10.57759,46.0766],[10.57747,46.07661],[10.57731,46.07655],[10.57725,46.07655],[10.57719,46.07662],[10.57691,46.07675],[10.5768,46.07671],[10.5766,46.07682],[10.57646,46.07684],[10.57642,46.07699],[10.57629,46.07697],[10.57622,46.07704],[10.57619,46.07713],[10.57611,46.07714],[10.5761,46.07711],[10.57583,46.07725],[10.57574,46.07727],[10.57544,46.07758],[10.57542,46.07767],[10.57533,46.0777],[10.57531,46.07765],[10.57509,46.07762],[10.5749,46.07765],[10.57489,46.07762],[10.57479,46.07766],[10.57447,46.07769],[10.57439,46.07767],[10.57418,46.07772],[10.57413,46.07768],[10.57397,46.07767],[10.57385,46.07774],[10.57385,46.07766],[10.5738,46.07762],[10.57372,46.07762],[10.5736,46.0777],[10.57351,46.07772],[10.5735,46.07776],[10.57336,46.07774],[10.57331,46.07778],[10.57314,46.0778],[10.57286,46.07788],[10.57287,46.07786],[10.57281,46.0778],[10.57272,46.07756],[10.57241,46.07765],[10.57224,46.0776],[10.57208,46.07766],[10.57192,46.07764],[10.57177,46.0777],[10.5717,46.07767],[10.57146,46.07767],[10.57141,46.07763],[10.57137,46.07766],[10.57134,46.0776],[10.57122,46.07763],[10.57114,46.07762],[10.57105,46.07767],[10.57096,46.07765],[10.57085,46.07768],[10.57069,46.07764],[10.57054,46.07767],[10.57051,46.07764],[10.57038,46.07764],[10.57035,46.07769],[10.57022,46.0777],[10.57014,46.07767],[10.57007,46.07769],[10.5699,46.07763],[10.56975,46.07762],[10.56963,46.07769],[10.56962,46.07774],[10.56944,46.07772],[10.56943,46.07776],[10.56919,46.07789],[10.56911,46.07797],[10.56911,46.07803],[10.56899,46.07812],[10.56872,46.0781],[10.56864,46.07804],[10.56863,46.07808],[10.56855,46.07799],[10.56848,46.07798],[10.56798,46.0781],[10.56791,46.07803],[10.56784,46.07805],[10.56763,46.07798],[10.5676,46.07793],[10.56757,46.07796],[10.56749,46.0779],[10.56737,46.07792],[10.56723,46.07788],[10.56714,46.07794],[10.56704,46.07785],[10.56687,46.0778],[10.56677,46.07771],[10.56662,46.07764],[10.56636,46.07759],[10.56594,46.07759],[10.5658,46.07756],[10.56565,46.07746],[10.56547,46.07746],[10.5654,46.07742],[10.56539,46.07734],[10.56546,46.07726],[10.56543,46.07695],[10.56533,46.07683],[10.56522,46.0768],[10.56511,46.0767],[10.56513,46.07657],[10.56507,46.07635],[10.56503,46.07629],[10.56497,46.07626],[10.56489,46.07623],[10.56482,46.07629],[10.5647,46.07627],[10.56455,46.0763],[10.5645,46.07635],[10.56431,46.07638],[10.56434,46.07641],[10.56427,46.07638],[10.56426,46.07642],[10.56416,46.07645]]},"properties":{"cls":"path"}},{"type":"Feature","geometry":{"type":"LineString","coordinates":[[10.48264,46.04277],[10.48268,46.04282],[10.4827,46.04294],[10.48278,46.04315],[10.48278,46.04323],[10.48269,46.04336],[10.48253,46.04346],[10.48245,46.04357],[10.48219,46.04368],[10.48216,46.04384],[10.48208,46.04389],[10.48196,46.04384],[10.48183,46.04389],[10.48163,46.04407],[10.48152,46.04425],[10.48135,46.04426],[10.48123,46.04439],[10.48125,46.04454],[10.48106,46.04477],[10.481,46.04497],[10.48097,46.0454],[10.48085,46.04549],[10.48073,46.04567],[10.48058,46.0458],[10.48073,46.04579],[10.48134,46.04559],[10.48165,46.04557],[10.48167,46.04569],[10.48171,46.04574],[10.48167,46.04578],[10.4817,46.04587],[10.4819,46.04626],[10.48206,46.04637],[10.48234,46.04643],[10.48273,46.04662],[10.48254,46.04637],[10.48244,46.04631],[10.48241,46.04625],[10.4824,46.04596],[10.48262,46.04579]]},"properties":{"cls":"path"}},{"type":"Feature","geometry":{"type":"LineString","coordinates":[[10.54098,46.07108],[10.54106,46.07108]]},"properties":{"cls":"footway"}},{"type":"Feature","geometry":{"type":"LineString","coordinates":[[10.51053,46.05053],[10.51045,46.05043]]},"properties":{"cls":"service"}},{"type":"Feature","geometry":{"type":"LineString","coordinates":[[10.48888,46.08326],[10.48911,46.08311],[10.48922,46.08323],[10.48928,46.08324],[10.48927,46.08307],[10.48932,46.08304],[10.48954,46.08305],[10.48965,46.08289],[10.48966,46.08298],[10.48972,46.083],[10.48977,46.08275],[10.4898,46.08272],[10.48991,46.08274],[10.48996,46.08268],[10.49003,46.0827],[10.49009,46.08266],[10.49007,46.08273],[10.49016,46.08281],[10.49018,46.08277],[10.49025,46.08283],[10.49023,46.0827],[10.49029,46.08277],[10.49041,46.08266],[10.49046,46.08272],[10.49038,46.08288],[10.4904,46.08323],[10.49045,46.08333],[10.49051,46.08323],[10.49057,46.08338],[10.49064,46.08326],[10.49057,46.08294],[10.49067,46.08283],[10.49085,46.08272],[10.49079,46.08289],[10.49084,46.08291],[10.49108,46.08276],[10.49109,46.08284],[10.49104,46.08291],[10.4911,46.08305],[10.49115,46.08294],[10.49131,46.08287],[10.49158,46.08269],[10.49188,46.08265],[10.49189,46.08272],[10.49204,46.08272],[10.49198,46.08285],[10.49171,46.08319],[10.49172,46.0833],[10.49167,46.08334],[10.49169,46.08362],[10.49182,46.08351],[10.49198,46.08345],[10.49204,46.08326],[10.49209,46.08336],[10.49214,46.08322],[10.49226,46.08312],[10.49246,46.08308],[10.49264,46.083],[10.49247,46.08326],[10.49255,46.08343],[10.49263,46.08343],[10.49264,46.08333],[10.49277,46.08324],[10.49286,46.08338],[10.49317,46.08314],[10.49322,46.08319],[10.49319,46.08328],[10.49338,46.08317],[10.49338,46.08325],[10.49343,46.08326],[10.49341,46.0834],[10.49377,46.08381],[10.49376,46.08386],[10.49371,46.08391],[10.49373,46.08396],[10.49389,46.08404],[10.49387,46.08413],[10.49378,46.08428],[10.49383,46.08435],[10.49406,46.08431],[10.49409,46.08437],[10.49417,46.08436],[10.49428,46.08431],[10.49418,46.08447],[10.49421,46.08454],[10.49419,46.08462],[10.49408,46.08468],[10.49417,46.08473],[10.4943,46.08473],[10.49452,46.08468],[10.4945,46.08488],[10.49468,46.08499],[10.49481,46.08493],[10.4949,46.08493],[10.49499,46.08515],[10.49509,46.08505],[10.49513,46.08511],[10.49528,46.08496],[10.49529,46.08486],[10.49519,46.08478],[10.49503,46.08423],[10.49504,46.0842],[10.4952,46.08411],[10.49521,46.08378],[10.49528,46.08369],[10.49556,46.08367],[10.49569,46.0837],[10.49618,46.08404],[10.49626,46.08416],[10.49682,46.08447]]},"properties":{"cls":"path"}},{"type":"Feature","geometry":{"type":"LineString","coordinates":[[10.54049,46.0708],[10.54067,46.0709],[10.5408,46.07104]]},"properties":{"cls":"path"}},{"type":"Feature","geometry":{"type":"LineString","coordinates":[[10.59975,46.05501],[10.59986,46.05495],[10.5999,46.05495],[10.60009,46.05522]]},"properties":{"cls":"path"}},{"type":"Feature","geometry":{"type":"LineString","coordinates":[[10.60009,46.05546],[10.60005,46.05546],[10.60004,46.05552],[10.59998,46.05553],[10.59997,46.05563],[10.59992,46.05566],[10.59981,46.05564],[10.59985,46.05573],[10.5999,46.05576],[10.59971,46.05581],[10.59974,46.05588],[10.59963,46.05592],[10.59952,46.05601],[10.5996,46.05607],[10.59988,46.05617],[10.60002,46.05631],[10.60009,46.05645]]},"properties":{"cls":"path"}},{"type":"Feature","geometry":{"type":"LineString","coordinates":[[10.60009,46.05645],[10.59991,46.05652],[10.59989,46.05659],[10.59993,46.05677],[10.60009,46.05685]]},"properties":{"cls":"path"}},{"type":"Feature","geometry":{"type":"LineString","coordinates":[[10.51355,46.05318],[10.51346,46.05309],[10.51328,46.05278],[10.51314,46.05242],[10.51296,46.05218],[10.51276,46.05206],[10.51241,46.05191],[10.51197,46.05142],[10.51192,46.05139],[10.51185,46.05141],[10.51184,46.05149],[10.51202,46.05171],[10.51199,46.05176]]},"properties":{"cls":"service"}},{"type":"Feature","geometry":{"type":"LineString","coordinates":[[10.5629,46.01196],[10.56323,46.01204],[10.56334,46.01222],[10.56352,46.01233],[10.56367,46.01255],[10.56428,46.01275],[10.56493,46.0127],[10.56579,46.01257],[10.56622,46.01257],[10.56677,46.01277],[10.56747,46.01311],[10.56757,46.01343],[10.56802,46.01384],[10.56835,46.01406],[10.5688,46.01416],[10.5695,46.0144],[10.56983,46.01459],[10.57061,46.01522],[10.57101,46.0155],[10.57103,46.01587],[10.57093,46.01632],[10.57056,46.01653],[10.57037,46.01705],[10.57058,46.01726],[10.57101,46.01755],[10.57121,46.01797]]},"properties":{"cls":"path"}},{"type":"Feature","geometry":{"type":"LineString","coordinates":[[10.50582,46.05766],[10.50572,46.05773],[10.50546,46.05805],[10.50517,46.05819],[10.50487,46.05853],[10.50448,46.05871],[10.50432,46.05877],[10.50413,46.05871],[10.50375,46.05871],[10.5036,46.0588],[10.50246,46.05903],[10.50206,46.05921],[10.50198,46.05929],[10.50145,46.05959],[10.50134,46.05975],[10.50129,46.0599],[10.50119,46.05998],[10.50144,46.06017],[10.50145,46.06032],[10.50162,46.06052],[10.50206,46.06065],[10.50236,46.06064],[10.50244,46.0607],[10.50232,46.06076],[10.50221,46.06089],[10.50143,46.06138]]},"properties":{"cls":"path"}},{"type":"Feature","geometry":{"type":"LineString","coordinates":[[10.51092,46.04791],[10.51065,46.04784]]},"properties":{"cls":"service"}},{"type":"Feature","geometry":{"type":"LineString","coordinates":[[10.5106,46.01035],[10.51057,46.01003],[10.51053,46.00993],[10.51023,46.00973]]},"properties":{"cls":"track"}},{"type":"Feature","geometry":{"type":"LineString","coordinates":[[10.5408,46.07104],[10.54091,46.07109],[10.54098,46.07108]]},"properties":{"cls":"path"}},{"type":"Feature","geometry":{"type":"LineString","coordinates":[[10.60009,46.05374],[10.60002,46.0537]]},"properties":{"cls":"path"}},{"type":"Feature","geometry":{"type":"LineString","coordinates":[[10.50931,46.06825],[10.50963,46.06837],[10.51014,46.06835],[10.51058,46.06847],[10.51062,46.06854],[10.51065,46.06877],[10.51074,46.06888],[10.51072,46.06893],[10.51077,46.06895],[10.51077,46.06903],[10.51099,46.06931],[10.51098,46.06939],[10.51103,46.06947],[10.51111,46.0695],[10.51116,46.06956],[10.51113,46.06979],[10.51089,46.06981],[10.51062,46.06996],[10.51056,46.06993],[10.51045,46.06998],[10.51043,46.07006],[10.51029,46.07007],[10.51017,46.07014],[10.50999,46.07018],[10.5099,46.07023],[10.50987,46.07029],[10.5094,46.07049],[10.50923,46.07047],[10.50918,46.07042],[10.50908,46.07045],[10.50895,46.07067],[10.5087,46.07084],[10.50842,46.07113],[10.50833,46.07116],[10.50825,46.07113],[10.50799,46.07124],[10.50776,46.07121],[10.50764,46.07125],[10.50751,46.07133],[10.50737,46.07149],[10.50736,46.07159],[10.50743,46.07176],[10.50753,46.07182],[10.50751,46.0719],[10.50717,46.07214],[10.50713,46.07225],[10.507,46.07234],[10.5069,46.07251],[10.50702,46.07261],[10.50744,46.07266],[10.50796,46.0726],[10.50881,46.07234],[10.50925,46.07232],[10.50929,46.07238],[10.50949,46.07236],[10.50954,46.07241],[10.50947,46.07254],[10.50932,46.07271],[10.50918,46.0731],[10.50898,46.07341],[10.5087,46.07373],[10.50858,46.07402]]},"properties":{"cls":"path"}},{"type":"Feature","geometry":{"type":"LineString","coordinates":[[10.54081,46.07162],[10.54092,46.07168]]},"properties":{"cls":"footway"}},{"type":"Feature","geometry":{"type":"LineString","coordinates":[[10.48241,46.04601],[10.48243,46.04597],[10.48256,46.04592],[10.48278,46.04588]]},"properties":{"cls":"path"}},{"type":"Feature","geometry":{"type":"LineString","coordinates":[[10.49982,46.03984],[10.49968,46.03961],[10.49968,46.03954],[10.49987,46.03957],[10.50017,46.03975],[10.50043,46.03995],[10.50088,46.03994]]},"properties":{"cls":"path"}},{"type":"Feature","geometry":{"type":"LineString","coordinates":[[10.5134,46.03261],[10.51348,46.03253],[10.51356,46.03251],[10.51373,46.03256],[10.51387,46.03255],[10.51401,46.03247],[10.51413,46.03247],[10.51428,46.0324]]},"properties":{"cls":"path"}},{"type":"Feature","geometry":{"type":"LineString","coordinates":[[10.51361,46.05287],[10.51369,46.0529],[10.51383,46.05304],[10.51381,46.05315]]},"properties":{"cls":"tertiary"}},{"type":"Feature","geometry":{"type":"LineString","coordinates":[[10.52962,45.98492],[10.52972,45.98493]]},"properties":{"cls":"path"}},{"type":"Feature","geometry":{"type":"LineString","coordinates":[[10.54092,46.07168],[10.54102,46.07182],[10.54138,46.07184],[10.54161,46.07197],[10.54221,46.07258],[10.54294,46.07313],[10.54316,46.07313],[10.54326,46.07317],[10.54364,46.07335],[10.54368,46.07343],[10.54411,46.07363],[10.54423,46.07392],[10.54452,46.07423],[10.54491,46.07436],[10.54537,46.07478],[10.54552,46.07482],[10.54567,46.07503],[10.54577,46.07539],[10.54589,46.07548],[10.54636,46.07561],[10.5465,46.07574],[10.54673,46.07636],[10.54683,46.07641],[10.5471,46.07638],[10.54788,46.07661],[10.54813,46.07682],[10.54815,46.07698],[10.54862,46.07725],[10.54886,46.07714],[10.54906,46.07718],[10.54937,46.07743],[10.54977,46.07757],[10.55,46.07775],[10.55028,46.07813]]},"properties":{"cls":"path"}},{"type":"Feature","geometry":{"type":"LineString","coordinates":[[10.60009,46.02472],[10.59915,46.02489],[10.59906,46.02496],[10.59899,46.02508],[10.59862,46.02512],[10.5986,46.02517],[10.59847,46.02525],[10.59847,46.02531],[10.59823,46.02553],[10.59815,46.0257],[10.59815,46.02581],[10.59809,46.02596],[10.59812,46.02611],[10.59777,46.0263],[10.59737,46.02634],[10.59719,46.0264],[10.5969,46.02635],[10.59654,46.02635],[10.5962,46.02642],[10.59613,46.02655],[10.59585,46.02663],[10.59573,46.02646],[10.59561,46.02641],[10.59548,46.0265],[10.59517,46.02648],[10.59492,46.02656],[10.59481,46.02654],[10.59467,46.02645],[10.59436,46.02649],[10.59421,46.02666],[10.59401,46.02707],[10.59416,46.02714],[10.59432,46.02715],[10.59413,46.02753],[10.59414,46.02768],[10.5943,46.02782],[10.59418,46.02794],[10.59463,46.02806],[10.59436,46.02823],[10.59428,46.02846],[10.59467,46.02863],[10.59469,46.02874],[10.59487,46.02881],[10.59416,46.02946],[10.59447,46.02945],[10.59479,46.02951],[10.59442,46.03009],[10.59413,46.0302],[10.59385,46.03041],[10.59365,46.03063],[10.59335,46.03066],[10.59297,46.03084],[10.59304,46.03103],[10.59322,46.03106],[10.59308,46.0317],[10.59259,46.03253],[10.59226,46.03286],[10.5919,46.03311],[10.59199,46.03328],[10.59194,46.03385],[10.59104,46.03424],[10.59049,46.0343],[10.59043,46.03442],[10.59069,46.03463],[10.59088,46.03506],[10.59066,46.03517],[10.59065,46.03537],[10.59046,46.03555],[10.59024,46.03583],[10.58994,46.03581],[10.58969,46.03592],[10.58941,46.03586],[10.58934,46.036],[10.5894,46.03613],[10.58902,46.03622],[10.58891,46.03641],[10.58895,46.03659],[10.58809,46.03683],[10.58774,46.03668],[10.58727,46.03664],[10.58695,46.03635],[10.58601,46.03606],[10.58568,46.03576],[10.58554,46.03584],[10.58449,46.03546],[10.58439,46.03529],[10.58419,46.03515],[10.58411,46.03498],[10.58301,46.03457],[10.58254,46.03451],[10.58209,46.03416],[10.58145,46.03414],[10.58039,46.03486],[10.58018,46.03507],[10.57988,46.03508],[10.57959,46.03524],[10.57931,46.0357],[10.57893,46.03603],[10.57839,46.03606],[10.57759,46.03618],[10.57698,46.03618],[10.57685,46.03659],[10.57663,46.03682],[10.57639,46.03749],[10.57607,46.03777],[10.57604,46.03787],[10.57549,46.03786],[10.57541,46.03777],[10.57524,46.03786],[10.57516,46.03796],[10.57502,46.03801],[10.57497,46.03824],[10.57503,46.03835],[10.57497,46.03842],[10.57509,46.03856],[10.57512,46.03868],[10.57525,46.03872],[10.57569,46.03913],[10.57553,46.03924],[10.57533,46.03922],[10.57511,46.03943],[10.57499,46.03943],[10.57463,46.03968],[10.57457,46.03987],[10.57425,46.03997],[10.57373,46.03982],[10.5732,46.03981],[10.57319,46.04003],[10.57257,46.03985],[10.57196,46.03977],[10.57163,46.03984],[10.57128,46.03974],[10.5711,46.03955]]},"properties":{"cls":"path"}},{"type":"Feature","geometry":{"type":"LineString","coordinates":[[10.56598,45.98492],[10.56652,45.98547],[10.5671,45.98614],[10.56804,45.98697],[10.56912,45.98785],[10.57036,45.989],[10.57059,45.98964],[10.5709,45.98972],[10.57122,45.9899],[10.5709,45.99036],[10.57107,45.99141],[10.571,45.99157]]},"properties":{"cls":"track"}},{"type":"Feature","geometry":{"type":"LineString","coordinates":[[10.50975,46.04705],[10.51008,46.04721],[10.51041,46.04746],[10.51065,46.04751],[10.51092,46.04761],[10.5112,46.04761],[10.51129,46.04758],[10.51141,46.04746]]},"properties":{"cls":"service"}},{"type":"Feature","geometry":{"type":"LineString","coordinates":[[10.59964,46.05327],[10.59982,46.05317],[10.59987,46.05309],[10.59987,46.05297],[10.59971,46.05303],[10.59966,46.05302],[10.59963,46.05285],[10.59957,46.05273],[10.59971,46.0526],[10.59969,46.05258],[10.59971,46.05254],[10.59987,46.05245],[10.59993,46.05224],[10.59984,46.05206],[10.59974,46.05197],[10.5997,46.05198],[10.59965,46.05193],[10.59971,46.05183],[10.59977,46.0516],[10.59969,46.0514],[10.59971,46.05119],[10.59954,46.05103],[10.59959,46.05087],[10.59953,46.0508],[10.59948,46.05063],[10.59941,46.05065],[10.59939,46.05058],[10.59941,46.05049],[10.59927,46.05052],[10.59925,46.0502],[10.59934,46.05007],[10.59922,46.05005],[10.59903,46.04995],[10.59895,46.0499],[10.59894,46.04974],[10.5989,46.04971],[10.59885,46.04972],[10.59883,46.0497],[10.59888,46.04961],[10.59884,46.04955],[10.59899,46.04932],[10.5989,46.04932],[10.59891,46.04909],[10.5986,46.04921],[10.59857,46.04919],[10.5987,46.049],[10.59865,46.04888],[10.59871,46.04869],[10.59862,46.04852],[10.59817,46.04889],[10.59818,46.04869],[10.59771,46.04881],[10.59736,46.04907],[10.59734,46.04918],[10.59741,46.04939],[10.59737,46.04945],[10.59739,46.04958],[10.59735,46.04967],[10.59703,46.04993],[10.59685,46.05012],[10.59666,46.05044],[10.59668,46.05054],[10.59663,46.05059],[10.5964,46.05069],[10.59617,46.05083],[10.59572,46.05117],[10.5956,46.05082],[10.59556,46.05082],[10.59528,46.05097],[10.59507,46.05124],[10.59495,46.05129],[10.59491,46.05126],[10.59484,46.05128],[10.59453,46.05151],[10.59445,46.05152],[10.5941,46.05142],[10.59391,46.05143],[10.59371,46.0514],[10.59349,46.05125],[10.59345,46.0513],[10.59341,46.0513],[10.59313,46.05117],[10.59281,46.05095],[10.59249,46.0509],[10.59245,46.05085],[10.59204,46.05073],[10.59193,46.05073],[10.59183,46.05063],[10.59181,46.05065],[10.59176,46.0506],[10.59164,46.0506],[10.59142,46.05051],[10.59131,46.05053],[10.59127,46.05049],[10.5912,46.05049],[10.59112,46.05038],[10.59087,46.0502],[10.59082,46.05008],[10.59075,46.05005],[10.59044,46.04975],[10.59024,46.04963],[10.59017,46.04953],[10.59,46.04951],[10.58975,46.04939],[10.58937,46.04928],[10.58917,46.04917],[10.58911,46.04907],[10.58837,46.04862],[10.58809,46.04863]]},"properties":{"cls":"path"}},{"type":"Feature","geometry":{"type":"LineString","coordinates":[[10.51441,46.03244],[10.51447,46.03243],[10.51452,46.03233],[10.51461,46.03231]]},"properties":{"cls":"path"}},{"type":"Feature","geometry":{"type":"LineString","coordinates":[[10.571,45.99157],[10.57095,45.9916],[10.57091,45.99179],[10.57063,45.99222],[10.57062,45.99258],[10.57053,45.9928],[10.57047,45.99289],[10.5704,45.99292],[10.57028,45.99292],[10.57011,45.99287],[10.56973,45.99263],[10.56943,45.99254]]},"properties":{"cls":"track"}},{"type":"Feature","geometry":{"type":"LineString","coordinates":[[10.51297,46.0328],[10.51316,46.03276],[10.5134,46.03261]]},"properties":{"cls":"service"}},{"type":"Feature","geometry":{"type":"LineString","coordinates":[[10.53258,45.98523],[10.53258,45.98538],[10.5327,45.98556],[10.53313,45.986],[10.53297,45.98631],[10.5327,45.98661],[10.53253,45.98678],[10.53237,45.98684]]},"properties":{"cls":"path"}},{"type":"Feature","geometry":{"type":"LineString","coordinates":[[10.59211,45.99507],[10.59263,45.99454],[10.59264,45.9943],[10.59284,45.99408],[10.59293,45.99372],[10.5932,45.99352],[10.59354,45.99315],[10.59356,45.9929],[10.5934,45.99276],[10.59304,45.99277],[10.59293,45.99267],[10.59322,45.99243],[10.59324,45.99223],[10.59344,45.99205],[10.59355,45.99189],[10.59353,45.99169],[10.59349,45.9916],[10.5936,45.99142],[10.59376,45.99135],[10.59388,45.99124],[10.59409,45.99088],[10.59392,45.99059],[10.59367,45.9903],[10.59342,45.99011],[10.59321,45.98988],[10.59329,45.98962],[10.59346,45.98939],[10.59349,45.98902],[10.59361,45.98864],[10.59351,45.98837],[10.59294,45.98789],[10.59297,45.98767],[10.59332,45.98751],[10.59402,45.98734],[10.59414,45.98716],[10.59423,45.9868],[10.59417,45.9864],[10.5942,45.98599],[10.59418,45.98559],[10.59433,45.9853],[10.59462,45.98534],[10.59582,45.98593],[10.59595,45.98616],[10.596,45.98657],[10.59669,45.98661]]},"properties":{"cls":"track"}},{"type":"Feature","geometry":{"type":"LineString","coordinates":[[10.55031,46.07817],[10.55083,46.07864],[10.55123,46.07919],[10.55162,46.07953],[10.55162,46.07959],[10.55174,46.07962],[10.55186,46.0798],[10.55199,46.0799],[10.55262,46.07995],[10.55281,46.08],[10.55288,46.08008],[10.55292,46.08015],[10.55295,46.08098],[10.55287,46.08107],[10.55274,46.08113],[10.55271,46.08133],[10.55288,46.0815],[10.55362,46.08174],[10.55422,46.08226],[10.55522,46.08252],[10.5553,46.0826],[10.55561,46.08264],[10.55602,46.0828],[10.55607,46.08287],[10.55653,46.08281],[10.55655,46.08289],[10.55677,46.08296],[10.55698,46.08295],[10.55725,46.083],[10.55753,46.08313],[10.55769,46.08328],[10.55835,46.08353],[10.55846,46.08355]]},"properties":{"cls":"path"}},{"type":"Feature","geometry":{"type":"LineString","coordinates":[[10.51321,46.00243],[10.51321,46.0023],[10.51308,46.00225],[10.51317,46.00217],[10.51313,46.00211],[10.51242,46.00196],[10.51234,46.00184],[10.51256,46.00165],[10.51254,46.00159],[10.51225,46.0016],[10.51221,46.00153],[10.51243,46.00146],[10.51267,46.00127],[10.51262,46.00118],[10.51238,46.00108]]},"properties":{"cls":"track"}},{"type":"Feature","geometry":{"type":"LineString","coordinates":[[10.54597,45.98695],[10.54572,45.98727],[10.5453,45.98755],[10.54496,45.98785],[10.54434,45.98841],[10.54353,45.98923],[10.54355,45.98972],[10.54326,45.99024],[10.5428,45.99083],[10.5428,45.99124],[10.54275,45.99142],[10.5426,45.99188],[10.54247,45.99202],[10.5428,45.99184]]},"properties":{"cls":"track"}},{"type":"Feature","geometry":{"type":"LineString","coordinates":[[10.46997,46.06072],[10.47068,46.06083],[10.47095,46.06095],[10.47117,46.06114],[10.47138,46.06154],[10.4717,46.0616],[10.47237,46.06197],[10.47267,46.06223],[10.47277,46.06242],[10.47301,46.06252],[10.47434,46.06268],[10.47521,46.06271],[10.47549,46.06282],[10.47561,46.06306],[10.47558,46.06329],[10.47526,46.0637],[10.47524,46.0638],[10.47595,46.06366],[10.47667,46.06373],[10.47702,46.0637],[10.478,46.06425],[10.47859,46.0644],[10.47899,46.06493],[10.47923,46.0649],[10.47968,46.06533],[10.47996,46.06549],[10.48026,46.0655],[10.48051,46.06574],[10.48064,46.06609],[10.48105,46.0662],[10.48149,46.0667],[10.48185,46.06694],[10.4826,46.0676],[10.48279,46.06796],[10.48282,46.06823],[10.48467,46.06977],[10.48467,46.06997],[10.48453,46.0703],[10.48454,46.07062],[10.48486,46.0707],[10.48539,46.07046],[10.486,46.07084],[10.48624,46.07086],[10.48664,46.07068],[10.48701,46.07057],[10.48742,46.07072],[10.48776,46.07105],[10.48811,46.0717],[10.48847,46.0728],[10.4885,46.07334],[10.48794,46.07423],[10.48779,46.07473],[10.488,46.07539],[10.48839,46.07591],[10.4881,46.07698],[10.4883,46.07748],[10.4887,46.07782],[10.48907,46.07797],[10.48961,46.07763],[10.49029,46.07751],[10.49123,46.0774],[10.49227,46.0776],[10.4923,46.07771],[10.49253,46.07785],[10.49327,46.07782],[10.49361,46.07769],[10.49398,46.0775],[10.49418,46.07748],[10.49444,46.0774]]},"properties":{"cls":"path"}},{"type":"Feature","geometry":{"type":"LineString","coordinates":[[10.48127,46.08107],[10.48131,46.08113],[10.48141,46.08119],[10.48148,46.08127],[10.48202,46.08138],[10.48207,46.08144],[10.4822,46.08146],[10.48231,46.08153],[10.48234,46.08162],[10.48258,46.08165],[10.48269,46.08169],[10.48296,46.0819],[10.48309,46.08188],[10.48344,46.082],[10.48351,46.08207],[10.48344,46.08217],[10.4835,46.08225],[10.48364,46.08241],[10.48391,46.08259],[10.48394,46.08266]]},"properties":{"cls":"path"}},{"type":"Feature","geometry":{"type":"LineString","coordinates":[[10.57512,46.05779],[10.57519,46.0577],[10.57518,46.0572],[10.57514,46.05693],[10.57516,46.05641],[10.57511,46.05632]]},"properties":{"cls":"path"}},{"type":"Feature","geometry":{"type":"LineString","coordinates":[[10.51487,46.04959],[10.51549,46.04993],[10.51584,46.04985],[10.51623,46.04993],[10.5165,46.04987],[10.51685,46.04974],[10.517,46.04965],[10.51719,46.04963],[10.51723,46.04955],[10.51714,46.04949],[10.51714,46.04939],[10.51722,46.04928],[10.51734,46.04918],[10.51749,46.04921],[10.51763,46.04888],[10.51782,46.04886],[10.51812,46.04856],[10.51839,46.0486],[10.5187,46.04849],[10.51892,46.04848],[10.51943,46.04836],[10.51957,46.04824],[10.51984,46.04813],[10.52011,46.04792],[10.51971,46.04779],[10.51954,46.04771],[10.51945,46.04761],[10.51928,46.04756],[10.51914,46.0474],[10.51918,46.04725],[10.51935,46.04716],[10.51952,46.04713],[10.51959,46.04704],[10.51952,46.04685],[10.51954,46.04674],[10.51963,46.04676],[10.51954,46.04652],[10.51968,46.04646],[10.52002,46.04662],[10.52004,46.0464],[10.51993,46.04622],[10.52009,46.04614],[10.52017,46.04594],[10.52021,46.04568],[10.52012,46.04559],[10.52016,46.04544],[10.5201,46.04536],[10.52015,46.04527],[10.52049,46.04535],[10.5204,46.04492],[10.51976,46.04425],[10.52,46.04424],[10.51985,46.04398],[10.5199,46.04354],[10.51984,46.04306],[10.51987,46.04291],[10.52,46.04281],[10.52008,46.04267],[10.52019,46.04261],[10.52034,46.04237],[10.52052,46.04224],[10.52051,46.04214],[10.5207,46.0419],[10.52082,46.04187],[10.52107,46.04171],[10.5212,46.04147],[10.52138,46.04136],[10.52173,46.04125],[10.52191,46.04102],[10.52267,46.04068],[10.52305,46.0406],[10.52263,46.0401],[10.52239,46.03965],[10.52143,46.03936],[10.52106,46.03896],[10.52209,46.03912],[10.52188,46.03883],[10.52249,46.03874],[10.52217,46.03851],[10.52205,46.03693],[10.52215,46.03585],[10.52276,46.03554],[10.52211,46.03419],[10.52198,46.03371],[10.52308,46.03346],[10.52492,46.03231],[10.52522,46.0319],[10.52573,46.03195]]},"properties":{"cls":"path"}},{"type":"Feature","geometry":{"type":"LineString","coordinates":[[10.51456,46.00953],[10.5144,46.00962]]},"properties":{"cls":"service"}},{"type":"Feature","geometry":{"type":"LineString","coordinates":[[10.52974,45.98492],[10.52946,45.9853],[10.52929,45.98568],[10.52938,45.98609],[10.52962,45.98669],[10.5297,45.98699],[10.53,45.98765],[10.53003,45.98784],[10.52996,45.98801],[10.52996,45.98808],[10.53006,45.98816],[10.53013,45.98826],[10.53013,45.98841],[10.53005,45.98858],[10.52972,45.98881],[10.52966,45.98894],[10.5295,45.989]]},"properties":{"cls":"path"}},{"type":"Feature","geometry":{"type":"LineString","coordinates":[[10.51318,46.05455],[10.51331,46.05459]]},"properties":{"cls":"path"}},{"type":"Feature","geometry":{"type":"LineString","coordinates":[[10.5351,45.98492],[10.53416,45.98524],[10.53325,45.98521],[10.53242,45.98523],[10.53178,45.98512],[10.53117,45.98492]]},"properties":{"cls":"track"}},{"type":"Feature","geometry":{"type":"LineString","coordinates":[[10.57943,46.0464],[10.57912,46.04618],[10.57868,46.04611],[10.57851,46.04596],[10.57823,46.04583],[10.57803,46.04581],[10.57787,46.04571],[10.57789,46.04558],[10.578,46.04541],[10.57791,46.04534],[10.57808,46.04528],[10.57805,46.04508],[10.57819,46.04482],[10.57862,46.04447],[10.57869,46.04432],[10.57894,46.04406],[10.57925,46.04381],[10.57935,46.04365],[10.57958,46.04364],[10.57954,46.04354],[10.57956,46.0434],[10.57952,46.0433],[10.57962,46.0431],[10.57977,46.04294],[10.57991,46.04282],[10.58009,46.04283],[10.58025,46.04281],[10.58021,46.04274],[10.58036,46.04268],[10.581,46.04255],[10.58107,46.04268],[10.58158,46.04268],[10.58184,46.04259],[10.58267,46.04186],[10.58274,46.04175],[10.58275,46.04159],[10.58253,46.04145],[10.58254,46.04133],[10.58284,46.04129],[10.58273,46.04117],[10.58296,46.04109],[10.58288,46.04098],[10.58301,46.04091],[10.58324,46.04063],[10.58341,46.0406],[10.58342,46.04049],[10.58379,46.04013],[10.58386,46.04011],[10.5839,46.04014],[10.58397,46.04014],[10.58399,46.04023],[10.58415,46.04015],[10.5842,46.04021],[10.5843,46.04014],[10.58434,46.04015],[10.58436,46.04022],[10.58443,46.04016],[10.58445,46.04025],[10.58459,46.0401],[10.58463,46.04013],[10.5847,46.0401],[10.58481,46.04022],[10.58487,46.04022],[10.58494,46.04018],[10.58497,46.04009],[10.5853,46.03966],[10.58535,46.03965],[10.58551,46.03952],[10.58555,46.03955],[10.58571,46.03934],[10.58576,46.03937],[10.58577,46.03959],[10.58585,46.03972],[10.58588,46.03963],[10.58601,46.03952],[10.58612,46.03952],[10.58621,46.03944],[10.5863,46.03944],[10.58633,46.03947],[10.5864,46.03944],[10.58669,46.03913],[10.58683,46.0391],[10.58684,46.03907],[10.58703,46.03923],[10.58725,46.03929],[10.58737,46.03942],[10.58785,46.03968],[10.58812,46.03987],[10.58819,46.0399],[10.58829,46.0399],[10.58836,46.04002],[10.58864,46.0399],[10.58876,46.04],[10.58892,46.0402],[10.58916,46.04026],[10.5894,46.04027],[10.58965,46.04043],[10.58974,46.04042],[10.58979,46.04048],[10.59004,46.04063],[10.59037,46.0409],[10.59044,46.04104],[10.59068,46.04126],[10.59075,46.04127],[10.59082,46.04137],[10.59105,46.0415],[10.59112,46.04159],[10.59114,46.04168],[10.59159,46.04179],[10.59154,46.04197],[10.59159,46.04214],[10.59175,46.04226],[10.59192,46.04228],[10.5921,46.04224],[10.59246,46.04238],[10.59255,46.04244],[10.59267,46.04269],[10.59276,46.04273],[10.59308,46.0428],[10.59342,46.0426],[10.59367,46.04279],[10.59393,46.04262],[10.59403,46.04274],[10.59413,46.04266],[10.59425,46.04274],[10.59432,46.04285],[10.59451,46.04276],[10.59458,46.04285],[10.59469,46.04286],[10.59515,46.04256],[10.59523,46.04247],[10.59554,46.04231],[10.59567,46.04214],[10.596,46.04199],[10.59622,46.04194],[10.59629,46.04202],[10.59641,46.04237],[10.59657,46.04254],[10.59665,46.04258],[10.59683,46.0426],[10.59694,46.04249],[10.59716,46.04238],[10.59727,46.04245],[10.59735,46.0424],[10.59745,46.04248],[10.59745,46.04257],[10.59751,46.04265],[10.59772,46.04272],[10.59785,46.04285],[10.598,46.04283],[10.59798,46.043],[10.59812,46.04297],[10.59817,46.04304],[10.59808,46.04314],[10.59818,46.04332],[10.59819,46.04349],[10.59828,46.04368],[10.59837,46.04378],[10.59845,46.04409],[10.59843,46.04421],[10.59846,46.04443],[10.59852,46.0445],[10.59868,46.04454],[10.59883,46.04491],[10.59907,46.04531],[10.59929,46.04564],[10.59942,46.04576],[10.59941,46.04584],[10.59968,46.04605],[10.59966,46.04618],[10.59944,46.0463],[10.59958,46.0464],[10.59966,46.0464],[10.59954,46.04657],[10.59958,46.04667],[10.5994,46.04675],[10.59932,46.04673],[10.59924,46.04679],[10.59946,46.04689],[10.59917,46.04704],[10.59918,46.04722],[10.59934,46.04753],[10.59951,46.04764],[10.59951,46.04775],[10.59959,46.04802],[10.59969,46.04804],[10.59967,46.0482],[10.59993,46.04816],[10.59999,46.04828],[10.60009,46.04823]]},"properties":{"cls":"path"}},{"type":"Feature","geometry":{"type":"LineString","coordinates":[[10.49741,46.07894],[10.49778,46.07988],[10.49779,46.08005]]},"properties":{"cls":"path"}},{"type":"Feature","geometry":{"type":"LineString","coordinates":[[10.50816,46.07423],[10.50859,46.07422],[10.50875,46.07417],[10.50907,46.07437],[10.5097,46.07426],[10.51017,46.07411],[10.51026,46.07415],[10.5098,46.07437],[10.50956,46.07452],[10.50992,46.0747],[10.50924,46.07479],[10.50957,46.07517],[10.51023,46.07535],[10.51059,46.07572],[10.51156,46.07645],[10.51186,46.07688]]},"properties":{"cls":"path"}},{"type":"Feature","geometry":{"type":"LineString","coordinates":[[10.50833,46.06713],[10.50862,46.06716],[10.50879,46.06711],[10.50913,46.06691],[10.50931,46.06699],[10.5091,46.06723],[10.5089,46.06799],[10.50892,46.0681],[10.50906,46.06821],[10.50931,46.06825]]},"properties":{"cls":"path"}},{"type":"Feature","geometry":{"type":"LineString","coordinates":[[10.56659,46.09054],[10.56697,46.09086],[10.56723,46.09095],[10.56731,46.09103],[10.56757,46.09099],[10.56761,46.09107],[10.56769,46.09111],[10.56771,46.09116],[10.56788,46.09107],[10.56802,46.09111],[10.56809,46.09106],[10.56824,46.09109],[10.56837,46.09107],[10.56846,46.09118],[10.56851,46.09135],[10.56856,46.09132],[10.56877,46.09151],[10.56893,46.0915],[10.56904,46.09156],[10.56911,46.09153],[10.56926,46.09159],[10.56936,46.09158],[10.56939,46.09161],[10.56939,46.09168],[10.56955,46.0917],[10.56978,46.09181],[10.56984,46.09176],[10.5701,46.09172],[10.57016,46.09174],[10.5702,46.09172],[10.57018,46.09163],[10.57023,46.09164],[10.57024,46.0916],[10.57041,46.09166],[10.57054,46.09158],[10.57066,46.09154],[10.57064,46.09139],[10.57072,46.09119],[10.57076,46.09118],[10.57089,46.09124],[10.57096,46.09121],[10.571,46.09123],[10.57102,46.0913],[10.57119,46.0914],[10.57126,46.09147],[10.57144,46.09152],[10.57156,46.09144],[10.57157,46.09139],[10.57163,46.09138],[10.57173,46.09123],[10.57189,46.09134],[10.57193,46.09131],[10.57196,46.09119],[10.572,46.09115],[10.5722,46.09116],[10.57226,46.09086],[10.5724,46.09093],[10.57246,46.09085],[10.57254,46.09087],[10.57256,46.09084],[10.57253,46.09078],[10.57256,46.09076],[10.57277,46.09082],[10.57281,46.09078],[10.57281,46.09074],[10.57293,46.09075],[10.57306,46.09071],[10.57315,46.09074],[10.57318,46.09069],[10.5733,46.09069],[10.57332,46.09064],[10.57394,46.0908],[10.57418,46.09099],[10.57435,46.09103],[10.57441,46.09112],[10.57474,46.09131],[10.57518,46.09126],[10.57549,46.09143],[10.57564,46.09146],[10.57589,46.09144],[10.57596,46.0914],[10.57612,46.09143],[10.5764,46.09135],[10.57648,46.09141],[10.57656,46.09137],[10.57657,46.09143],[10.57676,46.09141],[10.57681,46.09143],[10.5768,46.09147],[10.57742,46.09168],[10.57758,46.09177],[10.57756,46.09179],[10.57761,46.0918],[10.5776,46.09182],[10.57779,46.09189],[10.57791,46.09198],[10.57818,46.09199],[10.57828,46.09205],[10.57835,46.09204],[10.57835,46.09208],[10.57845,46.09207],[10.57839,46.09211],[10.57845,46.09215],[10.57853,46.09215],[10.57836,46.09225],[10.57829,46.09234],[10.57812,46.09239],[10.57783,46.09267],[10.57775,46.09287],[10.5775,46.09319],[10.57762,46.09325],[10.57757,46.09327],[10.57759,46.0933],[10.5777,46.09333],[10.5777,46.09336],[10.57754,46.09345],[10.57762,46.09352],[10.57746,46.09359],[10.57744,46.09371],[10.57749,46.09382],[10.57722,46.0939],[10.57723,46.09397],[10.57729,46.09403],[10.57736,46.09403],[10.57745,46.0941],[10.57742,46.09414],[10.57745,46.09418],[10.57777,46.09432],[10.57813,46.09453],[10.57822,46.09472]]},"properties":{"cls":"path"}},{"type":"Feature","geometry":{"type":"LineString","coordinates":[[10.48919,46.06171],[10.48886,46.06157],[10.48875,46.06157],[10.48831,46.06142],[10.48825,46.06148],[10.488,46.06138],[10.48785,46.06127],[10.48783,46.06139],[10.48772,46.06135],[10.48773,46.06142],[10.48762,46.0614],[10.48769,46.06148],[10.48752,46.06148],[10.48742,46.06154],[10.48711,46.06146],[10.48685,46.06154],[10.48664,46.06148],[10.48651,46.06164],[10.48628,46.06158],[10.48628,46.06174],[10.48592,46.06164],[10.48596,46.06201],[10.48568,46.06193],[10.48564,46.06217],[10.48528,46.06207],[10.48529,46.06245],[10.48494,46.06236],[10.48489,46.06272],[10.48451,46.06267],[10.48422,46.06309],[10.48381,46.06312],[10.48365,46.06346],[10.48316,46.06414],[10.48235,46.06442],[10.48223,46.06475],[10.48153,46.0648],[10.4811,46.06509],[10.48082,46.06554],[10.48051,46.06574],[10.48041,46.06578],[10.48003,46.06581],[10.47978,46.06599],[10.47896,46.06643],[10.47872,46.06658],[10.47853,46.06676],[10.47832,46.06684],[10.47764,46.06721],[10.47739,46.06732],[10.47658,46.06748],[10.47633,46.0675],[10.47587,46.06764],[10.47561,46.06785],[10.47541,46.06826],[10.47533,46.06837],[10.47501,46.0686],[10.47502,46.06881],[10.4752,46.06909]]},"properties":{"cls":"path"}},{"type":"Feature","geometry":{"type":"LineString","coordinates":[[10.49155,46.06099],[10.49193,46.06104],[10.49211,46.06102],[10.49247,46.06109],[10.49279,46.06098],[10.49321,46.06099],[10.49347,46.06102],[10.49358,46.06109],[10.49358,46.06115],[10.49362,46.06113],[10.49412,46.06126],[10.49425,46.0614],[10.49452,46.06147],[10.49472,46.06145],[10.49495,46.06155],[10.49523,46.06172],[10.49525,46.06179],[10.49531,46.06182],[10.49549,46.06173],[10.49601,46.06188],[10.49606,46.06185],[10.4962,46.06186],[10.49681,46.06201],[10.4969,46.06204],[10.49689,46.06214],[10.49698,46.06224],[10.49727,46.06243],[10.49753,46.06253],[10.49789,46.06256],[10.49788,46.06259],[10.49803,46.06264],[10.49838,46.06288],[10.49842,46.06288],[10.49846,46.06294],[10.49845,46.06299],[10.49858,46.06305],[10.49867,46.06315],[10.49882,46.06319],[10.49921,46.06313],[10.49929,46.06306],[10.4994,46.06304],[10.49942,46.06298],[10.49962,46.06284],[10.49982,46.06282],[10.50003,46.0629],[10.50024,46.06283],[10.50041,46.06269],[10.5004,46.06259],[10.50052,46.06234],[10.50064,46.06225],[10.50072,46.06202],[10.50109,46.06164],[10.50143,46.06138]]},"properties":{"cls":"path"}}]}