{"type":"FeatureCollection","features":[{"type":"Feature","geometry":{"type":"Point","coordinates":[10.625002,46.07078]},"properties":{"kind":"building","name":"Bivacco Cunella","osm":["w367464095@5"],"id":"0564255d-e5dd-47f3-b4cf-a8de75244b51"}},{"type":"Feature","geometry":{"type":"Point","coordinates":[10.626352,45.99849]},"properties":{"kind":"building","name":"Baito dei Cacciatori","osm":["w1195347524@3"],"id":"05cad48d-f71b-4acf-8312-b828634ff3f9"}},{"type":"Feature","geometry":{"type":"Point","coordinates":[10.462875,46.109478]},"properties":{"kind":"building","name":"Malga Macesso di Sopra","osm":["w95930955@3"],"id":"07b286db-2602-426a-885a-927dabdc6d1e"}},{"type":"Feature","geometry":{"type":"Point","coordinates":[10.471392,45.984473]},"properties":{"kind":"building","name":"Malga Predon","osm":["w228420326@3"],"id":"0d720ae7-520c-4f38-adbd-fa68e89e2bd0"}},{"type":"Feature","geometry":{"type":"Point","coordinates":[10.472409,46.073864]},"properties":{"kind":"building","name":"Bar Ristorante Stella Alpina","osm":["w436883844@3"],"id":"15151367-8d27-4831-b63f-6ff45a2c6f57"}},{"type":"Feature","geometry":{"type":"Point","coordinates":[10.547815,46.127875]},"properties":{"kind":"building","cls":"hut","name":"Bivacco Ceco Baroni","osm":["w264893326@11"],"id":"157bc5a9-9d91-4980-bed5-936cbb7cb8fe"}},{"type":"Feature","geometry":{"type":"Point","coordinates":[10.573267,45.993191]},"properties":{"kind":"building","name":"Malga Valneda","osm":["w59098878@3"],"id":"16d03d1d-3d0f-4418-ab8a-c45f61e80782"}},{"type":"Feature","geometry":{"type":"Point","coordinates":[10.635154,46.01405]},"properties":{"kind":"building","name":"Bait de Baldassar","osm":["w1106928234@1"],"id":"17aa382d-60f8-414b-8d11-baec40ce900b"}},{"type":"Feature","geometry":{"type":"Point","coordinates":[10.475823,46.077615]},"properties":{"kind":"building","cls":"cowshed","name":"Malga Töle","osm":["w1422506949@1"],"id":"1d199be4-fe4c-4103-8cbb-425b9ac8f241"}},{"type":"Feature","geometry":{"type":"Point","coordinates":[10.607721,46.083188]},"properties":{"kind":"building","name":"Bivacco Casina Dosson","osm":["w228420324@8"],"id":"1da33f94-6056-4c0c-9644-f566a270b562"}},{"type":"Feature","geometry":{"type":"Point","coordinates":[10.519042,46.102955]},"properties":{"kind":"building","name":"Bivacco Invernale Baita Adamè","osm":["w288535162@5"],"id":"1e5918b8-606d-4d1f-ae8b-0df69c4ed634"}},{"type":"Feature","geometry":{"type":"Point","coordinates":[10.505089,46.030276]},"properties":{"kind":"building","name":"Baito Re di Castello superiore","osm":["w228420327@2"],"id":"1f592a98-6c72-41f1-b2b1-c181d90d651c"}},{"type":"Feature","geometry":{"type":"Point","coordinates":[10.629911,46.101727]},"properties":{"kind":"building","name":"Malga Conca","osm":["w301917278@1"],"id":"1fa99f69-6576-4cdf-a2a0-fe58359bb302"}},{"type":"Feature","geometry":{"type":"Point","coordinates":[10.564608,46.106747]},"properties":{"kind":"building","name":"Altare degli alpini","osm":["w1210796611@1"],"id":"1fc48160-a566-4f3d-9ae3-0aae028e8b17"}},{"type":"Feature","geometry":{"type":"Point","coordinates":[10.546215,45.9869]},"properties":{"kind":"building","name":"Malga Stabolon di Sotto","osm":["w59098870@2"],"id":"20338930-9557-4b77-b4cb-2c2d7a483936"}},{"type":"Feature","geometry":{"type":"Point","coordinates":[10.451243,46.063436]},"properties":{"kind":"building","name":"Malga Campellio","osm":["w406146765@1"],"id":"23fb3d0e-bcce-46a1-9718-d08a91c90b42"}},{"type":"Feature","geometry":{"type":"Point","coordinates":[10.620184,46.082419]},"properties":{"kind":"building","name":"Malga Valletta","osm":["w835756107@1"],"id":"268928f8-b631-46ba-9376-1ee757c18132"}},{"type":"Feature","geometry":{"type":"Point","coordinates":[10.6126,46.04984]},"properties":{"kind":"building","name":"malga Trivena","osm":["w59701052@2"],"id":"335ba848-4269-4646-90b9-82af3ff12aca"}},{"type":"Feature","geometry":{"type":"Point","coordinates":[10.499881,46.08895]},"properties":{"kind":"building","name":"Malga Valle Adamè","osm":["w356941809@2"],"id":"397aede2-29b1-43b4-a254-638387c214e2"}},{"type":"Feature","geometry":{"type":"Point","coordinates":[10.49664,46.083347]},"properties":{"kind":"building","name":"Rifugio Città di Lissone","osm":["w151548985@8"],"id":"3a66882e-9803-403d-a33e-7903f07a0959"}},{"type":"Feature","geometry":{"type":"Point","coordinates":[10.511309,46.035301]},"properties":{"kind":"building","name":"Malga Nudole","osm":["w60145453@4"],"id":"3fd6464a-2335-4e62-b37d-7c561c75ec7e"}},{"type":"Feature","geometry":{"type":"Point","coordinates":[10.475401,45.960685]},"properties":{"kind":"building","name":"Bivacco Casinello di Blumone","osm":["w230458586@12"],"id":"40290c9c-c640-4aa3-9d2c-1898f3f9c43b"}},{"type":"Feature","geometry":{"type":"Point","coordinates":[10.471854,46.111331]},"properties":{"kind":"building","name":"Rifugio Adamello Energy","osm":["w1537773619@1"],"id":"45012eda-5aed-4ced-bc4b-46d58cda5044"}},{"type":"Feature","geometry":{"type":"Point","coordinates":[10.618048,46.02959]},"properties":{"kind":"building","name":"Malga Camparadur","osm":["w1319900504@3"],"id":"466f84f0-35d8-4bca-b536-4b544173449c"}},{"type":"Feature","geometry":{"type":"Point","coordinates":[10.624676,46.045591]},"properties":{"kind":"building","name":"Malga Acquaforte","osm":["w370329571@1"],"id":"4702fbb7-ae49-4fef-b73e-431ad0d8fb93"}},{"type":"Feature","geometry":{"type":"Point","coordinates":[10.518904,46.053592]},"properties":{"kind":"building","name":"Diga di Malga Bissina","osm":["r4557683@3"],"id":"482ccd5a-b5ef-4387-978e-e62b02414034"}},{"type":"Feature","geometry":{"type":"Point","coordinates":[10.49675,46.000011]},"properties":{"kind":"building","cls":"shelter","name":"Malga Leno","osm":["w102027360@4"],"id":"4ec69bae-61b9-4e39-85b9-6ec14951e76d"}},{"type":"Feature","geometry":{"type":"Point","coordinates":[10.60157,46.013857]},"properties":{"kind":"building","name":"Malga Maggiasone","osm":["w59700857@3"],"id":"4f3230f1-346a-42a7-a984-c51a08407f81"}},{"type":"Feature","geometry":{"type":"Point","coordinates":[10.59451,46.098856]},"properties":{"kind":"building","name":"Bivacco Eugenio Segalla","osm":["w442474994@6"],"id":"53b84be8-b938-4a2e-a93f-d8192f1afdef"}},{"type":"Feature","geometry":{"type":"Point","coordinates":[10.637931,46.114936]},"properties":{"kind":"building","cls":"shelter","name":"Malga Niscli","osm":["w441520112@2"],"id":"54f21a66-4ef1-4d7c-9668-2f2a25e1e5b8"}},{"type":"Feature","geometry":{"type":"Point","coordinates":[10.636636,46.047716]},"properties":{"kind":"building","name":"Malga Coel","osm":["w370329572@1"],"id":"5b672d13-ab9e-4b95-ae56-577f6b5dce6c"}},{"type":"Feature","geometry":{"type":"Point","coordinates":[10.464362,46.072388]},"properties":{"kind":"building","name":"Ristorante Pizzeria Al Cervo","osm":["w436883836@4"],"id":"5c725684-c01d-4454-ae3a-0551574caaa9"}},{"type":"Feature","geometry":{"type":"Point","coordinates":[10.519171,46.102722]},"properties":{"kind":"building","name":"Rifugio Baita Adamè","osm":["w264893180@11"],"id":"65d63365-2e67-419d-8cce-4c703d540fde"}},{"type":"Feature","geometry":{"type":"Point","coordinates":[10.634766,45.979455]},"properties":{"kind":"building","name":"Malga Pozze","osm":["w1038751677@1"],"id":"67739273-3691-4890-9412-4866269b3201"}},{"type":"Feature","geometry":{"type":"Point","coordinates":[10.507205,46.04189]},"properties":{"kind":"building","name":"Malga Campo di Sotto","osm":["w406077456@1"],"id":"686823fb-a51d-4692-ae48-8fb220105d4c"}},{"type":"Feature","geometry":{"type":"Point","coordinates":[10.635159,45.979156]},"properties":{"kind":"building","cls":"hut","name":"Malga Pozze","osm":["w1038749408@1"],"id":"6eaa7ba5-0413-4db0-ad54-abc8704bd0a6"}},{"type":"Feature","geometry":{"type":"Point","coordinates":[10.465118,46.023936]},"properties":{"kind":"building","name":"Rifugio Maria e Franco Lomini","osm":["w151713565@18"],"id":"7069cb42-2afc-4594-819c-2907db35e8f6"}},{"type":"Feature","geometry":{"type":"Point","coordinates":[10.52826,45.960222]},"properties":{"kind":"building","name":"Malga Nova","osm":["w58974107@2"],"id":"73aa382f-6a56-471c-82ac-4a41e1dcf669"}},{"type":"Feature","geometry":{"type":"Point","coordinates":[10.459936,46.071228]},"properties":{"kind":"building","name":"La Tana dell'Orso","osm":["w436883823@2"],"id":"761011dc-ce57-4253-a47c-e1fc1af16568"}},{"type":"Feature","geometry":{"type":"Point","coordinates":[10.553027,45.987087]},"properties":{"kind":"building","name":"Malga Staboleto","osm":["w58974116@3"],"id":"7841d23b-4142-41ae-93e0-e5f992e3b753"}},{"type":"Feature","geometry":{"type":"Point","coordinates":[10.612439,46.05014]},"properties":{"kind":"building","name":"Rifugio Trivena","osm":["w59701053@7"],"id":"7c32174e-cef8-4e60-b537-f3cf598b532c"}},{"type":"Feature","geometry":{"type":"Point","coordinates":[10.453051,45.987482]},"properties":{"kind":"building","cls":"shelter","name":"Bivacco Capanna Mattia","osm":["w297029624@7"],"id":"82ba2995-e801-4618-9ebd-1c423c79040f"}},{"type":"Feature","geometry":{"type":"Point","coordinates":[10.557805,45.973841]},"properties":{"kind":"building","name":"Albergo Ristorante La Paia","osm":["w82597086@3"],"id":"834aa573-1569-4b85-ae8f-199cebb399a5"}},{"type":"Feature","geometry":{"type":"Point","coordinates":[10.62578,46.106975]},"properties":{"kind":"building","name":"chiesetta dei prigionieri russi","osm":["w78271405@5"],"id":"8aa2efd6-2dd6-4b8f-8bb9-74ec9a17b563"}},{"type":"Feature","geometry":{"type":"Point","coordinates":[10.496186,45.98852]},"properties":{"kind":"building","name":"Malga Senavrie","osm":["w1205850338@2"],"id":"8b5136c4-fe9a-4f7c-a962-10d07a77f039"}},{"type":"Feature","geometry":{"type":"Point","coordinates":[10.459132,46.094958]},"properties":{"kind":"building","name":"Bivacco Lago di Bos","osm":["w177542596@4"],"id":"910fbc6b-36d4-40f1-8125-ed38b441fa2a"}},{"type":"Feature","geometry":{"type":"Point","coordinates":[10.629467,46.052502]},"properties":{"kind":"building","name":"Ex Malga Laghisol","osm":["w370329570@1"],"id":"96e82199-96c2-41aa-a3b9-867c354e9a5d"}},{"type":"Feature","geometry":{"type":"Point","coordinates":[10.505482,46.127258]},"properties":{"kind":"building","cls":"shelter","osm":["w836547760@2"],"id":"98f438cc-ac55-4ca3-9006-c594fbe5c863"}},{"type":"Feature","geometry":{"type":"Point","coordinates":[10.475434,46.113829]},"properties":{"kind":"building","name":"Malga Salarno","osm":["w195957005@1"],"id":"9db400b0-e315-41c2-afe2-558b48a67fd4"}},{"type":"Feature","geometry":{"type":"Point","coordinates":[10.540559,46.070927]},"properties":{"kind":"building","name":"Malga Breguzzo","osm":["w60145454@4"],"id":"a012641d-18c7-4326-b155-2facaeb01392"}},{"type":"Feature","geometry":{"type":"Point","coordinates":[10.508926,45.964156]},"properties":{"kind":"building","name":"Malga Serosine","osm":["w1205850339@2"],"id":"a807ad48-b511-495c-98b7-90288fad4bff"}},{"type":"Feature","geometry":{"type":"Point","coordinates":[10.478591,45.984517]},"properties":{"kind":"building","cls":"shelter","osm":["w102027354@3"],"id":"ab96b5a6-4b7c-4d0f-b722-2e8c04d73d03"}},{"type":"Feature","geometry":{"type":"Point","coordinates":[10.452604,46.049641]},"properties":{"kind":"building","name":"Ex Caserma Campellio","osm":["w405965926@2"],"id":"ac48f86b-9d92-4da8-8a21-b2c38361c41e"}},{"type":"Feature","geometry":{"type":"Point","coordinates":[10.523303,45.996399]},"properties":{"kind":"building","name":"Diga Malga Boazzo","osm":["r4557593@2"],"id":"ae3b5b36-a496-4200-8acd-140bd054d1ca"}},{"type":"Feature","geometry":{"type":"Point","coordinates":[10.562575,46.0121]},"properties":{"kind":"building","name":"Casello del pastore","osm":["w1324957366@1"],"id":"b0dd6069-c721-4147-8851-446d1e88b12a"}},{"type":"Feature","geometry":{"type":"Point","coordinates":[10.525796,46.03199]},"properties":{"kind":"building","name":"baito del Graper di Nudole","osm":["w294955978@2"],"id":"b0e95655-f741-4fbf-8471-a6aa5fad3fac"}},{"type":"Feature","geometry":{"type":"Point","coordinates":[10.612922,46.049647]},"properties":{"kind":"building","name":"malga Trivena","osm":["w59701051@2"],"id":"b512c23b-d079-4eb2-b3cd-c642db27a0fa"}},{"type":"Feature","geometry":{"type":"Point","coordinates":[10.54972,46.027804]},"properties":{"kind":"building","cls":"shelter","name":"malga Agusella","osm":["w228420329@1"],"id":"b5f2d0d1-4a36-495f-9405-c6e9d707c41c"}},{"type":"Feature","geometry":{"type":"Point","coordinates":[10.560047,45.999635]},"properties":{"kind":"building","name":"Malga Valbona","osm":["w228440321@2"],"id":"b719af64-54cd-4e6c-95eb-3168c3aea41d"}},{"type":"Feature","geometry":{"type":"Point","coordinates":[10.602019,46.015117]},"properties":{"kind":"building","name":"La Cacciatora","osm":["w59700858@2"],"id":"b8567ec2-98dd-4918-8b9b-6b3b55b362e6"}},{"type":"Feature","geometry":{"type":"Point","coordinates":[10.613689,46.021771]},"properties":{"kind":"building","cls":"stable","name":"malga d'Arnò","osm":["w59700854@4"],"id":"b906c805-dd2f-400b-8165-a9a8d0bc1ce0"}},{"type":"Feature","geometry":{"type":"Point","coordinates":[10.547812,45.976651]},"properties":{"kind":"building","cls":"church","name":"Chiesa della Madonna della Neve","osm":["w82407847@6"],"id":"c1d9ef7c-b050-492b-9caa-30cbd8307a03"}},{"type":"Feature","geometry":{"type":"Point","coordinates":[10.451503,46.049838]},"properties":{"kind":"building","name":"Ex Caserma Campellio","osm":["w405965924@2"],"id":"c3aa0606-12ff-4b03-9017-43c58db261a2"}},{"type":"Feature","geometry":{"type":"Point","coordinates":[10.546145,46.061468]},"properties":{"kind":"building","name":"Baitello della Pozza","osm":["w231869484@6"],"id":"c6a7fc8a-c82b-4683-889a-c585fa53d942"}},{"type":"Feature","geometry":{"type":"Point","coordinates":[10.452281,46.049678]},"properties":{"kind":"building","name":"Ex Caserma Campellio","osm":["w405965925@2"],"id":"cda34043-c0c0-411f-8645-b370d3d4a5d7"}},{"type":"Feature","geometry":{"type":"Point","coordinates":[10.549191,45.992327]},"properties":{"kind":"building","name":"Malga Stabolon di Sopra","osm":["w58974112@4"],"id":"cef8577c-1701-456b-bfcf-2a7363684366"}},{"type":"Feature","geometry":{"type":"Point","coordinates":[10.524321,46.014289]},"properties":{"kind":"building","cls":"shelter","name":"casina Danerba","osm":["w228435855@2"],"id":"d07403b5-6e45-494f-8af3-741537071aae"}},{"type":"Feature","geometry":{"type":"Point","coordinates":[10.501797,46.123608]},"properties":{"kind":"building","name":"Rifugio Paolo Prudenzini","osm":["w151749682@13"],"id":"d2e347a3-4360-472c-918f-b191ec466408"}},{"type":"Feature","geometry":{"type":"Point","coordinates":[10.472504,46.111562]},"properties":{"kind":"building","cls":"chapel","name":"Chiesetta di Santa Barbara","osm":["w231823480@2"],"id":"d6e2f19d-3002-464e-a61c-2b4c8746bb2c"}},{"type":"Feature","geometry":{"type":"Point","coordinates":[10.525603,46.110244]},"properties":{"kind":"building","name":"Cuel del Mazolér","osm":["w1355700852@1"],"id":"d8e66efc-07ad-4a31-add7-cafeee7ee8a5"}},{"type":"Feature","geometry":{"type":"Point","coordinates":[10.614239,46.021879]},"properties":{"kind":"building","cls":"farm","name":"Malga d'Arnò","osm":["w98182078@3"],"id":"d9a49e0a-8db4-4dac-a8f2-c05cadcd3284"}},{"type":"Feature","geometry":{"type":"Point","coordinates":[10.480775,46.080713]},"properties":{"kind":"building","cls":"chapel","name":"Cappella dei Morti di Töle","osm":["w438874864@3"],"id":"db79ed45-6f44-4504-bc86-5beaadcfdd9f"}},{"type":"Feature","geometry":{"type":"Point","coordinates":[10.562531,46.084493]},"properties":{"kind":"building","name":"Rifugio Val Di Fumo","osm":["w82967465@6"],"id":"dc9b8e6f-1a7a-480c-87cf-fa7ee6d06026"}},{"type":"Feature","geometry":{"type":"Point","coordinates":[10.566532,45.980964]},"properties":{"kind":"building","name":"Malga Röla","osm":["w59098874@3"],"id":"e1569b2d-792a-4459-9576-3220c119e024"}},{"type":"Feature","geometry":{"type":"Point","coordinates":[10.626104,46.107652]},"properties":{"kind":"building","name":"Rifugio Carè Alto","osm":["w62030411@8"],"id":"e9b54c0b-4a7f-4b5d-b617-6d6347fde98a"}},{"type":"Feature","geometry":{"type":"Point","coordinates":[10.513511,46.052252]},"properties":{"kind":"building","name":"Bar Alla Diga","osm":["w63585168@6"],"id":"ef7dd09b-f158-47da-99b1-287868e140e0"}},{"type":"Feature","geometry":{"type":"Point","coordinates":[10.452055,46.049589]},"properties":{"kind":"building","name":"Ex Caserma Campellio","osm":["w405965923@2"],"id":"f32c984a-2251-40ca-8bd2-61f2954a14da"}},{"type":"Feature","geometry":{"type":"Point","coordinates":[10.498626,46.042]},"properties":{"kind":"building","name":"Malga Campo di Sopra","osm":["w58974108@2"],"id":"f3ad6497-64cf-47fe-9bde-eb84fe802456"}},{"type":"Feature","geometry":{"type":"Point","coordinates":[10.633251,45.970026]},"properties":{"kind":"building","name":"Malga Spinale","osm":["w244095093@1"],"id":"faa491e1-a6cc-4c94-a804-d0a27c57c65e"}},{"type":"Feature","geometry":{"type":"Point","coordinates":[10.634261,46.084951]},"properties":{"kind":"building","name":"Malga Coel di Vigo","osm":["w835756108@1"],"id":"ff2b23b6-24e2-47ac-8300-25293aa34d37"}},{"type":"Feature","geometry":{"type":"Point","coordinates":[10.549723,46.0277]},"properties":{"kind":"infra","cls":"bridge","sub":"bridge","osm":["w231868028@5"],"geomType":"LineString","id":"00de60b4-49ef-34fb-bd1d-1d73698c3252"}},{"type":"Feature","geometry":{"type":"Point","coordinates":[10.457293,46.045601]},"properties":{"kind":"infra","cls":"bridge","sub":"bridge","osm":["w1209730896@1"],"geomType":"LineString","id":"0101c778-4c77-3306-9adb-7c39d047d41a"}},{"type":"Feature","geometry":{"type":"Point","coordinates":[10.509711,46.040144]},"properties":{"kind":"infra","cls":"bridge","sub":"bridge","osm":["w241093951@3"],"geomType":"LineString","id":"02d0e722-2a08-39fb-91a7-cb2e7cf5311c"}},{"type":"Feature","geometry":{"type":"Point","coordinates":[10.610162,46.017289]},"properties":{"kind":"infra","cls":"bridge","sub":"bridge","osm":["w822688047@1"],"geomType":"LineString","id":"0445f97c-c92d-38ca-ad3f-e229d8685002"}},{"type":"Feature","geometry":{"type":"Point","coordinates":[10.63541,46.066401]},"properties":{"kind":"infra","cls":"information","sub":"pedestrian","name":"Craper di Stracciola","osm":["n12145753173@1"],"geomType":"Point","id":"0516771f-bd2b-34ed-ada2-c02bbfe930cd"}},{"type":"Feature","geometry":{"type":"Point","coordinates":[10.562667,46.084434]},"properties":{"kind":"infra","cls":"drinking_water","sub":"water","osm":["n5000770906@3"],"geomType":"Point","id":"067a4811-0377-31df-a645-1fee2ed67ba0"}},{"type":"Feature","geometry":{"type":"Point","coordinates":[10.508048,46.049072]},"properties":{"kind":"infra","cls":"information","sub":"pedestrian","osm":["n11164781498@3"],"geomType":"Point","id":"08158ea2-6d4c-36f2-8fbc-58edbc7bb3f6"}},{"type":"Feature","geometry":{"type":"Point","coordinates":[10.560558,46.08352]},"properties":{"kind":"infra","cls":"information","sub":"pedestrian","osm":["n5000770908@3"],"geomType":"Point","id":"0a88d759-8e78-338d-9dd6-721b6c82914a"}},{"type":"Feature","geometry":{"type":"Point","coordinates":[10.513409,46.05205]},"properties":{"kind":"infra","cls":"parking","sub":"transit","osm":["w82897607@5"],"geomType":"Polygon","id":"0b837898-8bae-3703-a13b-cdde5debcb2a"}},{"type":"Feature","geometry":{"type":"Point","coordinates":[10.560543,45.972873]},"properties":{"kind":"infra","cls":"parking","sub":"transit","osm":["w82597090@2"],"geomType":"Polygon","id":"0beed8d6-c071-3609-9bb9-bd8b78efcf0a"}},{"type":"Feature","geometry":{"type":"Point","coordinates":[10.455329,46.07109]},"properties":{"kind":"infra","cls":"parking","sub":"transit","osm":["w1300892904@2"],"geomType":"Polygon","id":"0d520b73-0b7a-3108-925d-e92ab3a2e128"}},{"type":"Feature","geometry":{"type":"Point","coordinates":[10.4891,45.977926]},"properties":{"kind":"infra","cls":"viewpoint","sub":"pedestrian","osm":["n11174296681@1"],"geomType":"Point","id":"0dda7924-7908-356d-970e-4fa9ac3fea86"}},{"type":"Feature","geometry":{"type":"Point","coordinates":[10.478718,45.983913]},"properties":{"kind":"infra","cls":"information","sub":"pedestrian","osm":["n2370581723@1"],"geomType":"Point","id":"0eb07aa7-5f8b-36a8-879a-023b50ceb293"}},{"type":"Feature","geometry":{"type":"Point","coordinates":[10.452374,45.96129]},"properties":{"kind":"infra","cls":"information","sub":"pedestrian","name":"Passo Blumone","osm":["n3676413326@2"],"geomType":"Point","id":"10adbc7a-20cb-341f-8b23-a1cd03c1fda3"}},{"type":"Feature","geometry":{"type":"Point","coordinates":[10.518904,46.053592]},"properties":{"kind":"infra","cls":"dam","sub":"water","name":"Diga di Malga Bissina","osm":["r4557683@3"],"geomType":"Polygon","id":"10dec3fa-8bad-38a9-8473-4d87806de4d1"}},{"type":"Feature","geometry":{"type":"Point","coordinates":[10.616273,46.048946]},"properties":{"kind":"infra","cls":"information","sub":"pedestrian","osm":["n3740388276@5"],"geomType":"Point","id":"12293fd0-c335-3566-bff5-ad101a7d4eb4"}},{"type":"Feature","geometry":{"type":"Point","coordinates":[10.511069,46.00924]},"properties":{"kind":"infra","cls":"bridge","sub":"bridge","osm":["w295246780@3"],"geomType":"LineString","id":"124bea6f-4cb1-3e4e-b6d6-a21d236e670b"}},{"type":"Feature","geometry":{"type":"Point","coordinates":[10.632455,46.040068]},"properties":{"kind":"infra","cls":"information","sub":"pedestrian","osm":["n456740220@4"],"geomType":"Point","id":"12be8abd-899a-3a85-b59a-fd421447a29f"}},{"type":"Feature","geometry":{"type":"Point","coordinates":[10.489177,46.061596]},"properties":{"kind":"infra","cls":"information","sub":"pedestrian","name":"Passo Ignaga","osm":["n11164781496@4"],"geomType":"Point","id":"12d3b960-4b3e-3252-9072-c9a195f9a188"}},{"type":"Feature","geometry":{"type":"Point","coordinates":[10.532232,45.989932]},"properties":{"kind":"infra","cls":"viewpoint","sub":"pedestrian","osm":["n2487951224@2"],"geomType":"Point","id":"1307c7c1-254e-3f5d-a275-2bebb72f49c5"}},{"type":"Feature","geometry":{"type":"Point","coordinates":[10.501829,46.123743]},"properties":{"kind":"infra","cls":"drinking_water","sub":"water","osm":["n7807841047@2"],"geomType":"Point","id":"181601a2-d58e-397f-97b3-b36a5c1657f1"}},{"type":"Feature","geometry":{"type":"Point","coordinates":[10.535404,45.984856]},"properties":{"kind":"infra","cls":"bridge","sub":"bridge","osm":["w241101050@4"],"geomType":"LineString","id":"19902d5e-a95b-357a-8163-43c84552c0b5"}},{"type":"Feature","geometry":{"type":"Point","coordinates":[10.553913,45.973872]},"properties":{"kind":"infra","cls":"bridge","sub":"bridge","osm":["w367843686@1"],"geomType":"LineString","id":"19b872c9-9e9a-369f-85b5-ce9d2bb603e1"}},{"type":"Feature","geometry":{"type":"Point","coordinates":[10.506085,46.127638]},"properties":{"kind":"infra","cls":"bridge","sub":"bridge","osm":["w1537779564@1"],"geomType":"LineString","id":"1c9f1c8b-1e2b-3ee7-a0c3-028b4c699a5c"}},{"type":"Feature","geometry":{"type":"Point","coordinates":[10.517576,46.054536]},"properties":{"kind":"infra","cls":"dam","sub":"water","name":"Avandiga","osm":["w243097440@1"],"geomType":"Polygon","id":"1cd58d20-bee6-363a-8a9e-9fbf344f7fa7"}},{"type":"Feature","geometry":{"type":"Point","coordinates":[10.508625,46.074017]},"properties":{"kind":"infra","cls":"information","sub":"pedestrian","name":"Passo di Forcel Rosso","osm":["n11164781500@1"],"geomType":"Point","id":"1de01cf3-c26b-314f-9d1e-5934e7938fdb"}},{"type":"Feature","geometry":{"type":"Point","coordinates":[10.609988,46.020395]},"properties":{"kind":"infra","cls":"parking","sub":"transit","osm":["w1212115878@1"],"geomType":"Polygon","id":"1e6b2f23-a2e3-36fa-85c6-6e75b4066ad8"}},{"type":"Feature","geometry":{"type":"Point","coordinates":[10.540738,46.071169]},"properties":{"kind":"infra","cls":"information","sub":"pedestrian","name":"Malga di Breguzzo","osm":["n5000770915@2"],"geomType":"Point","id":"1f05c06a-536a-361f-bb39-12c932154d6f"}},{"type":"Feature","geometry":{"type":"Point","coordinates":[10.601365,46.096522]},"properties":{"kind":"infra","cls":"information","sub":"pedestrian","osm":["n9005127411@2"],"geomType":"Point","id":"1fc136e1-a2ff-311d-8650-16f5fcd8b773"}},{"type":"Feature","geometry":{"type":"Point","coordinates":[10.564459,46.106342]},"properties":{"kind":"infra","cls":"information","sub":"pedestrian","name":"Casera delle Levade","osm":["n11141994905@3"],"geomType":"Point","id":"210d7688-1197-35c4-b65e-ac3d8090bb09"}},{"type":"Feature","geometry":{"type":"Point","coordinates":[10.513478,46.023699]},"properties":{"kind":"infra","cls":"bridge","sub":"bridge","osm":["w301129158@3"],"geomType":"LineString","id":"224f5983-7d9e-373e-976f-a2039c18bd64"}},{"type":"Feature","geometry":{"type":"Point","coordinates":[10.624095,46.045501]},"properties":{"kind":"infra","cls":"drinking_water","sub":"water","osm":["n3740388246@3"],"geomType":"Point","id":"2270e14f-9ab7-3952-b814-a4f7487dad7c"}},{"type":"Feature","geometry":{"type":"Point","coordinates":[10.559851,45.999618]},"properties":{"kind":"infra","cls":"information","sub":"pedestrian","osm":["n12271555457@2"],"geomType":"Point","id":"22d5b787-52d9-3d5f-aa22-5f6ff9e11de4"}},{"type":"Feature","geometry":{"type":"Point","coordinates":[10.567802,46.042282]},"properties":{"kind":"infra","cls":"information","sub":"pedestrian","name":"Porte di Danerba","osm":["n11181679441@3"],"geomType":"Point","id":"22e98278-520d-32b4-86b0-95f9400c0b40"}},{"type":"Feature","geometry":{"type":"Point","coordinates":[10.523303,45.996399]},"properties":{"kind":"infra","cls":"dam","sub":"water","name":"Diga Malga Boazzo","osm":["r4557593@2"],"geomType":"Polygon","id":"23571c4c-9e51-3a5f-8661-4f2ff9e34b11"}},{"type":"Feature","geometry":{"type":"Point","coordinates":[10.511964,46.00925]},"properties":{"kind":"infra","cls":"bridge","sub":"bridge","osm":["w295246781@3"],"geomType":"LineString","id":"23be8727-9d3c-3ec4-9e7d-fc60a03d1026"}},{"type":"Feature","geometry":{"type":"Point","coordinates":[10.513366,46.0546]},"properties":{"kind":"infra","cls":"information","sub":"pedestrian","name":"Diga di Malga Bissina","osm":["n5000771053@4"],"geomType":"Point","id":"2590fb2d-495f-3a18-b277-f5feff3f3c9b"}},{"type":"Feature","geometry":{"type":"Point","coordinates":[10.488233,45.969136]},"properties":{"kind":"infra","cls":"information","sub":"pedestrian","name":"Selletta del Monte Gelo","osm":["n11055441417@4"],"geomType":"Point","id":"26c95e85-10da-335e-85be-eb192d19782e"}},{"type":"Feature","geometry":{"type":"Point","coordinates":[10.467465,45.972101]},"properties":{"kind":"infra","cls":"information","sub":"pedestrian","osm":["n11091792597@3"],"geomType":"Point","id":"282290aa-7ed3-3784-820f-ab1ea92fcb75"}},{"type":"Feature","geometry":{"type":"Point","coordinates":[10.513532,46.053212]},"properties":{"kind":"infra","cls":"information","sub":"pedestrian","osm":["n5001187303@3"],"geomType":"Point","id":"287302bb-e0f0-375e-90cc-735ab02c18a1"}},{"type":"Feature","geometry":{"type":"Point","coordinates":[10.558019,45.973617]},"properties":{"kind":"infra","cls":"parking","sub":"transit","osm":["w451716676@1"],"geomType":"Polygon","id":"287dadb2-2a54-35e2-837d-0b851f6b77b6"}},{"type":"Feature","geometry":{"type":"Point","coordinates":[10.532344,45.985264]},"properties":{"kind":"infra","cls":"parking","sub":"transit","osm":["n2487948924@1"],"geomType":"Point","id":"28a90b04-e7e2-3de3-8fcc-3f7c1c0026b7"}},{"type":"Feature","geometry":{"type":"Point","coordinates":[10.57722,46.011412]},"properties":{"kind":"infra","cls":"information","sub":"pedestrian","osm":["n11229845288@1"],"geomType":"Point","id":"28f906ab-8988-35f1-a79e-f1e2e8ddab81"}},{"type":"Feature","geometry":{"type":"Point","coordinates":[10.496968,46.084409]},"properties":{"kind":"infra","cls":"bridge","sub":"bridge","osm":["w356941811@1"],"geomType":"LineString","id":"29007cba-b52f-326d-b8a8-1ebb7b27edc3"}},{"type":"Feature","geometry":{"type":"Point","coordinates":[10.455439,46.071063]},"properties":{"kind":"infra","cls":"drinking_water","sub":"water","osm":["n795130642@4"],"geomType":"Point","id":"2b0ace50-e2fb-363c-b92c-8542245055f1"}},{"type":"Feature","geometry":{"type":"Point","coordinates":[10.511934,46.03526]},"properties":{"kind":"infra","cls":"drinking_water","sub":"water","osm":["n4960231522@1"],"geomType":"Point","id":"2caead2f-817c-3e45-9c75-b777e5ea2ab3"}},{"type":"Feature","geometry":{"type":"Point","coordinates":[10.624862,46.07083]},"properties":{"kind":"infra","cls":"information","sub":"pedestrian","name":"Bivacco della Cunella","osm":["n12145835965@1"],"geomType":"Point","id":"2e7259bf-16a6-3950-a3d0-d71039c4b893"}},{"type":"Feature","geometry":{"type":"Point","coordinates":[10.540547,45.976976]},"properties":{"kind":"infra","cls":"information","sub":"pedestrian","osm":["n2487948707@2"],"geomType":"Point","id":"2ee32dd8-95b3-307c-be84-4df9a704ccda"}},{"type":"Feature","geometry":{"type":"Point","coordinates":[10.584251,46.095939]},"properties":{"kind":"infra","cls":"information","sub":"pedestrian","name":"Conca del Passo delle Vacche","osm":["n11226554526@1"],"geomType":"Point","id":"31807035-9fad-37df-83fa-2569d8cbf860"}},{"type":"Feature","geometry":{"type":"Point","coordinates":[10.612595,46.02177]},"properties":{"kind":"infra","cls":"parking","sub":"transit","osm":["w1539403990@1"],"geomType":"Polygon","id":"3192d624-c48a-379f-ae96-b08f61afec0d"}},{"type":"Feature","geometry":{"type":"Point","coordinates":[10.600382,46.053564]},"properties":{"kind":"infra","cls":"viewpoint","sub":"pedestrian","osm":["n456740237@2"],"geomType":"Point","id":"325a578a-23a9-303e-a5c2-d20016107e55"}},{"type":"Feature","geometry":{"type":"Point","coordinates":[10.629017,46.123398]},"properties":{"kind":"infra","cls":"information","sub":"pedestrian","osm":["n9005084672@2"],"geomType":"Point","id":"34ab899e-fbe1-3390-a139-02875687a54d"}},{"type":"Feature","geometry":{"type":"Point","coordinates":[10.450792,46.063399]},"properties":{"kind":"infra","cls":"drinking_water","sub":"water","osm":["n5679910614@1"],"geomType":"Point","id":"35c76528-5100-38e2-97e9-e9db1335523a"}},{"type":"Feature","geometry":{"type":"Point","coordinates":[10.514813,46.009345]},"properties":{"kind":"infra","cls":"bridge","sub":"bridge","osm":["w177291728@7"],"geomType":"LineString","id":"3668f597-9db6-3132-9b16-4bf1f0f7363c"}},{"type":"Feature","geometry":{"type":"Point","coordinates":[10.511492,46.009249]},"properties":{"kind":"infra","cls":"bridge","sub":"bridge","osm":["w295246778@3"],"geomType":"LineString","id":"37f3618f-1671-3b73-a4b9-afc441bcd937"}},{"type":"Feature","geometry":{"type":"Point","coordinates":[10.512903,46.031003]},"properties":{"kind":"infra","cls":"cable_car","sub":"aerialway","name":"Funivia Boazzo","osm":["w241114324@5"],"geomType":"LineString","id":"38ef90e5-cf93-3240-9953-4c9944ce375d"}},{"type":"Feature","geometry":{"type":"Point","coordinates":[10.638595,46.069266]},"properties":{"kind":"infra","cls":"viewpoint","sub":"pedestrian","osm":["n12145835963@1"],"geomType":"Point","id":"39853db8-4cd8-3e8a-afe0-ccbd9aa0d480"}},{"type":"Feature","geometry":{"type":"Point","coordinates":[10.576933,45.964216]},"properties":{"kind":"infra","cls":"bridge","sub":"bridge","osm":["w334845243@2"],"geomType":"LineString","id":"3a3c37d7-5c87-325b-b772-673c94d7f1bd"}},{"type":"Feature","geometry":{"type":"Point","coordinates":[10.515617,46.049898]},"properties":{"kind":"infra","cls":"bridge","sub":"bridge","osm":["w522968990@1"],"geomType":"LineString","id":"3d41796d-935c-35e1-b8b4-d73ecacc03e4"}},{"type":"Feature","geometry":{"type":"Point","coordinates":[10.62592,46.10752]},"properties":{"kind":"infra","cls":"information","sub":"pedestrian","name":"Rifugio Carè Alto","osm":["n919133272@4"],"geomType":"Point","id":"3d427c34-6af8-3818-9ea5-64704c2f542c"}},{"type":"Feature","geometry":{"type":"Point","coordinates":[10.49741,46.078945]},"properties":{"kind":"infra","cls":"bridge","sub":"bridge","osm":["w1549584167@2"],"geomType":"LineString","id":"3d7a04fc-0106-3a56-827f-7d3466964ba8"}},{"type":"Feature","geometry":{"type":"Point","coordinates":[10.54147,46.071025]},"properties":{"kind":"infra","cls":"information","sub":"pedestrian","osm":["n5000770881@2"],"geomType":"Point","id":"3e5dfd8a-897c-3715-b9b7-96a9c6ad7ada"}},{"type":"Feature","geometry":{"type":"Point","coordinates":[10.54119,46.071066]},"properties":{"kind":"infra","cls":"bridge","sub":"bridge","osm":["w232207658@5"],"geomType":"LineString","id":"3f3fcfa2-510d-3727-a48a-e66e963997a9"}},{"type":"Feature","geometry":{"type":"Point","coordinates":[10.51349,46.053182]},"properties":{"kind":"infra","cls":"information","sub":"pedestrian","name":"Diga di Malga Bissina","osm":["n5000770850@3"],"geomType":"Point","id":"3f4e0769-3706-3d34-852d-8ee7db09c2ea"}},{"type":"Feature","geometry":{"type":"Point","coordinates":[10.514411,46.032441]},"properties":{"kind":"infra","cls":"bridge","sub":"bridge","osm":["w240957219@3"],"geomType":"LineString","id":"3f7ec9a9-7951-3fb7-9cd8-ee00f1a001f9"}},{"type":"Feature","geometry":{"type":"Point","coordinates":[10.601399,46.013997]},"properties":{"kind":"infra","cls":"drinking_water","sub":"water","osm":["n2427079982@1"],"geomType":"Point","id":"40724159-37c5-34cd-98fa-f9f64e1f6ac8"}},{"type":"Feature","geometry":{"type":"Point","coordinates":[10.529386,45.979177]},"properties":{"kind":"infra","cls":"bridge","sub":"bridge","osm":["w82509676@1"],"geomType":"LineString","id":"4384150f-f3e0-3040-8699-5214b57c548a"}},{"type":"Feature","geometry":{"type":"Point","coordinates":[10.640194,46.031175]},"properties":{"kind":"infra","cls":"bridge","sub":"bridge","osm":["w247077718@2"],"geomType":"LineString","id":"44bccef1-e4b8-356d-874e-cf48fc7ac3f0"}},{"type":"Feature","geometry":{"type":"Point","coordinates":[10.60026,46.057634]},"properties":{"kind":"infra","cls":"information","sub":"pedestrian","name":"Crepèr Bocca della Cunella","osm":["n9005109980@4"],"geomType":"Point","id":"44c2b72c-7211-3f1f-8139-6c548e2351d1"}},{"type":"Feature","geometry":{"type":"Point","coordinates":[10.461475,46.044126]},"properties":{"kind":"infra","cls":"information","sub":"pedestrian","name":"Bivio CAI 89 e 89b","osm":["n6700913086@1"],"geomType":"Point","id":"474c940a-f478-36cf-aad4-d553d2a4b6b3"}},{"type":"Feature","geometry":{"type":"Point","coordinates":[10.575342,46.063062]},"properties":{"kind":"infra","cls":"viewpoint","sub":"pedestrian","name":"Bocchetta dei Cacciatori","osm":["n5008307213@3"],"geomType":"Point","id":"47cc068c-32c2-3f3e-b3f6-b9355fc77263"}},{"type":"Feature","geometry":{"type":"Point","coordinates":[10.566397,45.99907]},"properties":{"kind":"infra","cls":"bridge","sub":"bridge","osm":["w1326314843@1"],"geomType":"LineString","id":"49e09c71-2776-34f5-8326-dbe63fd0869a"}},{"type":"Feature","geometry":{"type":"Point","coordinates":[10.563524,46.08611]},"properties":{"kind":"infra","cls":"bridge","sub":"bridge","osm":["w972952540@1"],"geomType":"LineString","id":"49e51505-d2e6-379d-86a7-2f672b8b00ab"}},{"type":"Feature","geometry":{"type":"Point","coordinates":[10.447407,46.100713]},"properties":{"kind":"infra","cls":"bridge","sub":"bridge","osm":["w383533723@1"],"geomType":"LineString","id":"4a107ec9-59b8-380d-ab4e-b4ea90daaa71"}},{"type":"Feature","geometry":{"type":"Point","coordinates":[10.632333,46.040055]},"properties":{"kind":"infra","cls":"bridge","sub":"bridge","osm":["w267575821@3"],"geomType":"LineString","id":"4a8b0b9c-9fcd-3876-9725-5bf818451127"}},{"type":"Feature","geometry":{"type":"Point","coordinates":[10.460346,46.05564]},"properties":{"kind":"infra","cls":"dam","sub":"water","osm":["n804985914@2"],"geomType":"Point","id":"4c4d7f71-f2f3-3f03-bbd1-88b502272a0b"}},{"type":"Feature","geometry":{"type":"Point","coordinates":[10.447601,46.10093]},"properties":{"kind":"infra","cls":"information","sub":"pedestrian","osm":["n3868183346@1"],"geomType":"Point","id":"4ce2ec23-cd8d-38e3-9cc0-784c2e19da4b"}},{"type":"Feature","geometry":{"type":"Point","coordinates":[10.560567,46.072088]},"properties":{"kind":"infra","cls":"viewpoint","sub":"pedestrian","osm":["n2401947861@1"],"geomType":"Point","id":"4f4636bb-9190-3cf8-9c3b-7a18e3ffa8b1"}},{"type":"Feature","geometry":{"type":"Point","coordinates":[10.540714,45.97693]},"properties":{"kind":"infra","cls":"parking","sub":"transit","osm":["n2487948673@1"],"geomType":"Point","id":"4f78fbc0-bcdb-31b0-8be0-501960edf9a2"}},{"type":"Feature","geometry":{"type":"Point","coordinates":[10.596421,46.058954]},"properties":{"kind":"infra","cls":"information","sub":"pedestrian","name":"Crepèr Cop di Casa","osm":["n9005109982@4"],"geomType":"Point","id":"505567d6-d54d-3622-a81c-541014ea2a7d"}},{"type":"Feature","geometry":{"type":"Point","coordinates":[10.497897,46.080498]},"properties":{"kind":"infra","cls":"information","sub":"pedestrian","osm":["n11141914273@5"],"geomType":"Point","id":"5059083c-5046-3645-b722-70d653ec4366"}},{"type":"Feature","geometry":{"type":"Point","coordinates":[10.448223,46.071051]},"properties":{"kind":"infra","cls":"drinking_water","sub":"water","osm":["n795130654@1"],"geomType":"Point","id":"51186b94-e859-3f1a-ae5c-23227edb54c7"}},{"type":"Feature","geometry":{"type":"Point","coordinates":[10.514142,46.057882]},"properties":{"kind":"infra","cls":"bridge","sub":"bridge","osm":["w511165941@2"],"geomType":"LineString","id":"51c4e5f6-e458-3db9-acbe-e677e8362920"}},{"type":"Feature","geometry":{"type":"Point","coordinates":[10.512628,46.009244]},"properties":{"kind":"infra","cls":"bridge","sub":"bridge","osm":["w295246779@3"],"geomType":"LineString","id":"5299047d-a52f-3861-a64a-e4e229fa0b65"}},{"type":"Feature","geometry":{"type":"Point","coordinates":[10.480093,45.968002]},"properties":{"kind":"infra","cls":"information","sub":"pedestrian","name":"Passo Gelo","osm":["n11055441416@4"],"geomType":"Point","id":"533e5ffd-ab72-3a2e-84f6-043dfb8c11ab"}},{"type":"Feature","geometry":{"type":"Point","coordinates":[10.471532,45.961688]},"properties":{"kind":"infra","cls":"bridge","sub":"bridge","osm":["w1186901808@1"],"geomType":"LineString","id":"5363cbd9-6697-3da0-a147-3d5ffb8411e3"}},{"type":"Feature","geometry":{"type":"Point","coordinates":[10.610084,46.049251]},"properties":{"kind":"infra","cls":"bridge","sub":"bridge","osm":["w503443969@2"],"geomType":"LineString","id":"5384570d-a2ad-3dc6-94c2-0c7d1ab57e22"}},{"type":"Feature","geometry":{"type":"Point","coordinates":[10.448443,46.101876]},"properties":{"kind":"infra","cls":"bridge","sub":"bridge","osm":["w383533720@1"],"geomType":"LineString","id":"582b7e77-feb0-33b2-ac09-fb1b3c4a449c"}},{"type":"Feature","geometry":{"type":"Point","coordinates":[10.49439,46.08484]},"properties":{"kind":"infra","cls":"viewpoint","sub":"pedestrian","osm":["n496863798@2"],"geomType":"Point","id":"59512847-e1a7-3187-acf5-2b78e9a98039"}},{"type":"Feature","geometry":{"type":"Point","coordinates":[10.523155,46.013794]},"properties":{"kind":"infra","cls":"information","sub":"pedestrian","osm":["n2371177780@2"],"geomType":"Point","id":"5b399c0a-5d7e-3ca1-921e-0add1dcbf94d"}},{"type":"Feature","geometry":{"type":"Point","coordinates":[10.472096,46.109081]},"properties":{"kind":"infra","cls":"dam","sub":"water","name":"Diga del Lago Salarno","osm":["w37380337@3"],"geomType":"LineString","id":"5d326cae-09ac-38c5-a12c-02f85e5ed244"}},{"type":"Feature","geometry":{"type":"Point","coordinates":[10.483963,46.03974]},"properties":{"kind":"infra","cls":"information","sub":"pedestrian","osm":["n11012472207@3"],"geomType":"Point","id":"5dd79b9c-9623-3bba-83d6-d1a523ea3581"}},{"type":"Feature","geometry":{"type":"Point","coordinates":[10.576505,46.018489]},"properties":{"kind":"infra","cls":"information","sub":"pedestrian","osm":["n12214548752@2"],"geomType":"Point","id":"5dfcea04-5702-3e75-8ce3-7739d35f99f2"}},{"type":"Feature","geometry":{"type":"Point","coordinates":[10.536755,46.020992]},"properties":{"kind":"infra","cls":"bridge","sub":"bridge","osm":["w228435859@3"],"geomType":"LineString","id":"6125bfe2-598d-3f77-b345-373b67ba5424"}},{"type":"Feature","geometry":{"type":"Point","coordinates":[10.51318,46.029207]},"properties":{"kind":"infra","cls":"bridge","sub":"bridge","osm":["w82970397@6"],"geomType":"LineString","id":"618b40c9-ed5d-3a15-8df2-dd9d4b11381e"}},{"type":"Feature","geometry":{"type":"Point","coordinates":[10.624109,46.045324]},"properties":{"kind":"infra","cls":"information","sub":"pedestrian","osm":["n3740388245@2"],"geomType":"Point","id":"64b98e9e-d458-3cf4-ab52-33a6476ea401"}},{"type":"Feature","geometry":{"type":"Point","coordinates":[10.513629,46.052929]},"properties":{"kind":"infra","cls":"information","sub":"pedestrian","osm":["n5000770848@3"],"geomType":"Point","id":"657b708e-f489-3d1b-bff6-49f8654a6ef0"}},{"type":"Feature","geometry":{"type":"Point","coordinates":[10.593911,46.096028]},"properties":{"kind":"infra","cls":"information","sub":"pedestrian","name":"Passo delle Vacche","osm":["n9005127406@2"],"geomType":"Point","id":"667cdfbf-2dc8-37a7-9258-ca33f2c247d9"}},{"type":"Feature","geometry":{"type":"Point","coordinates":[10.628933,46.023934]},"properties":{"kind":"infra","cls":"bridge","sub":"bridge","osm":["w247077716@1"],"geomType":"LineString","id":"66ea7e4c-f45d-3eef-9fb5-9ff926313b4b"}},{"type":"Feature","geometry":{"type":"Point","coordinates":[10.631529,46.040108]},"properties":{"kind":"infra","cls":"information","sub":"pedestrian","osm":["n3740388186@3"],"geomType":"Point","id":"6914e52c-593e-3740-a889-82116d8057b1"}},{"type":"Feature","geometry":{"type":"Point","coordinates":[10.552257,45.966254]},"properties":{"kind":"infra","cls":"information","sub":"pedestrian","osm":["n2369745660@1"],"geomType":"Point","id":"69388b27-7dfd-3c52-8fd5-0997987ce389"}},{"type":"Feature","geometry":{"type":"Point","coordinates":[10.606979,46.021005]},"properties":{"kind":"infra","cls":"bridge","sub":"bridge","osm":["w1212116534@1"],"geomType":"LineString","id":"6bb55d6c-58d6-32b0-83fd-f4c96df84159"}},{"type":"Feature","geometry":{"type":"Point","coordinates":[10.463018,46.071204]},"properties":{"kind":"infra","cls":"bridge","sub":"bridge","osm":["w64864732@2"],"geomType":"LineString","id":"6d0c61dd-726f-3f98-82a6-35d2f7221c56"}},{"type":"Feature","geometry":{"type":"Point","coordinates":[10.576294,45.96644]},"properties":{"kind":"infra","cls":"bridge","sub":"bridge","osm":["w82549494@1"],"geomType":"LineString","id":"6db3a010-fc91-347c-b33f-6ed620264e30"}},{"type":"Feature","geometry":{"type":"Point","coordinates":[10.496719,45.999926]},"properties":{"kind":"infra","cls":"drinking_water","sub":"water","osm":["n3686697726@1"],"geomType":"Point","id":"6eaaa75a-ac1d-3a42-b87f-4e6b348783a5"}},{"type":"Feature","geometry":{"type":"Point","coordinates":[10.612569,46.079521]},"properties":{"kind":"infra","cls":"bridge","sub":"bridge","osm":["w972948472@2"],"geomType":"LineString","id":"70148c2f-4eb9-3952-860c-20b0902729ad"}},{"type":"Feature","geometry":{"type":"Point","coordinates":[10.613119,46.017673]},"properties":{"kind":"infra","cls":"bridge","sub":"bridge","osm":["w822688049@1"],"geomType":"LineString","id":"703b054d-0deb-3c2c-b165-40d65856a05f"}},{"type":"Feature","geometry":{"type":"Point","coordinates":[10.520239,46.102716]},"properties":{"kind":"infra","cls":"bridge","sub":"bridge","osm":["w356858437@1"],"geomType":"LineString","id":"720f1af1-710e-374e-a441-85cf4391e8f3"}},{"type":"Feature","geometry":{"type":"Point","coordinates":[10.501521,46.061521]},"properties":{"kind":"infra","cls":"information","sub":"pedestrian","osm":["n11164781495@3"],"geomType":"Point","id":"72f3d310-515e-3b59-b19b-5534ffbaa406"}},{"type":"Feature","geometry":{"type":"Point","coordinates":[10.473816,46.112607]},"properties":{"kind":"infra","cls":"bridge","sub":"bridge","osm":["w1537773611@1"],"geomType":"LineString","id":"73571137-9238-3694-bbfd-4327f0bd8be5"}},{"type":"Feature","geometry":{"type":"Point","coordinates":[10.468619,46.027782]},"properties":{"kind":"infra","cls":"information","sub":"pedestrian","name":"Lago Dernal","osm":["n6700924085@7"],"geomType":"Point","id":"74b61878-6b95-3e5b-841a-3eb044d5a747"}},{"type":"Feature","geometry":{"type":"Point","coordinates":[10.513762,46.010111]},"properties":{"kind":"infra","cls":"parking","sub":"transit","osm":["n2989519691@1"],"geomType":"Point","id":"75717007-b64e-3605-a6bf-1e4b87ea609e"}},{"type":"Feature","geometry":{"type":"Point","coordinates":[10.570741,45.98167]},"properties":{"kind":"infra","cls":"bridge","sub":"bridge","osm":["w1326318309@1"],"geomType":"LineString","id":"75b7a4e5-6fff-3002-a414-e416e063003d"}},{"type":"Feature","geometry":{"type":"Point","coordinates":[10.59451,46.051535]},"properties":{"kind":"infra","cls":"viewpoint","sub":"pedestrian","osm":["n456347269@2"],"geomType":"Point","id":"774d2a2e-961f-3bc0-9750-c360ed2c49fa"}},{"type":"Feature","geometry":{"type":"Point","coordinates":[10.511517,46.003239]},"properties":{"kind":"infra","cls":"bridge","sub":"bridge","osm":["w228119295@2"],"geomType":"LineString","id":"77782636-d52e-3b8b-8045-645e4a38285b"}},{"type":"Feature","geometry":{"type":"Point","coordinates":[10.555671,45.973954]},"properties":{"kind":"infra","cls":"parking","sub":"transit","osm":["w1326314837@1"],"geomType":"Polygon","id":"7819d0c6-9c11-33bc-b49a-672ce796578a"}},{"type":"Feature","geometry":{"type":"Point","coordinates":[10.527852,46.067084]},"properties":{"kind":"infra","cls":"information","sub":"pedestrian","osm":["n5000771025@3"],"geomType":"Point","id":"78ad7a34-b33b-3dd4-aed3-b3ffd7e4d464"}},{"type":"Feature","geometry":{"type":"Point","coordinates":[10.575071,46.057786]},"properties":{"kind":"infra","cls":"information","sub":"pedestrian","name":"Crepèr Cop di Breguzzo","osm":["n3713842306@5"],"geomType":"Point","id":"7c5ce2dc-ca87-385f-9c71-4c8eab105d7f"}},{"type":"Feature","geometry":{"type":"Point","coordinates":[10.495407,46.083707]},"properties":{"kind":"infra","cls":"substation","sub":"power","osm":["w438544143@3"],"geomType":"Polygon","id":"7c7d3f2f-d125-3156-9e97-7373cac7004e"}},{"type":"Feature","geometry":{"type":"Point","coordinates":[10.48632,46.103473]},"properties":{"kind":"infra","cls":"dam","sub":"water","osm":["w836219216@1"],"geomType":"LineString","id":"7d78484f-7813-3b1b-8001-4239a62295d6"}},{"type":"Feature","geometry":{"type":"Point","coordinates":[10.512048,46.006987]},"properties":{"kind":"infra","cls":"substation","sub":"power","name":"Boazzo","osm":["r7837848@1"],"geomType":"Polygon","id":"7dc3ce51-dfd0-3dc2-aefb-dcdd146b35b3"}},{"type":"Feature","geometry":{"type":"Point","coordinates":[10.530809,46.017217]},"properties":{"kind":"infra","cls":"bridge","sub":"bridge","osm":["w233165933@2"],"geomType":"LineString","id":"7e60c1f5-1efa-3d7a-bbb2-9fe5574d7293"}},{"type":"Feature","geometry":{"type":"Point","coordinates":[10.513782,46.053504]},"properties":{"kind":"infra","cls":"substation","sub":"power","osm":["w511165918@2"],"geomType":"Polygon","id":"80c08d32-5e29-397d-9f73-31834dc808b7"}},{"type":"Feature","geometry":{"type":"Point","coordinates":[10.609963,46.049222]},"properties":{"kind":"infra","cls":"information","sub":"pedestrian","osm":["n9005109962@1"],"geomType":"Point","id":"81048cf5-6592-32ae-af95-a2121def4b61"}},{"type":"Feature","geometry":{"type":"Point","coordinates":[10.558525,46.083367]},"properties":{"kind":"infra","cls":"bridge","sub":"bridge","osm":["w1114890567@1"],"geomType":"LineString","id":"819bc7f4-fecd-3a91-ac49-d3304aaea49e"}},{"type":"Feature","geometry":{"type":"Point","coordinates":[10.497032,46.083088]},"properties":{"kind":"infra","cls":"information","sub":"pedestrian","name":"Sentiero degli Alpini","osm":["n12183543648@5"],"geomType":"Point","id":"820e8919-2368-3d5e-90ff-1819f26733b5"}},{"type":"Feature","geometry":{"type":"Point","coordinates":[10.520393,46.012083]},"properties":{"kind":"infra","cls":"drinking_water","sub":"water","osm":["n2376443057@1"],"geomType":"Point","id":"83a2f8e5-bb1e-3117-b8d0-8b1f6b508fbd"}},{"type":"Feature","geometry":{"type":"Point","coordinates":[10.614552,46.123816]},"properties":{"kind":"infra","cls":"information","sub":"pedestrian","osm":["n3753053873@4"],"geomType":"Point","id":"83df9cfc-7133-3f0b-af3a-e20138b0e79d"}},{"type":"Feature","geometry":{"type":"Point","coordinates":[10.611277,46.049547]},"properties":{"kind":"infra","cls":"information","sub":"pedestrian","name":"Rifugio Trivena","osm":["n456740240@4"],"geomType":"Point","id":"843508a6-0256-3c34-8b7f-659a20b5b03c"}},{"type":"Feature","geometry":{"type":"Point","coordinates":[10.565487,46.09591]},"properties":{"kind":"infra","cls":"bridge","sub":"bridge","osm":["w510148420@2"],"geomType":"LineString","id":"85063b6a-c9e9-39a0-bb87-7e27722f5281"}},{"type":"Feature","geometry":{"type":"Point","coordinates":[10.628666,46.043089]},"properties":{"kind":"infra","cls":"drinking_water","sub":"water","name":"Fonte Ferrugginosa","osm":["n11181550396@2"],"geomType":"Point","id":"85933c4b-dae2-3c48-9ae3-7a8e83790430"}},{"type":"Feature","geometry":{"type":"Point","coordinates":[10.605732,46.018039]},"properties":{"kind":"infra","cls":"bridge","sub":"bridge","osm":["w234511014@2"],"geomType":"LineString","id":"859c8e0e-b846-3aae-bc87-62683c353237"}},{"type":"Feature","geometry":{"type":"Point","coordinates":[10.605663,46.022866]},"properties":{"kind":"infra","cls":"information","sub":"pedestrian","name":"Cascata Campel","osm":["n12215532953@3"],"geomType":"Point","id":"89555433-0b1e-3d81-a444-0274f1cb32a2"}},{"type":"Feature","geometry":{"type":"Point","coordinates":[10.57508,46.056357]},"properties":{"kind":"infra","cls":"information","sub":"pedestrian","name":"Passo di Breguzzo","osm":["n5010922997@7"],"geomType":"Point","id":"8a4774ee-c7b3-3d04-b573-73bb0a16213f"}},{"type":"Feature","geometry":{"type":"Point","coordinates":[10.514237,46.115676]},"properties":{"kind":"infra","cls":"information","sub":"pedestrian","name":"Passo Poia","osm":["n12184373080@3"],"geomType":"Point","id":"8babb2ff-a778-3c58-903d-f565fdfffb76"}},{"type":"Feature","geometry":{"type":"Point","coordinates":[10.55381,45.974486]},"properties":{"kind":"infra","cls":"bridge","sub":"bridge","osm":["w303113659@2"],"geomType":"LineString","id":"8d52a1ce-caef-354d-b93e-2b46aadbd1f7"}},{"type":"Feature","geometry":{"type":"Point","coordinates":[10.513288,46.031253]},"properties":{"kind":"infra","cls":"parking","sub":"transit","osm":["w1303859835@3"],"geomType":"Polygon","id":"8d8ca5d5-c031-3848-b051-4466d510971d"}},{"type":"Feature","geometry":{"type":"Point","coordinates":[10.447226,46.128923]},"properties":{"kind":"infra","cls":"information","sub":"pedestrian","osm":["n3032346238@1"],"geomType":"Point","id":"8d9e5c15-5111-32cf-abc5-0b495726c7a1"}},{"type":"Feature","geometry":{"type":"Point","coordinates":[10.550277,46.078134]},"properties":{"kind":"infra","cls":"bridge","sub":"bridge","osm":["w240878912@3"],"geomType":"LineString","id":"8e7b5852-631c-3d82-b0d9-51b39ae216ba"}},{"type":"Feature","geometry":{"type":"Point","coordinates":[10.520053,46.000803]},"properties":{"kind":"infra","cls":"parking","sub":"transit","osm":["w696882522@1"],"geomType":"Polygon","id":"9556036c-fa7d-33da-b64d-ce3c091bd08a"}},{"type":"Feature","geometry":{"type":"Point","coordinates":[10.512658,46.032306]},"properties":{"kind":"infra","cls":"parking","sub":"transit","osm":["n12311747739@1"],"geomType":"Point","id":"967dba95-0dd9-353d-b133-f3e556f87926"}},{"type":"Feature","geometry":{"type":"Point","coordinates":[10.513296,46.032231]},"properties":{"kind":"infra","cls":"parking","sub":"transit","osm":["w1488894819@1"],"geomType":"Polygon","id":"9ada6670-61f9-37d9-a21d-22eaeb6940a5"}},{"type":"Feature","geometry":{"type":"Point","coordinates":[10.593847,46.096181]},"properties":{"kind":"infra","cls":"information","sub":"pedestrian","osm":["n11226554525@1"],"geomType":"Point","id":"9b56259f-8219-3621-8ecc-65544dacf536"}},{"type":"Feature","geometry":{"type":"Point","coordinates":[10.455049,46.070296]},"properties":{"kind":"infra","cls":"bridge","sub":"bridge","osm":["w1112686046@2"],"geomType":"LineString","id":"9d7b22eb-6e3a-3964-b15e-7e7adec3ec18"}},{"type":"Feature","geometry":{"type":"Point","coordinates":[10.582122,46.00639]},"properties":{"kind":"infra","cls":"information","sub":"pedestrian","name":"Passo del Frate","osm":["n12159780820@1"],"geomType":"Point","id":"9e80ae1c-0a36-30c2-8664-3ac149ffe3a8"}},{"type":"Feature","geometry":{"type":"Point","coordinates":[10.622196,46.113711]},"properties":{"kind":"infra","cls":"bridge","sub":"bridge","name":"Ponte Tibetano","osm":["w175868405@6"],"geomType":"LineString","id":"a079a38d-7bd6-39c0-8093-591de017700e"}},{"type":"Feature","geometry":{"type":"Point","coordinates":[10.511461,46.051505]},"properties":{"kind":"infra","cls":"toilets","sub":"pedestrian","osm":["w506258604@2"],"geomType":"Polygon","id":"a0ef3a6a-f59f-3c26-94f9-56c6fcac22ce"}},{"type":"Feature","geometry":{"type":"Point","coordinates":[10.540983,46.071082]},"properties":{"kind":"infra","cls":"bridge","sub":"bridge","osm":["w511165924@1"],"geomType":"LineString","id":"a2624aac-47bd-3aef-be4f-4112d8eaaa13"}},{"type":"Feature","geometry":{"type":"Point","coordinates":[10.512464,46.014662]},"properties":{"kind":"infra","cls":"bridge","sub":"bridge","osm":["w82552635@7"],"geomType":"LineString","id":"a2f23845-611e-3c23-a13b-30e57c6ef7ac"}},{"type":"Feature","geometry":{"type":"Point","coordinates":[10.528189,46.076633]},"properties":{"kind":"infra","cls":"information","sub":"pedestrian","osm":["n5035243113@2"],"geomType":"Point","id":"a3d55d8f-ec97-3675-b8f0-2992a8fe0b1b"}},{"type":"Feature","geometry":{"type":"Point","coordinates":[10.549937,45.974175]},"properties":{"kind":"infra","cls":"bridge","sub":"bridge","osm":["w367843685@1"],"geomType":"LineString","id":"a3e8c67e-4ef2-39c7-8750-66abd275bdae"}},{"type":"Feature","geometry":{"type":"Point","coordinates":[10.529772,45.989053]},"properties":{"kind":"infra","cls":"bridge","sub":"bridge","osm":["w241101044@5"],"geomType":"LineString","id":"a4845397-cf13-34d9-8c86-eb43eb3e22e3"}},{"type":"Feature","geometry":{"type":"Point","coordinates":[10.513211,46.002433]},"properties":{"kind":"infra","cls":"information","sub":"pedestrian","osm":["n2370581732@2"],"geomType":"Point","id":"a5138fbe-132f-3309-9240-cddbe7100b0c"}},{"type":"Feature","geometry":{"type":"Point","coordinates":[10.606734,46.023266]},"properties":{"kind":"infra","cls":"bridge","sub":"bridge","osm":["w1208888443@1"],"geomType":"LineString","id":"a5210a6f-6123-3fb7-9b09-231606cf9df4"}},{"type":"Feature","geometry":{"type":"Point","coordinates":[10.631613,46.039857]},"properties":{"kind":"infra","cls":"parking","sub":"transit","osm":["w503443971@5"],"geomType":"Polygon","id":"a5577c93-84d2-31c4-a1d0-e21e016fb18c"}},{"type":"Feature","geometry":{"type":"Point","coordinates":[10.496923,45.999967]},"properties":{"kind":"infra","cls":"information","sub":"pedestrian","osm":["n2370581725@1"],"geomType":"Point","id":"a70f1606-cd09-3454-95b3-b5e5d88b08e9"}},{"type":"Feature","geometry":{"type":"Point","coordinates":[10.561538,46.084901]},"properties":{"kind":"infra","cls":"information","sub":"pedestrian","osm":["n5000770887@2"],"geomType":"Point","id":"a73dbfb8-d405-3feb-9c8b-2353c82ba3ca"}},{"type":"Feature","geometry":{"type":"Point","coordinates":[10.50577,46.057655]},"properties":{"kind":"infra","cls":"information","sub":"pedestrian","osm":["n11164781497@4"],"geomType":"Point","id":"ac8605f9-85ae-3664-a168-dee1ee906aa3"}},{"type":"Feature","geometry":{"type":"Point","coordinates":[10.531963,45.990029]},"properties":{"kind":"infra","cls":"parking","sub":"transit","osm":["n2487951431@2"],"geomType":"Point","id":"acf117bb-94af-329a-a7c1-b9fca23476e5"}},{"type":"Feature","geometry":{"type":"Point","coordinates":[10.599987,46.053683]},"properties":{"kind":"infra","cls":"information","sub":"pedestrian","name":"Pian di Redont","osm":["n456740238@5"],"geomType":"Point","id":"aeefa839-de86-3f42-ab14-db650a5a75c8"}},{"type":"Feature","geometry":{"type":"Point","coordinates":[10.620886,46.01925]},"properties":{"kind":"infra","cls":"parking","sub":"transit","osm":["n740858747@3"],"geomType":"Point","id":"af72075b-0b19-3a08-8c0e-99ae669e2d4e"}},{"type":"Feature","geometry":{"type":"Point","coordinates":[10.561246,46.085]},"properties":{"kind":"infra","cls":"information","sub":"pedestrian","osm":["n5000770893@5"],"geomType":"Point","id":"b02b1211-3628-3995-8c53-8cdb19fa897f"}},{"type":"Feature","geometry":{"type":"Point","coordinates":[10.540409,45.976887]},"properties":{"kind":"infra","cls":"viewpoint","sub":"pedestrian","osm":["n2487948641@1"],"geomType":"Point","id":"b0657b6e-c9dd-38f5-9627-85c3d91c9288"}},{"type":"Feature","geometry":{"type":"Point","coordinates":[10.55585,45.977158]},"properties":{"kind":"infra","cls":"bridge","sub":"bridge","osm":["w1326314839@1"],"geomType":"LineString","id":"b1991717-0927-3578-b00e-e6d8e20494fd"}},{"type":"Feature","geometry":{"type":"Point","coordinates":[10.571065,45.991548]},"properties":{"kind":"infra","cls":"information","sub":"pedestrian","osm":["n12271555441@1"],"geomType":"Point","id":"b1d6e215-a337-3f17-9a20-d904fe4c1b01"}},{"type":"Feature","geometry":{"type":"Point","coordinates":[10.558438,46.083538]},"properties":{"kind":"infra","cls":"information","sub":"pedestrian","name":"Malga Val di Fumo","osm":["n5000770909@2"],"geomType":"Point","id":"b3b0e025-0a68-371e-9a2c-a294266f6f30"}},{"type":"Feature","geometry":{"type":"Point","coordinates":[10.575045,46.06282]},"properties":{"kind":"infra","cls":"information","sub":"pedestrian","name":"Bocchetta dei Cacciatori","osm":["n11181653026@2"],"geomType":"Point","id":"b4bc011b-7e43-3f46-ad95-6cc14be050c7"}},{"type":"Feature","geometry":{"type":"Point","coordinates":[10.610937,45.978009]},"properties":{"kind":"infra","cls":"drinking_water","sub":"water","osm":["n14103630202@1"],"geomType":"Point","id":"b534d135-653e-3a52-a240-ae66408d092a"}},{"type":"Feature","geometry":{"type":"Point","coordinates":[10.63928,46.113093]},"properties":{"kind":"infra","cls":"information","sub":"pedestrian","name":"Mandra Niscli","osm":["n12140483350@1"],"geomType":"Point","id":"b54e21cc-f1e8-3930-8923-4d367404dc4f"}},{"type":"Feature","geometry":{"type":"Point","coordinates":[10.510649,46.050932]},"properties":{"kind":"infra","cls":"parking","sub":"transit","osm":["w82897614@8"],"geomType":"Polygon","id":"b585f712-2b7d-3342-b7e5-0e343afc2378"}},{"type":"Feature","geometry":{"type":"Point","coordinates":[10.503308,46.001317]},"properties":{"kind":"infra","cls":"bridge","sub":"bridge","osm":["w228119286@3"],"geomType":"LineString","id":"b89bc489-3ca9-3444-a372-f3b8ea01f72b"}},{"type":"Feature","geometry":{"type":"Point","coordinates":[10.59968,46.053268]},"properties":{"kind":"infra","cls":"information","sub":"pedestrian","osm":["n456740239@4"],"geomType":"Point","id":"b942ba70-9666-33cc-9c05-4548c7ca4720"}},{"type":"Feature","geometry":{"type":"Point","coordinates":[10.512823,46.035796]},"properties":{"kind":"infra","cls":"bridge","sub":"bridge","osm":["w240957220@2"],"geomType":"LineString","id":"baa584cf-e936-3e0e-9fcf-53090c1ec7f8"}},{"type":"Feature","geometry":{"type":"Point","coordinates":[10.484253,46.032478]},"properties":{"kind":"infra","cls":"information","sub":"pedestrian","osm":["n4398157623@10"],"geomType":"Point","id":"bcf8268b-1a59-3223-be04-3e8df35c461f"}},{"type":"Feature","geometry":{"type":"Point","coordinates":[10.487592,46.084767]},"properties":{"kind":"infra","cls":"parking","sub":"transit","osm":["w356941793@1"],"geomType":"Polygon","id":"bd14bb91-0db3-3c05-85f7-20b6d5daa19d"}},{"type":"Feature","geometry":{"type":"Point","coordinates":[10.602006,46.015063]},"properties":{"kind":"infra","cls":"drinking_water","sub":"water","osm":["n14103629902@1"],"geomType":"Point","id":"bd4ff25b-089a-3e4d-9023-3f05aff5e339"}},{"type":"Feature","geometry":{"type":"Point","coordinates":[10.555977,45.973888]},"properties":{"kind":"infra","cls":"information","sub":"pedestrian","name":"Vermongoi","osm":["n12271555435@2"],"geomType":"Point","id":"be88ce78-b885-38cf-9cff-d0c99f292782"}},{"type":"Feature","geometry":{"type":"Point","coordinates":[10.540809,46.071622]},"properties":{"kind":"infra","cls":"bridge","sub":"bridge","osm":["w232215958@3"],"geomType":"LineString","id":"bf178a67-5659-3ccd-8c19-c0f7a0cfa280"}},{"type":"Feature","geometry":{"type":"Point","coordinates":[10.524962,46.108635]},"properties":{"kind":"infra","cls":"information","sub":"pedestrian","name":"Val Adamè","osm":["n3622586850@5"],"geomType":"Point","id":"c0ed02f8-b3ca-3317-9313-3bbba965fe8d"}},{"type":"Feature","geometry":{"type":"Point","coordinates":[10.612911,46.021862]},"properties":{"kind":"infra","cls":"information","sub":"pedestrian","name":"Malga d'Arnò","osm":["n12159780818@1"],"geomType":"Point","id":"c107e792-967e-3df8-8737-578ffe8fa080"}},{"type":"Feature","geometry":{"type":"Point","coordinates":[10.564152,46.076445]},"properties":{"kind":"infra","cls":"information","sub":"pedestrian","osm":["n9005127399@1"],"geomType":"Point","id":"c151c024-10c1-33c9-864f-b35efc2106b3"}},{"type":"Feature","geometry":{"type":"Point","coordinates":[10.600029,46.013806]},"properties":{"kind":"infra","cls":"information","sub":"pedestrian","name":"Malga Maggiasone","osm":["n12215532954@2"],"geomType":"Point","id":"c2270154-c0f3-34b3-89e5-4d2d1ee71d86"}},{"type":"Feature","geometry":{"type":"Point","coordinates":[10.602865,46.022687]},"properties":{"kind":"infra","cls":"bridge","sub":"bridge","osm":["w234456180@2"],"geomType":"LineString","id":"c36b70f6-e2cf-313d-ba0a-0bcf1fa5eabe"}},{"type":"Feature","geometry":{"type":"Point","coordinates":[10.6294,46.051871]},"properties":{"kind":"infra","cls":"information","sub":"pedestrian","osm":["n3740388330@2"],"geomType":"Point","id":"c3c7569a-5720-3fb1-be9a-27d63eeae143"}},{"type":"Feature","geometry":{"type":"Point","coordinates":[10.554192,45.980138]},"properties":{"kind":"infra","cls":"viewpoint","sub":"pedestrian","osm":["n1534623652@4"],"geomType":"Point","id":"c58e3d20-8d58-3bb1-a051-2114080189e9"}},{"type":"Feature","geometry":{"type":"Point","coordinates":[10.458894,45.974936]},"properties":{"kind":"infra","cls":"information","sub":"pedestrian","name":"Sopra Passo del Termine","osm":["n3676413435@4"],"geomType":"Point","id":"c714d0a7-fa4d-34da-bf36-46906e739566"}},{"type":"Feature","geometry":{"type":"Point","coordinates":[10.562494,46.084305]},"properties":{"kind":"infra","cls":"information","sub":"pedestrian","osm":["n5000770907@2"],"geomType":"Point","id":"c81f5497-77d9-39d6-84e7-353111331d1d"}},{"type":"Feature","geometry":{"type":"Point","coordinates":[10.565036,46.096032]},"properties":{"kind":"infra","cls":"information","sub":"pedestrian","name":"Cuai da Vich","osm":["n11141994906@4"],"geomType":"Point","id":"c8ebe717-d8ee-3113-a2f9-35c6a6aef9c3"}},{"type":"Feature","geometry":{"type":"Point","coordinates":[10.59944,46.053342]},"properties":{"kind":"infra","cls":"bridge","sub":"bridge","osm":["w38564598@4"],"geomType":"LineString","id":"c8fa01c4-cb32-3d63-8356-dc51b8adb0d4"}},{"type":"Feature","geometry":{"type":"Point","coordinates":[10.61424,46.021729]},"properties":{"kind":"infra","cls":"drinking_water","sub":"water","osm":["n14017184083@1"],"geomType":"Point","id":"c9d004a7-f8bb-3e84-a6b5-6c9c67dffa95"}},{"type":"Feature","geometry":{"type":"Point","coordinates":[10.510659,46.050659]},"properties":{"kind":"infra","cls":"information","sub":"pedestrian","osm":["n11164781501@1"],"geomType":"Point","id":"ca6dd62c-b90d-3f35-ba94-1afe5583979f"}},{"type":"Feature","geometry":{"type":"Point","coordinates":[10.452578,45.979503]},"properties":{"kind":"infra","cls":"bridge","sub":"bridge","osm":["w363478456@1"],"geomType":"LineString","id":"caadeb54-24b5-3156-9ab3-d51d586cf649"}},{"type":"Feature","geometry":{"type":"Point","coordinates":[10.515263,46.009164]},"properties":{"kind":"infra","cls":"information","sub":"pedestrian","osm":["n5302481517@1"],"geomType":"Point","id":"cc7036bf-7579-37d0-9a8e-706406b99cf7"}},{"type":"Feature","geometry":{"type":"Point","coordinates":[10.591339,46.06762]},"properties":{"kind":"infra","cls":"information","sub":"pedestrian","name":"Crepèr Bocchetta Cop di Casa","osm":["n9005109983@3"],"geomType":"Point","id":"cc81f06f-2411-3144-97da-d5808240b2d7"}},{"type":"Feature","geometry":{"type":"Point","coordinates":[10.513594,46.027296]},"properties":{"kind":"infra","cls":"bridge","sub":"bridge","osm":["w294955971@2"],"geomType":"LineString","id":"cd21828f-9ee9-39c8-b6c0-0a234daa0b93"}},{"type":"Feature","geometry":{"type":"Point","coordinates":[10.561575,46.084918]},"properties":{"kind":"infra","cls":"bridge","sub":"bridge","osm":["w229003184@4"],"geomType":"LineString","id":"cdac789e-d706-36db-9cf2-6ae18933eb8f"}},{"type":"Feature","geometry":{"type":"Point","coordinates":[10.461933,46.109951]},"properties":{"kind":"infra","cls":"dam","sub":"water","name":"Diga del lago di Macesso","osm":["w610217852@1"],"geomType":"LineString","id":"cf1865e4-2406-32b5-b3e5-9a4cc2186a1f"}},{"type":"Feature","geometry":{"type":"Point","coordinates":[10.513592,46.010168]},"properties":{"kind":"infra","cls":"bridge","sub":"bridge","osm":["w82552634@6"],"geomType":"LineString","id":"cf7fdf39-841b-37cb-8286-d1f1c589caad"}},{"type":"Feature","geometry":{"type":"Point","coordinates":[10.588014,46.048654]},"properties":{"kind":"infra","cls":"information","sub":"pedestrian","osm":["n456740246@3"],"geomType":"Point","id":"cfacb0b1-921f-3ada-a581-03f40d18a673"}},{"type":"Feature","geometry":{"type":"Point","coordinates":[10.599418,46.053235]},"properties":{"kind":"infra","cls":"information","sub":"pedestrian","osm":["n9005109977@1"],"geomType":"Point","id":"d108f244-9d54-37ba-b2ed-9ae536fa0ad4"}},{"type":"Feature","geometry":{"type":"Point","coordinates":[10.623972,46.045105]},"properties":{"kind":"infra","cls":"bridge","sub":"bridge","osm":["w503445878@2"],"geomType":"LineString","id":"d128a5d4-30ea-389a-9db1-4a7505b950c4"}},{"type":"Feature","geometry":{"type":"Point","coordinates":[10.50203,46.123843]},"properties":{"kind":"infra","cls":"bridge","sub":"bridge","osm":["w836216115@2"],"geomType":"LineString","id":"d25b3466-c256-3c57-9a2f-00ea502fc79b"}},{"type":"Feature","geometry":{"type":"Point","coordinates":[10.504922,46.077765]},"properties":{"kind":"infra","cls":"information","sub":"pedestrian","osm":["n11141914272@5"],"geomType":"Point","id":"d28f7c64-b9dc-3194-b1e6-4d7173694ce7"}},{"type":"Feature","geometry":{"type":"Point","coordinates":[10.523005,45.997234]},"properties":{"kind":"infra","cls":"bridge","sub":"bridge","osm":["w256517462@3"],"geomType":"LineString","id":"d2a0c206-0165-30f7-b7cd-aa1e233ca994"}},{"type":"Feature","geometry":{"type":"Point","coordinates":[10.493004,45.977776]},"properties":{"kind":"infra","cls":"viewpoint","sub":"pedestrian","osm":["n11174296645@1"],"geomType":"Point","id":"d425b288-9576-3f89-b3a5-cfddd068610d"}},{"type":"Feature","geometry":{"type":"Point","coordinates":[10.618165,46.118355]},"properties":{"kind":"infra","cls":"information","sub":"pedestrian","osm":["n7811034805@3"],"geomType":"Point","id":"d470cdc4-cc16-34d8-bd64-07d1d1322041"}},{"type":"Feature","geometry":{"type":"Point","coordinates":[10.638764,45.961349]},"properties":{"kind":"infra","cls":"viewpoint","sub":"pedestrian","osm":["n14135612875@1"],"geomType":"Point","id":"d54e1b78-8f58-382a-8435-0081e18ddfb7"}},{"type":"Feature","geometry":{"type":"Point","coordinates":[10.512187,46.006326]},"properties":{"kind":"infra","cls":"parking","sub":"transit","osm":["n3759967757@2"],"geomType":"Point","id":"d6479b3c-16dc-35bf-852e-ce525c9e0498"}},{"type":"Feature","geometry":{"type":"Point","coordinates":[10.597488,45.963804]},"properties":{"kind":"infra","cls":"bridge","sub":"bridge","osm":["w1326318311@1"],"geomType":"LineString","id":"d6b20db2-df5e-3aa4-96c4-de0798ed679e"}},{"type":"Feature","geometry":{"type":"Point","coordinates":[10.458232,46.071202]},"properties":{"kind":"infra","cls":"drinking_water","sub":"water","osm":["n9969243353@1"],"geomType":"Point","id":"d78f3125-8fa2-3bf4-98ff-718aa60e5268"}},{"type":"Feature","geometry":{"type":"Point","coordinates":[10.496086,46.083717]},"properties":{"kind":"infra","cls":"dam","sub":"water","osm":["r5326178@1"],"geomType":"Polygon","id":"d8e56010-6e2d-3465-988b-de2ae27b89ad"}},{"type":"Feature","geometry":{"type":"Point","coordinates":[10.545578,46.061543]},"properties":{"kind":"infra","cls":"information","sub":"pedestrian","osm":["n2376334159@3"],"geomType":"Point","id":"da0459b5-483a-385e-8f65-52b83f48e433"}},{"type":"Feature","geometry":{"type":"Point","coordinates":[10.56929,45.992467]},"properties":{"kind":"infra","cls":"information","sub":"pedestrian","osm":["n12271555439@2"],"geomType":"Point","id":"dd3db967-6a03-38dd-bd41-10b01520a05b"}},{"type":"Feature","geometry":{"type":"Point","coordinates":[10.47727,45.960074]},"properties":{"kind":"infra","cls":"information","sub":"pedestrian","name":"Bivio per Monte Gelo","osm":["n11047711964@5"],"geomType":"Point","id":"ddfdeed2-5b83-3588-8c27-c876997ac473"}},{"type":"Feature","geometry":{"type":"Point","coordinates":[10.455761,46.070725]},"properties":{"kind":"infra","cls":"bridge","sub":"bridge","osm":["w436883851@2"],"geomType":"LineString","id":"de81c4ce-272a-34d8-a620-eff9f0f351b2"}},{"type":"Feature","geometry":{"type":"Point","coordinates":[10.582074,46.006388]},"properties":{"kind":"infra","cls":"information","sub":"pedestrian","name":"Passo del Frate","osm":["n12159780821@2"],"geomType":"Point","id":"deb57d20-a7e7-32ee-a5e7-0ec6e65d0e37"}},{"type":"Feature","geometry":{"type":"Point","coordinates":[10.576738,45.966611]},"properties":{"kind":"infra","cls":"bridge","sub":"bridge","osm":["w82549469@4"],"geomType":"LineString","id":"dfe9785a-1e94-3e73-afc4-dc6b1a337373"}},{"type":"Feature","geometry":{"type":"Point","coordinates":[10.625348,46.083077]},"properties":{"kind":"infra","cls":"bridge","sub":"bridge","osm":["w822554038@3"],"geomType":"LineString","id":"e019b18e-12d5-3646-90a6-8bb45863dfee"}},{"type":"Feature","geometry":{"type":"Point","coordinates":[10.514151,46.057996]},"properties":{"kind":"infra","cls":"bridge","sub":"bridge","osm":["w511165939@2"],"geomType":"LineString","id":"e151482d-d26f-39f2-8ec3-6e5a1489851b"}},{"type":"Feature","geometry":{"type":"Point","coordinates":[10.613787,46.017811]},"properties":{"kind":"infra","cls":"bridge","sub":"bridge","osm":["w822688051@1"],"geomType":"LineString","id":"e1c81e1e-b557-38d0-84b1-47fd661f4c66"}},{"type":"Feature","geometry":{"type":"Point","coordinates":[10.512805,46.009185]},"properties":{"kind":"infra","cls":"bridge","sub":"bridge","osm":["w295246784@2"],"geomType":"LineString","id":"e2529d45-7b02-30fd-9b2d-92303438e002"}},{"type":"Feature","geometry":{"type":"Point","coordinates":[10.48757,46.084667]},"properties":{"kind":"infra","cls":"parking","sub":"transit","osm":["w356941795@1"],"geomType":"Polygon","id":"e26b5ef5-b68b-366b-bc46-9eaafe9f0b26"}},{"type":"Feature","geometry":{"type":"Point","coordinates":[10.475506,45.960765]},"properties":{"kind":"infra","cls":"information","sub":"pedestrian","name":"Casinello di Blumone","osm":["n11011888646@3"],"geomType":"Point","id":"e2a687ce-0b7e-31c7-9044-ad22ea401442"}},{"type":"Feature","geometry":{"type":"Point","coordinates":[10.632418,46.040114]},"properties":{"kind":"infra","cls":"information","sub":"pedestrian","osm":["n456740218@4"],"geomType":"Point","id":"e3106e6c-2fc7-3360-911a-4f2ebd97347b"}},{"type":"Feature","geometry":{"type":"Point","coordinates":[10.554263,46.080689]},"properties":{"kind":"infra","cls":"bridge","sub":"bridge","osm":["w230246479@3"],"geomType":"LineString","id":"e3b34038-9383-3b0d-ae39-68df648088ac"}},{"type":"Feature","geometry":{"type":"Point","coordinates":[10.519606,46.10322]},"properties":{"kind":"infra","cls":"information","sub":"pedestrian","osm":["n3623411593@1"],"geomType":"Point","id":"e40a57de-4876-36af-a8cc-6fe4a9c261bb"}},{"type":"Feature","geometry":{"type":"Point","coordinates":[10.488713,46.084616]},"properties":{"kind":"infra","cls":"bridge","sub":"bridge","osm":["w356941813@1"],"geomType":"LineString","id":"e545e5c7-e7d6-343c-8db7-5e0615988a53"}},{"type":"Feature","geometry":{"type":"Point","coordinates":[10.487322,46.083675]},"properties":{"kind":"infra","cls":"bridge","sub":"bridge","osm":["w1124221764@1"],"geomType":"LineString","id":"e97696d1-f4fe-3bd5-9f7d-4772aaeb90dd"}},{"type":"Feature","geometry":{"type":"Point","coordinates":[10.51305,46.03302]},"properties":{"kind":"infra","cls":"drinking_water","sub":"water","osm":["n3670947426@1"],"geomType":"Point","id":"e9df8f11-a187-33ea-b0fe-f22d3eb7d021"}},{"type":"Feature","geometry":{"type":"Point","coordinates":[10.518013,46.054308]},"properties":{"kind":"infra","cls":"dam","sub":"water","osm":["w243097475@1"],"geomType":"Polygon","id":"ea738656-a46c-3d35-a7eb-b8a0d462b5f2"}},{"type":"Feature","geometry":{"type":"Point","coordinates":[10.555969,45.973965]},"properties":{"kind":"infra","cls":"information","sub":"pedestrian","name":"Orizzonti Liberi","osm":["n12271555459@2"],"geomType":"Point","id":"ea796adb-5b68-358c-a227-2920d4a11bce"}},{"type":"Feature","geometry":{"type":"Point","coordinates":[10.547789,45.976322]},"properties":{"kind":"infra","cls":"parking","sub":"transit","osm":["w234888818@3"],"geomType":"Polygon","id":"ec66142c-c5a7-34d9-8daa-8f011ac63cf3"}},{"type":"Feature","geometry":{"type":"Point","coordinates":[10.47754,46.114421]},"properties":{"kind":"infra","cls":"dam","sub":"water","osm":["w36357086@1"],"geomType":"LineString","id":"eca1ae08-7d7b-3056-94e0-c70079e6dcf7"}},{"type":"Feature","geometry":{"type":"Point","coordinates":[10.619775,46.125117]},"properties":{"kind":"infra","cls":"information","sub":"pedestrian","name":"Passo dei Pozzoni","osm":["n12195243312@2"],"geomType":"Point","id":"ed676be8-7b7e-3f09-9fc4-cea64636df32"}},{"type":"Feature","geometry":{"type":"Point","coordinates":[10.489643,45.997547]},"properties":{"kind":"infra","cls":"bridge","sub":"bridge","osm":["w228119283@3"],"geomType":"LineString","id":"ed7f1878-cb0a-3f36-9089-4511196c7a88"}},{"type":"Feature","geometry":{"type":"Point","coordinates":[10.542344,46.106466]},"properties":{"kind":"infra","cls":"information","sub":"pedestrian","name":"Passo della Porta di Buciaga","osm":["n11218054295@3"],"geomType":"Point","id":"edb48bda-f3b4-3f77-8cbf-68876d739878"}},{"type":"Feature","geometry":{"type":"Point","coordinates":[10.612605,46.079473]},"properties":{"kind":"infra","cls":"information","sub":"pedestrian","name":"Valletta Alta","osm":["n9005108702@4"],"geomType":"Point","id":"efb4f481-2f97-318d-b33f-9e990446a665"}},{"type":"Feature","geometry":{"type":"Point","coordinates":[10.584119,46.071455]},"properties":{"kind":"infra","cls":"information","sub":"pedestrian","osm":["n9005109985@1"],"geomType":"Point","id":"efb56bb9-5fbe-3b83-8b07-f4401f5f934b"}},{"type":"Feature","geometry":{"type":"Point","coordinates":[10.639326,46.032446]},"properties":{"kind":"infra","cls":"bridge","sub":"bridge","osm":["w507983670@2"],"geomType":"LineString","id":"f028bcf5-ddfd-36ab-bb17-f596fe62e4c7"}},{"type":"Feature","geometry":{"type":"Point","coordinates":[10.540335,45.97689]},"properties":{"kind":"infra","cls":"bridge","sub":"bridge","osm":["w241101065@4"],"geomType":"LineString","id":"f1218480-ebc2-344e-803c-6da7c812d434"}},{"type":"Feature","geometry":{"type":"Point","coordinates":[10.454817,46.130801]},"properties":{"kind":"infra","cls":"dam","sub":"water","name":"Diga Miller","osm":["w35010214@2"],"geomType":"LineString","id":"f185296a-924e-3590-a9bb-649600a958c5"}},{"type":"Feature","geometry":{"type":"Point","coordinates":[10.557098,45.982668]},"properties":{"kind":"infra","cls":"information","sub":"pedestrian","osm":["n12271555438@2"],"geomType":"Point","id":"f3961e92-b4ce-3c62-8b75-213fd80b4990"}},{"type":"Feature","geometry":{"type":"Point","coordinates":[10.566615,46.09053]},"properties":{"kind":"infra","cls":"information","sub":"pedestrian","name":"Piana della Val di Fumo","osm":["n5035244590@3"],"geomType":"Point","id":"f403e1c1-a80f-338a-8440-ab8c09b1006e"}},{"type":"Feature","geometry":{"type":"Point","coordinates":[10.48159,46.021929]},"properties":{"kind":"infra","cls":"information","sub":"pedestrian","osm":["n4398155026@7"],"geomType":"Point","id":"f4ee5e39-756e-345c-ae57-7c05e94926ad"}},{"type":"Feature","geometry":{"type":"Point","coordinates":[10.455736,46.070987]},"properties":{"kind":"infra","cls":"parking","sub":"transit","osm":["w1300892907@1"],"geomType":"Polygon","id":"f7aec684-eb1e-3bd1-a2cc-248c2adf9001"}},{"type":"Feature","geometry":{"type":"Point","coordinates":[10.633397,46.038856]},"properties":{"kind":"infra","cls":"bridge","sub":"bridge","osm":["w507983644@1"],"geomType":"LineString","id":"f95ca556-083b-357f-aafb-74f93b77bf6b"}},{"type":"Feature","geometry":{"type":"Point","coordinates":[10.597724,46.013746]},"properties":{"kind":"infra","cls":"bridge","sub":"bridge","osm":["w234455819@4"],"geomType":"LineString","id":"f9a613cc-99a0-31ae-8667-636ba46f49b9"}},{"type":"Feature","geometry":{"type":"Point","coordinates":[10.611658,46.049693]},"properties":{"kind":"infra","cls":"drinking_water","sub":"water","osm":["n3740388294@1"],"geomType":"Point","id":"fa21e9e2-fd1e-3185-8693-4c13df25a916"}},{"type":"Feature","geometry":{"type":"Point","coordinates":[10.52273,45.998358]},"properties":{"kind":"infra","cls":"parking","sub":"transit","osm":["w696881596@1"],"geomType":"Polygon","id":"fadae9e6-9240-3725-a530-aa059cbf8e47"}},{"type":"Feature","geometry":{"type":"Point","coordinates":[10.501953,46.123841]},"properties":{"kind":"infra","cls":"information","sub":"pedestrian","osm":["n14007089422@1"],"geomType":"Point","id":"fba8b11c-3ab6-3e5a-b4b1-ee8144d33991"}},{"type":"Feature","geometry":{"type":"Point","coordinates":[10.496989,46.082973]},"properties":{"kind":"infra","cls":"drinking_water","sub":"water","osm":["n11120031010@2"],"geomType":"Point","id":"fd7802b3-7f91-3b20-b393-79ad0c3c34c8"}},{"type":"Feature","geometry":{"type":"Point","coordinates":[10.488076,46.084873]},"properties":{"kind":"infra","cls":"bridge","sub":"bridge","osm":["w356941812@1"],"geomType":"LineString","id":"fd900e4c-9ba4-3960-8ad3-546f63c5a059"}},{"type":"Feature","geometry":{"type":"Point","coordinates":[10.457629,46.071262]},"properties":{"kind":"infra","cls":"parking","sub":"transit","osm":["w1088072228@3"],"geomType":"Polygon","id":"fdac772c-9364-315b-829b-613343f2f5c3"}},{"type":"Feature","geometry":{"type":"Point","coordinates":[10.50938,46.003177]},"properties":{"kind":"infra","cls":"viewpoint","sub":"pedestrian","osm":["n2371177775@1"],"geomType":"Point","id":"fdcdc985-94e2-3f3d-a477-5aa43b868f72"}},{"type":"Feature","geometry":{"type":"Point","coordinates":[10.625257,46.083131]},"properties":{"kind":"infra","cls":"information","sub":"pedestrian","name":"Valletta Bassa","osm":["n12146250299@1"],"geomType":"Point","id":"fdfabfc0-9443-38a0-a585-cf6d94b357a1"}},{"type":"Feature","geometry":{"type":"Point","coordinates":[10.591605,46.067694]},"properties":{"kind":"infra","cls":"information","sub":"pedestrian","name":"Bocchetta Cop di Casa","osm":["n11181653028@5"],"geomType":"Point","id":"fe932f74-58d6-3dd5-b894-a6abae639376"}},{"type":"Feature","geometry":{"type":"Point","coordinates":[10.592666,46.113619]},"properties":{"kind":"land","cls":"peak","name":"III Gobba","osm":["n13101620165@1"],"ele":3246,"id":"00497e38-f68c-37cd-b3c2-ce1f80957442"}},{"type":"Feature","geometry":{"type":"Point","coordinates":[10.511066,46.110205]},"properties":{"kind":"land","cls":"peak","name":"Corno Settentrionale di Dossaccio","osm":["n523392022@4"],"ele":2871,"id":"027bde7e-3880-3ac4-b499-5fb5812b0ca4"}},{"type":"Feature","geometry":{"type":"Point","coordinates":[10.487366,46.009905]},"properties":{"kind":"land","cls":"saddle","name":"Bocchetta di Cima Larga","osm":["n3690929728@6"],"ele":2311,"id":"039582fb-f91d-3aa2-90f1-98d2afb53204"}},{"type":"Feature","geometry":{"type":"Point","coordinates":[10.479408,46.12627]},"properties":{"kind":"land","cls":"saddle","name":"Passo del Miller","osm":["n456009508@7"],"ele":2858,"id":"05218a32-218d-3a71-a833-df73ef1815ba"}},{"type":"Feature","geometry":{"type":"Point","coordinates":[10.626475,46.12688]},"properties":{"kind":"land","cls":"peak","name":"Monte Coel","osm":["n388118380@5"],"ele":2872,"id":"05b2320d-d54f-3de7-8ece-00df6ae5963e"}},{"type":"Feature","geometry":{"type":"Point","coordinates":[10.508753,46.108582]},"properties":{"kind":"land","cls":"peak","name":"Corno Centrale di Dossaccio","osm":["n523391940@3"],"ele":2855,"id":"06c74b2f-7aa0-372b-8d83-680671091a3b"}},{"type":"Feature","geometry":{"type":"Point","coordinates":[10.513033,46.114671]},"properties":{"kind":"land","cls":"peak","name":"Cima Settentrionale di Frampola","osm":["n523391954@2"],"ele":2899,"id":"0798ca8f-38c4-3638-ac85-c7876b3e7595"}},{"type":"Feature","geometry":{"type":"Point","coordinates":[10.477499,46.051349]},"properties":{"kind":"land","cls":"peak","name":"Monte Campellio","osm":["n456033013@4"],"ele":2807,"id":"07b3f61b-0c0a-33d4-89ec-79cdb439d66c"}},{"type":"Feature","geometry":{"type":"Point","coordinates":[10.588219,46.126094]},"properties":{"kind":"land","cls":"peak","name":"V Dente","osm":["n13101620141@1"],"ele":3296,"id":"0a3b2177-ce6f-306d-8d6d-593efaea53a5"}},{"type":"Feature","geometry":{"type":"Point","coordinates":[10.613428,46.123981]},"properties":{"kind":"land","cls":"saddle","name":"Sella di Niscli","osm":["n1844348278@7"],"ele":2866,"id":"0c8e4111-5fb1-3153-a292-bf5c7e838f5d"}},{"type":"Feature","geometry":{"type":"Point","coordinates":[10.592893,46.116564]},"properties":{"kind":"land","cls":"saddle","name":"II Sella","osm":["n13101620168@1"],"ele":3220,"id":"0cfd3771-a3fc-3e4e-a02d-cd4a31accd8d"}},{"type":"Feature","geometry":{"type":"Point","coordinates":[10.517462,46.117596]},"properties":{"kind":"land","cls":"peak","name":"Cima centrale di Poia","osm":["n523391971@1"],"ele":2972,"id":"10782c2e-5414-398d-8044-f006f7885fd5"}},{"type":"Feature","geometry":{"type":"Point","coordinates":[10.474417,45.972581]},"properties":{"kind":"land","cls":"peak","name":"Cima di Blumone","osm":["n537147270@2"],"ele":2565,"id":"116e1531-8a7c-3458-a6ed-3c0242f103ff"}},{"type":"Feature","geometry":{"type":"Point","coordinates":[10.445809,46.022881]},"properties":{"kind":"land","cls":"peak","name":"Corno Orientale di Dois","osm":["n8979922456@2"],"ele":2843,"id":"13eb9598-d714-3acd-ad4c-84c25cdeaeca"}},{"type":"Feature","geometry":{"type":"Point","coordinates":[10.550128,46.122983]},"properties":{"kind":"land","cls":"peak","name":"Cresta Pisage, sud","osm":["n12968841035@3"],"ele":2884,"id":"15cc35b9-25e7-374b-b9b5-6b183546f896"}},{"type":"Feature","geometry":{"type":"Point","coordinates":[10.481821,46.020934]},"properties":{"kind":"land","cls":"peak","name":"Anticima Ovest","osm":["n10357910828@2"],"ele":2885,"id":"16e15535-c517-39a5-bc62-d6ce199038ff"}},{"type":"Feature","geometry":{"type":"Point","coordinates":[10.508592,46.074115]},"properties":{"kind":"land","cls":"saddle","name":"Forcel Rosso","osm":["n565219302@7"],"ele":2602,"id":"17202e9f-3d0b-31da-a4cb-ebe9411c3a22"}},{"type":"Feature","geometry":{"type":"Point","coordinates":[10.534794,46.009755]},"properties":{"kind":"land","cls":"peak","name":"Bagolo","osm":["n2371033641@1"],"id":"17b6f00c-9d16-3090-a17f-235f6b6cf1bc"}},{"type":"Feature","geometry":{"type":"Point","coordinates":[10.454247,46.025673]},"properties":{"kind":"land","cls":"peak","name":"Cima di Val Ghilarda C.le","osm":["n13100746866@1"],"ele":2765,"id":"19443202-6687-325d-a6a6-5c2496596428"}},{"type":"Feature","geometry":{"type":"Point","coordinates":[10.577154,46.011284]},"properties":{"kind":"land","cls":"peak","name":"Cima Uccia","osm":["n11229845289@1"],"ele":2678,"id":"19c54197-5525-39ec-bae2-2f0eb40cf5be"}},{"type":"Feature","geometry":{"type":"Point","coordinates":[10.457106,45.994883]},"properties":{"kind":"land","cls":"saddle","name":"q. 2586","osm":["n13119770172@1"],"ele":2586,"id":"1b4c3824-ac93-37cc-8a4e-24ac489caa78"}},{"type":"Feature","geometry":{"type":"Point","coordinates":[10.520732,46.088414]},"properties":{"kind":"land","cls":"peak","name":"Cima Lesena","osm":["n523391820@3"],"ele":2850,"id":"1b9fa501-b458-34ea-a44b-40d41d3da4a4"}},{"type":"Feature","geometry":{"type":"Point","coordinates":[10.639322,46.057253]},"properties":{"kind":"land","cls":"saddle","name":"Selletta dei laghi di Valbona","osm":["n12155624186@1"],"ele":2265,"id":"1bb36b43-e298-3204-a54e-d07aef3d5766"}},{"type":"Feature","geometry":{"type":"Point","coordinates":[10.630933,46.127349]},"properties":{"kind":"land","cls":"peak","name":"q. 2827","osm":["n13121539267@1"],"id":"1be2596d-c218-3a9e-8724-9a1cadccb464"}},{"type":"Feature","geometry":{"type":"Point","coordinates":[10.592413,46.081456]},"properties":{"kind":"land","cls":"peak","name":"Cresta di San Valentino","osm":["n8214676125@3"],"ele":2904,"id":"1c3c7409-e481-3742-b963-bd91ab58e0f7"}},{"type":"Feature","geometry":{"type":"Point","coordinates":[10.60599,45.974529]},"properties":{"kind":"land","cls":"peak","name":"Doss dei Morti","osm":["n729658156@3"],"ele":2183,"id":"20922258-c039-3c68-be2b-37ccb33603b1"}},{"type":"Feature","geometry":{"type":"Point","coordinates":[10.60992,46.11943]},"properties":{"kind":"land","cls":"peak","name":"Sass de la Stria","osm":["n429616998@5"],"ele":2942,"id":"211db4a4-be14-3a95-9d73-d2e7d3dd1591"}},{"type":"Feature","geometry":{"type":"Point","coordinates":[10.515405,46.079234]},"properties":{"kind":"land","cls":"saddle","name":"Intaglio","osm":["n13100316418@2"],"ele":2772,"id":"217f7c73-7420-3397-9d04-249c2bf47456"}},{"type":"Feature","geometry":{"type":"Point","coordinates":[10.596934,46.105341]},"properties":{"kind":"land","cls":"peak","name":"Anticima Sud","osm":["n13121523734@1"],"ele":3376,"id":"234aa65d-02d2-33bb-9191-0565fef12100"}},{"type":"Feature","geometry":{"type":"Point","coordinates":[10.474249,46.051353]},"properties":{"kind":"land","cls":"peak","name":"q. 2727","osm":["n13100728894@1"],"id":"25342716-8ec0-30b9-903d-598797f46a1f"}},{"type":"Feature","geometry":{"type":"Point","coordinates":[10.593381,46.110818]},"properties":{"kind":"land","cls":"saddle","name":"VI Sella","osm":["n13101620157@1"],"ele":3285,"id":"256fec98-fddf-33a4-99b9-dfc145482281"}},{"type":"Feature","geometry":{"type":"Point","coordinates":[10.550498,46.121449]},"properties":{"kind":"land","cls":"saddle","name":"Passo della Presidiaria","osm":["n565432811@5"],"ele":2809,"id":"265f1e30-6cd0-329b-8183-c46872dabc29"}},{"type":"Feature","geometry":{"type":"Point","coordinates":[10.468295,46.122445]},"properties":{"kind":"land","cls":"peak","name":"Corno orientale di Cevo","osm":["n523391893@2"],"ele":2843,"id":"26d7a996-97e8-3cdd-a863-c803271f7e57"}},{"type":"Feature","geometry":{"type":"Point","coordinates":[10.602455,46.03544]},"properties":{"kind":"land","cls":"peak","name":"Cima Agosta","osm":["n12212080015@3"],"ele":2582,"id":"270534a0-6e19-3472-9f74-617901a27b56"}},{"type":"Feature","geometry":{"type":"Point","coordinates":[10.613031,46.108966]},"properties":{"kind":"land","cls":"saddle","name":"Bocchetta Del Cannone","osm":["n3060820449@3"],"ele":2827,"id":"27aaeda0-93e6-3752-97d1-343f2cd956ba"}},{"type":"Feature","geometry":{"type":"Point","coordinates":[10.592489,46.08903]},"properties":{"kind":"land","cls":"saddle","name":"Passo di Mezzo","osm":["n7802141599@2"],"ele":2808,"id":"27b655d6-5f6d-3929-a91d-7988214ee9a5"}},{"type":"Feature","geometry":{"type":"Point","coordinates":[10.635362,46.12814]},"properties":{"kind":"land","cls":"saddle","name":"q. 2747","osm":["n13121539263@1"],"ele":2747,"id":"29a1e1e6-0117-3306-822a-fdc5a17040a4"}},{"type":"Feature","geometry":{"type":"Point","coordinates":[10.472276,46.021495]},"properties":{"kind":"land","cls":"peak","name":"Cima Dernal","osm":["n523391664@4"],"ele":2826,"id":"29ee00a8-505d-3a8b-b5fb-e3a0dd408fac"}},{"type":"Feature","geometry":{"type":"Point","coordinates":[10.541483,46.10299]},"properties":{"kind":"land","cls":"peak","name":"Cima Buciaga Nord","osm":["n523391996@3"],"ele":3012,"id":"2a90a0ce-41f0-3778-b612-58b102d314e3"}},{"type":"Feature","geometry":{"type":"Point","coordinates":[10.615367,46.072865]},"properties":{"kind":"land","cls":"peak","osm":["n9133182269@1"],"ele":2612,"id":"2b6b281c-c305-33b8-b814-772a460f6abd"}},{"type":"Feature","geometry":{"type":"Point","coordinates":[10.442875,46.023037]},"properties":{"kind":"land","cls":"peak","name":"Corno Occidentale di Dois","osm":["n8979922457@2"],"ele":2820,"id":"2cabf3a4-ab48-3c47-8442-1af3590157cd"}},{"type":"Feature","geometry":{"type":"Point","coordinates":[10.45245,46.120103]},"properties":{"kind":"land","cls":"peak","name":"Corni di Cevo","osm":["n523391693@2"],"ele":2758,"id":"2d627703-4085-345b-9449-a7cb35b5b4ca"}},{"type":"Feature","geometry":{"type":"Point","coordinates":[10.46133,45.967081]},"properties":{"kind":"land","cls":"peak","name":"Scoglio di Laione","osm":["n523276844@1"],"ele":2594,"id":"2e222a81-9898-39eb-a1fe-9d6d2f725786"}},{"type":"Feature","geometry":{"type":"Point","coordinates":[10.482628,46.041053]},"properties":{"kind":"land","cls":"peak","name":"Corno della Vecchia","osm":["n523391640@2"],"ele":2396,"id":"2f23a3ff-ef0e-315f-97bc-2c9dbcbb8742"}},{"type":"Feature","geometry":{"type":"Point","coordinates":[10.551236,46.124868]},"properties":{"kind":"land","cls":"peak","name":"Cresta Pisage c.le","osm":["n523392303@3"],"ele":2910,"id":"2f3ff2bf-90dc-3f5b-bcb2-4cf915337b58"}},{"type":"Feature","geometry":{"type":"Point","coordinates":[10.48238,46.128258]},"properties":{"kind":"land","cls":"peak","name":"Cima Prudenzini","osm":["n523391910@2"],"ele":3021,"id":"32ac24ce-a240-3229-807d-b41eaf4115b3"}},{"type":"Feature","geometry":{"type":"Point","coordinates":[10.6345,46.0964]},"properties":{"kind":"land","cls":"saddle","name":"Passo del Forcellino (di Valsorda)","osm":["n3060820463@3"],"ele":2473,"id":"32dcac93-b771-33eb-934b-0b2ab863cbd6"}},{"type":"Feature","geometry":{"type":"Point","coordinates":[10.518265,46.082946]},"properties":{"kind":"land","cls":"saddle","osm":["n13100316415@2"],"ele":2765,"id":"33f7790c-0ce9-3904-b3ac-86c796248459"}},{"type":"Feature","geometry":{"type":"Point","coordinates":[10.451408,45.965415]},"properties":{"kind":"land","cls":"peak","name":"Cima Laione","osm":["n523276767@2"],"ele":2763,"id":"347c9e6a-ceb5-3943-be98-a22221f40d90"}},{"type":"Feature","geometry":{"type":"Point","coordinates":[10.638671,46.063191]},"properties":{"kind":"land","cls":"peak","name":"Craper di Stracciola","osm":["n3721331632@1"],"ele":2542,"id":"366d85f5-9745-3c29-be0b-533fb80f6dd9"}},{"type":"Feature","geometry":{"type":"Point","coordinates":[10.441431,46.022475]},"properties":{"kind":"land","cls":"saddle","name":"Bocchetta della Vedretta","osm":["n8979922461@2"],"id":"38b77f98-9633-3bae-9b87-dfa50dac5407"}},{"type":"Feature","geometry":{"type":"Point","coordinates":[10.575075,46.05626]},"properties":{"kind":"land","cls":"saddle","name":"Passo di Breguzzo","osm":["n2371034234@6"],"ele":2768,"id":"3919ff69-b410-340d-b49a-6e7e73153752"}},{"type":"Feature","geometry":{"type":"Point","coordinates":[10.52644,46.091713]},"properties":{"kind":"land","cls":"peak","name":"Corno meridionale di Lincino","osm":["n523391850@3"],"ele":2815,"id":"39b4d663-f9d7-3cd1-b6d0-e896fb83d470"}},{"type":"Feature","geometry":{"type":"Point","coordinates":[10.630582,46.126567]},"properties":{"kind":"land","cls":"peak","name":"q. 2839","osm":["n13121539266@1"],"id":"3b18a95b-2d45-3d1c-bbfc-76870a4f59bf"}},{"type":"Feature","geometry":{"type":"Point","coordinates":[10.505152,46.07302]},"properties":{"kind":"land","cls":"peak","name":"Guglia del Marmo","osm":["n523391862@3"],"ele":2678,"id":"3c01c957-1a73-3e3b-8ac6-2318232b703c"}},{"type":"Feature","geometry":{"type":"Point","coordinates":[10.60967,46.070318]},"properties":{"kind":"land","cls":"peak","osm":["n7832714016@2"],"ele":2746,"id":"3ce9962b-6c13-3ae5-b441-4cffb931adc4"}},{"type":"Feature","geometry":{"type":"Point","coordinates":[10.584821,46.068365]},"properties":{"kind":"land","cls":"peak","name":"Cima Cop di Casa","osm":["n2371033647@4"],"ele":2975,"id":"3d6cf8bc-28aa-3ea0-ac51-819715bb6354"}},{"type":"Feature","geometry":{"type":"Point","coordinates":[10.48346,46.02168]},"properties":{"kind":"land","cls":"peak","name":"Monte Re di Castello","osm":["n523391623@5"],"ele":2889,"id":"3eba3481-b11e-31fe-84c9-bdfd4789d90a"}},{"type":"Feature","geometry":{"type":"Point","coordinates":[10.454633,46.05211]},"properties":{"kind":"land","cls":"saddle","name":"Passo di Campellio","osm":["n565218843@3"],"ele":2206,"id":"40d73b9e-3bea-3473-bb30-6b7ff24b3e19"}},{"type":"Feature","geometry":{"type":"Point","coordinates":[10.464326,46.088339]},"properties":{"kind":"land","cls":"peak","name":"Cima di Boazzo","osm":["n537144943@2"],"ele":2556,"id":"412774cc-1fc1-3937-8cf2-8deb46d7c48a"}},{"type":"Feature","geometry":{"type":"Point","coordinates":[10.485754,46.050625]},"properties":{"kind":"land","cls":"saddle","name":"Selletta del Lago d'Avolo","osm":["n11164781494@1"],"ele":2406,"id":"41e89c0d-93a3-37c4-b790-02841e5d1752"}},{"type":"Feature","geometry":{"type":"Point","coordinates":[10.507081,46.073524]},"properties":{"kind":"land","cls":"peak","name":"Punta di Forcel Rosso","osm":["n523391710@3"],"ele":2684,"id":"421bb090-17a2-33db-8c8a-66e664c1ccd1"}},{"type":"Feature","geometry":{"type":"Point","coordinates":[10.550143,46.128466]},"properties":{"kind":"land","cls":"saddle","name":"Bocchetta delle Levade","osm":["n565219645@6"],"ele":2888,"id":"421ef723-9710-350b-b2b1-f549172c4b11"}},{"type":"Feature","geometry":{"type":"Point","coordinates":[10.588209,46.122987]},"properties":{"kind":"land","cls":"peak","name":"Monte Folletto","osm":["n1868749307@5"],"ele":3336,"id":"43125a85-67c8-3699-b4da-cdaf908f6f9d"}},{"type":"Feature","geometry":{"type":"Point","coordinates":[10.593655,46.113111]},"properties":{"kind":"land","cls":"saddle","name":"IV Sella","osm":["n13101620163@1"],"ele":3230,"id":"4407711b-fb85-39b1-818a-b83e0f4db5ec"}},{"type":"Feature","geometry":{"type":"Point","coordinates":[10.603433,46.046663]},"properties":{"kind":"land","cls":"peak","name":"Corno del Fus","osm":["n12214436357@1"],"ele":2097,"id":"44ab5b35-ecb3-34c0-87aa-647711a0f04f"}},{"type":"Feature","geometry":{"type":"Point","coordinates":[10.45765,45.995848]},"properties":{"kind":"land","cls":"saddle","name":"Passo della Rossola","osm":["n565423305@4"],"ele":2581,"id":"4644c780-0510-33ef-934a-a5d55f726dbd"}},{"type":"Feature","geometry":{"type":"Point","coordinates":[10.569321,46.052418]},"properties":{"kind":"land","cls":"peak","name":"Corno di Trivena","osm":["n2371033655@3"],"ele":2820,"id":"469ee5a5-4de9-34c9-9289-56245f9e0275"}},{"type":"Feature","geometry":{"type":"Point","coordinates":[10.625158,46.077861]},"properties":{"kind":"land","cls":"peak","osm":["n9133182270@1"],"ele":2356,"id":"485c2b50-083a-3241-a557-a8920a4ab0f3"}},{"type":"Feature","geometry":{"type":"Point","coordinates":[10.588294,46.125662]},"properties":{"kind":"land","cls":"saddle","name":"B.tta q. 3258","osm":["n13101620140@1"],"id":"489b8af0-1a49-3534-9a12-c1053effd745"}},{"type":"Feature","geometry":{"type":"Point","coordinates":[10.476735,46.124617]},"properties":{"kind":"land","cls":"peak","name":"Corno di Macesso","osm":["n523391880@2"],"ele":2959,"id":"4922b604-8f92-38ad-a926-6badc0de649e"}},{"type":"Feature","geometry":{"type":"Point","coordinates":[10.484284,46.04772]},"properties":{"kind":"land","cls":"saddle","name":"Bocchetta 2495","osm":["n7850917482@3"],"ele":2495,"id":"4a37f6bb-7a76-396b-8433-cd74d24b4ca6"}},{"type":"Feature","geometry":{"type":"Point","coordinates":[10.440803,46.117534]},"properties":{"kind":"land","cls":"peak","name":"Campanone del Coppo","osm":["n522237355@3"],"ele":2761,"id":"4a5dd9dd-474a-35a7-b409-578c74af1a72"}},{"type":"Feature","geometry":{"type":"Point","coordinates":[10.616137,46.124356]},"properties":{"kind":"land","cls":"peak","name":"Cima Pozzoni","osm":["n3003039327@2"],"ele":2914,"id":"4c18746b-f4e9-355a-9174-4c917fca9d91"}},{"type":"Feature","geometry":{"type":"Point","coordinates":[10.4891,46.063418]},"properties":{"kind":"land","cls":"peak","osm":["n13100221400@2"],"ele":2566,"id":"4c566642-447d-3102-aa9c-3715f0430d1c"}},{"type":"Feature","geometry":{"type":"Point","coordinates":[10.600007,46.066756]},"properties":{"kind":"land","cls":"peak","name":"Punta della Valletta","osm":["n7801202165@1"],"ele":2858,"id":"50f1f4c8-4d69-3e7f-bdaa-5ecaa6fa3546"}},{"type":"Feature","geometry":{"type":"Point","coordinates":[10.587859,46.128636]},"properties":{"kind":"land","cls":"peak","name":"II Dente","osm":["n13101620148@1"],"ele":3303,"id":"513ff99c-72b4-3d42-8a9b-9ca7127c9aab"}},{"type":"Feature","geometry":{"type":"Point","coordinates":[10.593649,46.112443]},"properties":{"kind":"land","cls":"peak","name":"IV Gobba","osm":["n13101620162@1"],"ele":3278,"id":"51b2343a-eb5c-37ec-b4f1-d06b37c31c55"}},{"type":"Feature","geometry":{"type":"Point","coordinates":[10.488699,45.967396]},"properties":{"kind":"land","cls":"peak","name":"Monte Serosine","osm":["n523276849@2"],"ele":2573,"id":"51b4ae91-f11e-3bdb-a329-e0dc2bdc4dd7"}},{"type":"Feature","geometry":{"type":"Point","coordinates":[10.590895,46.119845]},"properties":{"kind":"land","cls":"saddle","name":"I Sella","osm":["n13101620171@1"],"ele":3236,"id":"51c9a62f-a4e3-3c3c-9ce8-eb6321ae1f1f"}},{"type":"Feature","geometry":{"type":"Point","coordinates":[10.551101,46.125319]},"properties":{"kind":"land","cls":"saddle","name":"B.tta q. 2883","osm":["n13100307783@1"],"id":"531f4036-53f8-3d3e-8d1e-45f78517f08c"}},{"type":"Feature","geometry":{"type":"Point","coordinates":[10.529301,46.093653]},"properties":{"kind":"land","cls":"saddle","name":"Bocchetta Meridionale dei Russi","osm":["n565219308@5"],"ele":2748,"id":"55791d1d-23d7-34d3-92aa-2a5ab6d01075"}},{"type":"Feature","geometry":{"type":"Point","coordinates":[10.512574,46.078078]},"properties":{"kind":"land","cls":"peak","name":"Corno di Grevo","osm":["n523391704@3"],"ele":2868,"id":"58095a1d-a99b-3afb-ae2a-30bbe292ed3a"}},{"type":"Feature","geometry":{"type":"Point","coordinates":[10.486304,46.029463]},"properties":{"kind":"land","cls":"peak","name":"q. 2616","osm":["n593978243@2"],"id":"586485f8-6027-32a7-b4de-22352836a019"}},{"type":"Feature","geometry":{"type":"Point","coordinates":[10.547372,46.115131]},"properties":{"kind":"land","cls":"saddle","name":"Selletta q. 2878","osm":["n13100212031@1"],"id":"58df6a4e-23e3-3b7d-8252-08603725b150"}},{"type":"Feature","geometry":{"type":"Point","coordinates":[10.48492,46.036564]},"properties":{"kind":"land","cls":"peak","name":"q. 2393","osm":["n13100746848@1"],"id":"5a8831c3-0e14-351c-9461-d04a3ecd440a"}},{"type":"Feature","geometry":{"type":"Point","coordinates":[10.630008,46.127009]},"properties":{"kind":"land","cls":"peak","name":"q. 2838","osm":["n13121539268@1"],"ele":2838,"id":"5abcb724-c4be-330b-8245-4b4a2f081c6b"}},{"type":"Feature","geometry":{"type":"Point","coordinates":[10.544913,46.041129]},"properties":{"kind":"land","cls":"peak","name":"Cima Latola","osm":["n2371033649@2"],"ele":2776,"id":"5bc97bd4-b683-3f74-a86b-3e6c1d9ad90c"}},{"type":"Feature","geometry":{"type":"Point","coordinates":[10.475038,46.051531]},"properties":{"kind":"land","cls":"saddle","name":"q. 2695","osm":["n13100728895@1"],"id":"5e449372-152d-3ec7-9ad0-6de417c14324"}},{"type":"Feature","geometry":{"type":"Point","coordinates":[10.440917,45.993467]},"properties":{"kind":"land","cls":"peak","name":"II corno","osm":["n13119770183@1"],"ele":2367,"id":"5f9c9b1f-2416-383f-8c2a-d9e8a451f9b3"}},{"type":"Feature","geometry":{"type":"Point","coordinates":[10.485683,46.033537]},"properties":{"kind":"land","cls":"saddle","name":"Passo del Gatto","osm":["n13100746840@1"],"ele":2396,"id":"6095efcc-7a29-3ae3-bc16-85a33dff08c0"}},{"type":"Feature","geometry":{"type":"Point","coordinates":[10.53643,46.027017]},"properties":{"kind":"land","cls":"peak","name":"La Cingla","osm":["n2381198360@1"],"id":"61e1e396-29b7-3a4d-b1fb-45bb8f434089"}},{"type":"Feature","geometry":{"type":"Point","coordinates":[10.587629,46.128196]},"properties":{"kind":"land","cls":"peak","name":"III Dente","osm":["n8237924811@2"],"ele":3307,"id":"623218a2-2a40-3e3e-aafd-fbbd048b05ee"}},{"type":"Feature","geometry":{"type":"Point","coordinates":[10.604135,46.100107]},"properties":{"kind":"land","cls":"saddle","name":"Bocchetta Del Carè","osm":["n3060820450@4"],"ele":2947,"id":"637963b5-55e2-359a-89a1-aea4a30ce63d"}},{"type":"Feature","geometry":{"type":"Point","coordinates":[10.448805,46.024258]},"properties":{"kind":"land","cls":"peak","name":"Monte Frisozzo","osm":["n26863867@5"],"ele":2897,"id":"63fb32c4-fdac-3265-88a6-250833ebc370"}},{"type":"Feature","geometry":{"type":"Point","coordinates":[10.460486,46.011978]},"properties":{"kind":"land","cls":"saddle","name":"q. 2656","osm":["n13100746862@1"],"id":"6408c736-ce72-372f-a326-b60f0b6fa047"}},{"type":"Feature","geometry":{"type":"Point","coordinates":[10.467253,46.1222]},"properties":{"kind":"land","cls":"peak","name":"Corno occidentale di Cevo","osm":["n523391896@2"],"ele":2832,"id":"6449d654-232b-3d8f-ab79-abe7319218d6"}},{"type":"Feature","geometry":{"type":"Point","coordinates":[10.542331,46.106401]},"properties":{"kind":"land","cls":"saddle","name":"Porta di Buciaga","osm":["n496844203@6"],"ele":2801,"id":"6474149d-5cef-3c96-80f4-75be4aed1528"}},{"type":"Feature","geometry":{"type":"Point","coordinates":[10.454133,46.088068]},"properties":{"kind":"land","cls":"peak","name":"Monte Blisie","osm":["n496427948@3"],"ele":2424,"id":"650d3eb7-a809-338b-bbf1-c9e8be431df1"}},{"type":"Feature","geometry":{"type":"Point","coordinates":[10.467508,45.972184]},"properties":{"kind":"land","cls":"saddle","name":"Passo del Termine","osm":["n1256832041@4"],"ele":2334,"id":"68bde656-398c-3e4e-a547-ba6901a31786"}},{"type":"Feature","geometry":{"type":"Point","coordinates":[10.488364,45.971908]},"properties":{"kind":"land","cls":"peak","name":"Monte del Gelo","osm":["n523276845@2"],"ele":2618,"id":"69276503-765f-3e52-8dad-e57962c8e1fa"}},{"type":"Feature","geometry":{"type":"Point","coordinates":[10.601911,45.987401]},"properties":{"kind":"land","cls":"peak","name":"Cingol del Sal","osm":["n2371177754@2"],"ele":2015,"id":"6973ba5c-1c30-358c-8021-e1e3ba1b6bba"}},{"type":"Feature","geometry":{"type":"Point","coordinates":[10.455992,45.993013]},"properties":{"kind":"land","cls":"saddle","name":"Bocchetta del Palo","osm":["n13119770174@1"],"ele":2554,"id":"6a826aec-5ee3-306a-8f07-690385681389"}},{"type":"Feature","geometry":{"type":"Point","coordinates":[10.525317,46.090186]},"properties":{"kind":"land","cls":"saddle","osm":["n13100212038@2"],"ele":2790,"id":"71e32b60-a4cd-3498-98e9-380e89ea206b"}},{"type":"Feature","geometry":{"type":"Point","coordinates":[10.6388,46.0975]},"properties":{"kind":"land","cls":"peak","name":"Corno Alto (Corna Guzza)","osm":["n3060820454@3"],"ele":2525,"id":"73d4a11b-0ab3-30e3-9570-254dffbfeb7c"}},{"type":"Feature","geometry":{"type":"Point","coordinates":[10.50916,45.992072]},"properties":{"kind":"land","cls":"peak","name":"La Piramide","osm":["n2371033658@3"],"ele":2058,"id":"74f9caa2-31ff-38fe-9bfb-173bd106f084"}},{"type":"Feature","geometry":{"type":"Point","coordinates":[10.598091,46.080146]},"properties":{"kind":"land","cls":"peak","name":"Cornìn","osm":["n9133182272@1"],"ele":2660,"id":"75220ce2-8dba-307e-a998-e200f866fd06"}},{"type":"Feature","geometry":{"type":"Point","coordinates":[10.479322,46.096276]},"properties":{"kind":"land","cls":"peak","name":"Corno di Lendeno","osm":["n523391732@1"],"ele":2824,"id":"77bbd9e3-e4f3-3dde-a56c-95b2cf38809f"}},{"type":"Feature","geometry":{"type":"Point","coordinates":[10.617562,46.033539]},"properties":{"kind":"land","cls":"peak","name":"Cima Camparadur","osm":["n12214435413@1"],"ele":2122,"id":"7875271a-8f0c-33c3-81e7-f4f78019f398"}},{"type":"Feature","geometry":{"type":"Point","coordinates":[10.487702,46.055878]},"properties":{"kind":"land","cls":"saddle","name":"Passo d'Avolo","osm":["n2371034228@6"],"ele":2553,"id":"78772315-bc6e-3aca-a212-cb26dc16df9b"}},{"type":"Feature","geometry":{"type":"Point","coordinates":[10.603775,46.08097]},"properties":{"kind":"land","cls":"peak","name":"Cornìn","osm":["n9133182271@1"],"ele":2545,"id":"789a6294-db43-3526-bcbb-52eabe64ac05"}},{"type":"Feature","geometry":{"type":"Point","coordinates":[10.596104,46.108085]},"properties":{"kind":"land","cls":"peak","name":"Carè Alto","osm":["n1838692508@9"],"ele":3465,"id":"78fd13a2-b328-3aa8-a621-9ac1ad8c5d21"}},{"type":"Feature","geometry":{"type":"Point","coordinates":[10.501139,46.105183]},"properties":{"kind":"land","cls":"peak","name":"Segone di Gana","osm":["n537143666@2"],"ele":2852,"id":"7ce3f184-0a65-34d5-a7f9-80f16c7e8475"}},{"type":"Feature","geometry":{"type":"Point","coordinates":[10.467526,46.104101]},"properties":{"kind":"land","cls":"peak","name":"Dosso Tondo","osm":["n537145461@1"],"ele":2368,"id":"7ff086b8-1857-3e00-ac36-27adf8a247ef"}},{"type":"Feature","geometry":{"type":"Point","coordinates":[10.517138,46.080011]},"properties":{"kind":"land","cls":"peak","name":"Cima di Molinazzo","osm":["n523391721@3"],"ele":2859,"id":"82a80fab-b93f-3d14-9a2a-ad1af12ec843"}},{"type":"Feature","geometry":{"type":"Point","coordinates":[10.457199,46.006152]},"properties":{"kind":"land","cls":"peak","name":"q. 2695","osm":["n13100746864@1"],"id":"82adde6f-a1d6-3e9e-a137-51a6b8a83a11"}},{"type":"Feature","geometry":{"type":"Point","coordinates":[10.45212,45.96133]},"properties":{"kind":"land","cls":"saddle","name":"Passo Blumone","osm":["n3052248654@3"],"ele":2633,"id":"82b82bf0-ffc4-3062-8975-04970de5d949"}},{"type":"Feature","geometry":{"type":"Point","coordinates":[10.456377,45.998154]},"properties":{"kind":"land","cls":"peak","name":"Corno di Sensìpie","osm":["n523276879@3"],"ele":2721,"id":"834c96a1-cdac-3141-bbd8-b9908ead460d"}},{"type":"Feature","geometry":{"type":"Point","coordinates":[10.511388,46.11139]},"properties":{"kind":"land","cls":"peak","name":"Campanile di Val Salarno","osm":["n523392032@3"],"ele":2826,"id":"83809157-1f91-382d-b40b-47a035786474"}},{"type":"Feature","geometry":{"type":"Point","coordinates":[10.593455,46.114665]},"properties":{"kind":"land","cls":"saddle","name":"III Sella","osm":["n13101620166@1"],"ele":3222,"id":"8561fd12-d7bf-3388-b816-0d381a97f280"}},{"type":"Feature","geometry":{"type":"Point","coordinates":[10.459986,46.026321]},"properties":{"kind":"land","cls":"peak","name":"Cima di Val Ghilarda Or.le","osm":["n13100746867@1"],"id":"869cafd6-41c9-34fc-93dd-6b12a7a5998e"}},{"type":"Feature","geometry":{"type":"Point","coordinates":[10.6183,46.0898]},"properties":{"kind":"land","cls":"peak","name":"Corno Vecchio","osm":["n3060820455@2"],"ele":2670,"id":"895a7b96-6d68-3b2d-80fa-eb6cd50406b3"}},{"type":"Feature","geometry":{"type":"Point","coordinates":[10.467192,46.018416]},"properties":{"kind":"land","cls":"saddle","name":"Bocchetta Brescia","osm":["n3022159994@6"],"ele":2714,"id":"89e4cc6f-15c3-36c5-b269-c730fdf872c5"}},{"type":"Feature","geometry":{"type":"Point","coordinates":[10.525505,46.127542]},"properties":{"kind":"land","cls":"peak","name":"Triangolino","osm":["n523392108@2"],"ele":2988,"id":"8a6e23ed-f645-32ce-abee-18c18fb9230f"}},{"type":"Feature","geometry":{"type":"Point","coordinates":[10.609233,46.038015]},"properties":{"kind":"land","cls":"peak","name":"Cima Quadra","osm":["n4730532359@2"],"ele":2440,"id":"8af5358c-ff1a-3701-a8c2-d07af2a911e3"}},{"type":"Feature","geometry":{"type":"Point","coordinates":[10.496597,46.015383]},"properties":{"kind":"land","cls":"peak","name":"q. 2390","osm":["n8902269059@2"],"id":"8b401050-aaf8-3f61-aadc-89a2a195af87"}},{"type":"Feature","geometry":{"type":"Point","coordinates":[10.590359,46.11789]},"properties":{"kind":"land","cls":"peak","name":"I Gobba","osm":["n13101620170@1"],"ele":3299,"id":"8b9b76c7-ea74-3c1d-a0d6-229fd1cf3ce3"}},{"type":"Feature","geometry":{"type":"Point","coordinates":[10.488915,46.007023]},"properties":{"kind":"land","cls":"peak","name":"Cima Larga","osm":["n2371033648@4"],"ele":2335,"id":"8ca54436-537b-36d1-9a68-51dc17db9f2b"}},{"type":"Feature","geometry":{"type":"Point","coordinates":[10.492266,46.067793]},"properties":{"kind":"land","cls":"saddle","osm":["n13100221398@2"],"ele":2512,"id":"8d7b3245-4648-37c1-ba08-c5355a2f609a"}},{"type":"Feature","geometry":{"type":"Point","coordinates":[10.516587,46.116559]},"properties":{"kind":"land","cls":"peak","name":"Cima meridionale di Poia","osm":["n523391977@1"],"ele":2933,"id":"8d844187-b38b-38b5-bbe0-38ac40445845"}},{"type":"Feature","geometry":{"type":"Point","coordinates":[10.63814,46.0185]},"properties":{"kind":"land","cls":"peak","name":"Lavetto","osm":["n14049187313@1"],"ele":1948,"id":"8e5ca31f-c7ae-3509-9e66-98c8e723d653"}},{"type":"Feature","geometry":{"type":"Point","coordinates":[10.639614,46.004842]},"properties":{"kind":"land","cls":"peak","name":"Giuggia","osm":["n10128889674@2"],"ele":1963,"id":"8f8963d1-061d-3578-b726-4453a31f57ad"}},{"type":"Feature","geometry":{"type":"Point","coordinates":[10.54558,46.009525]},"properties":{"kind":"land","cls":"peak","name":"Graper di Stabolone","osm":["n2371033645@2"],"ele":2495,"id":"900cbb22-9c01-3e1b-a0af-435a92603418"}},{"type":"Feature","geometry":{"type":"Point","coordinates":[10.588084,46.129096]},"properties":{"kind":"land","cls":"peak","name":"I Dente","osm":["n13101620149@1"],"ele":3303,"id":"96e1d3dc-7e83-3f05-a3d0-0d862a795104"}},{"type":"Feature","geometry":{"type":"Point","coordinates":[10.633368,46.127714]},"properties":{"kind":"land","cls":"peak","name":"Cima di Pra Vecchio","osm":["n388118382@4"],"ele":2813,"id":"972d3ed9-ddcd-3bfc-991b-700d7ff3be19"}},{"type":"Feature","geometry":{"type":"Point","coordinates":[10.544167,46.109749]},"properties":{"kind":"land","cls":"saddle","name":"Bocchetta del Pilastro","osm":["n565432580@5"],"ele":2800,"id":"9769a3ac-f49b-3ec8-8437-e17d9e1b8f45"}},{"type":"Feature","geometry":{"type":"Point","coordinates":[10.530271,46.094784]},"properties":{"kind":"land","cls":"saddle","name":"Bocchetta Settentrionale dei Russi","osm":["n565219337@3"],"ele":2778,"id":"98a608ab-5cc3-332f-a4b1-6cc922ec3f41"}},{"type":"Feature","geometry":{"type":"Point","coordinates":[10.452071,45.980198]},"properties":{"kind":"land","cls":"peak","name":"q. 2704","osm":["n13183723348@1"],"id":"99dec397-62fc-39ff-869f-ac0c04b2e4d4"}},{"type":"Feature","geometry":{"type":"Point","coordinates":[10.485051,46.047261]},"properties":{"kind":"land","cls":"peak","name":"q. 2546","osm":["n7850917484@2"],"id":"9aae329b-a7dd-34e7-9ad0-4fc6e7826e4f"}},{"type":"Feature","geometry":{"type":"Point","coordinates":[10.550062,46.127947]},"properties":{"kind":"land","cls":"peak","name":"Cresta Pisage, Nord","osm":["n13100307781@1"],"ele":2916,"id":"9add9ec3-cda9-3137-851d-eb88a0ad7586"}},{"type":"Feature","geometry":{"type":"Point","coordinates":[10.440644,46.02212]},"properties":{"kind":"land","cls":"peak","name":"Cima del Dosso","osm":["n522236889@4"],"ele":2794,"id":"9b3454b6-6de1-3c1b-bef6-7be965d9888d"}},{"type":"Feature","geometry":{"type":"Point","coordinates":[10.496581,45.979275]},"properties":{"kind":"land","cls":"peak","name":"Boazzolo","osm":["n2371033643@4"],"ele":2594,"id":"9c30cf93-aab4-3a61-bc4d-0fe3f5f0c8c0"}},{"type":"Feature","geometry":{"type":"Point","coordinates":[10.512493,46.114343]},"properties":{"kind":"land","cls":"saddle","name":"Bocchetta di Frampola","osm":["n565219256@3"],"ele":2880,"id":"9cdfeb98-6db6-3b78-8bed-89664b0d45d9"}},{"type":"Feature","geometry":{"type":"Point","coordinates":[10.584141,46.071432]},"properties":{"kind":"land","cls":"saddle","name":"Passo di San Valentino","osm":["n2371034236@5"],"ele":2768,"id":"a0526e67-598a-3e32-b321-1fe7e6714f53"}},{"type":"Feature","geometry":{"type":"Point","coordinates":[10.639762,46.062026]},"properties":{"kind":"land","cls":"saddle","name":"Bocchetta di Valsorda","osm":["n3721331668@3"],"ele":2488,"id":"a2cdbc11-aa9c-3322-9f2c-686575d24399"}},{"type":"Feature","geometry":{"type":"Point","coordinates":[10.512145,46.114017]},"properties":{"kind":"land","cls":"peak","name":"Cima Meridionale di Frampola","osm":["n523391960@2"],"ele":2879,"id":"a2ee1d0b-c4c8-3881-801c-df00426f3ae1"}},{"type":"Feature","geometry":{"type":"Point","coordinates":[10.588265,46.126699]},"properties":{"kind":"land","cls":"peak","name":"IV Dente","osm":["n13101620143@1"],"ele":3284,"id":"a30ef7e8-ac51-326a-abd3-c651f35b6d57"}},{"type":"Feature","geometry":{"type":"Point","coordinates":[10.453366,45.976826]},"properties":{"kind":"land","cls":"peak","name":"Monte Listino","osm":["n456036439@3"],"ele":2749,"id":"a5b0de95-09be-345f-9858-a5840e4354f3"}},{"type":"Feature","geometry":{"type":"Point","coordinates":[10.592721,46.115475]},"properties":{"kind":"land","cls":"peak","name":"II Gobba","osm":["n13101620167@1"],"ele":3259,"id":"a62d67b1-7b87-360c-bcd7-ff68fd1ac47f"}},{"type":"Feature","geometry":{"type":"Point","coordinates":[10.546191,46.113329]},"properties":{"kind":"land","cls":"peak","name":"Cima del Coster","osm":["n523392008@5"],"ele":2937,"id":"a7c98f28-28f7-3433-a669-23ebb978db07"}},{"type":"Feature","geometry":{"type":"Point","coordinates":[10.564785,46.046746]},"properties":{"kind":"land","cls":"peak","name":"Cima di Danerba","osm":["n2371033653@3"],"ele":2910,"id":"a9864b92-7ac9-33ce-9278-4ca5421fd34f"}},{"type":"Feature","geometry":{"type":"Point","coordinates":[10.46527,46.024211]},"properties":{"kind":"land","cls":"saddle","name":"Passo di Dernal","osm":["n565218783@4"],"ele":2573,"id":"a9d5c00a-b694-36be-acb8-da841a633b65"}},{"type":"Feature","geometry":{"type":"Point","coordinates":[10.515286,45.961702]},"properties":{"kind":"land","cls":"peak","name":"Monte Sedole","osm":["n11174414935@1"],"ele":2250,"id":"a9d85b70-014d-39fb-8ee4-8027e278844c"}},{"type":"Feature","geometry":{"type":"Point","coordinates":[10.553917,46.044736]},"properties":{"kind":"land","cls":"saddle","name":"Bocchetta di Làtola","osm":["n12093651211@2"],"ele":2870,"id":"abbe7bfa-f852-3395-b3ed-37015938b5c0"}},{"type":"Feature","geometry":{"type":"Point","coordinates":[10.477591,46.021323]},"properties":{"kind":"land","cls":"saddle","name":"B.tta q. 2792","osm":["n9284226315@2"],"id":"ac373a4f-705a-3d3a-bfe6-0a62a00b6147"}},{"type":"Feature","geometry":{"type":"Point","coordinates":[10.529976,46.094678]},"properties":{"kind":"land","cls":"peak","name":"Corno settentrionale di Lincino","osm":["n523391750@5"],"ele":2786,"id":"acc5e955-89ae-39a8-a838-546ea06b29b6"}},{"type":"Feature","geometry":{"type":"Point","coordinates":[10.498112,46.033448]},"properties":{"kind":"land","cls":"peak","name":"Cima Breguzzo","osm":["n7805003132@1"],"ele":2388,"id":"acd9e4c7-c3c8-34f9-9442-78d1c191d856"}},{"type":"Feature","geometry":{"type":"Point","coordinates":[10.514344,46.115654]},"properties":{"kind":"land","cls":"saddle","name":"Passo di Poia","osm":["n3022159996@4"],"ele":2781,"id":"ad7d3519-f739-3e5f-9442-2970cf4a3e15"}},{"type":"Feature","geometry":{"type":"Point","coordinates":[10.49958,46.07149]},"properties":{"kind":"land","cls":"peak","osm":["n13100221397@2"],"ele":2707,"id":"aed2b335-afb1-355e-bcc8-6baf6479bc41"}},{"type":"Feature","geometry":{"type":"Point","coordinates":[10.490023,46.096589]},"properties":{"kind":"land","cls":"peak","name":"Corni del Lago","osm":["n537144155@2"],"ele":2805,"id":"afe8d509-bd01-3fff-bc91-1467474cabfb"}},{"type":"Feature","geometry":{"type":"Point","coordinates":[10.593061,46.093144]},"properties":{"kind":"land","cls":"peak","name":"Corno di Mezzo","osm":["n2371033654@4"],"ele":2928,"id":"b04a8048-47c1-3374-a46d-0b1cefb54be8"}},{"type":"Feature","geometry":{"type":"Point","coordinates":[10.494561,46.054672]},"properties":{"kind":"land","cls":"peak","name":"Cima d'Avolo","osm":["n2371033652@4"],"ele":2664,"id":"b12afb0b-afaf-317f-8c4e-64c6285217da"}},{"type":"Feature","geometry":{"type":"Point","coordinates":[10.555366,46.046327]},"properties":{"kind":"land","cls":"peak","name":"Cima Bissina","osm":["n2371033646@3"],"ele":2881,"id":"b308c3a5-d9b4-3186-99aa-347192fd971b"}},{"type":"Feature","geometry":{"type":"Point","coordinates":[10.441887,46.022814]},"properties":{"kind":"land","cls":"peak","name":"Cima della Vedretta","osm":["n8979922458@2"],"ele":2779,"id":"b33739be-eb24-34a1-8626-52f348656bc8"}},{"type":"Feature","geometry":{"type":"Point","coordinates":[10.592073,46.086926]},"properties":{"kind":"land","cls":"peak","name":"Corno di Vigo","osm":["n2371033656@4"],"ele":2939,"id":"b3427e13-0f0a-3a2b-81de-b7ad0587c62c"}},{"type":"Feature","geometry":{"type":"Point","coordinates":[10.542624,46.107329]},"properties":{"kind":"land","cls":"peak","name":"Pilastro","osm":["n523391928@5"],"ele":2879,"id":"b3633852-813e-3354-ba22-52230811d10a"}},{"type":"Feature","geometry":{"type":"Point","coordinates":[10.458289,45.995314]},"properties":{"kind":"land","cls":"peak","name":"q. 2624","osm":["n13119770171@1"],"ele":2624,"id":"b45d5613-ac67-3687-99fb-5705a6352e3d"}},{"type":"Feature","geometry":{"type":"Point","coordinates":[10.571178,46.041144]},"properties":{"kind":"land","cls":"peak","name":"Cima d'Arnò","osm":["n2371033651@3"],"ele":2849,"id":"b55412a2-d970-33ef-bfa3-f6216a0cc546"}},{"type":"Feature","geometry":{"type":"Point","coordinates":[10.583996,46.073071]},"properties":{"kind":"land","cls":"peak","name":"Denti di San Valentino","osm":["n8524677223@1"],"id":"b59f0935-e8a3-330e-9a43-1a4ca2ba38af"}},{"type":"Feature","geometry":{"type":"Point","coordinates":[10.523576,45.963654]},"properties":{"kind":"land","cls":"saddle","name":"Bocca Frontale","osm":["n2369359876@4"],"id":"b699885b-9a7f-3ffa-840a-f41d8f40ad08"}},{"type":"Feature","geometry":{"type":"Point","coordinates":[10.468872,46.089669]},"properties":{"kind":"land","cls":"saddle","name":"Passo di Bos","osm":["n565219296@4"],"ele":2430,"id":"b726fd3d-6f71-3802-ab06-6825820ae4da"}},{"type":"Feature","geometry":{"type":"Point","coordinates":[10.573971,46.061863]},"properties":{"kind":"land","cls":"peak","name":"Cima Cop di Breguzzo","osm":["n2371033644@9"],"ele":3003,"id":"b73d1405-2ba5-38e4-b1e8-40cd11a4f681"}},{"type":"Feature","geometry":{"type":"Point","coordinates":[10.510821,46.077136]},"properties":{"kind":"land","cls":"peak","name":"Anticima C.no di Grevo","osm":["n13100212053@1"],"ele":2815,"id":"b76a95e5-36c5-3164-b97c-af8abdcc9b9f"}},{"type":"Feature","geometry":{"type":"Point","coordinates":[10.605402,46.098565]},"properties":{"kind":"land","cls":"peak","name":"q. 2891","osm":["n13121539269@1"],"ele":2891,"id":"b8dc29a6-7dc8-3e43-a746-cfa249291eba"}},{"type":"Feature","geometry":{"type":"Point","coordinates":[10.621468,46.075787]},"properties":{"kind":"land","cls":"saddle","name":"Passo Coston della Valletta","osm":["n9005115679@1"],"ele":2330,"id":"b907ef52-bb5e-388c-aeff-256adc6cdb6a"}},{"type":"Feature","geometry":{"type":"Point","coordinates":[10.49429,45.977207]},"properties":{"kind":"land","cls":"saddle","name":"Selletta di Boazzolo","osm":["n11174414854@1"],"ele":2530,"id":"ba8f8622-ee0d-32ae-abf4-ff08ae9d095c"}},{"type":"Feature","geometry":{"type":"Point","coordinates":[10.500744,46.072415]},"properties":{"kind":"land","cls":"peak","name":"Monte Foppa","osm":["n523391832@3"],"ele":2751,"id":"bb69a866-afc9-3149-836e-f04f615c4720"}},{"type":"Feature","geometry":{"type":"Point","coordinates":[10.442227,46.119582]},"properties":{"kind":"land","cls":"saddle","name":"Sella del Campanone","osm":["n2920611348@2"],"ele":2749,"id":"bb9aa137-1bf3-3449-ae0e-add3a3a02c33"}},{"type":"Feature","geometry":{"type":"Point","coordinates":[10.453135,45.988018]},"properties":{"kind":"land","cls":"saddle","name":"Passo della Monòccola","osm":["n565423172@8"],"ele":2592,"id":"bc8b3099-e3bb-3594-8dcf-643f6211b1f0"}},{"type":"Feature","geometry":{"type":"Point","coordinates":[10.619514,46.125216]},"properties":{"kind":"land","cls":"saddle","name":"Passo dei Pozzoni","osm":["n388118603@8"],"ele":2814,"id":"bca48320-cb50-32f3-9581-02f0932390a6"}},{"type":"Feature","geometry":{"type":"Point","coordinates":[10.578052,46.01313]},"properties":{"kind":"land","cls":"peak","name":"la Uzza","osm":["n3740395130@2"],"ele":2678,"id":"bcdbee85-7078-3af4-8302-8da266c1d0c2"}},{"type":"Feature","geometry":{"type":"Point","coordinates":[10.583134,46.040611]},"properties":{"kind":"land","cls":"peak","name":"Creper Vac","osm":["n3740395129@3"],"ele":2816,"id":"bcf2d052-a7ea-3310-b1b5-71c4139b4732"}},{"type":"Feature","geometry":{"type":"Point","coordinates":[10.499072,46.103585]},"properties":{"kind":"land","cls":"peak","name":"Cima di Gana","osm":["n537143003@2"],"ele":2857,"id":"bd48002a-2fdc-3178-811b-c521ec140dd6"}},{"type":"Feature","geometry":{"type":"Point","coordinates":[10.453272,45.991073]},"properties":{"kind":"land","cls":"peak","name":"Monte Monoccola","osm":["n523276868@3"],"ele":2684,"id":"bd95c6a8-5344-3368-89af-ed8686f94c51"}},{"type":"Feature","geometry":{"type":"Point","coordinates":[10.523549,46.125289]},"properties":{"kind":"land","cls":"peak","name":"Corno Gioia","osm":["n523392040@2"],"ele":3055,"id":"bf251a63-fcc5-35f6-94d7-65c32a6b70f3"}},{"type":"Feature","geometry":{"type":"Point","coordinates":[10.442352,46.022908]},"properties":{"kind":"land","cls":"saddle","name":"Forcellino di Dois","osm":["n8979922459@2"],"ele":2756,"id":"c0a20159-b69d-3c68-b1a3-64eac09aed16"}},{"type":"Feature","geometry":{"type":"Point","coordinates":[10.488769,45.971416]},"properties":{"kind":"land","cls":"saddle","name":"Selletta dei camosci","osm":["n11174414855@1"],"ele":2641,"id":"c137e30d-e06f-329b-838b-4305e5cdff97"}},{"type":"Feature","geometry":{"type":"Point","coordinates":[10.486481,46.029105]},"properties":{"kind":"land","cls":"saddle","name":"Passo della Vedretta di Saviore","osm":["n565218773@5"],"ele":2602,"id":"c205493e-2bf8-32a2-b5a1-2d6d076cfcde"}},{"type":"Feature","geometry":{"type":"Point","coordinates":[10.45744,46.009557]},"properties":{"kind":"land","cls":"peak","name":"Cima Rossola","osm":["n523391657@3"],"ele":2731,"id":"c251d627-2895-3590-8882-fbf2ccbda756"}},{"type":"Feature","geometry":{"type":"Point","coordinates":[10.511302,46.111152]},"properties":{"kind":"land","cls":"saddle","name":"Passo di Dossaccio","osm":["n565219243@5"],"ele":2760,"id":"c4157693-15cc-347d-a5f9-e3dc536ec9d2"}},{"type":"Feature","geometry":{"type":"Point","coordinates":[10.537451,46.099445]},"properties":{"kind":"land","cls":"peak","name":"Cima Buciaga Sud","osm":["n523391988@4"],"ele":2974,"id":"c5b9c578-7814-3e49-ab43-5d4a9a3904be"}},{"type":"Feature","geometry":{"type":"Point","coordinates":[10.571268,46.024217]},"properties":{"kind":"land","cls":"peak","name":"Cima Valbona","osm":["n2371033650@3"],"ele":2889,"id":"c8f9fa4e-2553-3f36-809d-04f0afcbd915"}},{"type":"Feature","geometry":{"type":"Point","coordinates":[10.500258,45.985386]},"properties":{"kind":"land","cls":"peak","name":"Boazzolo Nord","osm":["n2371033642@3"],"ele":2594,"id":"c94990f1-46dc-3649-b13c-eb66cf65e971"}},{"type":"Feature","geometry":{"type":"Point","coordinates":[10.474493,46.096662]},"properties":{"kind":"land","cls":"peak","name":"Corni di Bos","osm":["n523391739@1"],"ele":2788,"id":"c98a96ee-c976-3dc3-a11b-7aad7c19ce78"}},{"type":"Feature","geometry":{"type":"Point","coordinates":[10.484974,46.058311]},"properties":{"kind":"land","cls":"peak","name":"Monte Marosso","osm":["n456033011@4"],"ele":2687,"id":"caf03849-e906-3090-9574-6542934b858c"}},{"type":"Feature","geometry":{"type":"Point","coordinates":[10.456929,45.994574]},"properties":{"kind":"land","cls":"peak","name":"Ròssola di Predona","osm":["n13119770173@1"],"ele":2627,"id":"cb4cd57b-207b-3a85-a02a-f3bfb78e0f3a"}},{"type":"Feature","geometry":{"type":"Point","coordinates":[10.479891,45.968086]},"properties":{"kind":"land","cls":"saddle","name":"Passo del Gelo","osm":["n565423301@4"],"ele":2322,"id":"cc020b17-65f1-3d6e-b023-80fd950dae70"}},{"type":"Feature","geometry":{"type":"Point","coordinates":[10.48509,46.038914]},"properties":{"kind":"land","cls":"peak","name":"q. 2369","osm":["n593978283@2"],"id":"cce67a91-64fe-3a95-b817-a444ba2dc254"}},{"type":"Feature","geometry":{"type":"Point","coordinates":[10.588337,46.127455]},"properties":{"kind":"land","cls":"saddle","name":"B,.tta q. 3261","osm":["n13101620145@1"],"id":"cd7b6e19-d605-310e-b1f7-0458397579e3"}},{"type":"Feature","geometry":{"type":"Point","coordinates":[10.592009,46.067645]},"properties":{"kind":"land","cls":"saddle","name":"Bocchetta del Cop di Casa","osm":["n5022007537@7"],"ele":2775,"id":"ce454bdd-9f95-3204-84de-18d363e8ee04"}},{"type":"Feature","geometry":{"type":"Point","coordinates":[10.629268,46.126919]},"properties":{"kind":"land","cls":"saddle","name":"q. 2805","osm":["n13121539265@1"],"ele":2605,"id":"ce4f80de-1528-37b2-bef4-c92b1c31b823"}},{"type":"Feature","geometry":{"type":"Point","coordinates":[10.578735,46.066257]},"properties":{"kind":"land","cls":"peak","name":"Cop de Mez","osm":["n8441798937@1"],"ele":2976,"id":"cecddd46-a291-38f0-b309-35ea0a5f822e"}},{"type":"Feature","geometry":{"type":"Point","coordinates":[10.608271,46.035823]},"properties":{"kind":"land","cls":"saddle","name":"Passo dei Legionari","osm":["n12212346596@1"],"ele":2380,"id":"cfbe7cb1-9500-38d6-bc87-e68509f7dbf5"}},{"type":"Feature","geometry":{"type":"Point","coordinates":[10.489263,46.061639]},"properties":{"kind":"land","cls":"saddle","name":"Passo Ignaga","osm":["n3022159995@5"],"ele":2527,"id":"d0b968b2-3fa2-3805-b524-39bbfe09e3ad"}},{"type":"Feature","geometry":{"type":"Point","coordinates":[10.45288,46.025764]},"properties":{"kind":"land","cls":"peak","name":"Cima di Val Ghilarda Occ.le","osm":["n523391629@3"],"ele":2780,"id":"d315525f-0d34-3320-8e32-06a5ca07134c"}},{"type":"Feature","geometry":{"type":"Point","coordinates":[10.443335,46.120218]},"properties":{"kind":"land","cls":"peak","name":"Monte Coppo","osm":["n4482514052@2"],"id":"d498a746-4338-37c7-92ab-b0deb930ccbe"}},{"type":"Feature","geometry":{"type":"Point","coordinates":[10.622214,46.061766]},"properties":{"kind":"land","cls":"peak","name":"Cima Tof Bianc","osm":["n8086172264@2"],"ele":2708,"id":"d50af3f1-726b-3712-9f57-af25bf90e427"}},{"type":"Feature","geometry":{"type":"Point","coordinates":[10.603266,46.068287]},"properties":{"kind":"land","cls":"saddle","name":"Bochet della Valletta Alta","osm":["n9133182268@1"],"ele":2730,"id":"d5416e80-350e-3149-a341-c743ff00bb3a"}},{"type":"Feature","geometry":{"type":"Point","coordinates":[10.632584,46.12764]},"properties":{"kind":"land","cls":"saddle","name":"Bocchetta delle Taine","osm":["n13121539264@1"],"ele":2769,"id":"d5ff5b33-9b8c-309c-b811-0f9674970e59"}},{"type":"Feature","geometry":{"type":"Point","coordinates":[10.548976,46.118853]},"properties":{"kind":"land","cls":"peak","name":"Cima dell'Artigliere Nord","osm":["n523392305@4"],"ele":2906,"id":"d650a29f-6140-3e8b-8841-d4bc2e596318"}},{"type":"Feature","geometry":{"type":"Point","coordinates":[10.461312,46.120912]},"properties":{"kind":"land","cls":"saddle","name":"Passo di Cevo","osm":["n565219327@2"],"ele":2670,"id":"d7d21355-7ee8-3578-8735-04065a3ab09c"}},{"type":"Feature","geometry":{"type":"Point","coordinates":[10.443304,45.992987]},"properties":{"kind":"land","cls":"peak","name":"I corno","osm":["n523276864@2"],"ele":2409,"id":"d7dbfd47-6327-3500-bbc7-acdcbd18b7b0"}},{"type":"Feature","geometry":{"type":"Point","coordinates":[10.452382,45.981433]},"properties":{"kind":"land","cls":"saddle","name":"Passo del Listino","osm":["n565423162@6"],"ele":2651,"id":"d8d81e1b-d558-345d-b348-76d24af7c644"}},{"type":"Feature","geometry":{"type":"Point","coordinates":[10.519265,46.121694]},"properties":{"kind":"land","cls":"peak","name":"Cima Nino Coppellotti","osm":["n523392048@2"],"ele":2929,"id":"d8f28b40-b572-3a7a-aa8c-2a3f06200585"}},{"type":"Feature","geometry":{"type":"Point","coordinates":[10.500028,46.071754]},"properties":{"kind":"land","cls":"saddle","osm":["n13100221396@2"],"ele":2677,"id":"d9946854-b978-36fa-ab77-54b3f23d88ac"}},{"type":"Feature","geometry":{"type":"Point","coordinates":[10.447126,46.023333]},"properties":{"kind":"land","cls":"saddle","name":"Bocchetta Occidentale del Frisozzo","osm":["n8979922460@2"],"ele":2780,"id":"d9b4f641-fd0e-3dc3-8e8b-052f263df1e0"}},{"type":"Feature","geometry":{"type":"Point","coordinates":[10.607571,46.094052]},"properties":{"kind":"land","cls":"saddle","name":"Bocchetta di Conca","osm":["n2983265182@2"],"ele":2678,"id":"da359918-4892-36e4-b609-decccda6d306"}},{"type":"Feature","geometry":{"type":"Point","coordinates":[10.470121,46.092177]},"properties":{"kind":"land","cls":"peak","osm":["n12915138330@1"],"ele":2565,"id":"dafd1e6f-6fa0-37f0-96ca-aa8945dfdb27"}},{"type":"Feature","geometry":{"type":"Point","coordinates":[10.549959,46.127257]},"properties":{"kind":"land","cls":"saddle","name":"Bocchetta dei Camosci","osm":["n565219596@5"],"ele":2887,"id":"dbb17c0e-9c80-3535-a5f2-ab92bc1ab4d0"}},{"type":"Feature","geometry":{"type":"Point","coordinates":[10.483841,46.039751]},"properties":{"kind":"land","cls":"saddle","name":"Passo di Campo","osm":["n456042372@10"],"ele":2299,"id":"ddb006a6-5c23-3b20-9418-5aaa9373340d"}},{"type":"Feature","geometry":{"type":"Point","coordinates":[10.457348,46.008041]},"properties":{"kind":"land","cls":"saddle","name":"B.tta q. 2675","osm":["n13100746863@1"],"id":"de4a4828-08e5-320c-90c7-8ffd10824ad6"}},{"type":"Feature","geometry":{"type":"Point","coordinates":[10.457572,46.002201]},"properties":{"kind":"land","cls":"saddle","name":"Passo del Gellino","osm":["n565218797@3"],"ele":2601,"id":"df3630de-5a99-3c1c-95cc-064c800270a2"}},{"type":"Feature","geometry":{"type":"Point","coordinates":[10.51707,46.081781]},"properties":{"kind":"land","cls":"peak","osm":["n13100316417@2"],"ele":2823,"id":"df3d2eca-fdb4-35ef-8462-d91bced5254b"}},{"type":"Feature","geometry":{"type":"Point","coordinates":[10.547372,46.115131]},"properties":{"kind":"land","cls":"saddle","name":"Selletta q. 2878","osm":["n13100307798@1"],"id":"e2b4d059-49fd-3802-815f-13351363703d"}},{"type":"Feature","geometry":{"type":"Point","coordinates":[10.44038,45.962157]},"properties":{"kind":"land","cls":"saddle","name":"Passo di Laione","osm":["n565423165@2"],"ele":2537,"id":"e2e63881-67c4-3257-95e2-e1523fd6df17"}},{"type":"Feature","geometry":{"type":"Point","coordinates":[10.506259,46.073024]},"properties":{"kind":"land","cls":"saddle","name":"Sella","osm":["n13100212054@3"],"ele":2614,"id":"e4fb82a0-e512-3dc8-b74a-b1de1e896c5b"}},{"type":"Feature","geometry":{"type":"Point","coordinates":[10.588017,45.998606]},"properties":{"kind":"land","cls":"peak","name":"Monte Corona","osm":["n2371177756@4"],"ele":2500,"id":"e57c7166-1853-35a8-b182-53c6a6f3c4bc"}},{"type":"Feature","geometry":{"type":"Point","coordinates":[10.549493,46.117432]},"properties":{"kind":"land","cls":"peak","name":"Cima dell'Artigliere Sud","osm":["n13100307797@1"],"ele":2903,"id":"e5d1cb8f-e504-3ce4-ba8d-63e94ec52afd"}},{"type":"Feature","geometry":{"type":"Point","coordinates":[10.63827,46.058924]},"properties":{"kind":"land","cls":"saddle","name":"Bocchetta Laghisol","osm":["n3721331654@6"],"ele":2415,"id":"e6a2ff1c-1026-3220-8be5-dbd053b2f272"}},{"type":"Feature","geometry":{"type":"Point","coordinates":[10.563283,46.021347]},"properties":{"kind":"land","cls":"saddle","name":"Passo dei Reticolati","osm":["n11137705116@3"],"ele":2610,"id":"e7547773-2885-3241-9837-ec77f0f2b4cc"}},{"type":"Feature","geometry":{"type":"Point","coordinates":[10.495047,46.069662]},"properties":{"kind":"land","cls":"peak","name":"Monte Ignaga","osm":["n523391869@3"],"ele":2629,"id":"e77a2eaa-0513-3e92-b9d0-b7572fc6a382"}},{"type":"Feature","geometry":{"type":"Point","coordinates":[10.480586,46.054701]},"properties":{"kind":"land","cls":"saddle","name":"Forcella di Marosso","osm":["n13100728892@1"],"ele":2585,"id":"e7c72516-4482-3124-bd25-f3dd864158a8"}},{"type":"Feature","geometry":{"type":"Point","coordinates":[10.593164,46.109257]},"properties":{"kind":"land","cls":"peak","name":"Quota 3368","osm":["n13101620155@1"],"id":"e881267c-e6f8-3734-bd1c-d2abb4f2df8b"}},{"type":"Feature","geometry":{"type":"Point","coordinates":[10.593773,46.096298]},"properties":{"kind":"land","cls":"saddle","name":"Passo delle Vacche","osm":["n7801202146@2"],"ele":2872,"id":"ec040b5c-8b8b-3d72-9058-4d3b953e25ad"}},{"type":"Feature","geometry":{"type":"Point","coordinates":[10.56772,46.042223]},"properties":{"kind":"land","cls":"saddle","name":"Porte di Danerba","osm":["n2371034239@7"],"ele":2718,"id":"ee43cfc6-bda2-3345-ab85-31e4d2eaacd9"}},{"type":"Feature","geometry":{"type":"Point","coordinates":[10.511646,46.07752]},"properties":{"kind":"land","cls":"saddle","osm":["n13100212052@2"],"ele":2772,"id":"ef39581a-26fe-30c6-861b-10cc5e2b796e"}},{"type":"Feature","geometry":{"type":"Point","coordinates":[10.638021,46.128287]},"properties":{"kind":"land","cls":"peak","name":"Cima degli Obici","osm":["n388118426@5"],"ele":2804,"id":"f31fb829-6c34-374a-9021-1d32e700926e"}},{"type":"Feature","geometry":{"type":"Point","coordinates":[10.506439,46.107812]},"properties":{"kind":"land","cls":"peak","name":"Corno Meridionale di Dossaccio","osm":["n523391918@3"],"ele":2862,"id":"f466b752-9866-355a-a5bb-328c780a6872"}},{"type":"Feature","geometry":{"type":"Point","coordinates":[10.571159,46.039622]},"properties":{"kind":"land","cls":"saddle","name":"Passo Boldone","osm":["n11188399599@2"],"id":"f4b0d953-3a03-3ad3-8215-175ead0f1ce5"}},{"type":"Feature","geometry":{"type":"Point","coordinates":[10.582052,46.006424]},"properties":{"kind":"land","cls":"saddle","name":"passo del frate","osm":["n2425950477@4"],"ele":2240,"id":"f6847cc2-a47e-355b-9231-d89eea20f18e"}},{"type":"Feature","geometry":{"type":"Point","coordinates":[10.593889,46.112259]},"properties":{"kind":"land","cls":"saddle","name":"V Sella","osm":["n13101620161@1"],"ele":3258,"id":"f7b430ef-b5cc-328a-853d-85b1722b969c"}},{"type":"Feature","geometry":{"type":"Point","coordinates":[10.451915,46.025505]},"properties":{"kind":"land","cls":"saddle","name":"Bocchetta Orientale del Frisozzo","osm":["n13100746868@1"],"ele":2759,"id":"fb6f0fa8-c5b1-3129-976b-b4e807b2fd80"}},{"type":"Feature","geometry":{"type":"Point","coordinates":[10.593137,46.111005]},"properties":{"kind":"land","cls":"peak","name":"V Gobba","osm":["n13101620160@1"],"ele":3294,"id":"fb771351-2cc3-36cb-94ff-acadf0a09235"}},{"type":"Feature","geometry":{"type":"Point","coordinates":[10.60887,46.063161]},"properties":{"kind":"land","cls":"saddle","name":"Bocca della Cunella","osm":["n3713842294@3"],"ele":2523,"id":"fbc8a594-f27e-3cc5-bd91-874a51c06ace"}},{"type":"Feature","geometry":{"type":"Point","coordinates":[10.46472,46.017038]},"properties":{"kind":"land","cls":"peak","name":"Cima Gellino","osm":["n523391647@2"],"ele":2772,"id":"fc71c430-8dcc-3804-8aa0-9c8e2fe25e50"}},{"type":"Feature","geometry":{"type":"Point","coordinates":[10.482591,46.021248]},"properties":{"kind":"land","cls":"saddle","name":"Sella","osm":["n10994524327@2"],"ele":2867,"id":"fd61ff8f-60a6-3d76-bb7f-a1f1fd599a31"}},{"type":"Feature","geometry":{"type":"Point","coordinates":[10.518224,46.119084]},"properties":{"kind":"land","cls":"peak","name":"Cima settentrionale di Poia","osm":["n523391944@1"],"ele":2962,"id":"fe2e54b6-3216-32d3-bf62-4c8d69a6a921"}},{"type":"Feature","geometry":{"type":"Point","coordinates":[10.621325,46.005254]},"properties":{"kind":"land","cls":"peak","name":"Fistola","osm":["n14049187312@1"],"ele":2252,"id":"fe6709cd-78f2-3344-b755-5d9cf6e5fa5e"}},{"type":"Feature","geometry":{"type":"Point","coordinates":[10.627119,46.007657]},"properties":{"kind":"land","cls":"peak","name":"Benna","osm":["n2371177755@4"],"ele":2248,"id":"ffd5eb60-df35-3743-9ae9-62eee0f3f022"}},{"type":"Feature","geometry":{"type":"Point","coordinates":[10.530504,45.988871]},"properties":{"kind":"water","cls":"waterfall","osm":["n2561362164@2"],"id":"053673cd-c717-3d49-8e49-45e41863ff5b"}},{"type":"Feature","geometry":{"type":"Point","coordinates":[10.61552,46.081038]},"properties":{"kind":"water","cls":"waterfall","name":"Cascata della Valletta Alta","osm":["n1135833719@5"],"id":"070af905-7c56-3ad0-bca4-98a6bf7519c7"}},{"type":"Feature","geometry":{"type":"Point","coordinates":[10.487544,46.048553]},"properties":{"kind":"water","cls":"waterfall","osm":["n4398186376@1"],"id":"1c029bce-bace-33e7-be2a-1c614cc575e3"}},{"type":"Feature","geometry":{"type":"Point","coordinates":[10.513305,46.058119]},"properties":{"kind":"water","cls":"waterfall","osm":["n1111843019@2"],"id":"248b8555-3731-35d7-b25a-74b874ce3915"}},{"type":"Feature","geometry":{"type":"Point","coordinates":[10.514133,46.031052]},"properties":{"kind":"water","cls":"waterfall","osm":["n965314176@4"],"id":"28f7fc33-ef99-330a-96b6-56bd03828a61"}},{"type":"Feature","geometry":{"type":"Point","coordinates":[10.604606,46.01806]},"properties":{"kind":"water","cls":"waterfall","name":"Cascata della Cravatta","osm":["n7681369172@1"],"id":"34c791f2-dfe3-3d36-8006-0ae4befaa9f8"}},{"type":"Feature","geometry":{"type":"Point","coordinates":[10.524812,45.993837]},"properties":{"kind":"water","cls":"waterfall","osm":["n3594027797@1"],"id":"4797ebac-5534-3e4c-b4f4-5ae3b2ade285"}},{"type":"Feature","geometry":{"type":"Point","coordinates":[10.515162,46.009902]},"properties":{"kind":"water","cls":"waterfall","name":"Cascate di Danerba","osm":["n1877964296@5"],"id":"5662207d-1041-3bd4-81c7-24cbe7e09489"}},{"type":"Feature","geometry":{"type":"Point","coordinates":[10.53027,45.988913]},"properties":{"kind":"water","cls":"waterfall","name":"Cascata Tina","osm":["n2487950268@4"],"id":"59c67634-0d43-3d5d-86e9-6952a7ff498e"}},{"type":"Feature","geometry":{"type":"Point","coordinates":[10.51831,45.994929]},"properties":{"kind":"water","cls":"waterfall","name":"Placca Multistrato","osm":["n13084898490@1"],"id":"6ddf4388-fe58-3f27-a932-81702f2174ce"}},{"type":"Feature","geometry":{"type":"Point","coordinates":[10.530719,45.988736]},"properties":{"kind":"water","cls":"waterfall","osm":["n3419794202@1"],"id":"83853c95-90a8-3060-977a-75e1145b14a8"}},{"type":"Feature","geometry":{"type":"Point","coordinates":[10.451504,46.098184]},"properties":{"kind":"water","cls":"waterfall","osm":["n804965186@2"],"id":"afd239bf-0723-39d7-9a39-56726ccfc699"}},{"type":"Feature","geometry":{"type":"Point","coordinates":[10.541518,46.071698]},"properties":{"kind":"water","cls":"waterfall","osm":["n965276885@2"],"id":"c11fed7d-5d22-3e41-84e7-d292ea11f735"}},{"type":"Feature","geometry":{"type":"Point","coordinates":[10.487332,46.048861]},"properties":{"kind":"water","cls":"waterfall","osm":["n4398186387@1"],"id":"cb68efa1-e042-368d-a4a0-6b5afe5513fc"}},{"type":"Feature","geometry":{"type":"Point","coordinates":[10.509217,46.00332]},"properties":{"kind":"water","cls":"waterfall","name":"Cascata del Leno","osm":["n3011054285@2"],"id":"d94f3716-34af-30bb-9e6b-85d38cec5235"}},{"type":"Feature","geometry":{"type":"Point","coordinates":[10.638031,46.084835]},"properties":{"kind":"water","cls":"waterfall","osm":["n9146936174@1"],"id":"f3a850ab-d32b-3b3b-92af-c8524d59656b"}}]}