{"type":"FeatureCollection","features":[{"type":"Feature","geometry":{"type":"LineString","coordinates":[[10.445917,46.007004],[10.445898,46.007039],[10.445842,46.007076],[10.445748,46.007103],[10.445721,46.007146],[10.445687,46.007158],[10.445663,46.007144],[10.445626,46.007091],[10.445461,46.006974],[10.445349,46.006932],[10.445223,46.006877],[10.445151,46.006893],[10.44508,46.006979],[10.444994,46.00703],[10.444916,46.007118],[10.444763,46.007175],[10.444742,46.007209],[10.444733,46.007433],[10.444724,46.007441],[10.444669,46.00749]]},"properties":{"id":"0007df72-e49e-4321-849a-6f0f22edf2e2","cls":"path","osm":["w40978576@4"],"conn":[["8656fc2d-b70c-4f9e-852b-12f5f8835739",0.0],["3a53d9d7-7b35-486e-805e-90a0c94418cf",1.0]]}},{"type":"Feature","geometry":{"type":"LineString","coordinates":[[10.468607,46.027804],[10.468768,46.02793],[10.469237,46.028118],[10.469467,46.02824],[10.469512,46.028254],[10.469584,46.028262],[10.469736,46.028266],[10.469835,46.028294],[10.469845,46.028291],[10.469849,46.028275],[10.469827,46.028235],[10.469776,46.028178],[10.469743,46.028155],[10.469737,46.028146],[10.469733,46.028106],[10.469701,46.028053],[10.469704,46.028035],[10.469744,46.027994],[10.469768,46.027978],[10.469791,46.027968],[10.469881,46.027959],[10.469902,46.02796],[10.469985,46.027971],[10.470095,46.028005],[10.470184,46.028007],[10.470309,46.028072],[10.470415,46.028085],[10.470517,46.028128],[10.470585,46.028172],[10.470716,46.028312],[10.47074,46.028316],[10.470786,46.028308],[10.470865,46.028259],[10.470888,46.028258],[10.470919,46.02827],[10.47096,46.02831],[10.470999,46.028408],[10.471045,46.028462],[10.471082,46.028527],[10.471088,46.028534],[10.471191,46.028657],[10.471246,46.028703],[10.471281,46.028724],[10.471313,46.028747],[10.471365,46.028759],[10.47149,46.028757],[10.471622,46.028763],[10.471695,46.028774],[10.471819,46.028828],[10.471957,46.028866],[10.472058,46.028926],[10.472119,46.028988],[10.472171,46.029023],[10.472299,46.029104],[10.472481,46.029238],[10.472513,46.029254],[10.472564,46.029267],[10.472633,46.029285],[10.472802,46.02938],[10.4733,46.029643],[10.473413,46.02973],[10.473413,46.029838],[10.473707,46.030013],[10.474299,46.030371],[10.474924,46.030546],[10.475167,46.030574],[10.475385,46.03066],[10.475647,46.030626],[10.475865,46.030599],[10.476405,46.030758],[10.47667,46.030836],[10.476895,46.030995],[10.477095,46.03112],[10.477108,46.031254],[10.477336,46.03133],[10.477545,46.031275],[10.477668,46.031114],[10.477796,46.03102],[10.478171,46.031056],[10.478589,46.031023],[10.478864,46.031001],[10.479173,46.031041],[10.479447,46.03113],[10.479701,46.031237],[10.479961,46.031307],[10.480424,46.031375],[10.480903,46.031279],[10.481386,46.031275],[10.481649,46.031357],[10.481598,46.031437],[10.481635,46.031463],[10.481582,46.03151],[10.481815,46.031536],[10.481952,46.031588],[10.48192,46.031636],[10.482176,46.031644],[10.482307,46.031628],[10.482416,46.031614],[10.482586,46.031789],[10.482763,46.031874],[10.482928,46.031955],[10.483218,46.032033],[10.483521,46.032159],[10.483813,46.032327],[10.484025,46.032445],[10.484072,46.032454],[10.48417,46.032455],[10.484253,46.032478]]},"properties":{"id":"008fc2ef-ffb8-4120-8e36-160bb7966cd7","cls":"path","osm":["w1125806715@1","w442128034@4","w962381487@1"],"sr":[["gravel",0.259827,1.0]],"conn":[["2cbf3505-cef2-4549-a9f1-ddc9ef8b3b24",0.0],["7a12b321-6ab3-427d-b033-7bbe2008edc2",0.91177],["8a8b59a5-7948-4d6e-96df-0bcf1597ec81",1.0]]}},{"type":"Feature","geometry":{"type":"LineString","coordinates":[[10.513183,46.032072],[10.513211,46.03221],[10.513195,46.032268],[10.513132,46.032348],[10.513027,46.032457],[10.512985,46.032515],[10.512954,46.03261],[10.512974,46.032802],[10.512991,46.032959],[10.512966,46.033062],[10.512968,46.033155],[10.51299,46.033272],[10.513009,46.033345],[10.513011,46.033423],[10.512991,46.033487],[10.512964,46.033533],[10.512906,46.033594],[10.512647,46.033795],[10.512547,46.033897],[10.512477,46.033983],[10.512424,46.034105],[10.51239,46.034222],[10.512357,46.034304],[10.51218,46.034502],[10.511984,46.034677],[10.511938,46.03474],[10.511925,46.03481],[10.511968,46.035225],[10.511995,46.035495]]},"properties":{"id":"00ddb325-04e4-4246-9d8b-4c2a3231317d","cls":"track","osm":["w506258608@1","w60145450@6"],"conn":[["67d95a90-a079-4cd8-8084-df686ce8088a",0.0],["fe50c37b-980f-4134-b674-170b5d17f7f9",0.209632],["eb3c45d8-2bbc-478c-b5fc-15c52c73f5b9",0.926739],["d8c93e33-6ce5-44dc-a920-b8c226c34ae2",1.0]],"access":[{"type":"allowed","when":["for_forestry"]}]}},{"type":"Feature","geometry":{"type":"LineString","coordinates":[[10.597472,45.983588],[10.597666,45.983608],[10.597891,45.983646],[10.598174,45.983608],[10.598408,45.983616],[10.598507,45.983616],[10.598615,45.983668],[10.598766,45.983948],[10.5988,45.984022],[10.598803,45.984098],[10.598891,45.984123],[10.599028,45.984115],[10.599132,45.984068],[10.599216,45.984048],[10.599296,45.984049],[10.599394,45.984061],[10.599501,45.984082],[10.599588,45.984102],[10.599663,45.984102],[10.599778,45.984076],[10.599936,45.984015],[10.600109,45.983942],[10.600168,45.983916]]},"properties":{"id":"011937d8-0beb-42ae-8854-c9829bab7ab7","cls":"path","osm":["w1106931891@2"],"conn":[["719f28d3-2e38-4daa-ba4b-781ea9ce4e40",0.0],["71e5595e-87ab-4728-84e0-2e1f05533ce7",1.0]]}},{"type":"Feature","geometry":{"type":"LineString","coordinates":[[10.510674,46.044367],[10.510707,46.044232],[10.510682,46.044027],[10.510675,46.043908],[10.510517,46.043638],[10.510271,46.043283],[10.510106,46.043204],[10.509556,46.043267],[10.509018,46.043247],[10.508659,46.043164],[10.508442,46.042975],[10.508373,46.042647],[10.5084,46.042481],[10.508443,46.042396],[10.508497,46.042291],[10.508392,46.042143],[10.508229,46.041994],[10.50831,46.041765],[10.508405,46.04157]]},"properties":{"id":"011e8c79-b1af-4816-b953-16a43ee1ea94","cls":"track","osm":["w228420330@3"],"conn":[["77b9025d-6b41-4ccb-afdb-5313cb2c48c2",0.0],["b20af96f-6727-4c91-be1f-8499a6349f68",0.776392],["67875fc4-8a89-4a2c-bf8e-86f1e4930df2",1.0]]}},{"type":"Feature","geometry":{"type":"LineString","coordinates":[[10.564501,46.106294],[10.564304,46.106344],[10.564165,46.106368],[10.564036,46.106387],[10.563982,46.106413],[10.563926,46.106552],[10.563835,46.106586],[10.563529,46.106602],[10.563239,46.106595],[10.563185,46.106608],[10.563102,46.106779],[10.563102,46.106926],[10.562958,46.106904],[10.562864,46.106933],[10.562837,46.106989],[10.562786,46.107062],[10.562654,46.10711],[10.562502,46.107158],[10.562456,46.107276],[10.562348,46.107327]]},"properties":{"id":"01902867-f8a7-42b9-92c4-40f0242dca5c","cls":"path","osm":["w1114893566@1"],"conn":[["8be20b49-6ea4-4d68-8068-6a8faa03f27e",0.0],["82f76fa5-2457-4b31-b30a-6f9509c8454b",1.0]]}},{"type":"Feature","geometry":{"type":"LineString","coordinates":[[10.488875,46.083256],[10.488858,46.083324],[10.488858,46.083388],[10.488841,46.083453],[10.488852,46.083497],[10.488872,46.083538],[10.488915,46.083586],[10.488986,46.083624],[10.489014,46.08364],[10.489024,46.08367],[10.489023,46.083777],[10.48901,46.083815],[10.48902,46.08386],[10.489047,46.083902],[10.48909,46.083964],[10.489098,46.083987],[10.489098,46.084011],[10.489092,46.084038],[10.489054,46.084101],[10.489016,46.084152],[10.489006,46.084184],[10.489009,46.084233],[10.488993,46.084261],[10.488919,46.084321],[10.488872,46.084395],[10.488809,46.084466],[10.488786,46.084517],[10.488778,46.084569],[10.488766,46.084588],[10.488713,46.084616],[10.48866,46.084632],[10.488597,46.084661],[10.488525,46.084713],[10.4884,46.084759],[10.488306,46.084783],[10.488125,46.084858],[10.488076,46.084873],[10.488007,46.084889],[10.487943,46.084889],[10.487884,46.08488]]},"properties":{"id":"01e31d69-e7c0-40ac-911d-13b0d73ce05d","cls":"path","osm":["w356941812@1","w356941813@1","w356941814@1","w356941817@1","w69905814@2"],"fr":[["is_bridge",0.674611,0.696105],["is_bridge",0.91894,0.936252]],"sr":[["unpaved",0.0,0.91894],["unpaved",0.936252,1.0]],"conn":[["2789b60f-9ca0-4e9d-b001-fdc5d20f73e5",0.0],["5c1023e5-ddbd-4c70-81ef-9d543922db96",1.0]]}},{"type":"Feature","geometry":{"type":"LineString","coordinates":[[10.511968,46.035225],[10.511692,46.03523],[10.511452,46.035267]]},"properties":{"id":"0249f571-58c9-4ad3-a068-3c67b0e96fa8","cls":"track","osm":["w506258607@1"],"conn":[["eb3c45d8-2bbc-478c-b5fc-15c52c73f5b9",0.0],["0c0538d1-a25e-49a8-8000-e7da4a7cd808",1.0]],"access":[{"type":"allowed","when":["for_forestry"]}]}},{"type":"Feature","geometry":{"type":"LineString","coordinates":[[10.612304,46.050019],[10.612641,46.050097],[10.612626,46.050076],[10.612591,46.050061],[10.612556,46.050036],[10.612545,46.050002],[10.612551,46.049978],[10.612582,46.049963],[10.612645,46.049943],[10.612692,46.049924],[10.612728,46.049908],[10.61275,46.049896],[10.612796,46.049894],[10.612805,46.049865],[10.612787,46.04984],[10.61274,46.049826],[10.612688,46.049829]]},"properties":{"id":"02df6cd2-e0d6-401f-989d-b379ba7045c0","cls":"footway","osm":["w225908933@3"],"sr":[["gravel",null,null]],"conn":[["9b372591-8756-4730-9179-29e5abf3af65",0.0],["dcf5d0b4-00b9-4ba5-9ec6-92537bf9c0e8",1.0]]}},{"type":"Feature","geometry":{"type":"LineString","coordinates":[[10.511915,46.051393],[10.51184,46.051309],[10.511664,46.051209],[10.511614,46.051182]]},"properties":{"id":"03a6ef4c-e437-48bf-ae8c-79f577b1bc1c","cls":"path","osm":["w1176912797@1"],"conn":[["bb69a230-65c6-433b-aaee-496bf6f62cc0",0.0],["b8420ef5-bab9-41ca-a91c-b55ff6b6537b",1.0]]}},{"type":"Feature","geometry":{"type":"LineString","coordinates":[[10.642305,46.081809],[10.64219,46.081847],[10.642018,46.081887],[10.641947,46.08199],[10.641793,46.082105],[10.64169,46.082162],[10.64159,46.082223],[10.641467,46.082236],[10.64134,46.082323],[10.641174,46.082466],[10.641145,46.082532],[10.641037,46.082626],[10.640951,46.08268],[10.640878,46.082764],[10.640795,46.08278],[10.64073,46.082813],[10.640699,46.082818],[10.640639,46.082878],[10.640565,46.082882],[10.640543,46.082909],[10.640569,46.082966],[10.640529,46.083029],[10.640582,46.083105],[10.64049,46.08331],[10.64056,46.083501],[10.640519,46.083644],[10.640462,46.083702],[10.640352,46.083729],[10.640416,46.083778],[10.640535,46.083831],[10.640198,46.083897],[10.640233,46.083944],[10.640383,46.083969],[10.640375,46.083999],[10.64023,46.084043],[10.640265,46.084091],[10.640351,46.084108],[10.640566,46.084137],[10.640659,46.084193],[10.640699,46.084215],[10.640582,46.084257],[10.640515,46.084286],[10.640539,46.084303],[10.640515,46.084327],[10.640463,46.08431],[10.640416,46.084339],[10.640342,46.08436],[10.640377,46.084407],[10.640573,46.084487],[10.640614,46.084542],[10.640594,46.084561],[10.64046,46.08458],[10.640307,46.084604],[10.640233,46.084647],[10.640178,46.084712],[10.640172,46.084809],[10.640142,46.084859],[10.639973,46.084908],[10.63989,46.084969],[10.639764,46.085027],[10.639705,46.085048],[10.639636,46.084994],[10.63943,46.084947],[10.639296,46.084935],[10.639195,46.084972],[10.63915,46.084983],[10.639166,46.085008],[10.639229,46.085052],[10.63926,46.085107],[10.63935,46.08518],[10.639394,46.085229],[10.639393,46.085248],[10.639242,46.085257],[10.639069,46.085299],[10.639046,46.08532],[10.639088,46.085368],[10.639018,46.085381],[10.638897,46.085378],[10.638662,46.085317],[10.638403,46.085326],[10.638242,46.085302],[10.638146,46.085341],[10.637932,46.085338],[10.637531,46.085388],[10.637295,46.085423],[10.637141,46.085422],[10.636973,46.08538],[10.636903,46.085291],[10.636817,46.085264],[10.636761,46.085252],[10.636725,46.085271],[10.636804,46.08542],[10.636866,46.085495],[10.636909,46.085535],[10.636894,46.085558],[10.63681,46.085546],[10.636713,46.085515],[10.636586,46.08546],[10.636504,46.085397],[10.636447,46.085433],[10.636299,46.085367],[10.63616,46.085293],[10.63596,46.08521],[10.635611,46.085138],[10.635238,46.085106],[10.634829,46.085109],[10.634543,46.085125],[10.634382,46.085181],[10.634237,46.085206],[10.634201,46.085229],[10.634163,46.08523],[10.634126,46.08521],[10.634048,46.085128],[10.633995,46.085102],[10.633852,46.085062],[10.633739,46.085],[10.633559,46.084905],[10.633462,46.084866],[10.633285,46.084849],[10.633221,46.084865],[10.633087,46.084835],[10.632889,46.084874],[10.632737,46.084886],[10.632494,46.084852],[10.632364,46.08482],[10.632277,46.084867],[10.63218,46.08485],[10.632052,46.084776],[10.63194,46.084679],[10.631778,46.084669],[10.631723,46.084639],[10.631705,46.084559],[10.631581,46.08448],[10.631505,46.084469],[10.631428,46.084391],[10.631261,46.084306],[10.631159,46.084309],[10.630984,46.084238],[10.630784,46.084122],[10.630583,46.084111],[10.630286,46.084108],[10.630225,46.084035],[10.630024,46.083967],[10.629755,46.08388],[10.629608,46.083901],[10.629466,46.083886],[10.629364,46.083819],[10.629251,46.083799],[10.629082,46.083851],[10.62898,46.083856],[10.628833,46.08384],[10.628684,46.083764],[10.62853,46.083777],[10.628359,46.083758],[10.628226,46.083695],[10.628011,46.083679],[10.627884,46.08364],[10.627603,46.083461],[10.627571,46.083455],[10.627548,46.083485],[10.62756,46.083522],[10.627561,46.083576],[10.62752,46.083595],[10.627451,46.083564],[10.627416,46.083536],[10.627416,46.083455],[10.627281,46.083392],[10.627222,46.083424],[10.627253,46.083498],[10.62726,46.083555],[10.627231,46.083574],[10.627173,46.083568],[10.626995,46.083533],[10.626924,46.083494],[10.626829,46.083418],[10.626735,46.083379],[10.626588,46.083316],[10.62649,46.083314],[10.626422,46.08333],[10.626395,46.08333],[10.626361,46.083308],[10.626316,46.083307],[10.626288,46.083317],[10.626254,46.083299],[10.626193,46.083295],[10.626138,46.08332],[10.626046,46.083349],[10.625975,46.08337],[10.625858,46.083371],[10.625739,46.083356],[10.625597,46.083315],[10.625455,46.083233],[10.625334,46.08322],[10.625302,46.083188],[10.625317,46.083126],[10.625348,46.083077],[10.625385,46.083017],[10.625301,46.082957],[10.625272,46.082897],[10.625168,46.082847],[10.625192,46.082778],[10.625139,46.082735],[10.625125,46.082648],[10.625011,46.082562],[10.624979,46.082473],[10.624847,46.082398],[10.624737,46.08239],[10.624538,46.082314],[10.62442,46.082235],[10.624353,46.08216],[10.624269,46.082117],[10.62416,46.082096],[10.624037,46.082082],[10.623879,46.082032],[10.623759,46.081964],[10.623646,46.081911],[10.623549,46.081893],[10.62348,46.081905],[10.623409,46.081904],[10.623341,46.081872],[10.623274,46.081884],[10.623174,46.081949],[10.623106,46.082014],[10.623052,46.082061],[10.622955,46.082062],[10.62287,46.082043],[10.622764,46.082062],[10.622717,46.082066],[10.622621,46.082057],[10.622562,46.082073],[10.622504,46.082074],[10.622389,46.082052],[10.622306,46.082039],[10.622206,46.082027],[10.621982,46.081936],[10.621859,46.081917],[10.621772,46.081938],[10.621723,46.081945],[10.621695,46.081926],[10.621656,46.081909],[10.621592,46.08191],[10.621524,46.081918],[10.621456,46.081905],[10.621413,46.081875],[10.621318,46.081834],[10.621254,46.081811],[10.621153,46.081771],[10.621064,46.081728],[10.620979,46.081671],[10.620916,46.081666],[10.620864,46.081643],[10.62076,46.081618],[10.620628,46.081567],[10.62048,46.081464],[10.620401,46.081413],[10.620361,46.081353],[10.620363,46.081318],[10.620343,46.081295],[10.620318,46.081275],[10.620292,46.081237],[10.620262,46.081164],[10.620193,46.081144],[10.620126,46.08111],[10.620025,46.08108],[10.619908,46.081027],[10.619807,46.081037],[10.619751,46.08106],[10.619694,46.081014],[10.619618,46.080998],[10.619546,46.081009],[10.619497,46.080976],[10.619338,46.080916],[10.619241,46.08091],[10.619185,46.080877],[10.619159,46.080833],[10.619112,46.080792],[10.619075,46.080792],[10.619016,46.080799],[10.618961,46.080807],[10.618927,46.080734],[10.618922,46.080666],[10.618876,46.080574],[10.61882,46.080559],[10.618758,46.080591],[10.618659,46.080588],[10.618562,46.080549],[10.618435,46.080492],[10.618391,46.080473],[10.618364,46.080445],[10.618264,46.08041],[10.618236,46.08041],[10.618124,46.080405],[10.618026,46.08045],[10.617909,46.080417],[10.617738,46.080455],[10.617579,46.080502],[10.617394,46.080502],[10.617301,46.080512],[10.617249,46.080498],[10.617213,46.080511],[10.617161,46.08052],[10.617123,46.080506],[10.617113,46.080488],[10.617089,46.080483],[10.61706,46.0805],[10.61703,46.080514],[10.617008,46.080507],[10.617006,46.080495],[10.617014,46.080467],[10.617027,46.080416],[10.617025,46.080407],[10.617001,46.080403],[10.616922,46.080426],[10.616862,46.080446],[10.616678,46.080496],[10.616649,46.080496],[10.61664,46.08048],[10.616666,46.08044],[10.616707,46.080395],[10.616697,46.080375],[10.616658,46.080376],[10.61662,46.08038],[10.616592,46.080373],[10.616603,46.080359],[10.616606,46.080335],[10.616565,46.080312],[10.61654,46.080309],[10.616472,46.08031],[10.616393,46.080295],[10.616308,46.080288],[10.616259,46.080281],[10.616216,46.080295],[10.616179,46.080312],[10.616158,46.080303],[10.616166,46.080271],[10.61616,46.08025],[10.616133,46.080243],[10.616085,46.080264],[10.616039,46.080292],[10.616011,46.08029],[10.616008,46.080268],[10.616026,46.080231],[10.616012,46.080218],[10.615982,46.080226],[10.615899,46.080269],[10.615851,46.080278],[10.615836,46.080263],[10.615839,46.08024],[10.615848,46.080208],[10.61586,46.080183],[10.615856,46.080161],[10.615827,46.08015],[10.615795,46.080171],[10.615693,46.080181],[10.615652,46.080185],[10.615614,46.080194],[10.61558,46.080221],[10.615549,46.080231],[10.615531,46.080201],[10.615517,46.080169],[10.615509,46.080149],[10.615504,46.080131],[10.615473,46.080132],[10.615447,46.080134],[10.615422,46.080129],[10.615421,46.080108],[10.615405,46.080094],[10.615384,46.080106],[10.615332,46.080163],[10.615314,46.080194],[10.615276,46.080187],[10.615227,46.080142],[10.615201,46.080108],[10.615179,46.080089],[10.615142,46.080089],[10.615096,46.08009],[10.615086,46.080081],[10.615149,46.080058],[10.615213,46.080033],[10.615104,46.080011],[10.615006,46.080014],[10.61498,46.07988],[10.614941,46.079865],[10.614899,46.079847],[10.614855,46.079817],[10.614864,46.079788],[10.614815,46.079795],[10.614802,46.079805],[10.614768,46.079796],[10.614741,46.07978],[10.614685,46.079812],[10.614647,46.079798],[10.614633,46.079763],[10.614627,46.079763],[10.614616,46.079732],[10.614574,46.079753],[10.614555,46.07978],[10.614536,46.079772],[10.614525,46.079749],[10.614476,46.079738],[10.614468,46.079757],[10.614455,46.079811],[10.614413,46.079818],[10.614381,46.079793],[10.614351,46.079766],[10.614306,46.079762],[10.614258,46.079767],[10.614217,46.079742],[10.614176,46.079739],[10.614076,46.079718],[10.614005,46.079682],[10.613808,46.079696],[10.613708,46.079662],[10.613606,46.079669],[10.613532,46.079686],[10.613469,46.079687],[10.613403,46.079712],[10.613324,46.079691],[10.613219,46.079692],[10.613195,46.079638],[10.6131,46.079646],[10.613009,46.079665],[10.612873,46.079669],[10.61283,46.079637],[10.612797,46.079606],[10.612737,46.079563],[10.612678,46.079544],[10.61264,46.079528],[10.612614,46.07951]]},"properties":{"id":"03b03c02-4d77-480c-8556-539c5ea205c2","cls":"path","osm":["w511118643@12","w822554038@3","w972948471@6"],"fr":[["is_bridge",0.596359,0.600262]],"conn":[["0144d6a9-df24-46bb-9a17-8e5d0e664a96",0.0],["806afb32-a60f-44c8-97e9-b2f2ea43df51",0.219023],["532040ab-9d4f-452b-bb21-221342a03330",1.0]]}},{"type":"Feature","geometry":{"type":"LineString","coordinates":[[10.540474,46.129416],[10.540414,46.129744],[10.540548,46.130207],[10.540821,46.130586],[10.541366,46.131198],[10.541645,46.131557],[10.541926,46.131886],[10.542535,46.132506],[10.543136,46.132757],[10.543919,46.133124],[10.544075,46.133412],[10.54408,46.133687],[10.542782,46.134426],[10.541291,46.135163],[10.540127,46.135545],[10.538984,46.13653],[10.537691,46.137646],[10.537144,46.138237],[10.5365,46.139129],[10.536941,46.139309],[10.537165,46.1394]]},"properties":{"id":"04568602-f9a1-46ed-8592-ec2841905880","cls":"path","osm":["w1395254053@1"],"conn":[["d744aa6e-554a-4d42-ba4a-23286bb9afa2",0.0],["320fc06e-3b1a-4dd2-a82e-e9e180788191",1.0]]}},{"type":"Feature","geometry":{"type":"LineString","coordinates":[[10.639083,46.032413],[10.639326,46.032446],[10.639505,46.03247],[10.63958,46.03248],[10.63976,46.032484],[10.639969,46.032413],[10.640216,46.03234],[10.640439,46.032309],[10.640688,46.03219]]},"properties":{"id":"049e0c5f-d2ab-4afb-807c-9a4a79574731","cls":"track","osm":["w507983670@2","w507983671@1","w507983673@1"],"fr":[["is_bridge",0.143847,0.250508]],"conn":[["e045bba3-f341-454c-985f-0b4f569c7500",0.0],["743d5f2f-579c-47c3-9a3f-9e34f98014a6",0.294938],["16485586-3001-4cb9-ad1a-4483278804e8",1.0]],"access":[{"type":"allowed","when":null}]}},{"type":"Feature","geometry":{"type":"LineString","coordinates":[[10.497787,46.080492],[10.497839,46.080581],[10.497989,46.08093],[10.498054,46.081428],[10.498041,46.081552],[10.498015,46.081664],[10.497825,46.081791],[10.497529,46.081955],[10.497381,46.082107],[10.497389,46.082315],[10.497312,46.082562],[10.497198,46.082735],[10.497108,46.082783],[10.496997,46.082827],[10.496949,46.082952],[10.496881,46.083002],[10.496863,46.083016],[10.496719,46.083096],[10.496691,46.083136],[10.496645,46.083182],[10.496533,46.083255],[10.496472,46.083316],[10.496467,46.083419],[10.496478,46.083495],[10.496546,46.083594],[10.496593,46.083649],[10.496673,46.08373],[10.496835,46.083856],[10.496936,46.083948],[10.497154,46.08427],[10.497158,46.084307],[10.497142,46.084334],[10.496968,46.084409],[10.496817,46.084475]]},"properties":{"id":"04d89ae3-ce1b-4505-b3b8-044f311e6dc4","cls":"path","osm":["w356941810@1","w356941811@1","w40808414@24","w472032940@2"],"fr":[["is_bridge",0.943388,0.973574]],"conn":[["1b16175a-4c3a-46f3-a1b8-59ffdf87c980",0.0],["38169c86-86ed-4758-b776-114da69c67f1",0.605533],["111d4ebd-0272-4b58-9b9b-544db572b017",1.0]]}},{"type":"Feature","geometry":{"type":"LineString","coordinates":[[10.513088,46.054419],[10.513014,46.054499],[10.513001,46.054532],[10.513073,46.054558],[10.513175,46.054546]]},"properties":{"id":"05236590-d04d-4fc7-b1fc-bf882cbafd94","cls":"steps","osm":["w511165948@2"],"sr":[["dirt",null,null]],"conn":[["6cb8cd14-1b67-46f8-ab18-0e60163380c0",0.0],["fcf0e6a1-899e-4d85-a753-a33efb387423",1.0]]}},{"type":"Feature","geometry":{"type":"LineString","coordinates":[[10.552877,46.080075],[10.552842,46.080155],[10.55277,46.080259],[10.552758,46.080309],[10.552693,46.080377],[10.552604,46.080546],[10.552572,46.080647],[10.552729,46.080807],[10.552815,46.08092],[10.552874,46.081065]]},"properties":{"id":"05528271-8019-41f3-8e12-885720e160b6","cls":"path","osm":["w26172807@4","w511165931@2"],"conn":[["e19ef96d-0a96-4b9e-a674-f36576c8f32e",0.0],["0c1a274f-cd13-4ca4-96cc-4377afacdd92",1.0]]}},{"type":"Feature","geometry":{"type":"LineString","coordinates":[[10.48712,46.103535],[10.487123,46.103561],[10.487117,46.103608],[10.487066,46.103649],[10.487003,46.103776],[10.486954,46.103854],[10.486898,46.103953],[10.486853,46.104097],[10.486839,46.104189],[10.486832,46.104287],[10.486809,46.104377],[10.48681,46.10444],[10.486788,46.10455],[10.486789,46.104577],[10.486781,46.104618],[10.486803,46.104656],[10.48683,46.1047],[10.486857,46.104838],[10.48687,46.104847],[10.486875,46.104888],[10.486824,46.104943],[10.486826,46.105015],[10.486866,46.105069],[10.486866,46.105087],[10.486842,46.105123],[10.486842,46.10515],[10.486818,46.105214],[10.486885,46.105312],[10.486901,46.105411],[10.486915,46.105455],[10.486954,46.105446],[10.486979,46.105428],[10.48707,46.105435],[10.487069,46.105417],[10.487148,46.105443],[10.487227,46.105487],[10.487267,46.105532],[10.487321,46.105621],[10.48731,46.105711],[10.487351,46.105774],[10.487339,46.105837],[10.487355,46.105927],[10.487368,46.105936],[10.487357,46.106026],[10.487385,46.106088],[10.487373,46.106124],[10.487386,46.106133],[10.487428,46.106259],[10.487455,46.106285],[10.48764,46.106418],[10.487887,46.106487],[10.487926,46.106486],[10.488058,46.106592],[10.48814,46.106744],[10.488271,46.106788],[10.488297,46.106805],[10.488339,46.106931],[10.48834,46.106949],[10.488367,46.106985],[10.488382,46.107083],[10.488409,46.107119],[10.488438,46.107227],[10.488417,46.107416],[10.488433,46.107515],[10.488434,46.107551],[10.488396,46.107596],[10.488409,46.107614],[10.488384,46.107641],[10.48836,46.107687],[10.48845,46.107694],[10.488477,46.10773],[10.48844,46.107802],[10.488366,46.107912],[10.48847,46.107937],[10.48847,46.107928],[10.48847,46.107955],[10.488523,46.107999],[10.488577,46.108053],[10.48859,46.10808],[10.48863,46.108115],[10.488593,46.108187],[10.488491,46.108225],[10.488441,46.108306],[10.488468,46.108342],[10.488458,46.10845],[10.48846,46.108522],[10.488422,46.108577],[10.48845,46.108648],[10.488375,46.108739],[10.488362,46.10874],[10.488273,46.108804],[10.488196,46.108832],[10.48817,46.108823],[10.488055,46.108888],[10.487939,46.10888],[10.487848,46.108881],[10.487759,46.108936],[10.487682,46.108946],[10.48758,46.109002],[10.487515,46.108985],[10.487476,46.109003],[10.487463,46.108994],[10.487346,46.108987],[10.487255,46.108934],[10.487216,46.108934],[10.487113,46.108972],[10.487035,46.108964],[10.486894,46.108993],[10.486842,46.108975],[10.486791,46.109012],[10.486752,46.109013],[10.486609,46.108996],[10.486583,46.108988],[10.486403,46.109008],[10.486274,46.109055],[10.486237,46.1091],[10.486173,46.109128],[10.486122,46.109174],[10.48606,46.109256],[10.486035,46.109301],[10.486011,46.109364],[10.485973,46.109401],[10.485935,46.109428],[10.485923,46.109446],[10.485784,46.109574],[10.485772,46.109628],[10.485709,46.109674],[10.485658,46.109702],[10.485608,46.109766],[10.485622,46.10981],[10.485596,46.109829],[10.485598,46.109892],[10.485613,46.109972],[10.485511,46.110019],[10.485486,46.110046],[10.485487,46.1101],[10.485553,46.110126],[10.485566,46.110135],[10.485554,46.110171],[10.485529,46.110199],[10.485503,46.110208],[10.485427,46.110263],[10.485403,46.110335],[10.485404,46.110362],[10.485353,46.110399],[10.485328,46.110426],[10.48533,46.110525],[10.485294,46.110625],[10.485283,46.110679],[10.485245,46.110715],[10.485285,46.110751],[10.485311,46.110768],[10.485312,46.110822],[10.485326,46.110849],[10.4853,46.11085],[10.485327,46.110867],[10.485314,46.110885],[10.485315,46.110912],[10.485342,46.110957],[10.48529,46.110967],[10.48524,46.110994],[10.485241,46.111039],[10.485281,46.111084],[10.48523,46.11112],[10.485192,46.111157],[10.485167,46.111175],[10.485142,46.11123],[10.485129,46.11123],[10.485104,46.111239],[10.48504,46.111285],[10.484989,46.111304],[10.484964,46.111331],[10.484967,46.11143],[10.484928,46.111448],[10.484892,46.11153],[10.484879,46.111548],[10.484893,46.111575],[10.48488,46.111593],[10.48492,46.111638],[10.484857,46.111701],[10.484844,46.111702],[10.48482,46.111774],[10.484835,46.111837],[10.484748,46.111982],[10.484735,46.111982],[10.484684,46.112001],[10.484686,46.112054],[10.484621,46.112073],[10.484597,46.112128],[10.484597,46.112137],[10.484559,46.112155],[10.484522,46.112228],[10.484497,46.112237],[10.484395,46.112319],[10.484382,46.112319],[10.484305,46.112338],[10.484318,46.112338],[10.484306,46.112356],[10.484306,46.112383],[10.484215,46.11242],[10.484073,46.11243],[10.483984,46.112468],[10.483946,46.112495],[10.483792,46.112542],[10.483711,46.112547],[10.483685,46.112575],[10.483647,46.112566],[10.483499,46.112622],[10.483471,46.112688],[10.483413,46.11271],[10.483365,46.112704],[10.483339,46.112695],[10.483261,46.112696],[10.483249,46.112705],[10.483224,46.112741],[10.483159,46.112742],[10.483055,46.112726],[10.482909,46.112747],[10.482802,46.112745],[10.48258,46.112807],[10.482567,46.112798],[10.482486,46.112839],[10.482374,46.112828],[10.482167,46.112848],[10.482076,46.112831],[10.481998,46.112824],[10.481947,46.112824],[10.481894,46.112798],[10.481834,46.112766],[10.481782,46.112749],[10.481755,46.112713],[10.481701,46.112624],[10.48169,46.112581],[10.481672,46.112572],[10.481648,46.112571],[10.481663,46.112605],[10.481629,46.112608],[10.48161,46.112647],[10.481585,46.112662],[10.481509,46.112699],[10.481494,46.112716],[10.481464,46.112744],[10.481465,46.112763],[10.481438,46.112796],[10.481335,46.112843],[10.481236,46.112857],[10.481203,46.112863],[10.481175,46.112874],[10.481133,46.112886],[10.481132,46.112988],[10.48112,46.113015],[10.480952,46.113027],[10.480868,46.113013],[10.480823,46.113019],[10.480688,46.113043],[10.480494,46.113072],[10.48043,46.113073],[10.480377,46.113091],[10.480325,46.113101],[10.480196,46.113102],[10.480094,46.113149],[10.480005,46.113231],[10.47988,46.113275],[10.479717,46.113279],[10.479632,46.113333],[10.479572,46.113369],[10.479446,46.113416],[10.479361,46.113482]]},"properties":{"id":"05fda32c-36d9-41ca-9827-727c5be742ff","cls":"path","osm":["w1125828804@1"],"conn":[["375f3c56-62e3-400c-943f-59c8ec14e1d7",0.0],["4afc2c2b-5b78-4336-8ec0-2d86d8eedb84",1.0]]}},{"type":"Feature","geometry":{"type":"LineString","coordinates":[[10.53059,45.978683],[10.530619,45.978728],[10.530637,45.978798],[10.530637,45.978852],[10.530613,45.97891],[10.530508,45.979049],[10.53046,45.9791],[10.530416,45.979173],[10.530377,45.979268],[10.53034,45.979301],[10.530269,45.979315],[10.529982,45.979237],[10.529671,45.979192]]},"properties":{"id":"06a0c42d-9e90-45e1-a302-e11fcdb7e464","cls":"track","osm":["w513589638@4"],"sr":[["paved",null,null]],"conn":[["34d0e520-a08c-494c-9f91-64ce61e8b4c3",0.0],["098bd936-62bf-4a7b-8877-35a59dbb6fe4",0.337936],["8d1c4e41-b931-4b57-b2cb-d51df81f6f96",1.0]],"access":[{"type":"allowed","when":["motor_vehicle"]}]}},{"type":"Feature","geometry":{"type":"LineString","coordinates":[[10.501736,46.123523],[10.501604,46.123611],[10.501548,46.123698],[10.501352,46.123719],[10.500785,46.123868],[10.500565,46.123865],[10.500511,46.12383],[10.500515,46.123767],[10.500612,46.123725],[10.500621,46.123677],[10.500558,46.123618],[10.500504,46.123465],[10.500406,46.123422],[10.500394,46.123351],[10.500288,46.123247],[10.500281,46.123207],[10.500324,46.123127],[10.500357,46.122993],[10.500409,46.122888],[10.50041,46.122859],[10.500356,46.122738],[10.500363,46.122699],[10.500486,46.122618],[10.500538,46.122584],[10.500738,46.122408],[10.500783,46.122339],[10.500783,46.122316],[10.500692,46.122163],[10.50062,46.122127]]},"properties":{"id":"06f1d0b5-4b58-4b8c-87cf-dfcf526269ff","cls":"track","osm":["w1307747056@2"],"sr":[["unpaved",null,null]],"conn":[["05669e13-5d50-4668-961b-a813c2ee6a84",0.0],["69120ff1-3192-4ad2-a0b1-bde74bb0a8a3",0.798099],["61445503-1f06-43ef-9f84-73739e8d2b57",1.0]]}},{"type":"Feature","geometry":{"type":"LineString","coordinates":[[10.603582,46.106901],[10.603812,46.10704],[10.60389,46.107053],[10.603985,46.106925],[10.604155,46.107023],[10.604303,46.106828],[10.604516,46.106905],[10.604553,46.106718],[10.605407,46.106892],[10.605985,46.107182],[10.606106,46.107056],[10.606394,46.107158],[10.606556,46.106958],[10.607009,46.107054],[10.607334,46.107242],[10.607652,46.107677],[10.608702,46.108196],[10.608908,46.108001],[10.609189,46.108294],[10.609393,46.108025],[10.609886,46.108319],[10.610133,46.108078],[10.610866,46.108035],[10.611087,46.108439],[10.611441,46.108229],[10.611562,46.108401],[10.612081,46.108392],[10.61268,46.10849],[10.612768,46.108593],[10.612962,46.108575],[10.613122,46.108711],[10.613104,46.10886],[10.613195,46.108983]]},"properties":{"id":"07a700dc-0f9b-4e5f-bdd3-431258a137ca","cls":"path","osm":["w376734327@2"],"conn":[["6067b6b9-81ad-4356-b068-c3e4bdc816e8",0.0],["b364c15f-2e5d-476d-8857-71bbcfe38914",1.0]]}},{"type":"Feature","geometry":{"type":"LineString","coordinates":[[10.543557,45.977036],[10.543084,45.977162],[10.542457,45.977334],[10.542408,45.977344],[10.542348,45.977348],[10.542285,45.977346],[10.542233,45.977336],[10.54218,45.97731],[10.542074,45.977229],[10.541999,45.977153],[10.541728,45.976769],[10.541569,45.97668],[10.541292,45.976676],[10.541119,45.976744],[10.540888,45.976828],[10.540482,45.976934],[10.540436,45.976952],[10.540361,45.977013],[10.540346,45.977075],[10.540371,45.97716],[10.540404,45.977181],[10.540434,45.977198],[10.540533,45.977216],[10.541137,45.977233],[10.541435,45.977266],[10.541554,45.977318],[10.5416,45.977389],[10.541574,45.97746],[10.541425,45.977529],[10.540786,45.977535],[10.54045,45.9776],[10.54035,45.977661],[10.54029,45.977746],[10.540318,45.978051],[10.540291,45.978285],[10.540123,45.978648],[10.540088,45.979143]]},"properties":{"id":"08000ad1-2417-4216-a1fd-89fbf36a4cef","cls":"tertiary","osm":["r3253283@23","w303113660@4","w513589640@2","w513589641@2"],"sr":[["paved",null,null]],"conn":[["4196c239-0be9-409d-8dac-4d0bcaf3b5a3",0.0],["b8f26ece-6bef-4a86-a8f0-39b54a3a1e8a",0.056001],["451269c7-33f7-4272-855e-30bb169a85b4",0.366461],["ccddf06f-f3e6-4967-a0c4-13a4bdc1ba86",0.42026],["8f868575-05c7-44ce-9691-6f695580c9c2",0.461573],["c35c2393-d6f9-41e8-be93-d24ac865b53d",1.0]]}},{"type":"Feature","geometry":{"type":"LineString","coordinates":[[10.56087,45.972897],[10.560826,45.972807],[10.560214,45.972975]]},"properties":{"id":"089779d4-3699-42d1-8f6e-db9b3b08ce0f","cls":"service","osm":["w82597109@1"],"conn":[["b769a6ec-dbd7-4257-8b11-0712ba3c19ed",0.0],["3f8a625a-7db1-4bb9-8585-e2a92c2a4b3d",1.0]]}},{"type":"Feature","geometry":{"type":"LineString","coordinates":[[10.541346,45.980771],[10.541434,45.980694]]},"properties":{"id":"08cf2d4c-c860-494d-951b-c6e031250674","cls":"unclassified","osm":["w241102121@1"],"conn":[["9e02ade4-b782-4b57-943b-4be8ae0c6b39",0.0],["5f32658f-3936-4f3a-b3ad-5d706dd6aa63",1.0]]}},{"type":"Feature","geometry":{"type":"LineString","coordinates":[[10.562251,46.084307],[10.56221,46.084289]]},"properties":{"id":"08f08b0b-8974-4b02-8445-c6d7853d23da","cls":"path","osm":["w1211251927@1"],"conn":[["51dcfaa5-3f94-4add-b912-5385e7cd519a",0.0],["6d96979b-2906-477e-ad1b-7398ff497d0d",1.0]]}},{"type":"Feature","geometry":{"type":"LineString","coordinates":[[10.508861,46.046837],[10.508731,46.046807],[10.508502,46.0468],[10.508468,46.046883],[10.508318,46.046821],[10.507916,46.046807],[10.507912,46.046918],[10.507944,46.047106],[10.507788,46.047331],[10.507495,46.04741],[10.507109,46.047308]]},"properties":{"id":"094ab1e9-f74c-4270-b984-6e5536f733f5","cls":"path","osm":["w513060980@1","w63585179@1"],"sr":[["gravel",0.579658,1.0]],"conn":[["ac9f996f-fefb-4f73-9cd5-7eacd5782136",0.0],["9ef68c93-a42a-4b2d-ba49-2847910e31b0",1.0]]}},{"type":"Feature","geometry":{"type":"LineString","coordinates":[[10.536724,46.071337],[10.536609,46.071374],[10.536494,46.071418],[10.536425,46.071422],[10.536289,46.071428],[10.536096,46.071392],[10.536057,46.071377],[10.535922,46.071374],[10.535721,46.071317],[10.535554,46.071308],[10.535467,46.071321]]},"properties":{"id":"09f95146-7196-498e-a365-246382b16e37","cls":"path","osm":["w511165922@1"],"conn":[["a66b353e-fdd3-43db-9d74-c8e190f1509d",0.0],["7a0f7c13-3e01-4dbf-a0cc-d429034397ac",1.0]]}},{"type":"Feature","geometry":{"type":"LineString","coordinates":[[10.47899,46.042962],[10.478912,46.043077],[10.478758,46.043152],[10.478747,46.043256],[10.478777,46.043372],[10.478777,46.043455],[10.478717,46.043484],[10.478661,46.043492],[10.478617,46.043481],[10.478575,46.043492],[10.478515,46.043494],[10.478446,46.043518],[10.478421,46.043548],[10.478421,46.043595],[10.478414,46.043619],[10.478386,46.043642],[10.478352,46.043665]]},"properties":{"id":"0ab50dae-7ccb-469b-ab46-f8bde4596f5c","cls":"path","osm":["w1425311731@1"],"conn":[["5c447063-34fe-4004-b9cf-42baea431cb8",0.0],["16af6ac2-9ae2-4953-a39b-f325052ca54e",0.57344],["5e29dda4-70a4-4ae4-8d3f-958bf49c350c",1.0]]}},{"type":"Feature","geometry":{"type":"LineString","coordinates":[[10.544734,45.976936],[10.544747,45.976777],[10.544608,45.976651],[10.544517,45.976616],[10.54445,45.976629],[10.544419,45.976657],[10.544426,45.976691]]},"properties":{"id":"0add4cb8-2ad7-4cbc-880e-fd453a5c6e22","cls":"residential","osm":["w82198960@3"],"sr":[["dirt",null,null]],"conn":[["fcee2427-fc7f-48d3-ae51-9959646ec2eb",0.0],["502e9346-5e47-4f3b-81d7-0c674ca66fca",1.0]]}},{"type":"Feature","geometry":{"type":"LineString","coordinates":[[10.515037,46.001668],[10.515127,46.001553],[10.515104,46.001404],[10.515286,46.0012],[10.515484,46.000965],[10.515586,46.00071],[10.515484,46.000477],[10.515318,46.000246],[10.515436,45.999964],[10.515685,45.999715],[10.51576,45.999241],[10.515932,45.998768],[10.516398,45.99834],[10.516656,45.997956],[10.517031,45.997505],[10.517498,45.997087],[10.517874,45.996782]]},"properties":{"id":"0bc432fe-893c-49b1-9028-ef4cb856f9d5","cls":"path","osm":["w1317127133@1"],"sr":[["unpaved",null,null]],"conn":[["3c132191-b58f-4469-bbfc-c772b40bf86c",0.0],["1cfb65bb-034d-41cd-b816-7bb28aa343b1",1.0]],"access":[{"type":"denied","when":["bicycle"]}]}},{"type":"Feature","geometry":{"type":"LineString","coordinates":[[10.453284,45.98937],[10.452804,45.9896],[10.452721,45.98968],[10.452622,45.98976]]},"properties":{"id":"0d2dfd8c-e85a-4464-8952-0c21bcab6962","cls":"path","osm":["w297029648@1"],"conn":[["02689639-5204-41b1-b8e5-0fbc048fcf78",0.0],["87f50698-61e9-47a9-adca-d97fc4331dc9",1.0]]}},{"type":"Feature","geometry":{"type":"LineString","coordinates":[[10.510531,46.050525],[10.510593,46.050244],[10.510559,46.050159],[10.510318,46.0499],[10.510186,46.049781],[10.510077,46.049591],[10.510065,46.049391],[10.510073,46.049325],[10.51,46.049297],[10.509529,46.049271],[10.509063,46.049223],[10.508603,46.049171],[10.508396,46.049152]]},"properties":{"id":"0d434f2c-616c-40bc-a336-6f7763832609","cls":"track","osm":["w221064129@5"],"conn":[["e759e714-d9b7-43f2-b143-8c84408397e9",0.0],["7dda5c1d-e66a-4e3c-81a4-71ddb892b47b",1.0]]}},{"type":"Feature","geometry":{"type":"LineString","coordinates":[[10.453222,45.96052],[10.453,45.960512],[10.452877,45.960436],[10.452523,45.960356],[10.452357,45.960143],[10.452217,45.959919],[10.452166,45.959793],[10.45226,45.95969],[10.452226,45.959583]]},"properties":{"id":"0dd69375-ed30-4506-8f7f-1aa10d36877a","cls":"path","osm":["w1327079335@2"],"conn":[["14456586-b758-4f66-83e6-a3e04387ea9f",0.0],["1437bc70-7d16-4a80-b9d7-91313ffcd89e",1.0]]}},{"type":"Feature","geometry":{"type":"LineString","coordinates":[[10.572611,45.96659],[10.572928,45.966797],[10.573014,45.966818],[10.573123,45.966825],[10.573327,45.966784],[10.573572,45.966719],[10.574013,45.966645]]},"properties":{"id":"0ea994a5-a6cc-4e3f-9ee8-d9f0a0add827","cls":"track","osm":["w334845242@1"],"conn":[["20eb620d-4b6e-47c5-af5e-1c52d27448f3",0.0],["472d4e1b-6c46-4e8a-9264-e64ce3c1f5c6",1.0]],"access":[{"type":"allowed","when":["foot"]},{"type":"allowed","when":["motor_vehicle"]},{"type":"allowed","when":null}]}},{"type":"Feature","geometry":{"type":"LineString","coordinates":[[10.628153,45.974624],[10.628225,45.974619],[10.628393,45.974616],[10.628517,45.974552],[10.628588,45.974521],[10.628789,45.974523],[10.628852,45.974624],[10.628923,45.974607],[10.629069,45.97462],[10.629441,45.974786],[10.629957,45.974863],[10.630126,45.974948],[10.630537,45.975003],[10.630868,45.975065],[10.631038,45.975181],[10.631139,45.97533],[10.631233,45.975617],[10.631137,45.975813],[10.631168,45.975904],[10.63143,45.97608],[10.631757,45.976151],[10.631949,45.976145],[10.632415,45.976246],[10.632583,45.976281],[10.632689,45.976447],[10.632748,45.976763],[10.632896,45.976856],[10.633125,45.976897],[10.633234,45.976945],[10.63333,45.977027],[10.633437,45.977071],[10.633565,45.977007],[10.633741,45.976898],[10.633908,45.976774],[10.634298,45.976582],[10.634542,45.976507],[10.634729,45.976523],[10.635001,45.976592],[10.635439,45.976507],[10.635957,45.976461],[10.636425,45.976276],[10.636638,45.976161],[10.636752,45.976047],[10.637071,45.975898],[10.637324,45.975922],[10.637818,45.976099],[10.638461,45.976227],[10.638837,45.976147],[10.638954,45.976056],[10.639084,45.975912],[10.639274,45.97576],[10.639517,45.975624],[10.639946,45.975471],[10.640181,45.97542],[10.64073,45.975474],[10.64093,45.975499],[10.641152,45.975496],[10.641513,45.975417],[10.641947,45.975237],[10.642487,45.975085],[10.642917,45.974913],[10.643078,45.974821],[10.643258,45.974793],[10.64337,45.974822],[10.643499,45.97491],[10.643519,45.974976],[10.643678,45.975332],[10.643904,45.975609],[10.643972,45.975858],[10.644188,45.976185],[10.644147,45.976452],[10.644025,45.976813]]},"properties":{"id":"0f605f91-25f5-4b6c-befe-834e24ec9b8f","cls":"track","name":"Strada forestale Val Del Boin","osm":["w144005276@5"],"conn":[["d086bc81-8729-46b4-94a0-ae1e1c88b4bf",0.0],["1948a000-4cd4-44ef-8351-c758e7308e7c",1.0]],"access":[{"type":"allowed","when":["foot","bicycle"]},{"type":"allowed","when":["motor_vehicle"]},{"type":"allowed","when":["for_forestry"]}]}},{"type":"Feature","geometry":{"type":"LineString","coordinates":[[10.418684,45.966973],[10.419251,45.9668],[10.419535,45.966647],[10.420051,45.966606],[10.420418,45.966397],[10.420592,45.966232],[10.420595,45.966407],[10.42051,45.966547],[10.420868,45.966398],[10.421268,45.966222],[10.421316,45.966091],[10.42123,45.96583],[10.421079,45.965551],[10.421018,45.96532],[10.42124,45.965562],[10.421494,45.965696],[10.421748,45.96592],[10.421879,45.96578],[10.421891,45.965558],[10.421776,45.965376],[10.421928,45.965409],[10.421982,45.965368],[10.421869,45.965098],[10.422087,45.965048],[10.422256,45.96506],[10.42243,45.965105],[10.42253,45.965263],[10.422621,45.96551],[10.422693,45.965469],[10.422746,45.96526],[10.422858,45.965094],[10.422872,45.964914],[10.423016,45.964996],[10.42307,45.965195],[10.423228,45.965003],[10.423286,45.96462],[10.423275,45.964429],[10.423287,45.96432],[10.423292,45.964268],[10.423179,45.964151],[10.423053,45.964096],[10.422958,45.963966],[10.423709,45.964108],[10.423389,45.963857],[10.424012,45.963952],[10.423744,45.963641],[10.424176,45.963743],[10.424017,45.96355],[10.424203,45.963626],[10.424176,45.963496],[10.424471,45.963553],[10.424471,45.963379],[10.424732,45.963334],[10.424721,45.963186],[10.424999,45.963141],[10.424848,45.962748],[10.425326,45.962942],[10.425266,45.962571],[10.425977,45.96252],[10.425803,45.962321],[10.426147,45.96237],[10.426124,45.962259],[10.426298,45.962316],[10.426201,45.962149],[10.42641,45.962184],[10.426623,45.962133],[10.426622,45.96215],[10.426619,45.962279],[10.426874,45.962168],[10.426936,45.962267],[10.427214,45.962021],[10.427465,45.961851],[10.427513,45.962342],[10.427672,45.96214],[10.427695,45.962297],[10.428111,45.961636],[10.428183,45.961796],[10.428477,45.961541],[10.428722,45.961366],[10.42879,45.961167],[10.428953,45.961034],[10.429018,45.960913],[10.428965,45.960806],[10.429289,45.960148],[10.429712,45.959936],[10.429914,45.959728],[10.42998,45.959881],[10.430281,45.959572],[10.430291,45.959715],[10.430556,45.959458],[10.430705,45.959348],[10.430661,45.959581],[10.430732,45.959562],[10.430894,45.959468],[10.431229,45.959056],[10.431335,45.958957],[10.431643,45.958945],[10.431747,45.958989],[10.431872,45.958996],[10.431951,45.958982],[10.432078,45.959018],[10.432191,45.959008],[10.432295,45.958987],[10.432437,45.958977],[10.432917,45.9591],[10.433137,45.959165],[10.433284,45.959147],[10.433392,45.959153],[10.433474,45.959197],[10.433566,45.959326],[10.43368,45.959366],[10.433848,45.959359],[10.434079,45.959385],[10.434186,45.959449],[10.434231,45.959521],[10.434418,45.959636],[10.434537,45.959795],[10.434658,45.959876],[10.434801,45.959879],[10.434969,45.959761],[10.435083,45.959819],[10.435144,45.959877],[10.43531,45.959974],[10.435434,45.959991],[10.435466,45.96007],[10.435677,45.960156],[10.435811,45.960298],[10.435926,45.960365],[10.43598,45.960308],[10.436097,45.96037],[10.436245,45.960357],[10.436348,45.960412],[10.436419,45.960485],[10.43642,45.960595],[10.436449,45.960691],[10.436654,45.960796],[10.436817,45.960815],[10.436943,45.960817],[10.437018,45.960852],[10.4372,45.961093],[10.437285,45.961221],[10.437328,45.961233],[10.437487,45.961168],[10.437577,45.961186],[10.43775,45.961286],[10.437837,45.961316],[10.437986,45.961345],[10.438266,45.961348],[10.438584,45.961383],[10.438672,45.961506],[10.438898,45.961598],[10.438886,45.961705],[10.438925,45.961751],[10.439058,45.961786],[10.439095,45.961851],[10.439248,45.961956],[10.439523,45.962092],[10.439629,45.962067],[10.439759,45.962104],[10.439835,45.962166],[10.440051,45.962107],[10.440144,45.962175],[10.440342,45.962205],[10.440471,45.962212],[10.440592,45.962143],[10.440726,45.962142],[10.440759,45.962193],[10.440852,45.962216],[10.440976,45.962216],[10.4411,45.962256],[10.441185,45.962307],[10.441403,45.962396],[10.441528,45.962421],[10.441607,45.962475],[10.441706,45.96257],[10.441822,45.962603],[10.441928,45.962558],[10.442103,45.962633],[10.442225,45.962658],[10.442329,45.962643],[10.442597,45.962649],[10.44281,45.962683],[10.442974,45.962837],[10.443282,45.962934],[10.443401,45.962905],[10.443531,45.96293],[10.44379,45.962868],[10.443886,45.962915],[10.444055,45.962837],[10.444131,45.962903],[10.444343,45.962868],[10.444475,45.962894],[10.444607,45.962905],[10.444758,45.962901],[10.444868,45.962941],[10.445,45.962881],[10.445265,45.962882],[10.445398,45.96284],[10.445602,45.962933],[10.445872,45.962977],[10.446437,45.962964],[10.446557,45.963011],[10.446915,45.962824],[10.447203,45.962578],[10.447441,45.962491],[10.447588,45.962511],[10.447759,45.962513],[10.447773,45.962445],[10.447731,45.962349],[10.447782,45.962274],[10.447901,45.962268],[10.448051,45.962222],[10.448195,45.962228],[10.448512,45.962398],[10.44883,45.962417],[10.448926,45.962483],[10.449181,45.962505],[10.449243,45.96245],[10.449248,45.962384],[10.44908,45.96227],[10.448965,45.962245],[10.448915,45.962179],[10.448953,45.962104],[10.448893,45.962047],[10.448771,45.961997],[10.448634,45.96198],[10.448557,45.961902],[10.448292,45.961842],[10.448198,45.961783],[10.44825,45.961726],[10.448043,45.96165],[10.448073,45.961588],[10.447787,45.961455],[10.447671,45.961382],[10.447676,45.961327],[10.447778,45.961303],[10.447944,45.961174],[10.448118,45.960817],[10.448204,45.960578],[10.448355,45.960484],[10.448439,45.96029],[10.448647,45.960183],[10.448984,45.960099],[10.449172,45.960132],[10.449314,45.959998],[10.449417,45.959885],[10.449446,45.959636],[10.449332,45.959377],[10.449325,45.959091],[10.448884,45.958612],[10.448497,45.95848]]},"properties":{"id":"106a401a-21fe-40ae-a606-aced8ce0b06c","cls":"path","osm":["w41134617@6","w629041940@2"],"conn":[["eba5ea35-74b2-4813-a892-8205f09f9f2e",0.0],["3e8dea0d-b471-4c88-89a9-d9d7e5eb59c3",0.464175],["1e4251c5-62c5-4af0-bd81-ec3a03e51b80",0.814726],["38f18496-4dbe-491f-9088-ce9c2f742538",1.0]]}},{"type":"Feature","geometry":{"type":"LineString","coordinates":[[10.540801,46.071038],[10.540804,46.071175],[10.54085,46.071409],[10.540809,46.071622]]},"properties":{"id":"10a80273-1483-44f5-98a4-5479f5c09ab3","cls":"path","osm":["w232208779@4"],"sr":[["unpaved",null,null]],"conn":[["8e6edc80-1c24-4775-b01d-5a9d3289569c",0.0],["3ff213b8-21ec-42e2-9737-0e707a48653c",1.0]]}},{"type":"Feature","geometry":{"type":"LineString","coordinates":[[10.631735,45.962726],[10.631555,45.962689],[10.631082,45.962712],[10.630779,45.962824],[10.630797,45.962906],[10.630673,45.963018],[10.630567,45.963083],[10.630524,45.963129],[10.630464,45.963129],[10.630337,45.963273],[10.630255,45.963338],[10.630034,45.963435],[10.629919,45.963492],[10.629864,45.963662],[10.629797,45.963719],[10.629691,45.963788],[10.629588,45.963805],[10.629431,45.963917],[10.629294,45.963974],[10.629197,45.963989],[10.629091,45.964012],[10.628976,45.964035],[10.628934,45.964088],[10.628964,45.964145],[10.628909,45.964206],[10.628903,45.964273],[10.628876,45.964359],[10.628791,45.964414],[10.628643,45.964427],[10.628582,45.964408],[10.628491,45.964488],[10.62844,45.964612],[10.628412,45.964665],[10.628406,45.96476],[10.628312,45.964838],[10.628206,45.964911],[10.628152,45.964981],[10.628203,45.965054],[10.628355,45.965217],[10.62844,45.965353],[10.628431,45.965448],[10.628391,45.965594],[10.628346,45.965741],[10.628243,45.965825],[10.628088,45.965977],[10.627994,45.966063],[10.627855,45.966135],[10.627682,45.966253],[10.627619,45.966329],[10.627509,45.966388],[10.627431,45.966417],[10.627361,45.966405],[10.627176,45.966436],[10.627064,45.966447],[10.626855,45.966523],[10.6267,45.966573],[10.626519,45.96663],[10.626409,45.966672],[10.626291,45.966687],[10.626173,45.966676],[10.626137,45.966659],[10.62607,45.966659],[10.625982,45.966638],[10.625873,45.966622],[10.625761,45.966634],[10.625697,45.96664],[10.625646,45.966668],[10.625567,45.966676],[10.6255,45.966699],[10.625467,45.966737],[10.6254,45.966718],[10.625276,45.96674],[10.6251,45.966763],[10.624849,45.966763],[10.624743,45.966767],[10.624585,45.966733],[10.624488,45.966714],[10.624373,45.966798],[10.624279,45.96698],[10.624104,45.967137],[10.623891,45.967295],[10.623716,45.967418],[10.623597,45.967506],[10.623519,45.967561],[10.623382,45.967607],[10.623285,45.967649],[10.623098,45.967679],[10.622928,45.967719],[10.622807,45.967685],[10.622643,45.967666],[10.622601,45.967668],[10.622607,45.96771],[10.622822,45.967761],[10.622991,45.967801],[10.623076,45.967843],[10.623091,45.967887],[10.623013,45.967908],[10.622916,45.967921],[10.622779,45.967951],[10.62267,45.96797],[10.622564,45.968039],[10.622597,45.968106],[10.622479,45.968302],[10.622349,45.968473],[10.622213,45.968576],[10.622116,45.968696],[10.621961,45.968865],[10.621858,45.968997],[10.621776,45.969111],[10.621731,45.969183],[10.621661,45.969242],[10.621522,45.969338],[10.621364,45.969496],[10.621213,45.969671],[10.620922,45.969926],[10.62074,45.970073],[10.620661,45.970116],[10.620525,45.970257],[10.62041,45.970335],[10.620331,45.970371],[10.620279,45.970356],[10.620167,45.970391],[10.620122,45.97044],[10.619925,45.970463],[10.619664,45.970503],[10.619579,45.970503],[10.619452,45.970566],[10.619295,45.970594],[10.619213,45.970705],[10.61911,45.970754],[10.619043,45.970768],[10.618919,45.970726],[10.618737,45.970663],[10.618661,45.970669],[10.618482,45.970669],[10.618337,45.970678],[10.618113,45.970724],[10.617913,45.970768],[10.617743,45.970783],[10.617489,45.97083],[10.617301,45.970916],[10.617131,45.970983],[10.617004,45.971093],[10.61687,45.97112],[10.616767,45.971175],[10.616752,45.971228],[10.616676,45.971299],[10.616504,45.97135],[10.61637,45.971316],[10.616164,45.97136],[10.615973,45.971403],[10.615882,45.97148],[10.615889,45.971552],[10.615979,45.971632],[10.616028,45.971691],[10.616058,45.971813],[10.615989,45.971939],[10.615798,45.971923],[10.615934,45.972175],[10.616001,45.972403],[10.616079,45.97255],[10.616152,45.972719],[10.616155,45.972944],[10.616052,45.973233],[10.616185,45.973559]]},"properties":{"id":"1190a7ce-d19a-42a6-9e30-b17d654fb78c","cls":"path","osm":["w1250900515@1"],"conn":[["870258dd-13d6-4d67-a0b8-fa8db42daf7c",0.0],["de920d29-0e70-4195-a2d4-5437a098c2dd",1.0]]}},{"type":"Feature","geometry":{"type":"LineString","coordinates":[[10.497793,46.080047],[10.497755,46.080365],[10.497787,46.080492]]},"properties":{"id":"11a556ff-504c-4347-b4bb-dc69abcaefb0","cls":"path","osm":["w1549584169@1"],"conn":[["762f3e87-cb02-4862-b9f9-56ec8659bc1e",0.0],["1b16175a-4c3a-46f3-a1b8-59ffdf87c980",1.0]]}},{"type":"Feature","geometry":{"type":"LineString","coordinates":[[10.452933,45.987682],[10.452987,45.987798],[10.453027,45.987893],[10.453058,45.987991],[10.453061,45.98812],[10.453052,45.988217],[10.452928,45.988599],[10.452868,45.988672],[10.452829,45.988707]]},"properties":{"id":"120981ec-b399-477d-b8d8-3fea3c663d90","cls":"path","osm":["w1124673811@1"],"conn":[["db4ea9c1-db04-4232-a433-5830ede99da8",0.0],["8eebb098-180a-476d-8137-4a49e04292c1",0.301002],["33e80476-7ecd-4006-8fb2-d58eb889395f",0.512699],["adfadedf-bf75-45d5-8bbc-da89a7963d12",1.0]]}},{"type":"Feature","geometry":{"type":"LineString","coordinates":[[10.626066,46.107254],[10.626,46.107348],[10.626041,46.107413],[10.626078,46.107469],[10.626055,46.107492],[10.626008,46.107504],[10.625932,46.107501]]},"properties":{"id":"12c1714f-759e-454b-995c-853721a8da58","cls":"path","osm":["w371752296@3"],"conn":[["e9e88a20-9f84-4023-9fd2-70fe1f1d5ee7",0.0],["be118b8d-d1d6-4a09-b9c1-2fc142a203fa",1.0]]}},{"type":"Feature","geometry":{"type":"LineString","coordinates":[[10.620927,46.077128],[10.62093,46.077139],[10.620906,46.077139],[10.620892,46.077137],[10.620879,46.077112],[10.620877,46.077084],[10.620869,46.077067],[10.620841,46.07705],[10.62081,46.077035]]},"properties":{"id":"13c93eca-ed6a-40bd-86f0-77bcc84b1041","cls":"path","osm":["w1312189671@1"],"conn":[["b3e3616c-2852-44a5-adeb-aab8c67ac465",0.0],["897b575b-572f-496e-a5e4-2548f71834cd",1.0]]}},{"type":"Feature","geometry":{"type":"LineString","coordinates":[[10.475497,45.960642],[10.47535,45.960492],[10.474977,45.960395],[10.474482,45.960322],[10.474123,45.960265],[10.473714,45.960327],[10.473323,45.960338],[10.473176,45.960409],[10.473001,45.960414],[10.472882,45.960346],[10.472812,45.960239],[10.472637,45.960061],[10.472607,45.960048],[10.472583,45.960068],[10.472567,45.960381]]},"properties":{"id":"141dc829-722a-49de-b31b-385ef1b5fb88","cls":"path","osm":["w40970132@9"],"conn":[["a767ff84-8502-4a02-bdab-24b84bde3377",0.0],["fd90cfb6-6b42-4cef-8f8b-6bae4132feaf",1.0]]}},{"type":"Feature","geometry":{"type":"LineString","coordinates":[[10.549416,45.976378],[10.549413,45.976425],[10.549406,45.976447],[10.549241,45.976633]]},"properties":{"id":"149b55bb-1ee5-4458-907f-092d8b915f7b","cls":"track","osm":["w82407858@2"],"conn":[["af861cc7-2010-420b-b6a7-de65b9955e37",0.0],["8c9bfdfd-abd3-4ebb-88ac-7b5a2f175a88",1.0]]}},{"type":"Feature","geometry":{"type":"LineString","coordinates":[[10.625882,46.107474],[10.625844,46.107438],[10.62579,46.107382],[10.625759,46.107331],[10.625742,46.107296],[10.625716,46.107244],[10.625704,46.107203],[10.625686,46.107154],[10.625654,46.107113],[10.625586,46.107073],[10.625552,46.107019],[10.625524,46.106964],[10.625474,46.106921],[10.625414,46.106871],[10.625356,46.106836],[10.625309,46.106793],[10.625248,46.106772],[10.625175,46.106756],[10.625164,46.106773],[10.625196,46.106812],[10.625213,46.106903],[10.625199,46.106926],[10.625159,46.106913]]},"properties":{"id":"150a7593-63ff-4f1c-a78d-3d8b0db4ce7b","cls":"path","osm":["w78271404@6"],"conn":[["99a012a4-45fb-4622-9a56-7263e7f6b4db",0.0],["dc8c6bc1-11e6-4e76-b604-b27208f32370",0.183243],["b96a8935-43c5-4e69-abbc-9e70ea67eaa0",1.0]]}},{"type":"Feature","geometry":{"type":"LineString","coordinates":[[10.452829,45.988707],[10.452715,45.988841],[10.452557,45.988953],[10.452445,45.98905],[10.452412,45.989117],[10.452413,45.989198],[10.452439,45.98924],[10.452495,45.989268],[10.452527,45.989305],[10.452523,45.989369],[10.452509,45.989461],[10.452521,45.98954],[10.452595,45.989653],[10.452622,45.98976],[10.452636,45.989824],[10.452694,45.989915],[10.452741,45.990016],[10.452768,45.990156],[10.452795,45.990282],[10.452791,45.990367],[10.452768,45.99047],[10.452664,45.990589],[10.452576,45.990689],[10.452457,45.990775],[10.452355,45.99085],[10.452038,45.991015],[10.451722,45.991082],[10.45163,45.991153],[10.451581,45.991187],[10.451427,45.991204],[10.451317,45.991232],[10.451187,45.991261],[10.450978,45.991278],[10.450914,45.991275],[10.450857,45.991236],[10.450804,45.991198],[10.45073,45.991182],[10.450645,45.991167],[10.450486,45.991199],[10.450415,45.991276],[10.450195,45.991399],[10.450098,45.991424],[10.449913,45.991445],[10.449813,45.991489],[10.449765,45.991543],[10.449681,45.991572],[10.449374,45.991611],[10.44926,45.991646],[10.449087,45.991721]]},"properties":{"id":"1681eca6-847f-4990-8fce-b716d6465eec","cls":"path","osm":["w297029657@4"],"conn":[["adfadedf-bf75-45d5-8bbc-da89a7963d12",0.0],["87f50698-61e9-47a9-adca-d97fc4331dc9",0.238173],["8724ebdd-cb26-4dec-8e18-c685a875af39",1.0]]}},{"type":"Feature","geometry":{"type":"LineString","coordinates":[[10.554518,45.974256],[10.554448,45.974151],[10.554368,45.974018],[10.554297,45.973945],[10.554183,45.973929],[10.554073,45.973935],[10.553986,45.973935],[10.553913,45.973872],[10.553803,45.973743],[10.553709,45.973628],[10.553645,45.973583],[10.553512,45.973582],[10.553315,45.973656],[10.553114,45.973714],[10.552931,45.973783],[10.552819,45.97385],[10.55258,45.974006],[10.552421,45.97408],[10.552238,45.974127],[10.551908,45.974214],[10.551549,45.974339],[10.551292,45.974443],[10.55108,45.974461],[10.550792,45.974457],[10.550576,45.974429],[10.55029,45.974306],[10.549937,45.974175],[10.549808,45.974136],[10.549577,45.974062]]},"properties":{"id":"19f49565-5639-46e6-a658-1ed5504294b0","cls":"track","osm":["w367843684@1","w367843685@1","w367843686@1","w367843687@1","w367843689@1"],"fr":[["is_bridge",0.155569,0.191576],["is_bridge",0.933824,0.957404]],"conn":[["9f004b31-f133-4590-865c-8851141e01e1",0.0],["c983bbd5-9561-41cc-bc73-50d73254f057",1.0]]}},{"type":"Feature","geometry":{"type":"LineString","coordinates":[[10.588088,46.048625],[10.588036,46.048663],[10.588047,46.04872],[10.588088,46.048735],[10.588089,46.048825],[10.588123,46.048874],[10.588197,46.048918],[10.588233,46.048971],[10.588291,46.049067],[10.588266,46.049201],[10.588271,46.049229],[10.5883,46.0493],[10.588413,46.049354],[10.588511,46.049385],[10.588685,46.049438],[10.588806,46.049441],[10.588882,46.049475],[10.58895,46.049535],[10.588982,46.049611],[10.589051,46.049724],[10.589227,46.04986],[10.58935,46.049916],[10.589451,46.049927],[10.589514,46.049913],[10.589545,46.049909],[10.589586,46.049935],[10.589647,46.050075],[10.589703,46.05017],[10.589751,46.050229],[10.589909,46.05052],[10.590012,46.050631],[10.590105,46.050749],[10.59024,46.050946],[10.590372,46.050951],[10.590433,46.051009],[10.590521,46.051099],[10.590567,46.051112],[10.590601,46.051133],[10.590638,46.05117],[10.590671,46.051209],[10.59086,46.051318],[10.591202,46.051492],[10.591312,46.051482],[10.591508,46.051573],[10.591664,46.051635],[10.59164,46.051676],[10.591696,46.051726],[10.591667,46.051776],[10.591648,46.051822],[10.591652,46.051851],[10.591668,46.051874],[10.591697,46.051888],[10.591717,46.051899],[10.591724,46.05192],[10.591743,46.051952],[10.591786,46.051978],[10.591842,46.052025],[10.591918,46.052162],[10.592089,46.052225],[10.592272,46.052295],[10.592308,46.052295],[10.592358,46.052327],[10.592405,46.052349],[10.592429,46.05237],[10.592528,46.05243],[10.59272,46.052547],[10.59284,46.052584],[10.592986,46.052619],[10.592986,46.052673],[10.593012,46.052718],[10.593064,46.052749],[10.593124,46.052769],[10.593304,46.052808],[10.593382,46.052858],[10.593513,46.052875],[10.593558,46.052973],[10.593729,46.053038],[10.593882,46.053033],[10.593913,46.053124],[10.593987,46.053157],[10.594063,46.053315],[10.594162,46.053316],[10.594268,46.053559],[10.59424,46.053642],[10.594228,46.053711],[10.594274,46.053767],[10.594288,46.053799],[10.594309,46.053797],[10.594328,46.053769],[10.594373,46.053626],[10.594383,46.053582],[10.594404,46.053576],[10.594491,46.053815],[10.594617,46.05394],[10.594686,46.054007],[10.594828,46.054092],[10.594895,46.054114],[10.594997,46.054144],[10.595139,46.054131],[10.595237,46.054099],[10.595541,46.05417],[10.59569,46.054215],[10.595804,46.054265],[10.595875,46.054263],[10.595952,46.054231],[10.595997,46.054196],[10.596049,46.054247],[10.596125,46.054111],[10.596337,46.054132],[10.596646,46.054085],[10.596831,46.05408],[10.596984,46.054075],[10.597109,46.054051],[10.597222,46.054042],[10.597329,46.054015],[10.597436,46.053882],[10.597602,46.05375],[10.597696,46.053697],[10.597935,46.053613],[10.597961,46.053515],[10.598039,46.053468],[10.598248,46.053425],[10.598293,46.053375],[10.598419,46.053341],[10.598575,46.053332],[10.59873,46.053374],[10.598819,46.05336],[10.598931,46.05336],[10.599123,46.053304],[10.599428,46.053252]]},"properties":{"id":"1a1220f3-0e55-42fa-8314-944dfd6bfa0c","cls":"path","osm":["w38548847@5"],"conn":[["f45e61e3-5c5c-4687-8500-1d684c053806",0.0],["85196573-e466-4567-a149-80f9c6ac1aa8",1.0]]}},{"type":"Feature","geometry":{"type":"LineString","coordinates":[[10.449185,46.014342],[10.449284,46.014404],[10.449327,46.014442],[10.449348,46.014472],[10.449353,46.014569],[10.449394,46.014654],[10.449431,46.014691],[10.449508,46.014721],[10.449784,46.014805],[10.45016,46.014869],[10.450454,46.014823],[10.450534,46.014847],[10.450686,46.014929],[10.450845,46.014971],[10.450968,46.015079],[10.451078,46.015115]]},"properties":{"id":"1b1c327a-04bc-444a-966c-1a1de8b184c3","cls":"path","osm":["w1125199178@1"],"conn":[["5c8898fa-9ee5-413b-a175-60276aabaf79",0.0],["d11a86b5-c8de-44bd-b894-f5cec4fe6f70",1.0]]}},{"type":"Feature","geometry":{"type":"LineString","coordinates":[[10.644118,46.108746],[10.644102,46.108778],[10.644007,46.108787],[10.643942,46.108819],[10.643901,46.108858],[10.643789,46.108905],[10.643738,46.109006],[10.643625,46.109091],[10.643512,46.109144],[10.643353,46.109163],[10.643231,46.109201],[10.643188,46.109232],[10.64306,46.109272],[10.642968,46.109334],[10.642879,46.109426],[10.642793,46.10952],[10.64259,46.109602],[10.642485,46.109634],[10.642378,46.109646],[10.642274,46.109687],[10.642187,46.10978],[10.642166,46.109844],[10.642112,46.109916],[10.642008,46.109987],[10.641951,46.110041],[10.641918,46.110112],[10.641817,46.110124],[10.641719,46.110175],[10.641493,46.110244],[10.641384,46.110302],[10.641346,46.110361],[10.641278,46.110407],[10.641097,46.11047],[10.640972,46.110491],[10.640886,46.110538],[10.640713,46.110569],[10.640642,46.110628],[10.640601,46.110695],[10.640547,46.110739],[10.640476,46.110771],[10.640382,46.110851],[10.640292,46.110888],[10.640228,46.110929],[10.640133,46.110946],[10.640046,46.110971],[10.639807,46.111021],[10.639784,46.111066],[10.639788,46.111126],[10.639704,46.111142],[10.63959,46.111193],[10.639541,46.111235],[10.639541,46.111287],[10.639677,46.11134],[10.639788,46.111438],[10.639744,46.111476],[10.639759,46.111541],[10.639802,46.111576],[10.63984,46.111638],[10.639911,46.111688],[10.639945,46.111739],[10.639958,46.111859],[10.639946,46.111968],[10.640012,46.112009],[10.640114,46.112056],[10.640145,46.112118],[10.640157,46.112206],[10.640078,46.11225],[10.639922,46.112308],[10.639761,46.11241],[10.639763,46.11251],[10.639701,46.11255],[10.6397,46.112595],[10.639765,46.112617],[10.639771,46.112656],[10.63981,46.112723],[10.639788,46.112778],[10.639764,46.112806],[10.639657,46.112863],[10.639497,46.112959],[10.639429,46.113072],[10.639398,46.113107],[10.639452,46.113139],[10.639522,46.11316],[10.639548,46.113218],[10.639749,46.113267],[10.639871,46.11326],[10.639922,46.11327],[10.640035,46.113267],[10.640161,46.113312],[10.640263,46.113379],[10.640259,46.113508],[10.6402,46.113511],[10.6402,46.113595],[10.64018,46.113731],[10.640181,46.113782],[10.640125,46.113904],[10.640102,46.114],[10.64016,46.114076],[10.640131,46.114203],[10.640213,46.114433],[10.640181,46.114511],[10.640173,46.114564],[10.64005,46.114665],[10.640056,46.114702],[10.64005,46.114742],[10.640032,46.114788],[10.640058,46.114879],[10.640047,46.11502],[10.640106,46.115098],[10.640208,46.115143],[10.640381,46.115177],[10.640562,46.115251],[10.640637,46.115318],[10.640645,46.115373],[10.640766,46.115384],[10.640806,46.115551],[10.640939,46.115661],[10.64103,46.115804],[10.641117,46.115847],[10.641187,46.115904],[10.641262,46.115985],[10.641298,46.115999],[10.641391,46.115995],[10.641439,46.115989],[10.641486,46.115997],[10.641596,46.115959],[10.641735,46.11596],[10.641735,46.115983],[10.64181,46.116018],[10.641883,46.116054],[10.641949,46.1161],[10.642002,46.116245],[10.642167,46.116391],[10.642303,46.116504],[10.64235,46.11652],[10.642394,46.116524],[10.642537,46.116512],[10.64261,46.116537],[10.642623,46.11657],[10.64262,46.116597],[10.642626,46.116647],[10.642651,46.116662],[10.642784,46.116686],[10.642831,46.11671],[10.642857,46.116748],[10.642823,46.11681],[10.642913,46.116857],[10.642952,46.116938],[10.642832,46.117029],[10.642831,46.117086],[10.642726,46.117131],[10.642692,46.117161],[10.64267,46.117247],[10.642667,46.117278],[10.642673,46.11732],[10.642712,46.117365],[10.642749,46.117388],[10.642796,46.117437],[10.642812,46.117524],[10.642798,46.117595],[10.642748,46.117649],[10.6428,46.117753],[10.642768,46.1178],[10.642826,46.117846],[10.642818,46.117878],[10.642776,46.117898],[10.642737,46.117903],[10.642705,46.117943],[10.642724,46.118011],[10.642714,46.118057],[10.642756,46.118233],[10.642653,46.118373],[10.642649,46.118443],[10.642775,46.118596],[10.642973,46.118624],[10.643066,46.118663],[10.643123,46.118677],[10.643196,46.118716],[10.643223,46.118743],[10.6433,46.118759],[10.64335,46.118781],[10.643512,46.118829],[10.643534,46.118863],[10.643503,46.118907],[10.643469,46.118926],[10.643449,46.118971],[10.643467,46.119058],[10.64351,46.119101],[10.643566,46.119123],[10.643668,46.119124],[10.643712,46.119148],[10.643785,46.119276],[10.643798,46.11931],[10.643837,46.119347],[10.643908,46.119402],[10.644041,46.119467],[10.64416,46.11952],[10.644279,46.119542],[10.644368,46.119581],[10.644518,46.119659],[10.64484,46.119748],[10.645041,46.119758],[10.645167,46.119763],[10.645224,46.119791],[10.64528,46.119871],[10.645359,46.1199],[10.645371,46.120035],[10.64533,46.120125],[10.645363,46.120217],[10.645419,46.120274],[10.645414,46.120368],[10.645374,46.120341],[10.645329,46.120396]]},"properties":{"id":"1b69248f-454b-4a58-9fd6-914d7e712aa8","cls":"path","osm":["w376727855@9"],"conn":[["4b4312c3-9ee1-432f-b95b-e16dc18b3a73",0.0],["b384e939-eaee-4ab2-8c6a-f851404e6c32",0.38813],["4338292d-7d16-4b00-b479-b834043cee89",1.0]]}},{"type":"Feature","geometry":{"type":"LineString","coordinates":[[10.616141,45.973817],[10.616167,45.973751],[10.616166,45.973651],[10.616185,45.973559]]},"properties":{"id":"1bec1d0d-e08d-4b25-bd78-47f290fcdc5f","cls":"path","osm":["w197810609@1"],"conn":[["2201d40e-4ed9-43cf-b417-d319bcd4af77",0.0],["de920d29-0e70-4195-a2d4-5437a098c2dd",1.0]]}},{"type":"Feature","geometry":{"type":"LineString","coordinates":[[10.624922,46.070826],[10.624906,46.070869],[10.624889,46.070885],[10.624867,46.070898],[10.624815,46.070908],[10.624747,46.070933],[10.624565,46.070987],[10.624527,46.071042],[10.624435,46.071087],[10.624228,46.071185],[10.624116,46.071231],[10.624033,46.071306],[10.623889,46.071371],[10.623719,46.07144],[10.623575,46.071527],[10.623478,46.071662],[10.623366,46.071775],[10.62324,46.071851],[10.623146,46.071869],[10.623044,46.071874],[10.622945,46.071883],[10.622824,46.071892],[10.622745,46.071956],[10.622579,46.072029],[10.622484,46.072113],[10.622406,46.072116],[10.622371,46.072161],[10.622317,46.072262],[10.622182,46.072339],[10.621859,46.072488],[10.621775,46.072587],[10.62175,46.072647],[10.621827,46.072809],[10.621809,46.072864],[10.621758,46.072933],[10.621753,46.072989],[10.621844,46.073078],[10.621907,46.073191],[10.621951,46.07331],[10.622016,46.073379],[10.622174,46.073481],[10.622168,46.073537],[10.622102,46.0736],[10.622064,46.073645],[10.621985,46.073729],[10.621974,46.073816],[10.621969,46.07408],[10.621994,46.074112],[10.622121,46.074187],[10.622151,46.074236],[10.622142,46.074297],[10.622166,46.074343],[10.622158,46.074387],[10.622051,46.07446],[10.622029,46.074519],[10.621995,46.074534],[10.621968,46.074559],[10.621965,46.074604],[10.621937,46.074677],[10.62187,46.074755],[10.621849,46.074793],[10.621802,46.074902],[10.621797,46.074925],[10.621789,46.075035],[10.621754,46.075104],[10.621782,46.075191],[10.621817,46.075412],[10.621888,46.075511],[10.621948,46.075583],[10.622054,46.075679],[10.622079,46.075704],[10.622082,46.075728],[10.622078,46.075743],[10.622058,46.075786],[10.622015,46.075816],[10.621969,46.075818],[10.621892,46.075805],[10.621854,46.075785],[10.621828,46.075784],[10.621787,46.075737],[10.621775,46.075739],[10.621741,46.075767],[10.621735,46.075764],[10.621723,46.075733],[10.621715,46.075734],[10.621682,46.075756],[10.621673,46.075756],[10.621647,46.075729],[10.621625,46.075755],[10.621602,46.075736],[10.621585,46.075754],[10.621576,46.075738],[10.621558,46.075741],[10.62156,46.075758],[10.621565,46.075777],[10.621547,46.075786],[10.621516,46.075779]]},"properties":{"id":"1c3f0ec2-a54a-4a9d-ab5d-26256dc57a53","cls":"path","osm":["w476419457@15","w972949042@4"],"conn":[["f3612a53-0761-4922-a64c-a074ea4e465f",0.0],["59ac3cf2-20a1-4a12-9b70-d9c6c18167b5",1.0]]}},{"type":"Feature","geometry":{"type":"LineString","coordinates":[[10.49267,46.117354],[10.492418,46.117352],[10.490612,46.117089],[10.488523,46.117344],[10.486792,46.117221],[10.48528,46.117184],[10.484162,46.117101],[10.483944,46.117053],[10.483863,46.117038],[10.483799,46.117005],[10.48373,46.116946],[10.483663,46.116908],[10.483541,46.116884],[10.483411,46.116816],[10.483284,46.116755],[10.483132,46.116723],[10.48221,46.116613],[10.482,46.116585],[10.481862,46.116579],[10.481814,46.116574],[10.481746,46.11655],[10.48128,46.116512],[10.480864,46.116333],[10.479587,46.11596],[10.479484,46.115923],[10.479417,46.115881],[10.47938,46.115831],[10.479329,46.1158],[10.477725,46.115595],[10.476411,46.114697],[10.474791,46.113934]]},"properties":{"id":"1e1613e4-2b3c-42c9-8b05-94725589102a","cls":"path","osm":["w38533062@3"],"conn":[["6ba24433-a870-43bc-b266-27f19f431d0e",0.0],["345d9400-1339-4689-803b-b8700dd568ff",1.0]]}},{"type":"Feature","geometry":{"type":"LineString","coordinates":[[10.626066,46.107254],[10.625992,46.107201],[10.625918,46.107133],[10.625879,46.107084],[10.625864,46.107059],[10.625815,46.107064],[10.625794,46.107102],[10.62582,46.107151],[10.625833,46.107216],[10.625801,46.107266],[10.625742,46.107296]]},"properties":{"id":"1e22a308-0d8d-4493-b32d-713e883be6f5","cls":"path","osm":["w78271401@1"],"conn":[["e9e88a20-9f84-4023-9fd2-70fe1f1d5ee7",0.0],["dc8c6bc1-11e6-4e76-b604-b27208f32370",1.0]]}},{"type":"Feature","geometry":{"type":"LineString","coordinates":[[10.588088,46.048625],[10.588031,46.048611],[10.587862,46.048616],[10.587763,46.048576],[10.587471,46.048557],[10.587434,46.048533],[10.587006,46.048553],[10.586743,46.048407],[10.586625,46.048288],[10.586467,46.048188],[10.586243,46.048097],[10.586059,46.048014],[10.585835,46.047923],[10.585532,46.047768],[10.585361,46.047722],[10.585243,46.047708],[10.585241,46.047675],[10.585087,46.047657],[10.585083,46.047696],[10.584976,46.047688],[10.584927,46.047661],[10.584838,46.047643],[10.58482,46.047587],[10.584713,46.047559],[10.584699,46.047504],[10.58457,46.047503],[10.584557,46.047528],[10.584384,46.047446],[10.584035,46.047414],[10.583784,46.047393],[10.583586,46.047391],[10.583558,46.047338],[10.583412,46.047318],[10.583372,46.047328],[10.583286,46.047309],[10.583209,46.047272],[10.58313,46.047265],[10.583079,46.047221],[10.582949,46.047209],[10.582781,46.047171],[10.582672,46.047301],[10.582583,46.04731],[10.582553,46.047333],[10.582523,46.047399],[10.582469,46.047415],[10.582448,46.047465],[10.58232,46.047536],[10.582283,46.047515],[10.582248,46.047533],[10.58219,46.04753],[10.582118,46.047473],[10.582001,46.047435],[10.581934,46.047491],[10.58178,46.047443],[10.581717,46.047406],[10.581717,46.04746],[10.58162,46.047435],[10.581627,46.04746],[10.581603,46.047484],[10.581503,46.047447],[10.581394,46.047414],[10.581367,46.047446],[10.58138,46.047483],[10.581349,46.047496],[10.581257,46.047459],[10.581206,46.047467],[10.581207,46.047516],[10.581183,46.047514],[10.581181,46.047536],[10.581143,46.04753],[10.581081,46.0475],[10.581046,46.047447],[10.581067,46.047433],[10.581044,46.047328],[10.58101,46.047272],[10.580985,46.047277],[10.580942,46.047233],[10.580875,46.047247],[10.58078,46.047175],[10.580766,46.047128],[10.580743,46.047118],[10.580707,46.04713],[10.580669,46.047117],[10.580661,46.047093],[10.580506,46.047013],[10.580516,46.046978],[10.580505,46.046957],[10.580371,46.046912],[10.58019,46.046788],[10.580105,46.046752],[10.580055,46.046773],[10.579973,46.046704],[10.579864,46.046672],[10.579843,46.046594],[10.579726,46.046492],[10.579677,46.046456],[10.579623,46.046436],[10.579553,46.046448],[10.579494,46.046436],[10.579425,46.046403],[10.579379,46.046421],[10.57927,46.046388],[10.579241,46.046394],[10.57919,46.046394],[10.579085,46.046355],[10.57901,46.046341],[10.578917,46.046299],[10.578841,46.046275],[10.57878,46.046282],[10.57875,46.046263],[10.578686,46.046259],[10.578693,46.046284],[10.578642,46.046287],[10.578614,46.046266],[10.578561,46.046258],[10.578525,46.046241],[10.578494,46.046172],[10.578436,46.046179],[10.578426,46.046163],[10.578369,46.046189],[10.578326,46.046153],[10.578285,46.04617],[10.578303,46.046212],[10.578285,46.046244],[10.578211,46.04625],[10.577906,46.046131],[10.57787,46.046093],[10.577829,46.04605],[10.577786,46.046034],[10.577735,46.046042],[10.577715,46.046065],[10.577656,46.046048],[10.577669,46.04607],[10.57761,46.046073],[10.577617,46.046056],[10.577544,46.046034],[10.577409,46.046017],[10.57732,46.045987],[10.577264,46.045935],[10.577192,46.045937],[10.577128,46.04592],[10.577051,46.045881],[10.576985,46.045842],[10.576892,46.045836],[10.576802,46.045785],[10.576744,46.045792],[10.576697,46.045777],[10.576654,46.045783],[10.576641,46.045751],[10.576629,46.045791],[10.57659,46.045789],[10.576557,46.045767],[10.576555,46.045727],[10.576479,46.045697],[10.576409,46.04567],[10.576343,46.04566],[10.576354,46.045674],[10.576326,46.045699],[10.57627,46.045666],[10.57618,46.045576],[10.576103,46.045502],[10.575979,46.045404],[10.575905,46.045345],[10.575824,46.045298],[10.575808,46.045306],[10.575749,46.045283],[10.575683,46.045127],[10.575642,46.045166],[10.575589,46.045141],[10.575543,46.045081],[10.575435,46.045054],[10.575388,46.045104],[10.575392,46.045136],[10.575336,46.045113],[10.575415,46.04528],[10.575398,46.045451],[10.575428,46.045511],[10.575441,46.045659],[10.575421,46.04576],[10.575467,46.045833],[10.575537,46.046013],[10.575527,46.046052],[10.575527,46.046105],[10.575596,46.04618],[10.575537,46.046212],[10.575612,46.046265],[10.575579,46.04629],[10.575606,46.046317],[10.575589,46.046351],[10.575629,46.046372],[10.575543,46.046383],[10.575639,46.046436],[10.575602,46.046477],[10.575622,46.04653],[10.575639,46.046605],[10.575691,46.046644],[10.575639,46.046685],[10.575655,46.046724],[10.575695,46.046785],[10.575711,46.046836],[10.57575,46.046865],[10.575783,46.046893],[10.575793,46.046943],[10.575813,46.046982],[10.575767,46.047005],[10.575727,46.047],[10.575718,46.047032],[10.575665,46.047025],[10.575642,46.047075],[10.575543,46.047082],[10.575454,46.047055],[10.575365,46.04705],[10.575115,46.04692],[10.575056,46.046964],[10.574905,46.046927],[10.574793,46.0469],[10.574681,46.046911],[10.574595,46.046875],[10.574546,46.04682],[10.57447,46.046808],[10.574398,46.04681],[10.574368,46.046781],[10.574289,46.046797],[10.574171,46.046769],[10.573812,46.046566],[10.573539,46.04636],[10.573371,46.046333],[10.573328,46.046313],[10.573295,46.046322],[10.573259,46.046297],[10.573196,46.046335],[10.573002,46.046255],[10.572877,46.046173],[10.572779,46.046059],[10.572818,46.046043],[10.572653,46.045968],[10.572588,46.045828],[10.57242,46.045666],[10.572331,46.045691],[10.572239,46.045673],[10.572153,46.04562],[10.572114,46.045627],[10.572061,46.045568],[10.571709,46.045522],[10.571366,46.045353],[10.57109,46.045065],[10.571011,46.045058],[10.570833,46.044841],[10.570698,46.044839],[10.570629,46.0448],[10.570675,46.044755],[10.570623,46.04459],[10.57056,46.044567],[10.570356,46.044371],[10.570317,46.044238],[10.570201,46.044168],[10.570211,46.044142],[10.57008,46.044072],[10.569912,46.043861],[10.569754,46.043761],[10.569685,46.04374],[10.569523,46.043658],[10.569491,46.04359],[10.569451,46.043651],[10.569369,46.043583],[10.56927,46.043548],[10.569155,46.043523],[10.569102,46.04348],[10.56898,46.04345],[10.568888,46.043432],[10.568846,46.043384],[10.56878,46.043393],[10.568632,46.043352],[10.568302,46.043119],[10.568217,46.043057],[10.56821,46.043007],[10.56824,46.04297],[10.568204,46.042881]]},"properties":{"id":"1e7d076a-391e-4538-b9fe-7cfe4f72c17b","cls":"path","osm":["w38564599@4"],"conn":[["f45e61e3-5c5c-4687-8500-1d684c053806",0.0],["dc3522b5-2034-4306-b5e5-e49ecc6e611d",0.363683],["ed746c2c-165a-4555-89ea-d7eedd6f6681",1.0]]}},{"type":"Feature","geometry":{"type":"LineString","coordinates":[[10.511906,46.077951],[10.511772,46.07771],[10.511635,46.077615],[10.511772,46.077566],[10.511708,46.077161],[10.511862,46.076884]]},"properties":{"id":"1e85ac0a-5c3d-4a2d-bec8-f40bfeb771ef","cls":"path","osm":["w368274116@4"],"conn":[["185e6a47-24c9-4aaa-ba92-ff5b3ae11360",0.0],["2028643d-e6b3-4d5b-bbbf-668421864a8d",1.0]]}},{"type":"Feature","geometry":{"type":"LineString","coordinates":[[10.508332,46.06713],[10.508405,46.067187],[10.508333,46.067233],[10.508315,46.067337],[10.508475,46.067428],[10.50834,46.067593],[10.508337,46.067797],[10.50813,46.067907],[10.50813,46.067998],[10.508258,46.068072],[10.508788,46.06814],[10.509058,46.068238],[10.509312,46.068248]]},"properties":{"id":"1ebf704b-3c8c-4c0f-a24e-d138a0c60e98","cls":"path","osm":["w1524642617@1"],"conn":[["48bb6ad1-19e1-4bf7-bcc3-f85165ba2d8f",0.0],["5d26b525-6a5f-4489-b238-7f5fc23ad938",1.0]]}},{"type":"Feature","geometry":{"type":"LineString","coordinates":[[10.513814,46.05315],[10.513758,46.053193],[10.513656,46.0532],[10.51355,46.053176],[10.513519,46.053126],[10.513513,46.053045],[10.513537,46.052993]]},"properties":{"id":"1edd19c2-b433-4ade-a6ca-9f29b9b545e4","cls":"service","osm":["w511166424@1"],"sr":[["unknown",null,null]],"conn":[["b1b7c863-2268-4d71-bb4c-2b20dcf1e303",0.0],["0b9bc5b3-7827-4121-b422-f6941dba55bd",0.522947],["903342fe-4dd7-4f51-9291-9ae9e2bf9506",1.0]]}},{"type":"Feature","geometry":{"type":"LineString","coordinates":[[10.484835,46.038466],[10.48496,46.038433],[10.485037,46.038389],[10.485105,46.038398],[10.485136,46.038385],[10.485188,46.038323],[10.485285,46.038259],[10.485352,46.038176],[10.485371,46.038145]]},"properties":{"id":"2010419e-2c5c-4354-b7d2-c24d99e55f0a","cls":"path","osm":["w442128033@2"],"sr":[["gravel",null,null]],"conn":[["08b0dc71-35b0-4ebf-ab5a-b55fe92d985b",0.0],["b1479f36-f90b-4227-8ec1-a3f232a0dd52",1.0]]}},{"type":"Feature","geometry":{"type":"LineString","coordinates":[[10.610227,46.049343],[10.610458,46.049437],[10.610667,46.049485],[10.610846,46.049509],[10.611084,46.049545],[10.611377,46.049549]]},"properties":{"id":"20a85d71-bafc-490c-98ac-b1b3fa03f6a0","cls":"path","osm":["w503443968@1"],"conn":[["d8dfce41-927d-4415-85ae-6b6cc8cce40a",0.0],["a7cf2ce1-f65f-4625-92a4-111c4eee492d",1.0]]}},{"type":"Feature","geometry":{"type":"LineString","coordinates":[[10.567871,46.042294],[10.567789,46.042347],[10.567699,46.042392],[10.567668,46.042369],[10.567551,46.04237],[10.567203,46.042445],[10.566843,46.042422],[10.566704,46.042568],[10.566796,46.042637],[10.566729,46.042662],[10.566691,46.042751],[10.566554,46.042835],[10.566439,46.042814],[10.565828,46.042885],[10.565739,46.042914],[10.565559,46.043047],[10.56537,46.043075],[10.565226,46.043184],[10.565015,46.043231],[10.564966,46.043349],[10.564742,46.043461],[10.564256,46.04358],[10.564117,46.043586],[10.563677,46.043848],[10.563327,46.043966],[10.562959,46.044007],[10.562707,46.044103],[10.562455,46.044125],[10.562312,46.044228],[10.561952,46.044122],[10.562042,46.044241],[10.561508,46.044256],[10.561099,46.044406],[10.559608,46.044412],[10.559051,46.044434],[10.558737,46.044568],[10.558184,46.04464],[10.558063,46.044534],[10.557641,46.044577],[10.557412,46.044421],[10.557299,46.04444],[10.557308,46.044499],[10.55712,46.04449],[10.557003,46.044743],[10.555782,46.044802],[10.555615,46.044892],[10.5554,46.044886],[10.554964,46.044995],[10.554614,46.045017],[10.554398,46.045057],[10.554218,46.045007],[10.554034,46.044965],[10.553906,46.044785],[10.553844,46.044783],[10.553861,46.044914],[10.553718,46.045021],[10.553825,46.045443],[10.553609,46.045809],[10.553075,46.045968],[10.55277,46.046215],[10.552662,46.046532],[10.552116,46.04685],[10.55204,46.047048],[10.551716,46.047141],[10.551119,46.047405],[10.550954,46.047745],[10.550789,46.047996],[10.55082,46.048119],[10.550662,46.04819],[10.550369,46.048234],[10.550133,46.04826],[10.549956,46.048291],[10.54982,46.048337],[10.549315,46.048721],[10.549004,46.048748],[10.548712,46.048825],[10.548543,46.049032],[10.548181,46.049186],[10.548007,46.04929],[10.54794,46.049404],[10.547949,46.049517],[10.547801,46.049746],[10.547756,46.049827],[10.547765,46.050001],[10.547432,46.050338],[10.547351,46.050618],[10.5471,46.05098],[10.54692,46.051323],[10.54666,46.05136],[10.546292,46.05189],[10.546085,46.051971],[10.545923,46.05199],[10.545672,46.052165],[10.545151,46.052121],[10.54436,46.052713],[10.544154,46.052726],[10.54383,46.052844],[10.543552,46.052969],[10.543309,46.053143],[10.543049,46.053311],[10.542788,46.053579],[10.542447,46.054047],[10.54225,46.054546],[10.542052,46.055169],[10.541764,46.055786],[10.541854,46.056166],[10.54225,46.05641],[10.542492,46.056466],[10.542465,46.056634],[10.542187,46.056877],[10.542097,46.057002],[10.542124,46.057095],[10.542241,46.057089],[10.542384,46.057033],[10.543031,46.056952],[10.543354,46.056815],[10.543471,46.05684],[10.543309,46.05712],[10.54339,46.057183],[10.543238,46.057388],[10.543318,46.0577],[10.543103,46.057955],[10.542303,46.058223],[10.542169,46.058454],[10.541944,46.058703],[10.541944,46.058971],[10.542366,46.059077],[10.542492,46.059277],[10.543067,46.059345],[10.543228,46.059501],[10.543408,46.059607],[10.543184,46.059863],[10.54313,46.06005],[10.543238,46.060231],[10.543309,46.060311],[10.543211,46.060461],[10.543215,46.060592],[10.543386,46.060598],[10.543588,46.060511],[10.543974,46.060763],[10.54427,46.060907],[10.544477,46.06091],[10.54472,46.060844],[10.544967,46.060785],[10.545115,46.060823],[10.545183,46.06087],[10.545456,46.061062],[10.545586,46.06125],[10.545651,46.061472]]},"properties":{"id":"20d3ae44-590d-4f51-8caa-b089092bbfe5","cls":"path","osm":["w513715364@2"],"conn":[["80b0ac56-3a1e-47b4-8231-bfedda3a392c",0.0],["4723b47f-cb02-459c-be1b-797d7f190d45",1.0]]}},{"type":"Feature","geometry":{"type":"LineString","coordinates":[[10.457294,46.108668],[10.457257,46.108682],[10.457205,46.108683],[10.457169,46.108693],[10.457119,46.108708],[10.4571,46.108748],[10.457058,46.108776],[10.457024,46.108812],[10.456985,46.108831],[10.456857,46.108851],[10.456754,46.108888],[10.456651,46.108907],[10.456626,46.108944],[10.45651,46.108972],[10.456433,46.109],[10.456356,46.109019],[10.456202,46.109039],[10.456099,46.109067],[10.45597,46.109078],[10.455881,46.109142],[10.455777,46.109152],[10.455726,46.109153],[10.455674,46.109145],[10.455584,46.109191],[10.455481,46.109192],[10.455377,46.109184],[10.455327,46.10923],[10.455174,46.109313],[10.454941,46.109334],[10.454851,46.109353],[10.454747,46.109346],[10.454735,46.109382],[10.454762,46.109417],[10.454686,46.109454],[10.454699,46.109481],[10.454739,46.109535],[10.454766,46.109561],[10.454819,46.109597],[10.454846,46.109641],[10.454743,46.109651],[10.454783,46.109714],[10.454693,46.109724],[10.454591,46.109797],[10.454345,46.109801],[10.454229,46.109811],[10.454138,46.109794],[10.45402,46.109724],[10.453928,46.109689],[10.453838,46.109717],[10.453786,46.109682],[10.453617,46.109657],[10.453579,46.109675],[10.453489,46.10973],[10.453516,46.109775],[10.45344,46.109803],[10.453376,46.10984],[10.453312,46.109868],[10.453273,46.109864],[10.453274,46.109922],[10.453198,46.109977],[10.453186,46.109995],[10.453082,46.109988],[10.452993,46.110061],[10.452917,46.110098],[10.452917,46.110107],[10.45284,46.110135],[10.452802,46.110171],[10.452789,46.110171],[10.452657,46.110056],[10.452657,46.110047],[10.452604,46.110021],[10.45259,46.109994],[10.452564,46.109976],[10.452587,46.109841],[10.452559,46.109787],[10.452532,46.109752],[10.45248,46.109716],[10.452453,46.10969],[10.452412,46.1096],[10.45232,46.109538],[10.452242,46.109521],[10.452124,46.109469],[10.452046,46.109443],[10.452006,46.109407],[10.451889,46.109382],[10.451797,46.109329],[10.451733,46.109348],[10.451667,46.109331],[10.451629,46.10934],[10.451578,46.109377],[10.451553,46.109431],[10.451569,46.109521],[10.451648,46.109583],[10.451675,46.109619],[10.451728,46.109663],[10.45169,46.10969],[10.451519,46.109612],[10.451284,46.109516],[10.451232,46.109507],[10.451192,46.109481],[10.451126,46.109419],[10.451126,46.109401],[10.451047,46.109348],[10.45102,46.109312],[10.450954,46.10925],[10.450836,46.109215],[10.450823,46.109206],[10.45064,46.109146],[10.450576,46.109165],[10.450512,46.109201],[10.450486,46.109202],[10.450359,46.109293],[10.450296,46.10933],[10.450233,46.109421],[10.450195,46.109457],[10.450198,46.109556],[10.450213,46.109637],[10.450227,46.109682],[10.45032,46.109762],[10.450334,46.109789],[10.450311,46.109924],[10.450299,46.109951],[10.450302,46.110068],[10.450226,46.110132],[10.450239,46.110141],[10.450242,46.110258],[10.450257,46.110303],[10.450208,46.11042],[10.450221,46.110429],[10.450236,46.110492],[10.45021,46.11051],[10.450198,46.110537],[10.450225,46.110582],[10.450227,46.110663],[10.450216,46.110735],[10.450155,46.110889],[10.450092,46.110944],[10.450105,46.110962],[10.450094,46.111016],[10.450081,46.111016],[10.450031,46.111098],[10.45002,46.111143],[10.449995,46.11117],[10.449905,46.111216],[10.449792,46.111335],[10.449755,46.111407],[10.449743,46.111443],[10.449782,46.111461],[10.449795,46.111461],[10.44982,46.111442],[10.449834,46.11146],[10.44981,46.111532],[10.449721,46.111596],[10.449683,46.111633],[10.449647,46.111723],[10.449635,46.111769],[10.449508,46.111869],[10.449458,46.111915],[10.449471,46.111933],[10.449434,46.112005],[10.449244,46.11217],[10.44904,46.112262],[10.449002,46.11229],[10.448785,46.112409],[10.448663,46.112526],[10.448553,46.112632]]},"properties":{"id":"20d6689b-cdf1-44ab-b192-7eeaab300605","cls":"path","osm":["w1125822149@1"],"conn":[["c32310e4-205f-4d6d-bda3-bdce338fb8d0",0.0],["ccfe5463-06e7-4ec3-8127-358172e0f56c",1.0]]}},{"type":"Feature","geometry":{"type":"LineString","coordinates":[[10.596692,45.986611],[10.59671,45.986644],[10.596935,45.986744],[10.597088,45.986791],[10.597279,45.986822],[10.597493,45.986891],[10.597552,45.986907],[10.597653,45.986921],[10.597845,45.986971],[10.598039,45.986957],[10.598218,45.986943],[10.598387,45.986913],[10.59843,45.986911],[10.598513,45.986915],[10.598743,45.986918],[10.598735,45.986912],[10.598737,45.986903],[10.598937,45.986863],[10.599076,45.986848],[10.599324,45.986834],[10.599477,45.986805],[10.599843,45.986753],[10.599944,45.98677],[10.600068,45.986816],[10.600107,45.986797],[10.600099,45.986739],[10.599991,45.986596],[10.599952,45.986532],[10.599946,45.986459],[10.599943,45.986325],[10.599952,45.986227],[10.599998,45.986065],[10.600063,45.985892],[10.600094,45.985836],[10.600114,45.985783],[10.600162,45.985691],[10.600213,45.985612],[10.600189,45.985584],[10.600293,45.985482],[10.600377,45.985435],[10.60047,45.9854],[10.600543,45.985376],[10.600609,45.985264],[10.600665,45.98517],[10.600774,45.985077],[10.600815,45.985076],[10.600809,45.98511],[10.600836,45.985201],[10.600878,45.985249],[10.601004,45.985361],[10.60114,45.985429],[10.601255,45.98546],[10.601291,45.98548],[10.601299,45.985494],[10.601296,45.985609],[10.601288,45.985606],[10.601278,45.98561],[10.601279,45.98568],[10.601311,45.985733],[10.601373,45.985831],[10.601375,45.985853],[10.601412,45.98589],[10.601451,45.985911],[10.601508,45.985965],[10.60164,45.986102],[10.601764,45.986203],[10.601934,45.986297],[10.602002,45.98635],[10.602059,45.98641],[10.602123,45.986451],[10.602163,45.986496],[10.602174,45.986551],[10.602208,45.986593],[10.602297,45.986625],[10.602462,45.98668],[10.602606,45.986716],[10.602647,45.986737],[10.602686,45.98672],[10.602679,45.986681],[10.60265,45.986584],[10.60265,45.986504],[10.60258,45.986411],[10.602566,45.986385],[10.602567,45.986358],[10.602583,45.98629],[10.602627,45.986243],[10.602612,45.986235],[10.602629,45.98623],[10.602473,45.986141],[10.602396,45.985983],[10.602397,45.985863],[10.602389,45.985708],[10.602412,45.985521],[10.602432,45.98544],[10.602456,45.985365],[10.602518,45.9853],[10.602566,45.985249],[10.602653,45.985188],[10.60277,45.985105],[10.602836,45.985095],[10.602979,45.985042],[10.603063,45.984987],[10.603123,45.984957],[10.603159,45.98498],[10.603173,45.98504],[10.603179,45.985136],[10.603193,45.985208],[10.603186,45.985282],[10.603205,45.985347],[10.603215,45.985379],[10.603221,45.985409],[10.603256,45.985414],[10.603338,45.985366],[10.603439,45.985313],[10.603565,45.985236],[10.603737,45.985135],[10.603863,45.985079],[10.603922,45.985055],[10.604022,45.985052],[10.604139,45.985092],[10.604273,45.985144],[10.604415,45.985195],[10.604472,45.985217],[10.604519,45.985338],[10.604527,45.985366],[10.604643,45.985444],[10.604703,45.985451],[10.604768,45.985455],[10.604914,45.98543],[10.605087,45.985431],[10.605126,45.985433],[10.605261,45.985469],[10.605324,45.985501],[10.605406,45.985513],[10.605512,45.985504],[10.605744,45.985471],[10.605905,45.985452],[10.606122,45.985415],[10.60626,45.985389],[10.606472,45.985399],[10.606583,45.985439],[10.606652,45.985523],[10.606773,45.985535],[10.606916,45.985552],[10.607019,45.985576],[10.607135,45.985607],[10.60723,45.985645],[10.607258,45.98568],[10.607272,45.985729],[10.607264,45.985778],[10.607199,45.985854],[10.607096,45.985919],[10.606951,45.985996],[10.606895,45.986042],[10.60687,45.986112],[10.606864,45.986147],[10.606859,45.98633],[10.60687,45.986438],[10.606843,45.986526],[10.606852,45.986596],[10.606872,45.986646],[10.606943,45.986655],[10.606988,45.986638],[10.607151,45.986638],[10.607231,45.986603],[10.607337,45.986574],[10.60749,45.986571],[10.607569,45.986579],[10.607498,45.98666],[10.607474,45.986689],[10.607405,45.986776],[10.607359,45.986893],[10.607327,45.986931],[10.607295,45.986957],[10.607291,45.987006],[10.607331,45.98702],[10.60761,45.987033],[10.607726,45.987078],[10.607805,45.987119],[10.608001,45.987228],[10.608114,45.987327],[10.608071,45.987401],[10.607887,45.987465],[10.60783,45.987519],[10.607806,45.987686],[10.607826,45.987798],[10.607822,45.987823],[10.607869,45.987956],[10.607937,45.988152],[10.60794,45.988238],[10.607976,45.988255],[10.608176,45.988238],[10.6083,45.988196],[10.60843,45.988187],[10.608576,45.988207],[10.608724,45.988264],[10.608898,45.988302],[10.609135,45.988301],[10.609225,45.988304],[10.60929,45.988307],[10.60939,45.988312],[10.609495,45.988266],[10.609521,45.988237],[10.609653,45.98821]]},"properties":{"id":"20f4e6d3-8adb-46a3-b70e-e1059a3975e6","cls":"path","osm":["w451947177@4"],"conn":[["f804d350-7643-4808-8d56-06ac7cdf79d0",0.0],["8e4ad2f4-2ea3-4c0e-b6b2-c2a09787e7e9",1.0]],"access":[{"type":"denied","when":["bicycle"]}]}},{"type":"Feature","geometry":{"type":"LineString","coordinates":[[10.632422,46.040003],[10.63285,46.040072],[10.632908,46.040054],[10.633018,46.040058],[10.633214,46.039966],[10.633389,46.039974],[10.633713,46.040006],[10.634256,46.03996],[10.634329,46.040154],[10.634733,46.04051],[10.635016,46.040683],[10.635156,46.040827],[10.635151,46.040966],[10.635094,46.041067],[10.635249,46.041121],[10.634733,46.041253],[10.63471,46.041323],[10.634805,46.041375],[10.634903,46.041377],[10.634843,46.041492],[10.634991,46.041567],[10.634996,46.041659],[10.635036,46.041688],[10.634973,46.041711],[10.635114,46.041861],[10.635074,46.041951],[10.635303,46.042034],[10.635065,46.042252],[10.635156,46.04234],[10.635316,46.04237],[10.635354,46.042433],[10.635367,46.042516],[10.635428,46.042584],[10.635472,46.042623],[10.63556,46.042682],[10.635447,46.042739],[10.63553,46.042774],[10.635432,46.042821],[10.63561,46.042889],[10.635705,46.042953],[10.635951,46.042991],[10.635901,46.043145],[10.635958,46.043183],[10.635823,46.043268],[10.635916,46.043362],[10.635783,46.043352],[10.635668,46.043515],[10.63568,46.043547],[10.635918,46.043649],[10.636001,46.043724],[10.636096,46.04375],[10.636222,46.043865],[10.636166,46.043931],[10.635996,46.043973],[10.635811,46.044053],[10.635806,46.044175],[10.635868,46.044255],[10.635946,46.044316],[10.635871,46.04433],[10.635974,46.044392],[10.636019,46.04445],[10.635989,46.044526],[10.635998,46.04457],[10.636205,46.044672],[10.636223,46.044831],[10.635806,46.044973],[10.635782,46.045035],[10.635991,46.045126],[10.636152,46.045253],[10.636202,46.045313],[10.636254,46.045354],[10.636304,46.045377],[10.636157,46.045429],[10.636297,46.045441],[10.636222,46.045523],[10.636332,46.045556],[10.636435,46.045695],[10.63659,46.045923],[10.63652,46.045948],[10.636387,46.045965],[10.636262,46.046054],[10.636269,46.046121],[10.637074,46.046713],[10.637021,46.046783],[10.637189,46.04679],[10.637395,46.046833],[10.637435,46.046945],[10.637483,46.046986],[10.637465,46.047049],[10.637558,46.04715],[10.637345,46.047209],[10.637259,46.047225],[10.637194,46.047235],[10.637247,46.04728],[10.63742,46.047319],[10.63745,46.047339],[10.637472,46.047372],[10.637447,46.047444],[10.637342,46.047475],[10.637214,46.047546],[10.637041,46.047639],[10.636891,46.047691],[10.636745,46.04777]]},"properties":{"id":"215df811-2a62-4799-abb1-04b44498a005","cls":"path","osm":["w514340520@2"],"conn":[["de3cbe56-211c-45de-b34d-3c1a41b52db5",0.0],["987fe07c-d788-4945-8433-c5b27362d9b8",1.0]]}},{"type":"Feature","geometry":{"type":"LineString","coordinates":[[10.484253,46.032478],[10.484277,46.032494],[10.48437,46.032609],[10.48439,46.032664],[10.484299,46.032742],[10.484291,46.032796],[10.484324,46.032873],[10.484353,46.033015],[10.48442,46.033096],[10.484471,46.033152],[10.484506,46.033309],[10.484568,46.033411],[10.484582,46.033471],[10.484587,46.033551],[10.484645,46.033689],[10.484653,46.033761],[10.484653,46.033837],[10.48468,46.033869],[10.484889,46.033973],[10.485026,46.034236],[10.485039,46.034396],[10.484961,46.034608],[10.485004,46.034707],[10.484908,46.035032],[10.484852,46.035417],[10.484717,46.035617],[10.484492,46.035926],[10.484497,46.036096],[10.484433,46.036165],[10.484426,46.036317],[10.484369,46.036364],[10.484273,46.036597],[10.484205,46.036699],[10.484192,46.036754],[10.484211,46.036811],[10.484213,46.036868],[10.484251,46.036913],[10.484303,46.036859],[10.484336,46.036796],[10.484392,46.036721],[10.484432,46.036748],[10.484406,46.03683],[10.48439,46.036898],[10.484414,46.036948],[10.484476,46.036944],[10.484621,46.037135],[10.48488,46.03741],[10.484988,46.037596],[10.485016,46.037766],[10.485084,46.037984],[10.485071,46.038151],[10.485005,46.03822],[10.484835,46.038466],[10.484738,46.0385],[10.484571,46.038624],[10.484307,46.038758],[10.484285,46.038836],[10.484308,46.038898],[10.48435,46.038953],[10.484311,46.038988],[10.484327,46.039015],[10.484285,46.039037],[10.484276,46.039163],[10.484226,46.039249],[10.484204,46.039338],[10.484189,46.039406],[10.484195,46.039477],[10.484155,46.039574],[10.483935,46.039749]]},"properties":{"id":"21b0513d-511a-4c27-a1f7-fee1533e2957","cls":"path","osm":["w1184423956@1","w1184423957@2"],"sr":[["gravel",null,null]],"conn":[["8a8b59a5-7948-4d6e-96df-0bcf1597ec81",0.0],["08b0dc71-35b0-4ebf-ab5a-b55fe92d985b",0.815156],["feb166c5-367f-4d0d-9553-ebac9ea6d86b",1.0]]}},{"type":"Feature","geometry":{"type":"LineString","coordinates":[[10.549479,45.992187],[10.549397,45.992315],[10.54916,45.992548],[10.548972,45.992605],[10.548825,45.992879],[10.548588,45.993377],[10.548428,45.99381],[10.548163,45.993957],[10.547493,45.993974],[10.546782,45.994076],[10.546279,45.994219],[10.545772,45.994762],[10.54567,45.994913],[10.545568,45.99507],[10.545323,45.995333],[10.54507,45.995552],[10.544885,45.995697],[10.54482,45.995776],[10.544767,45.995945],[10.544872,45.996151],[10.544792,45.996374]]},"properties":{"id":"21bd6a6d-a0aa-47d0-8167-a5cff3ef36ce","cls":"track","osm":["w59700329@2"],"conn":[["28b3ea0f-42c7-42f6-92f9-7a72eb10ca3d",0.0],["14e5774d-58f6-4f27-bdb2-867835aa4dc1",1.0]]}},{"type":"Feature","geometry":{"type":"LineString","coordinates":[[10.629408,45.989972],[10.629695,45.98987],[10.629985,45.989827],[10.630315,45.989759],[10.631028,45.98949],[10.631509,45.989293],[10.631841,45.989177],[10.632099,45.989088],[10.632294,45.989054],[10.632622,45.989065],[10.632989,45.989028],[10.633311,45.989004],[10.633582,45.989009],[10.633834,45.989009],[10.634038,45.989006],[10.634226,45.989035],[10.634309,45.989004],[10.634271,45.98894],[10.634035,45.988901],[10.633735,45.988827],[10.633351,45.988762],[10.633002,45.988767],[10.632686,45.988734],[10.632337,45.988599],[10.632163,45.988529],[10.631962,45.988545],[10.631694,45.988538],[10.631348,45.988424],[10.63043,45.988353],[10.630055,45.988312],[10.6298,45.988225],[10.629446,45.988152],[10.628539,45.988065],[10.627847,45.988012],[10.627367,45.987932],[10.626793,45.987845],[10.626335,45.987889],[10.625994,45.987792],[10.625672,45.987802],[10.625455,45.987871],[10.62454,45.987869],[10.624151,45.987927],[10.623467,45.987973],[10.622402,45.987997],[10.621944,45.988079],[10.621088,45.988141],[10.620796,45.988227],[10.620613,45.988322],[10.620434,45.9884],[10.620349,45.988418],[10.620274,45.988381],[10.620326,45.98827],[10.620613,45.988051],[10.621204,45.987824],[10.621788,45.987507],[10.622247,45.987377],[10.62288,45.987291],[10.623666,45.987114],[10.624186,45.986926],[10.624495,45.986777],[10.624465,45.986691],[10.624194,45.986723],[10.62255,45.986924],[10.622081,45.986973],[10.621617,45.986944],[10.621322,45.986986],[10.61986,45.987226],[10.619401,45.987313],[10.619079,45.987301],[10.619063,45.987213],[10.61931,45.987125],[10.61976,45.987023],[10.620667,45.986657],[10.621136,45.986531],[10.621507,45.98649],[10.621818,45.986402],[10.621995,45.986236],[10.622054,45.985862],[10.622048,45.985608],[10.622078,45.985418],[10.622448,45.984969],[10.622727,45.984691],[10.623076,45.984417],[10.623746,45.984393],[10.623882,45.984428],[10.624217,45.984435],[10.624425,45.984468]]},"properties":{"id":"21c36c26-42b7-461d-a683-34b1eac36f2e","cls":"track","name":"Strada forestale Avalina","osm":["w447471156@3"],"conn":[["801ef3de-2b8d-4178-85e5-dac965e724bb",0.0],["e19a7263-3d0e-419a-8c1e-a627e23b7b43",1.0]],"access":[{"type":"allowed","when":["foot","bicycle"]},{"type":"allowed","when":["motor_vehicle"]},{"type":"allowed","when":["for_forestry"]}]}},{"type":"Feature","geometry":{"type":"LineString","coordinates":[[10.567203,46.041304],[10.567293,46.041416],[10.567207,46.041416],[10.567243,46.041541],[10.5674,46.041613],[10.567441,46.041659],[10.567575,46.041728],[10.567571,46.041803],[10.567733,46.041987],[10.567733,46.042077],[10.567871,46.042294]]},"properties":{"id":"21d72f04-228c-47ca-80b0-53dcaaa1b679","cls":"path","osm":["w1313463127@2"],"conn":[["6830b620-2a0c-4eab-ba77-abe94a60e66e",0.0],["98513ce5-6a76-4390-a575-92e927ac2777",0.405241],["80b0ac56-3a1e-47b4-8231-bfedda3a392c",1.0]]}},{"type":"Feature","geometry":{"type":"LineString","coordinates":[[10.62408,46.045196],[10.624322,46.045373]]},"properties":{"id":"229d5bec-38b6-48a8-916f-8b0299598d15","cls":"path","osm":["w503445875@1"],"sr":[["unpaved",null,null]],"conn":[["5c9c0e04-911e-4500-8831-b1c5119e03d6",0.0],["3d50d0fb-8473-4769-a548-b4ef7de2948b",1.0]]}},{"type":"Feature","geometry":{"type":"LineString","coordinates":[[10.646484,45.971004],[10.646446,45.971032],[10.646381,45.971067],[10.646326,45.971093],[10.646258,45.971119],[10.646211,45.97113],[10.646167,45.971134],[10.646097,45.971143],[10.646031,45.971141],[10.645991,45.971143],[10.645958,45.971143],[10.645902,45.971134],[10.645848,45.971133],[10.645772,45.971147],[10.645701,45.971161],[10.645646,45.971174],[10.645592,45.971186],[10.645548,45.971194],[10.645493,45.971203],[10.645423,45.971206],[10.645368,45.971194],[10.64532,45.971185],[10.645276,45.971187],[10.645217,45.97119],[10.645192,45.971196],[10.645166,45.971209],[10.645135,45.971218],[10.645092,45.971226],[10.645039,45.971236],[10.644977,45.971239],[10.644935,45.971239],[10.644837,45.971236],[10.644791,45.971237],[10.644744,45.971237],[10.644695,45.971246],[10.64459,45.971274],[10.644498,45.9713],[10.644415,45.971313],[10.644337,45.971321],[10.644284,45.971326],[10.644169,45.971345],[10.644062,45.971362],[10.643895,45.971391],[10.643804,45.97141],[10.643739,45.971422],[10.643674,45.97143],[10.64362,45.971437],[10.643582,45.971441],[10.643547,45.971445],[10.643507,45.971454],[10.64343,45.971471],[10.643374,45.971493],[10.643281,45.971539],[10.643202,45.971583],[10.643116,45.971626],[10.643056,45.971653],[10.642992,45.971679],[10.642932,45.971713],[10.642867,45.971757],[10.642838,45.971776],[10.642819,45.971785],[10.642745,45.97181],[10.6427,45.971825],[10.64264,45.971834],[10.642604,45.97184],[10.642506,45.971859],[10.64241,45.971881],[10.642293,45.971902],[10.642213,45.971916],[10.642167,45.971921],[10.6421,45.971929],[10.642026,45.971941],[10.641939,45.971961],[10.641855,45.971979],[10.6418,45.97199],[10.641739,45.972005],[10.641668,45.972028],[10.641613,45.972045],[10.641558,45.972071],[10.641503,45.972097],[10.641448,45.972126],[10.641388,45.972163],[10.64132,45.972212],[10.641237,45.972268],[10.641143,45.972337],[10.641047,45.972416],[10.640913,45.97253],[10.640883,45.972553],[10.640781,45.972624],[10.640754,45.972632],[10.640719,45.972643],[10.640664,45.972644],[10.640574,45.972648],[10.640475,45.972656],[10.640345,45.972674],[10.640264,45.972692],[10.640127,45.972718],[10.640043,45.972738],[10.639952,45.972762],[10.639875,45.972781],[10.639833,45.972797],[10.639793,45.972819],[10.63976,45.972855],[10.639704,45.972908],[10.639617,45.973033],[10.639577,45.973118],[10.639563,45.973137],[10.639504,45.973206],[10.639461,45.973238],[10.63943,45.973247],[10.639371,45.973256],[10.6393,45.973256],[10.639264,45.973256],[10.639038,45.973236],[10.638935,45.973221],[10.638728,45.973185],[10.638689,45.973183],[10.638644,45.973182],[10.638611,45.973186],[10.638575,45.973191],[10.638394,45.973245],[10.638191,45.973309],[10.637967,45.97338],[10.637776,45.973428],[10.637712,45.973437],[10.637675,45.973441],[10.63763,45.973442],[10.637512,45.973439],[10.637428,45.973431],[10.637272,45.973395],[10.63717,45.973365],[10.637113,45.973355],[10.637055,45.97335],[10.637016,45.973347],[10.636763,45.97335],[10.636684,45.97336],[10.636621,45.973369],[10.636552,45.973385],[10.636479,45.973411],[10.636421,45.973433],[10.636349,45.973466],[10.636191,45.973565],[10.63604,45.973668],[10.636001,45.973704],[10.635961,45.973748],[10.635943,45.97378],[10.635903,45.973891],[10.635891,45.973912],[10.635866,45.973937],[10.635818,45.973971],[10.635786,45.973989],[10.635698,45.974023],[10.635615,45.974055],[10.635527,45.974082],[10.635407,45.974122],[10.635309,45.97416],[10.635232,45.974195],[10.635129,45.974249],[10.635082,45.974278],[10.635016,45.974307],[10.634939,45.974335],[10.634885,45.974346],[10.634812,45.974354],[10.634699,45.974347],[10.634606,45.974327],[10.634564,45.974314],[10.63453,45.974294]]},"properties":{"id":"22d4e98b-9708-4d91-bab8-900c85dd3c62","cls":"track","name":"Strada forestale Fontanone","osm":["w246312616@1"],"conn":[["c82c0dbf-246d-48a0-b117-c91ea87a80a4",0.0],["6d6fdd71-b5df-40e8-9101-4c393704fb6a",1.0]],"access":[{"type":"allowed","when":["foot","bicycle"]},{"type":"allowed","when":["motor_vehicle"]},{"type":"allowed","when":["for_forestry"]}]}},{"type":"Feature","geometry":{"type":"LineString","coordinates":[[10.626204,46.1079],[10.626121,46.107891],[10.62607,46.107865],[10.626043,46.107839],[10.626031,46.107818],[10.625987,46.107788],[10.625937,46.107782],[10.625878,46.107778]]},"properties":{"id":"2316efd7-d8d2-43ed-952d-166eee698d13","cls":"path","osm":["w1395053552@1"],"conn":[["5c882d7c-cf32-400d-ab9a-f8eeaee548c5",0.0],["e7c21cf4-e6c6-4591-8f2d-123aa64ee019",1.0]]}},{"type":"Feature","geometry":{"type":"LineString","coordinates":[[10.543084,45.977162],[10.543589,45.977886],[10.543776,45.978204],[10.543809,45.978319],[10.543811,45.978434],[10.543651,45.978545],[10.543472,45.97857]]},"properties":{"id":"243e91af-d35b-49b7-9830-3a0a9e8903ef","cls":"track","osm":["w82198955@2"],"conn":[["b8f26ece-6bef-4a86-a8f0-39b54a3a1e8a",0.0],["f191b38d-2c8c-4b3c-a5df-7c9410b1c9d6",1.0]]}},{"type":"Feature","geometry":{"type":"LineString","coordinates":[[10.512864,46.035765],[10.51301,46.03577],[10.513126,46.035675],[10.513157,46.035617],[10.513278,46.035482],[10.513353,46.035409],[10.513451,46.035271],[10.513477,46.035027],[10.513496,46.034821],[10.513422,46.034688],[10.513435,46.034551],[10.513582,46.034346],[10.513895,46.034116],[10.514016,46.033936],[10.514143,46.033738],[10.514333,46.033191],[10.514451,46.033005],[10.514446,46.032792],[10.514434,46.032659],[10.51443,46.032538],[10.514411,46.032441]]},"properties":{"id":"24432c46-be6d-4362-a229-8ccb56d6db2f","cls":"path","osm":["w362848613@2","w506258611@1","w506258612@1"],"conn":[["a1db474e-6c46-4b8c-99b0-7665ca7ed211",0.0],["9c811213-2958-40e0-9f5d-05f6d3d0966b",1.0]]}},{"type":"Feature","geometry":{"type":"LineString","coordinates":[[10.471139,45.968264],[10.471355,45.96817],[10.471505,45.968173],[10.471626,45.968186],[10.471749,45.968238],[10.471889,45.968272],[10.47198,45.968337],[10.472157,45.968371],[10.472256,45.968429],[10.472387,45.968375],[10.47257,45.968306],[10.472755,45.96824],[10.472897,45.968156],[10.473125,45.968222],[10.473409,45.968322],[10.473629,45.968494],[10.473758,45.968598],[10.473973,45.968751],[10.474053,45.968792],[10.474091,45.968867],[10.47415,45.968878],[10.474209,45.968874],[10.474289,45.968807],[10.474321,45.968609],[10.474305,45.968483],[10.474284,45.96839],[10.474284,45.968348],[10.474367,45.968238],[10.474488,45.968196],[10.474611,45.968035],[10.474654,45.967879],[10.474691,45.967808],[10.474766,45.967674],[10.474895,45.967577],[10.474992,45.967562],[10.47511,45.967372],[10.475239,45.967327],[10.475298,45.967144],[10.475324,45.967044],[10.475389,45.967025],[10.475475,45.966921],[10.47548,45.966805],[10.475555,45.966686],[10.475571,45.966503],[10.475635,45.966298],[10.475635,45.966145],[10.475759,45.965962],[10.475727,45.96585],[10.475727,45.965709],[10.47578,45.96563],[10.475898,45.965597],[10.476065,45.965582],[10.476204,45.965627],[10.476317,45.965701],[10.476435,45.965798],[10.476489,45.965891],[10.476539,45.965917],[10.476722,45.965919],[10.476797,45.965886],[10.47702,45.96586],[10.477167,45.96586],[10.477309,45.965921],[10.477398,45.965996],[10.477416,45.966031]]},"properties":{"id":"245854ff-5a9a-4dd9-99be-3abd278175d0","cls":"path","osm":["w1194699124@1"],"conn":[["b76ef309-cc6c-4e92-a7c1-e91b6f0d43c5",0.0],["3bc74662-f835-4a15-b26c-9add7013bae9",1.0]]}},{"type":"Feature","geometry":{"type":"LineString","coordinates":[[10.48058,46.045802],[10.480586,46.045932],[10.480348,46.046103],[10.480275,46.046199],[10.480076,46.046247],[10.479795,46.046316],[10.479504,46.046378],[10.479332,46.046275],[10.479243,46.046241],[10.479068,46.046312],[10.478946,46.046365],[10.478886,46.04647],[10.47878,46.046569],[10.478549,46.046569],[10.478449,46.046617],[10.47841,46.046697],[10.478456,46.046764],[10.478433,46.046828],[10.478539,46.046869],[10.47844,46.046931],[10.478522,46.047067],[10.478506,46.047122],[10.478539,46.047232],[10.478664,46.047388],[10.478724,46.047432],[10.478661,46.04748],[10.47877,46.047666],[10.478889,46.047849],[10.478959,46.047923],[10.478946,46.048003],[10.479051,46.048093],[10.479074,46.04824],[10.47921,46.048421],[10.479256,46.048625],[10.479233,46.048938],[10.479127,46.049261],[10.479111,46.049394],[10.479051,46.049511],[10.479071,46.049601],[10.478912,46.049752],[10.47881,46.049798],[10.47878,46.049913],[10.478545,46.050064],[10.478562,46.050191],[10.478423,46.050335],[10.478208,46.0505],[10.478026,46.050604],[10.477858,46.050615],[10.477722,46.050627],[10.477672,46.050748],[10.477821,46.050719],[10.477864,46.050762],[10.477825,46.050803],[10.477881,46.050829],[10.477973,46.050813],[10.477977,46.050918],[10.477825,46.051088],[10.477666,46.051251],[10.477497,46.051334]]},"properties":{"id":"24ecbd33-e081-453c-a098-ede8ff0c878a","cls":"path","osm":["w1445865242@1"],"conn":[["d513c5d7-409d-494b-97c4-531a56363b0f",0.0],["0c598f3a-8b86-44ea-96c7-20ec9a1f230d",1.0]]}},{"type":"Feature","geometry":{"type":"LineString","coordinates":[[10.600225,46.057559],[10.600284,46.0576],[10.600336,46.057603],[10.600476,46.057614],[10.600604,46.057609],[10.600671,46.057656],[10.60074,46.057716],[10.600776,46.057764],[10.600764,46.057826],[10.600851,46.057882],[10.600934,46.057901],[10.600961,46.057934],[10.601009,46.057952],[10.601051,46.057953],[10.601115,46.057986],[10.601132,46.058004],[10.601139,46.058047],[10.60119,46.058095],[10.601296,46.058107],[10.60141,46.058071],[10.601584,46.058047],[10.601703,46.058071],[10.60178,46.058259],[10.60193,46.058408],[10.602378,46.058538],[10.602458,46.058601],[10.602555,46.058737],[10.602654,46.058866],[10.602748,46.058934],[10.602922,46.059007],[10.603048,46.059041],[10.603169,46.05908],[10.603223,46.059182],[10.603593,46.059402],[10.603534,46.059467],[10.603682,46.05963],[10.603701,46.059652],[10.604386,46.059872],[10.604799,46.060151],[10.604729,46.060345],[10.604977,46.060609],[10.605217,46.060601],[10.605367,46.06068],[10.605508,46.060846],[10.605539,46.060884],[10.60565,46.060932],[10.605747,46.060986],[10.605792,46.061053],[10.605868,46.061084],[10.605982,46.061168],[10.606112,46.061194],[10.606214,46.061246],[10.606389,46.061238],[10.606552,46.06126],[10.60673,46.061234],[10.606864,46.061361],[10.607046,46.061417],[10.607138,46.061428],[10.607164,46.061458],[10.60725,46.061493],[10.607202,46.061584],[10.607292,46.061616],[10.607353,46.061691],[10.60742,46.061732],[10.607547,46.061799],[10.607559,46.061846],[10.607612,46.061869],[10.60762,46.061914],[10.607885,46.062064],[10.607844,46.062134],[10.607907,46.062233],[10.607938,46.06243],[10.608098,46.062552],[10.608158,46.062546],[10.608272,46.062609],[10.608382,46.062631],[10.608432,46.062666],[10.608666,46.062708],[10.608872,46.06297],[10.609022,46.063198],[10.608972,46.063262],[10.609046,46.063345],[10.609026,46.063438],[10.609359,46.063635],[10.609932,46.063664],[10.610111,46.063807],[10.610233,46.063801],[10.610333,46.063926],[10.610418,46.063974],[10.610521,46.064005],[10.610501,46.064027],[10.610516,46.064103],[10.610614,46.064151],[10.610897,46.064455],[10.610856,46.064494],[10.610872,46.064535],[10.610858,46.064572],[10.610801,46.064597],[10.610758,46.064625],[10.610808,46.064852],[10.610909,46.064967],[10.61084,46.065021],[10.610842,46.065159],[10.610996,46.065424],[10.611088,46.065638],[10.611272,46.065825],[10.611366,46.065862],[10.611657,46.066149],[10.61172,46.066185],[10.611713,46.06626],[10.611775,46.066293],[10.611932,46.066263],[10.612265,46.066268],[10.612326,46.066236],[10.612455,46.066223],[10.61269,46.066134],[10.612914,46.066234],[10.613077,46.066292],[10.61328,46.066328],[10.613403,46.066383],[10.61352,46.066475],[10.613612,46.066584],[10.613826,46.066712],[10.613937,46.066752],[10.613976,46.066754],[10.614054,46.066815],[10.614221,46.066874],[10.614319,46.066894],[10.614422,46.066908],[10.614889,46.066857],[10.615089,46.066982],[10.615043,46.067015],[10.615164,46.067062],[10.615223,46.067116],[10.615345,46.067147],[10.615416,46.067138],[10.61549,46.067115],[10.615687,46.067142],[10.615742,46.067185],[10.61588,46.067148],[10.616006,46.06718],[10.616053,46.067237],[10.61613,46.067291],[10.616136,46.067374],[10.61624,46.067456],[10.616315,46.067573],[10.616293,46.067678],[10.616299,46.067766],[10.616358,46.067901],[10.616487,46.068192],[10.616664,46.068379],[10.616858,46.068396],[10.617185,46.068546],[10.617351,46.068581],[10.617373,46.068659],[10.617453,46.068683],[10.617532,46.06873],[10.617624,46.068756],[10.617725,46.068833],[10.617864,46.068889],[10.618086,46.068946],[10.618124,46.068983],[10.618198,46.068988],[10.618219,46.068981],[10.618292,46.069004],[10.618421,46.069051],[10.618619,46.069079],[10.618737,46.069127],[10.618894,46.06918],[10.618978,46.069169],[10.619004,46.069128],[10.619075,46.069088],[10.619132,46.069024],[10.619186,46.068935],[10.619276,46.068905],[10.619407,46.068985],[10.619474,46.068967],[10.619549,46.068989],[10.619595,46.06903],[10.620002,46.069148],[10.620311,46.069155],[10.62039,46.069231],[10.620623,46.069287],[10.620771,46.069255],[10.620841,46.069186],[10.620951,46.069183],[10.621027,46.069205],[10.621143,46.069207],[10.6213,46.069169],[10.621412,46.069231],[10.62155,46.06934],[10.621615,46.069492],[10.621874,46.069469],[10.622901,46.069971],[10.623245,46.070119],[10.623416,46.07011],[10.623502,46.07021],[10.623605,46.070247],[10.623767,46.070265],[10.62383,46.070293],[10.623875,46.070354],[10.62395,46.070403],[10.624084,46.07046],[10.624182,46.070485],[10.62438,46.070571],[10.624742,46.070669],[10.62491,46.070801],[10.624922,46.070826]]},"properties":{"id":"24fa51a4-fb23-4eb6-9a6a-5ff26954605c","cls":"path","osm":["w367464097@16"],"conn":[["37700704-0ab6-4ba2-acc3-69fed17c565a",0.0],["f3612a53-0761-4922-a64c-a074ea4e465f",1.0]]}},{"type":"Feature","geometry":{"type":"LineString","coordinates":[[10.559632,46.005889],[10.559809,46.005899],[10.559889,46.005864],[10.559929,46.0057],[10.560109,46.005548],[10.56023,46.005397],[10.560283,46.005238],[10.560329,46.005063],[10.560401,46.004979],[10.560475,46.004885],[10.560569,46.004803],[10.560871,46.004664],[10.561075,46.004576],[10.561235,46.004511],[10.561333,46.004423],[10.561682,46.004251],[10.561842,46.004104],[10.562028,46.003973],[10.562172,46.003934],[10.56221,46.003843],[10.562282,46.003807],[10.562382,46.003813],[10.562571,46.00366],[10.562783,46.003427],[10.56286,46.003368],[10.562978,46.003308],[10.563267,46.003285],[10.56332,46.00326],[10.563328,46.003216],[10.563389,46.003216],[10.563417,46.00319],[10.563524,46.003191],[10.563573,46.003166],[10.563501,46.003112],[10.56343,46.003092],[10.563467,46.003023],[10.563682,46.00295],[10.563826,46.002854],[10.563946,46.002804],[10.564079,46.002832],[10.564175,46.002834],[10.564266,46.002806],[10.564312,46.002754],[10.564395,46.002615],[10.564481,46.00256],[10.564509,46.002572],[10.564481,46.002686],[10.564438,46.002809],[10.564422,46.002892],[10.564494,46.002893],[10.564556,46.002834],[10.564615,46.002746],[10.56472,46.002665],[10.564763,46.002724],[10.564838,46.002734],[10.564878,46.002781],[10.565015,46.00277],[10.565103,46.002835],[10.565251,46.002919],[10.565396,46.002999],[10.565516,46.003109],[10.565667,46.003191],[10.565691,46.003256],[10.565744,46.00332],[10.565889,46.003386],[10.566219,46.003491],[10.566358,46.003558],[10.56649,46.003755],[10.566576,46.003819],[10.566643,46.003914],[10.566648,46.004018],[10.566737,46.004067],[10.566831,46.004053],[10.566919,46.004009],[10.567177,46.003968],[10.567447,46.003934],[10.567678,46.00391],[10.567788,46.003975],[10.567922,46.004126],[10.567965,46.004256],[10.568046,46.004331],[10.568139,46.004379],[10.568198,46.004469],[10.568279,46.004583],[10.568378,46.00464],[10.568563,46.004657],[10.568705,46.004702],[10.568813,46.004726],[10.568957,46.004767],[10.569038,46.004758],[10.569172,46.004815],[10.569346,46.004871],[10.569604,46.004907],[10.56977,46.004855],[10.569872,46.004838],[10.570162,46.004827],[10.57047,46.004775],[10.570578,46.004666],[10.570712,46.00457],[10.571023,46.004368],[10.571186,46.004355],[10.571323,46.004456],[10.571479,46.004562],[10.571613,46.004663],[10.571744,46.004734],[10.571994,46.004804],[10.572168,46.00484],[10.572353,46.004931],[10.57256,46.004974],[10.572756,46.004994],[10.573021,46.004994],[10.573356,46.004955],[10.573638,46.004931],[10.573818,46.004961],[10.574164,46.005015],[10.574443,46.004996],[10.574464,46.00497],[10.574609,46.004973],[10.574732,46.00496],[10.57492,46.004961],[10.574942,46.004948],[10.574963,46.004903],[10.575149,46.004716],[10.575233,46.004571],[10.575292,46.004414],[10.575317,46.004303],[10.575372,46.004185],[10.575416,46.004124],[10.575514,46.004174],[10.575569,46.004224],[10.575781,46.004455],[10.575874,46.004563],[10.575964,46.004613],[10.576027,46.004644],[10.57609,46.004665],[10.5762,46.004669],[10.576583,46.004774],[10.576792,46.004789],[10.576988,46.004797],[10.577063,46.004829],[10.577142,46.004818],[10.577315,46.004823],[10.577425,46.00485],[10.577661,46.004878],[10.57771,46.004915],[10.577919,46.004963],[10.578074,46.005017],[10.578273,46.005078],[10.578398,46.00513],[10.578513,46.005201],[10.578638,46.005259],[10.578856,46.005473],[10.578917,46.005597],[10.579088,46.005637],[10.579161,46.005568],[10.579241,46.005538],[10.579249,46.00552],[10.579633,46.00546],[10.579821,46.005426],[10.579938,46.005436],[10.580044,46.00545],[10.580232,46.005497],[10.58041,46.005574],[10.580457,46.005651],[10.580442,46.005691],[10.58045,46.005713],[10.580507,46.005706],[10.580566,46.005723],[10.580644,46.005729],[10.580753,46.005782],[10.580865,46.005698],[10.580956,46.005669],[10.581081,46.005655],[10.581172,46.005668],[10.581606,46.005816],[10.581713,46.005842],[10.581746,46.005859],[10.581769,46.005881],[10.581783,46.00593],[10.581942,46.006006],[10.582057,46.006103],[10.58209,46.006175],[10.582045,46.006246],[10.582032,46.006322],[10.582068,46.006373]]},"properties":{"id":"254ccf1a-17a9-4f21-9b8f-a4a80a73b141","cls":"path","osm":["w419315583@4"],"conn":[["fc87e978-cb23-4d0d-8271-90ecb70a244f",0.0],["a707c182-2629-43ff-8a2a-02d458dec1d7",1.0]]}},{"type":"Feature","geometry":{"type":"LineString","coordinates":[[10.429932,46.048187],[10.429986,46.048153],[10.430258,46.047944],[10.430412,46.047807],[10.430966,46.047565],[10.431004,46.047532],[10.431024,46.047385],[10.431043,46.047296],[10.431113,46.047252],[10.431731,46.047136],[10.432159,46.047089],[10.43253,46.047114],[10.432899,46.047128],[10.433404,46.047188],[10.435143,46.047611],[10.435612,46.047767],[10.436533,46.048079],[10.437059,46.048221],[10.437359,46.048337],[10.437984,46.04851],[10.43862,46.04858],[10.43876,46.048586],[10.439036,46.048597],[10.439217,46.048564],[10.439526,46.04853],[10.440284,46.048541],[10.441196,46.048551],[10.441939,46.048541],[10.442049,46.048528],[10.442325,46.048431],[10.442391,46.048345],[10.442504,46.048297],[10.443048,46.048254],[10.443868,46.048182],[10.444135,46.048122],[10.4444,46.048062],[10.445446,46.047908],[10.44563,46.047895],[10.4461,46.047883],[10.446346,46.047887],[10.446447,46.047862],[10.447,46.047672],[10.447279,46.047596],[10.447511,46.047561],[10.448299,46.047526],[10.448557,46.04752],[10.448676,46.047466],[10.448831,46.047314],[10.448946,46.04725],[10.449636,46.047124],[10.450224,46.046937],[10.450662,46.046794]]},"properties":{"id":"25e21004-d5ac-4459-8d6f-1fb22bad0493","cls":"track","osm":["w288579600@6"],"conn":[["6f42a63a-f000-4fd6-8487-8c9f28b6052a",0.0],["4ad04d8c-d9b2-4706-8e69-49a04134b507",0.338157],["d5c9fe08-5715-44ac-ab09-502b66fc751d",1.0]],"access":[{"type":"allowed","when":["foot"]},{"type":"allowed","when":["motor_vehicle"]}]}},{"type":"Feature","geometry":{"type":"LineString","coordinates":[[10.459121,45.97499],[10.459098,45.974972],[10.459062,45.974952],[10.458912,45.974889]]},"properties":{"id":"262d4cd7-9025-486f-90fe-aa5013434fec","cls":"path","osm":["w1124673814@2"],"sr":[["gravel",null,null]],"conn":[["5f4edc02-8b9d-4ee4-8330-2d078b88cbb1",0.0],["226b0b66-2d56-40c5-847a-27edc6608ef8",1.0]]}},{"type":"Feature","geometry":{"type":"LineString","coordinates":[[10.545578,46.061543],[10.545761,46.06154],[10.545901,46.061529],[10.546033,46.061551],[10.546075,46.061588],[10.546193,46.06163],[10.546278,46.061659],[10.54639,46.061675],[10.546512,46.061706],[10.546599,46.061721],[10.546675,46.061755],[10.546766,46.061779],[10.546846,46.06182],[10.546898,46.061851],[10.547002,46.061878],[10.547096,46.06185],[10.547183,46.061805],[10.547208,46.061741],[10.547161,46.061714],[10.54715,46.061689],[10.547187,46.06167],[10.547254,46.061689],[10.547335,46.061706],[10.547393,46.061717],[10.547479,46.061723],[10.547531,46.0617],[10.547558,46.06167],[10.547569,46.061619],[10.54762,46.061632],[10.547653,46.061632],[10.547682,46.061659],[10.547702,46.061704],[10.547731,46.061732],[10.547763,46.061765],[10.54783,46.061743],[10.547894,46.061751],[10.548003,46.061776],[10.548044,46.061836],[10.54807,46.061867],[10.548133,46.061844],[10.548246,46.061786],[10.548364,46.061724],[10.548434,46.061698],[10.548538,46.06171],[10.54861,46.061681],[10.548668,46.061704],[10.548697,46.061683],[10.548882,46.061644],[10.548955,46.061579],[10.549,46.061568],[10.54902,46.061514],[10.549031,46.061469],[10.549055,46.061441],[10.549109,46.061415],[10.549158,46.061407],[10.549214,46.061395],[10.549269,46.061386],[10.549307,46.061378],[10.54939,46.061398],[10.549486,46.06146],[10.549452,46.06156],[10.54947,46.06163],[10.549475,46.0617],[10.549452,46.061741],[10.549423,46.061745],[10.54938,46.061793],[10.549196,46.061893],[10.549096,46.061961],[10.548938,46.062076],[10.5489,46.062139],[10.548844,46.062285],[10.548812,46.06234],[10.54875,46.062391],[10.548699,46.062478],[10.54868,46.062566],[10.548645,46.06264],[10.548715,46.062676],[10.548788,46.062685],[10.548848,46.062677],[10.548917,46.06266],[10.549009,46.062609],[10.549147,46.06253],[10.549272,46.062468],[10.549339,46.062506],[10.549354,46.062578],[10.549323,46.062645],[10.54931,46.062734],[10.549319,46.062829],[10.549303,46.062891],[10.549299,46.062946],[10.549303,46.062997],[10.549381,46.062974],[10.549468,46.062966],[10.549528,46.062928],[10.549582,46.062905],[10.549608,46.062939],[10.549648,46.062926],[10.549698,46.062909],[10.549762,46.062906],[10.549782,46.062957],[10.549762,46.06301],[10.549738,46.063056],[10.54972,46.063107],[10.549718,46.063147],[10.549789,46.063132],[10.549871,46.063124],[10.549898,46.063095],[10.549918,46.063163],[10.549925,46.063234],[10.549912,46.0633],[10.549912,46.063347],[10.549905,46.06343],[10.549891,46.063509],[10.54988,46.063568],[10.549923,46.063593],[10.54992,46.063641],[10.549903,46.063693],[10.549909,46.063737],[10.549956,46.06378],[10.549978,46.063819],[10.549986,46.06385],[10.55003,46.063884],[10.550045,46.063938],[10.550014,46.064015],[10.550025,46.064072],[10.550021,46.064117],[10.550032,46.064146],[10.550051,46.064152],[10.550051,46.064164],[10.550112,46.06423],[10.550109,46.064243],[10.550168,46.064292],[10.550176,46.064334],[10.55016,46.064346],[10.550149,46.064506],[10.550224,46.064583],[10.550246,46.064664],[10.550425,46.06479],[10.550525,46.064886],[10.550683,46.064967],[10.550756,46.064966],[10.550811,46.064951],[10.550888,46.064988],[10.550961,46.064976],[10.551008,46.064994],[10.551072,46.064998],[10.55109,46.065032],[10.55111,46.06504],[10.551158,46.065094],[10.551181,46.065112],[10.551184,46.06513],[10.551224,46.06515],[10.551216,46.065205],[10.551255,46.065209],[10.551291,46.065266],[10.551307,46.065263],[10.551343,46.065286],[10.551348,46.065336],[10.551369,46.06537],[10.551418,46.065402],[10.551455,46.065525],[10.551514,46.065583],[10.551563,46.065601],[10.551624,46.065604],[10.551656,46.065625],[10.551646,46.06564],[10.551682,46.065653],[10.551706,46.065721],[10.551752,46.065826],[10.551758,46.065848],[10.551738,46.065896],[10.551846,46.065966],[10.551933,46.066038],[10.551997,46.066137],[10.552019,46.066229],[10.552013,46.066321],[10.552095,46.066382],[10.552155,46.066502],[10.552168,46.066721],[10.552145,46.066828],[10.552114,46.066927],[10.552086,46.067014],[10.552133,46.067087],[10.552168,46.067185],[10.55219,46.067305],[10.552228,46.067408],[10.552231,46.067528],[10.552231,46.067625],[10.552262,46.067712],[10.552429,46.067771],[10.552508,46.06783],[10.552634,46.067859],[10.55271,46.067909],[10.552893,46.067948],[10.553094,46.067955],[10.553296,46.067955],[10.553454,46.067918],[10.553574,46.067981],[10.553671,46.067977],[10.553819,46.068029],[10.55404,46.068075],[10.554172,46.068123],[10.554223,46.068104],[10.554314,46.06811],[10.554472,46.06811],[10.554655,46.068176],[10.554708,46.068147],[10.554794,46.068163],[10.554942,46.068163],[10.55497,46.068185],[10.555049,46.068163],[10.555282,46.068213],[10.555487,46.068246],[10.555626,46.068272],[10.555744,46.068292],[10.555911,46.068359],[10.556064,46.068396],[10.556231,46.068416],[10.556589,46.068372],[10.556766,46.06842],[10.556855,46.068491],[10.556981,46.068499],[10.557236,46.068561],[10.557381,46.068625],[10.557644,46.06877],[10.5578,46.068795],[10.558073,46.068899],[10.558229,46.068886],[10.55839,46.068994],[10.558522,46.069102],[10.558645,46.069178],[10.558724,46.069266],[10.558781,46.069325],[10.558954,46.06941],[10.559071,46.069539],[10.559237,46.069695],[10.559378,46.069947],[10.559531,46.070028],[10.559704,46.070224],[10.559931,46.070412],[10.560057,46.070648],[10.560283,46.070954],[10.560325,46.071204],[10.560376,46.071348],[10.560506,46.07152],[10.56045,46.071621],[10.560387,46.071776],[10.560415,46.071938],[10.560488,46.071992],[10.560563,46.072004],[10.560677,46.071989],[10.560749,46.072014],[10.560945,46.07201],[10.561014,46.071989],[10.561286,46.072006],[10.561255,46.072161],[10.561479,46.072194],[10.561575,46.072228],[10.561848,46.072238],[10.561906,46.072269],[10.561879,46.072409],[10.561887,46.07246],[10.561881,46.072711],[10.561997,46.072751],[10.562223,46.072765],[10.562158,46.072992],[10.562198,46.073032],[10.56222,46.073115],[10.562258,46.073306],[10.562312,46.073318],[10.562272,46.073457],[10.56225,46.073509],[10.56224,46.073584],[10.562291,46.073605],[10.562365,46.073598],[10.562399,46.073605],[10.562395,46.073635],[10.562371,46.07366],[10.562399,46.073704],[10.562393,46.073716],[10.562398,46.073748],[10.562406,46.073769],[10.562412,46.073777],[10.562407,46.073789],[10.562396,46.073796],[10.562391,46.073812],[10.562389,46.073837],[10.562378,46.073863],[10.56238,46.073881],[10.562382,46.073897],[10.562413,46.073914],[10.562416,46.07393],[10.56241,46.073945],[10.562409,46.073961],[10.562407,46.07398],[10.562408,46.074007],[10.56239,46.074045],[10.562387,46.074123],[10.562298,46.074219],[10.562308,46.074313],[10.562349,46.074418],[10.562352,46.07455],[10.562323,46.074615],[10.56226,46.074707],[10.562178,46.074775],[10.562175,46.074891],[10.562068,46.074982],[10.562059,46.075046],[10.562043,46.07509],[10.562172,46.075079],[10.562453,46.075098],[10.562528,46.075138],[10.562683,46.075144],[10.562799,46.075147],[10.562957,46.075098],[10.563086,46.075041],[10.563143,46.075013],[10.563238,46.075048],[10.563291,46.075147],[10.563427,46.075221],[10.563499,46.07526],[10.563546,46.07521],[10.563632,46.075238],[10.563673,46.075225],[10.563742,46.075278],[10.56372,46.07533],[10.563767,46.07537],[10.563818,46.075394],[10.563862,46.075494],[10.563978,46.075556],[10.563991,46.075586],[10.564067,46.075682],[10.564051,46.075776],[10.564186,46.075958],[10.564212,46.076076],[10.564171,46.076148],[10.564164,46.076277],[10.564158,46.076452]]},"properties":{"id":"264f4a12-92e5-41ab-aa3d-68b6f1f181de","cls":"path","osm":["w231869483@5"],"conn":[["8f6a67f0-ce72-4de0-9e98-a5959e88b1de",0.0],["bd73a6f8-0e4d-47b9-970f-482b8d037929",1.0]]}},{"type":"Feature","geometry":{"type":"LineString","coordinates":[[10.560262,45.973108],[10.560214,45.972975],[10.560189,45.97291]]},"properties":{"id":"26be0be7-34a5-4120-a504-2fe7fffa22a1","cls":"service","osm":["w82597120@1"],"conn":[["f86f6cd5-4bdd-48a3-a8c3-2611970bf500",0.0],["3f8a625a-7db1-4bb9-8585-e2a92c2a4b3d",0.668675],["663a5368-174e-4da9-9e56-b189a95c5ad0",1.0]]}},{"type":"Feature","geometry":{"type":"LineString","coordinates":[[10.568204,46.042881],[10.568214,46.042817],[10.5682,46.042678],[10.568134,46.042598],[10.567967,46.042546],[10.567891,46.042477],[10.567842,46.042408],[10.567851,46.042338],[10.567871,46.042294]]},"properties":{"id":"271fcbe2-5d1b-4dbc-938b-ab3e0abf804f","cls":"path","osm":["w1116887922@4"],"conn":[["ed746c2c-165a-4555-89ea-d7eedd6f6681",0.0],["80b0ac56-3a1e-47b4-8231-bfedda3a392c",1.0]]}},{"type":"Feature","geometry":{"type":"LineString","coordinates":[[10.528114,45.959933],[10.528246,45.960029]]},"properties":{"id":"272df34a-71c4-4e2f-8a2a-d180563580c4","cls":"track","osm":["w60206725@7"],"conn":[["51ad45d4-e399-44d8-b4e2-560857978d27",0.0],["7180fd58-ce2d-41a7-9c1d-3b7a1d547011",1.0]]}},{"type":"Feature","geometry":{"type":"LineString","coordinates":[[10.449087,45.991721],[10.449056,45.991761],[10.449068,45.991789],[10.449123,45.991811],[10.449253,45.991812],[10.449471,45.991804],[10.449935,45.991748],[10.450269,45.99174],[10.45046,45.991804],[10.450716,45.991781],[10.451101,45.991878],[10.451587,45.991964],[10.452696,45.992157],[10.453604,45.992436],[10.454897,45.992942],[10.455181,45.99309],[10.455404,45.993196],[10.455603,45.993291],[10.455705,45.993342],[10.455739,45.993369],[10.455768,45.993396],[10.455787,45.993427],[10.455809,45.993465],[10.45583,45.99351],[10.455844,45.993552],[10.455851,45.9936],[10.45587,45.993727],[10.455848,45.993939],[10.455809,45.994062],[10.455746,45.994155],[10.455659,45.994266],[10.455673,45.994293],[10.455707,45.994375],[10.455733,45.994469],[10.455734,45.994543],[10.455779,45.994687],[10.455856,45.99476],[10.455924,45.994794],[10.456069,45.994842],[10.456163,45.994841],[10.45624,45.994841],[10.456292,45.994863],[10.456301,45.994885],[10.456305,45.994964],[10.456429,45.995076],[10.456604,45.995316],[10.456721,45.995535],[10.456749,45.995615],[10.456725,45.995657],[10.456673,45.99571],[10.456525,45.995736],[10.456341,45.995731],[10.456059,45.995616],[10.455948,45.995606],[10.455689,45.995485],[10.455518,45.995417],[10.455463,45.995424],[10.455338,45.995521],[10.455065,45.995621],[10.454965,45.995663],[10.454761,45.995731],[10.454498,45.996003],[10.454495,45.996146],[10.454533,45.996303],[10.454484,45.99638],[10.454343,45.996455],[10.454243,45.99656],[10.4541,45.996648],[10.454043,45.996665],[10.453849,45.996678],[10.45372,45.996717],[10.45364,45.996806],[10.453524,45.996901],[10.453368,45.997008],[10.453183,45.997079],[10.453083,45.997072],[10.452921,45.997134],[10.452845,45.9972],[10.452779,45.997223],[10.452383,45.997406],[10.451788,45.997615],[10.451521,45.997788],[10.451382,45.997799],[10.451273,45.997845],[10.451103,45.99791],[10.450967,45.997941],[10.450884,45.997948],[10.45065,45.997869],[10.450544,45.997853],[10.450173,45.997938],[10.449971,45.997931],[10.449803,45.997952],[10.449464,45.998162],[10.449515,45.998265],[10.449504,45.998326],[10.449198,45.998334],[10.449051,45.998265],[10.449023,45.998225],[10.449019,45.998159],[10.448938,45.998059],[10.448892,45.998036],[10.448672,45.998058],[10.448502,45.997972],[10.448458,45.997978],[10.448293,45.998095],[10.448208,45.998114],[10.448082,45.99813],[10.447963,45.99811],[10.447778,45.998157],[10.44772,45.998244],[10.447595,45.998266],[10.447539,45.99842],[10.447363,45.998509],[10.447273,45.998605],[10.447182,45.998636],[10.447095,45.998624],[10.446986,45.998653],[10.44691,45.998786],[10.446826,45.998858],[10.446768,45.998875],[10.446713,45.998863],[10.446684,45.998843],[10.446662,45.998824],[10.446644,45.998836],[10.446633,45.99887],[10.446606,45.998905],[10.446582,45.998932],[10.446544,45.998948],[10.44648,45.998947],[10.44639,45.998941],[10.446215,45.998893],[10.446134,45.998918],[10.446102,45.998953],[10.446092,45.999029],[10.44606,45.999066],[10.446006,45.999089],[10.445945,45.999097],[10.44587,45.999101],[10.445766,45.999091],[10.445671,45.999053],[10.445575,45.999032],[10.445453,45.999034],[10.44537,45.999058],[10.44529,45.999162],[10.445159,45.999272],[10.445168,45.999298],[10.445204,45.999336],[10.445266,45.99935],[10.445374,45.999376],[10.44563,45.999489],[10.445667,45.999532],[10.445664,45.999567],[10.445685,45.999633],[10.445745,45.999702],[10.445799,45.999774],[10.445814,45.999835],[10.445813,45.999954],[10.445791,46.000019],[10.4458,46.00006],[10.445865,46.000086],[10.445897,46.0001],[10.445909,46.000132],[10.445756,46.000236],[10.445694,46.000266],[10.445528,46.000299],[10.445467,46.000329],[10.445434,46.000361],[10.445431,46.000399],[10.445473,46.000478],[10.445532,46.000512],[10.445608,46.000553],[10.445639,46.000594],[10.445732,46.000652],[10.445812,46.000663],[10.445847,46.000679],[10.445847,46.000715],[10.445803,46.000776],[10.445798,46.000804],[10.445835,46.000839],[10.445892,46.000853],[10.445938,46.000877],[10.445942,46.000928],[10.445932,46.000944],[10.445901,46.000993],[10.445887,46.001039],[10.445973,46.001178],[10.446122,46.001306],[10.446131,46.00137],[10.446123,46.001402],[10.446039,46.001436],[10.445956,46.001513],[10.445851,46.00156],[10.44578,46.001574],[10.445685,46.001579],[10.445677,46.00161],[10.445762,46.00172],[10.445716,46.001773],[10.445714,46.001854],[10.445698,46.001888],[10.445664,46.001917],[10.445584,46.001928],[10.445488,46.001969],[10.445454,46.002042],[10.445453,46.002081],[10.445578,46.002088],[10.445695,46.002141],[10.445835,46.00216],[10.445946,46.002188],[10.445972,46.002225],[10.445958,46.002262],[10.445835,46.002317],[10.445709,46.002323],[10.445654,46.002341],[10.44563,46.0024],[10.445595,46.002424],[10.445481,46.002444],[10.445361,46.002487],[10.4453,46.002508],[10.445289,46.002544],[10.445297,46.002572],[10.445386,46.002617],[10.445417,46.002655],[10.445416,46.002778],[10.445426,46.00284],[10.445408,46.002868],[10.445349,46.002909],[10.445057,46.003017],[10.445025,46.003043],[10.445025,46.00308],[10.445076,46.00311],[10.445214,46.003137],[10.445243,46.00315],[10.445245,46.003236],[10.445296,46.00341],[10.445317,46.003456],[10.445377,46.00353],[10.445431,46.003549],[10.445478,46.003543],[10.445605,46.003497],[10.445738,46.003488],[10.445785,46.003515],[10.445803,46.003583],[10.445903,46.003731],[10.446037,46.003826],[10.446062,46.0039],[10.446177,46.004057],[10.4463,46.004269],[10.446321,46.004364],[10.446377,46.00442],[10.446442,46.004524],[10.446459,46.004582],[10.446486,46.004617],[10.446504,46.004658],[10.446406,46.004751],[10.446348,46.004781],[10.446205,46.004819],[10.446027,46.004907],[10.44601,46.004946],[10.44593,46.005017],[10.44572,46.005139],[10.445705,46.005183],[10.445771,46.005263],[10.44591,46.005372],[10.445968,46.005443],[10.445986,46.005495],[10.445964,46.005533],[10.445905,46.005566],[10.445855,46.005613],[10.44584,46.005687],[10.445851,46.005773],[10.445905,46.005911],[10.445923,46.005957],[10.445948,46.005998],[10.446075,46.006069],[10.446188,46.006268],[10.44618,46.006312],[10.446082,46.006386],[10.446008,46.006458],[10.445972,46.006568],[10.445994,46.006757],[10.445966,46.006829],[10.445891,46.006924],[10.445886,46.006977],[10.445917,46.007004]]},"properties":{"id":"287613a0-2089-4a4b-a54e-1af98b9f69ba","cls":"path","osm":["w297029638@7"],"conn":[["8724ebdd-cb26-4dec-8e18-c685a875af39",0.0],["c9c6182b-5a40-4ad5-b098-b4cf1a68be4b",0.235083],["ad367089-0ffa-47bf-8b97-450cdd34755c",0.255998],["6f8ef80f-eaa7-4248-9103-abff6452e737",0.626932],["8656fc2d-b70c-4f9e-852b-12f5f8835739",1.0]]}},{"type":"Feature","geometry":{"type":"LineString","coordinates":[[10.559632,46.005889],[10.559478,46.006071],[10.559514,46.006358],[10.559589,46.006467],[10.559524,46.00662],[10.559366,46.006713],[10.559226,46.006854],[10.559187,46.006929],[10.559197,46.007074],[10.559201,46.007281],[10.55929,46.007355],[10.559344,46.007484],[10.559323,46.007666],[10.559429,46.007757],[10.559464,46.007848],[10.559519,46.007943],[10.559609,46.007994],[10.559698,46.00815],[10.559586,46.008317],[10.55954,46.008401],[10.559573,46.008501],[10.559684,46.008562],[10.559704,46.008669],[10.559927,46.008804],[10.560009,46.008955],[10.560189,46.008998],[10.560372,46.008966],[10.560525,46.008968],[10.560699,46.008991],[10.560981,46.009025],[10.561238,46.009091],[10.561381,46.009217],[10.561519,46.009253],[10.56149,46.009324],[10.561406,46.009345],[10.561508,46.009377],[10.561496,46.009417],[10.561533,46.009443],[10.561511,46.009484],[10.561642,46.009507],[10.561895,46.009719],[10.561899,46.009811],[10.561993,46.009914],[10.562362,46.010097],[10.562459,46.010199],[10.562569,46.010322],[10.562614,46.010411],[10.562657,46.01054],[10.56252,46.010665],[10.562279,46.010793],[10.562244,46.010825],[10.562276,46.010924],[10.562252,46.010993],[10.562338,46.011099],[10.56233,46.011188],[10.562215,46.011257],[10.562349,46.011527],[10.562442,46.011596],[10.562539,46.011594],[10.562941,46.011779],[10.562968,46.011866],[10.562896,46.011959],[10.562783,46.012],[10.562711,46.012162],[10.56255,46.012274],[10.562491,46.012367],[10.562247,46.012399],[10.561965,46.012483],[10.561799,46.012487],[10.561584,46.012431],[10.561391,46.012287],[10.561222,46.012203],[10.561064,46.012162],[10.560919,46.012161],[10.560782,46.012187],[10.560734,46.012244],[10.560664,46.012323],[10.560574,46.012335],[10.560364,46.012311],[10.560322,46.012335],[10.560305,46.012321],[10.560208,46.012442],[10.560203,46.012499],[10.560109,46.01252],[10.560089,46.012559],[10.559779,46.012766],[10.55961,46.013053],[10.559401,46.013191],[10.559221,46.013334],[10.559065,46.013507],[10.558787,46.014003],[10.558634,46.014206],[10.558526,46.014238],[10.558484,46.01437],[10.558427,46.01445],[10.558274,46.014539],[10.55817,46.014631],[10.55813,46.014792],[10.55821,46.015053],[10.558339,46.015288],[10.558489,46.015377],[10.558653,46.015495],[10.558741,46.015641],[10.558755,46.015713],[10.558696,46.015766],[10.558624,46.015825],[10.558642,46.015887],[10.55858,46.016218],[10.55853,46.016371],[10.558521,46.016442],[10.558521,46.016564],[10.558633,46.016648],[10.558589,46.016785],[10.558624,46.016979],[10.558773,46.017188],[10.558876,46.017356],[10.558957,46.017462],[10.558966,46.01755],[10.55888,46.01779],[10.55893,46.017862],[10.558988,46.017967],[10.558997,46.018067],[10.559127,46.018108],[10.559091,46.018233],[10.559177,46.01827],[10.559204,46.018373],[10.559509,46.018654],[10.55972,46.018844],[10.55994,46.018953],[10.560309,46.019037],[10.560681,46.019125],[10.561054,46.019234],[10.561279,46.019415],[10.561454,46.019602],[10.56153,46.019783],[10.561602,46.019795],[10.561908,46.020213],[10.56202,46.020247],[10.562015,46.02036],[10.56215,46.020456],[10.562271,46.020534],[10.562505,46.020831],[10.562617,46.020952],[10.562797,46.021021],[10.562985,46.02118],[10.563143,46.021208],[10.563125,46.021258],[10.563201,46.021311],[10.563183,46.021348],[10.563147,46.02139],[10.563111,46.021432],[10.563107,46.021495],[10.56286,46.021691],[10.562806,46.021751],[10.562725,46.021766],[10.562644,46.021835],[10.562653,46.021922],[10.562545,46.021981],[10.562514,46.022094],[10.562447,46.022162],[10.562447,46.022218],[10.562361,46.022222],[10.562357,46.022337],[10.562249,46.02234],[10.562231,46.022421],[10.562181,46.022477],[10.562276,46.022646],[10.56224,46.022689],[10.562339,46.022805],[10.562217,46.022936],[10.56224,46.023101],[10.562208,46.02317],[10.562375,46.0233],[10.562473,46.02345],[10.562532,46.023572],[10.562563,46.024052],[10.562635,46.024146],[10.562586,46.024264],[10.56246,46.024336],[10.562464,46.024401],[10.562568,46.024482],[10.562572,46.024579],[10.562684,46.024651],[10.562613,46.024657],[10.562801,46.024766],[10.562851,46.024853],[10.562828,46.024891],[10.562923,46.024922],[10.563044,46.025222],[10.563197,46.025321],[10.563192,46.025533],[10.563273,46.025614],[10.563313,46.025733],[10.563421,46.025883],[10.563511,46.025895],[10.563547,46.025967],[10.563771,46.026091],[10.564045,46.026319],[10.564149,46.026531],[10.564153,46.0266],[10.564194,46.02664],[10.564274,46.026712],[10.564288,46.026768],[10.564355,46.026806],[10.564256,46.027055],[10.56427,46.027146],[10.564288,46.027239],[10.564333,46.027286],[10.564355,46.02746],[10.564337,46.027548],[10.56436,46.027613],[10.564409,46.027632],[10.564481,46.027632],[10.564562,46.027554],[10.564539,46.027704],[10.56502,46.028281],[10.565101,46.028274],[10.565191,46.028514],[10.565348,46.028701],[10.565384,46.028932],[10.565667,46.02945],[10.565815,46.029606],[10.565824,46.029743],[10.565905,46.029818],[10.566004,46.02998],[10.566026,46.03007],[10.565981,46.030192],[10.566039,46.030251],[10.566066,46.030569],[10.566084,46.030675],[10.566026,46.030866],[10.566062,46.031065],[10.565954,46.03123],[10.565842,46.031287],[10.565918,46.031365],[10.565806,46.031533],[10.565658,46.031832],[10.565505,46.031932],[10.565554,46.031976],[10.565465,46.032072],[10.565456,46.032406],[10.565469,46.03254],[10.565613,46.032855],[10.565541,46.032924],[10.565653,46.032983],[10.565662,46.033067],[10.565653,46.03312],[10.565698,46.033148],[10.56564,46.033204],[10.565509,46.033413],[10.565482,46.03346],[10.565451,46.033538],[10.565307,46.033538],[10.565182,46.033747],[10.565285,46.033809],[10.565325,46.033909],[10.565159,46.033906],[10.565294,46.034024],[10.565249,46.034115],[10.565312,46.034152],[10.565321,46.034221],[10.565447,46.034292],[10.565505,46.03462],[10.565554,46.034645],[10.565613,46.0349],[10.565806,46.035134],[10.56612,46.035427],[10.56621,46.035592],[10.566376,46.035761],[10.566453,46.035861],[10.566471,46.035957],[10.566628,46.036041],[10.566848,46.036175],[10.566781,46.036403],[10.56687,46.036497],[10.566875,46.03703],[10.566915,46.037145],[10.566897,46.037239],[10.567005,46.037373],[10.566884,46.037497],[10.566812,46.037613],[10.566911,46.037784],[10.566852,46.037865],[10.566906,46.037912],[10.566848,46.037974],[10.566915,46.038083],[10.566866,46.038268],[10.56679,46.038255],[10.566781,46.038317],[10.566834,46.038358],[10.56683,46.038408],[10.56714,46.038451],[10.56705,46.03852],[10.567131,46.038533],[10.567158,46.038598],[10.567243,46.038645],[10.567387,46.038757],[10.567306,46.038776],[10.5674,46.038851],[10.567351,46.038938],[10.567315,46.039078],[10.567364,46.03914],[10.567239,46.039122],[10.567351,46.039221],[10.56736,46.039381],[10.567391,46.039608],[10.567328,46.039708],[10.567346,46.039817],[10.567301,46.03992],[10.56723,46.039979],[10.567293,46.040026],[10.567234,46.040088],[10.56714,46.040126],[10.567104,46.040335],[10.56723,46.040412],[10.567239,46.040475],[10.567423,46.040534],[10.567423,46.040643],[10.567306,46.040852],[10.567342,46.040902],[10.567284,46.040952],[10.567301,46.040995],[10.56718,46.041073],[10.567212,46.041167],[10.567153,46.04121],[10.567203,46.041304]]},"properties":{"id":"2917e468-bc5e-469a-a53a-a1bf77b9a77b","cls":"path","name":"Sentiero dell'acquedotto","osm":["w1324957367@3","w1324960013@1","w1324960014@1","w513715362@6"],"sr":[["dirt",0.0,0.191779]],"conn":[["fc87e978-cb23-4d0d-8271-90ecb70a244f",0.0],["71162f83-50a6-4709-8b63-181f6a3199b9",0.180388],["274bb539-0e23-4b1c-b132-95c148b6c368",0.478325],["6830b620-2a0c-4eab-ba77-abe94a60e66e",1.0]]}},{"type":"Feature","geometry":{"type":"LineString","coordinates":[[10.508443,46.042396],[10.508139,46.042383],[10.50785,46.042341],[10.507637,46.042207],[10.507429,46.041955],[10.507305,46.04182],[10.507053,46.041731],[10.506845,46.041665]]},"properties":{"id":"2918f7ae-40cc-46c0-9cb0-e8e2bf065e4c","cls":"path","osm":["w1176912805@1"],"conn":[["b20af96f-6727-4c91-be1f-8499a6349f68",0.0],["c7f3aaa3-8f87-4341-b44f-8b91e41ab68a",1.0]]}},{"type":"Feature","geometry":{"type":"LineString","coordinates":[[10.59691,46.108322],[10.597595,46.108368],[10.597685,46.108406],[10.597719,46.10854],[10.597814,46.108575],[10.597895,46.108591],[10.598045,46.108593],[10.598121,46.108658],[10.598249,46.108737],[10.598562,46.108787],[10.598635,46.108813],[10.598782,46.108818],[10.598977,46.108909],[10.599106,46.108891],[10.599357,46.108904],[10.599484,46.108964],[10.599536,46.108984],[10.599642,46.108992],[10.599942,46.108891],[10.600099,46.108766],[10.600466,46.108662],[10.60053,46.108654],[10.600726,46.10865],[10.600726,46.108464],[10.600807,46.108379],[10.601061,46.108261],[10.601235,46.108236],[10.60129,46.108293],[10.601346,46.108318],[10.601912,46.108249],[10.602318,46.108311],[10.602626,46.108267],[10.602707,46.108213],[10.602749,46.108131],[10.603006,46.107969],[10.603354,46.107531],[10.603399,46.107274],[10.603445,46.107167],[10.603582,46.106901]]},"properties":{"id":"2994f4f3-511f-4480-a4f0-3f9bb9a0d818","cls":"path","osm":["w294969502@4"],"conn":[["9ec8d6b4-4a19-4600-b04e-9e7bd680322c",0.0],["6067b6b9-81ad-4356-b068-c3e4bdc816e8",1.0]]}},{"type":"Feature","geometry":{"type":"LineString","coordinates":[[10.636678,45.966736],[10.636603,45.966863],[10.636377,45.967121],[10.636077,45.967408],[10.635745,45.967727],[10.635528,45.967903],[10.635331,45.968005],[10.635237,45.968128],[10.635042,45.968247],[10.634809,45.96846],[10.634614,45.968555],[10.634419,45.968731],[10.634333,45.969],[10.634142,45.969363],[10.633985,45.969556],[10.633839,45.969614],[10.63378,45.969701],[10.633668,45.969758],[10.633512,45.969927],[10.633423,45.970016],[10.63331,45.970075],[10.633222,45.970095],[10.633124,45.97009],[10.633024,45.970087],[10.632937,45.970045],[10.632805,45.97002],[10.632643,45.96998],[10.63255,45.96995],[10.632382,45.969931],[10.632256,45.969904],[10.631885,45.969849],[10.631549,45.969801],[10.631213,45.969783],[10.630852,45.969797],[10.630762,45.969786]]},"properties":{"id":"2a701165-39c1-4000-9081-df5518736c3e","cls":"track","name":"Strada forestale Spinale","osm":["w406213590@2"],"sr":[["gravel",null,null]],"conn":[["50e0c496-a1b2-43c3-a350-a9da2cdcdb0e",0.0],["222154e8-de8a-4089-8de8-731632c7a118",1.0]],"access":[{"type":"allowed","when":["foot","bicycle"]},{"type":"allowed","when":["motor_vehicle"]},{"type":"allowed","when":["for_forestry"]}]}},{"type":"Feature","geometry":{"type":"LineString","coordinates":[[10.543557,45.977036],[10.54354,45.976913],[10.543712,45.976445]]},"properties":{"id":"2abe573a-5249-4bcd-b3b3-a0dad7d33fa5","cls":"residential","osm":["w82198957@2"],"conn":[["4196c239-0be9-409d-8dac-4d0bcaf3b5a3",0.0],["50350184-311a-4735-b1b1-246588846a09",0.203397],["6809d0fc-b71a-43f7-94ac-d927a1a53452",1.0]]}},{"type":"Feature","geometry":{"type":"LineString","coordinates":[[10.452358,45.98133],[10.45229,45.981297],[10.452297,45.981332],[10.452269,45.981333],[10.452105,45.981234],[10.451941,45.981232],[10.451806,45.981156],[10.451738,45.981145],[10.451639,45.981246],[10.451679,45.981311],[10.451567,45.981342],[10.451631,45.981429],[10.451627,45.981447],[10.451592,45.981497],[10.45156,45.981538],[10.451514,45.981576],[10.451525,45.981636],[10.451498,45.981674],[10.451501,45.981721],[10.451532,45.981768],[10.45158,45.981833],[10.451582,45.981894],[10.451623,45.981946],[10.451607,45.982006],[10.451731,45.982199],[10.451754,45.982273],[10.451754,45.982345],[10.45183,45.982536],[10.45191,45.982663],[10.451936,45.982757],[10.451942,45.982865],[10.451979,45.982951],[10.451982,45.982996],[10.451954,45.983039],[10.451968,45.983333],[10.452003,45.98343],[10.451977,45.983615],[10.451968,45.983746],[10.451984,45.983826],[10.451981,45.983937],[10.45199,45.984034],[10.452023,45.984145],[10.452068,45.984252],[10.452094,45.984333],[10.452096,45.984484],[10.452105,45.984614],[10.452105,45.984713],[10.452113,45.984841],[10.45214,45.984922],[10.452203,45.984992],[10.45222,45.985087],[10.452188,45.985167],[10.45217,45.985231],[10.452179,45.985307],[10.452182,45.985394],[10.452152,45.985493],[10.452152,45.98559],[10.452152,45.985666],[10.452119,45.985767],[10.452122,45.985842],[10.452188,45.985945],[10.45222,45.986029],[10.452259,45.986128],[10.452321,45.986205],[10.452381,45.986298],[10.452384,45.986423],[10.45241,45.986531],[10.452523,45.986624]]},"properties":{"id":"2b04964b-255a-4584-a22c-e20edc824931","cls":"path","osm":["w297029651@6"],"sr":[["gravel",null,null]],"conn":[["b4f365c0-4bba-4c13-9533-4e213d20a456",0.0],["120563a1-89ce-481b-902f-5302a7fa5aaf",1.0]]}},{"type":"Feature","geometry":{"type":"LineString","coordinates":[[10.601306,46.096487],[10.601175,46.096548],[10.600935,46.096606],[10.600858,46.096589],[10.600753,46.096591],[10.600694,46.096595],[10.600632,46.096579],[10.600573,46.096572],[10.600543,46.096541],[10.600433,46.096538],[10.600364,46.096553],[10.600019,46.096545],[10.599577,46.0965],[10.599522,46.096418],[10.599216,46.096346],[10.59902,46.09624],[10.598931,46.096348],[10.598734,46.096286],[10.598601,46.096253],[10.598546,46.096246],[10.59848,46.0962],[10.598363,46.096176],[10.598274,46.096109],[10.598237,46.096063],[10.598116,46.09603],[10.598081,46.095897],[10.59798,46.095742],[10.597923,46.095631],[10.597971,46.095533],[10.597834,46.09541],[10.597821,46.095304],[10.597661,46.095225],[10.597565,46.095192],[10.597531,46.095229],[10.597573,46.095291],[10.597519,46.095294],[10.597459,46.095301],[10.597526,46.095391],[10.597534,46.095419],[10.597494,46.095432],[10.59735,46.095426],[10.597252,46.095459],[10.597144,46.09544],[10.597158,46.095488],[10.597196,46.095618],[10.597221,46.095652],[10.597164,46.095666],[10.59713,46.095683],[10.59716,46.0957],[10.597205,46.09571],[10.597212,46.09573],[10.597179,46.095743],[10.597138,46.095753],[10.597087,46.095779],[10.596998,46.095751],[10.596902,46.095708],[10.596869,46.095734],[10.596868,46.095814],[10.596794,46.09585],[10.596687,46.095836],[10.596657,46.095836],[10.596654,46.095874],[10.596596,46.095886],[10.596566,46.095843],[10.596568,46.095791],[10.596517,46.095749],[10.596469,46.095763],[10.596359,46.095748],[10.596297,46.095742],[10.596255,46.095776],[10.596161,46.095781],[10.596123,46.095815],[10.596111,46.095784],[10.596016,46.095774],[10.596,46.0958],[10.595926,46.095783],[10.595903,46.095818],[10.595816,46.095803],[10.59574,46.095828],[10.595801,46.095887],[10.595816,46.095949],[10.59577,46.095991],[10.595703,46.096046],[10.595608,46.096003],[10.595524,46.096017],[10.595467,46.096023],[10.595407,46.096048],[10.595369,46.09608],[10.595366,46.096123],[10.595281,46.09609],[10.595218,46.096047],[10.595163,46.09604],[10.595167,46.096094],[10.595134,46.096117],[10.595116,46.096163],[10.595082,46.096175],[10.59501,46.096146],[10.594985,46.09618],[10.594939,46.096197],[10.594605,46.096185],[10.594449,46.096156],[10.594351,46.096151],[10.594262,46.096129],[10.594231,46.096154],[10.594103,46.0961],[10.594007,46.096022],[10.593912,46.095988],[10.593885,46.096025],[10.593887,46.096071],[10.593859,46.09611],[10.59384,46.096167]]},"properties":{"id":"2b1828bf-e477-4991-bee0-e447f97ccd25","cls":"path","osm":["w972947472@4","w972952542@2"],"conn":[["e693280b-c055-4185-98ca-4c2d3c6dd159",0.0],["05d5361d-3505-491a-ba98-5d91dddb3ca9",1.0]]}},{"type":"Feature","geometry":{"type":"LineString","coordinates":[[10.579688,45.962574],[10.579603,45.962595],[10.579548,45.962664],[10.579391,45.962809],[10.57919,45.962891],[10.579,45.963005],[10.578904,45.963101],[10.578792,45.963324],[10.578632,45.963696],[10.578391,45.96403],[10.578193,45.964224],[10.577933,45.964357],[10.577853,45.964422],[10.577548,45.964694],[10.577481,45.964725],[10.577426,45.964727],[10.577388,45.964707],[10.577302,45.964449],[10.577191,45.964346],[10.576933,45.964216],[10.576702,45.964205],[10.576574,45.964123],[10.576385,45.963738],[10.5764,45.96361],[10.576417,45.963475],[10.57658,45.963159],[10.576571,45.963058],[10.576539,45.962949],[10.576468,45.962909]]},"properties":{"id":"2b28fcf0-ad95-4475-86be-3745c6210f37","cls":"unclassified","osm":["w334845241@2","w334845243@2","w82549456@3"],"fr":[["is_bridge",0.640948,0.718087]],"conn":[["62cf9460-e150-4ad4-829f-aaac6796d2c8",0.0],["160b7961-0a54-4042-ab35-9319f70ae178",0.547493],["a43b76dc-91aa-4086-b773-bd5cb830f4a5",0.849871],["7ff12594-d283-4621-b0ae-6b3165579579",1.0]]}},{"type":"Feature","geometry":{"type":"LineString","coordinates":[[10.471629,45.961575],[10.47158,45.961604],[10.471532,45.961688],[10.471431,45.961813],[10.47136,45.961931],[10.471429,45.962],[10.471583,45.962015],[10.471785,45.961986],[10.471968,45.961953],[10.47213,45.961995],[10.472196,45.962052],[10.47226,45.962202],[10.472155,45.96222],[10.471888,45.962228],[10.471783,45.962254],[10.471796,45.962281],[10.471946,45.962309],[10.472064,45.96235],[10.472038,45.962381],[10.471919,45.962449],[10.471767,45.962485],[10.471514,45.962569],[10.471435,45.962683],[10.471374,45.962852],[10.47136,45.963023],[10.471455,45.963151],[10.471602,45.963266],[10.471688,45.963416],[10.471746,45.963505],[10.471724,45.963624]]},"properties":{"id":"2c166f26-d168-4ddb-b8e6-502258cd4fa5","cls":"path","osm":["w1186901808@1","w1186901809@1","w230458590@4"],"fr":[["is_bridge",0.039841,0.082227]],"conn":[["f0e68e2c-057f-43ef-978c-1960e4475bca",0.0],["7024b721-2c82-42a7-be91-9e8732b928b5",1.0]]}},{"type":"Feature","geometry":{"type":"LineString","coordinates":[[10.489918,45.977229],[10.489765,45.97739],[10.489669,45.977505],[10.489556,45.977531],[10.489519,45.977636],[10.489401,45.977658],[10.489331,45.977725],[10.489299,45.977822],[10.489138,45.977889]]},"properties":{"id":"2c31c350-8ec8-4e2a-875d-cabba2e2d741","cls":"path","osm":["w1205832429@1"],"conn":[["6e091709-d528-4c11-a1ed-f3479d548ee0",0.0],["e379d509-addc-4441-99ed-fa15eb908e89",1.0]]}},{"type":"Feature","geometry":{"type":"LineString","coordinates":[[10.55707,45.982682],[10.557065,45.982605],[10.557427,45.982554],[10.557463,45.982631],[10.557593,45.982489],[10.557781,45.982472],[10.557885,45.98242],[10.558105,45.982396],[10.558089,45.982351],[10.557928,45.982299],[10.557826,45.98228],[10.558151,45.982198],[10.5581,45.982172],[10.557765,45.982107],[10.557674,45.982129],[10.557537,45.982137],[10.557444,45.982135],[10.557424,45.982106],[10.557611,45.98205],[10.557586,45.982036],[10.557481,45.982027],[10.557332,45.98203],[10.557245,45.982048],[10.557033,45.982078],[10.556764,45.982125],[10.556524,45.982125],[10.556399,45.982089],[10.556279,45.982067],[10.556036,45.981958],[10.555909,45.98195],[10.555775,45.981901],[10.555731,45.981871],[10.55571,45.981826],[10.555571,45.981816],[10.555472,45.981802],[10.555287,45.981749],[10.555161,45.98173],[10.555035,45.981705],[10.554852,45.981685],[10.554667,45.981601],[10.554421,45.981473],[10.554428,45.981411],[10.554318,45.981339],[10.554221,45.981307],[10.553884,45.981219],[10.553571,45.98112],[10.553383,45.981117],[10.553345,45.981073],[10.553467,45.981004],[10.553522,45.980969],[10.553323,45.980923],[10.55326,45.980872],[10.553261,45.980843],[10.553424,45.98079],[10.553093,45.980694],[10.553137,45.980636],[10.553529,45.980393],[10.553878,45.980123],[10.553968,45.980113],[10.55404,45.980115],[10.554192,45.980138],[10.554316,45.980264],[10.554368,45.980254],[10.554401,45.980278],[10.554786,45.980312],[10.554898,45.980387],[10.554929,45.98039],[10.555012,45.980427],[10.555049,45.980452],[10.555059,45.9805],[10.5551,45.980488],[10.55514,45.980418],[10.555072,45.98026],[10.555109,45.980113],[10.555179,45.98005],[10.555222,45.980074],[10.555435,45.979864],[10.55551,45.979875],[10.555517,45.979825],[10.555625,45.979829],[10.555584,45.979747],[10.555534,45.979652],[10.555536,45.97964],[10.555725,45.979673],[10.555748,45.979608],[10.555715,45.979552],[10.55582,45.97953],[10.555817,45.979495],[10.555742,45.979467],[10.555864,45.979465],[10.555898,45.979411],[10.555798,45.979342],[10.555783,45.979238],[10.555643,45.979181],[10.555766,45.979143],[10.555648,45.979089],[10.555608,45.979059],[10.555596,45.979008],[10.555627,45.978965],[10.555789,45.978962],[10.555734,45.978909],[10.555824,45.978891],[10.555912,45.978891],[10.555861,45.978823],[10.555739,45.978798],[10.555712,45.978778],[10.555758,45.978739],[10.555827,45.97868],[10.55583,45.978578],[10.555853,45.978527],[10.555793,45.978498],[10.555751,45.978482],[10.555605,45.978484],[10.555366,45.978535],[10.555273,45.978502],[10.555245,45.978464],[10.555267,45.978409],[10.555347,45.978352],[10.555353,45.978277],[10.555424,45.978208],[10.555354,45.978179],[10.555443,45.978104],[10.555571,45.978043],[10.555651,45.977984],[10.555593,45.977961],[10.555443,45.977949],[10.555282,45.977959],[10.555134,45.977996],[10.555028,45.978065],[10.554813,45.978097],[10.554818,45.978034],[10.554876,45.977974],[10.555155,45.977771],[10.555211,45.977728],[10.555322,45.977676],[10.555506,45.977638],[10.555876,45.977748],[10.5561,45.977789],[10.556245,45.977754],[10.55619,45.97769],[10.556128,45.977677],[10.555812,45.977385],[10.55582,45.977286],[10.555708,45.977184],[10.555837,45.977165],[10.55585,45.977158],[10.555865,45.977153],[10.555976,45.977067],[10.555994,45.976944],[10.555744,45.97671],[10.555723,45.976524],[10.555702,45.97649],[10.555657,45.976478],[10.555619,45.976455],[10.555603,45.976404]]},"properties":{"id":"2c81ce88-ed0f-4b91-a3ee-5caf694ed34f","cls":"path","osm":["w1326314838@1","w1326314839@1","w140054135@11"],"fr":[["is_bridge",0.944311,0.945034]],"conn":[["7b6ed04e-1af2-4253-a72c-f06ee6a6269e",0.0],["fe4b951d-db54-49d5-a844-7b83c18e37f5",1.0]]}},{"type":"Feature","geometry":{"type":"LineString","coordinates":[[10.46614,46.094014],[10.46623,46.09402],[10.466354,46.094051],[10.46647,46.09406],[10.466787,46.093939],[10.467022,46.093827],[10.467415,46.093672],[10.467674,46.093597],[10.468043,46.09347],[10.468261,46.09346],[10.468635,46.093549],[10.468959,46.093543],[10.469317,46.093501],[10.469571,46.093506],[10.4698,46.093466],[10.470083,46.093453],[10.470325,46.09349],[10.470629,46.093508],[10.470786,46.093503],[10.470912,46.09341],[10.470947,46.093347],[10.470899,46.093266],[10.470915,46.093101],[10.471013,46.093011],[10.471151,46.092933],[10.471314,46.092896],[10.471427,46.092863],[10.471405,46.092793],[10.471264,46.092739],[10.47106,46.092637],[10.470877,46.092532],[10.470639,46.092478],[10.470466,46.092388],[10.470268,46.092277],[10.470237,46.092199],[10.470271,46.092101],[10.470365,46.091916],[10.470413,46.091787],[10.470444,46.091637],[10.470422,46.091596],[10.470303,46.091565],[10.470193,46.091487],[10.469949,46.091151],[10.4698,46.090917],[10.469644,46.090759],[10.469515,46.090561],[10.469425,46.090355],[10.469368,46.090185],[10.469209,46.090019],[10.469102,46.089923],[10.469007,46.089799],[10.468872,46.089669],[10.468809,46.089609],[10.468701,46.089539],[10.468538,46.089448],[10.468349,46.089366],[10.468085,46.089307],[10.46793,46.089334],[10.467749,46.089338],[10.467609,46.089326],[10.46741,46.089277],[10.467193,46.089202],[10.467049,46.089116],[10.466908,46.089007],[10.466681,46.088927],[10.466492,46.088852],[10.466244,46.088773],[10.466043,46.088731],[10.465858,46.088653],[10.465754,46.088575],[10.465653,46.088508],[10.465474,46.088448],[10.465275,46.088408],[10.464901,46.088386],[10.464667,46.088363],[10.464326,46.088339]]},"properties":{"id":"2d33dad2-2a05-4472-ab72-2b756503727b","cls":"path","osm":["w1308106325@2"],"conn":[["f32296fa-247b-4fef-9cad-ec9573a5d0df",0.0],["6886e685-fda8-4581-bfd5-89bea1ef8244",0.699352],["295738af-e4fc-4d61-99a4-78e8cb68d69a",1.0]]}},{"type":"Feature","geometry":{"type":"LineString","coordinates":[[10.571003,45.991568],[10.571063,45.991599],[10.571075,45.99167],[10.571082,45.991882],[10.571124,45.992061],[10.571255,45.99253],[10.571467,45.992827],[10.571577,45.993141],[10.571532,45.993575],[10.571475,45.993727],[10.571393,45.993824],[10.571246,45.993905],[10.571141,45.993943],[10.571062,45.994012],[10.571011,45.994153],[10.570987,45.994279],[10.571006,45.994535],[10.571025,45.994896],[10.570987,45.995178],[10.570732,45.99567],[10.570656,45.996045],[10.570496,45.99634],[10.570369,45.996801],[10.570296,45.997396],[10.570265,45.997474],[10.570051,45.99767],[10.569966,45.997718],[10.569469,45.997878],[10.569326,45.99794],[10.569138,45.998126],[10.568852,45.998552],[10.568625,45.998827],[10.568461,45.999168],[10.568355,45.999283],[10.568252,45.999351],[10.568098,45.999396],[10.567875,45.9994],[10.567649,45.999382],[10.567498,45.999335],[10.567344,45.999248],[10.567001,45.99918],[10.566672,45.999164],[10.566505,45.999173],[10.56645,45.999146],[10.566397,45.99907]]},"properties":{"id":"2d759cea-0af6-4685-ac30-9526b2742e6f","cls":"track","osm":["w1326314842@2","w228887987@3","w59700853@2"],"conn":[["16dbd487-a324-4170-aeb6-4482f6b88de4",0.0],["28e3c819-0929-4e9e-80cd-337662617fe4",1.0]],"access":[{"type":"allowed","when":["for_forestry"]}]}},{"type":"Feature","geometry":{"type":"LineString","coordinates":[[10.472567,45.960381],[10.472563,45.960446],[10.472527,45.960657],[10.472566,45.960718],[10.472652,45.960743],[10.472748,45.960729],[10.47283,45.960741],[10.472898,45.96081],[10.473087,45.960836],[10.473199,45.960818],[10.473272,45.960853],[10.473375,45.960998],[10.473441,45.961096],[10.473488,45.961211],[10.473384,45.961358],[10.473188,45.96157],[10.473076,45.96165],[10.472962,45.961685],[10.472751,45.96163],[10.472513,45.96163],[10.472282,45.96167],[10.472135,45.961627],[10.471948,45.961645],[10.471759,45.961601],[10.471629,45.961575]]},"properties":{"id":"2dcfe962-8161-4ba7-a40c-58829281c457","cls":"path","osm":["w504798660@2"],"conn":[["fd90cfb6-6b42-4cef-8f8b-6bae4132feaf",0.0],["f0e68e2c-057f-43ef-978c-1960e4475bca",1.0]]}},{"type":"Feature","geometry":{"type":"LineString","coordinates":[[10.452358,45.98133],[10.452382,45.981433],[10.452396,45.981498]]},"properties":{"id":"2e216573-7314-4a26-83a5-a2048086247d","cls":"path","osm":["w363478453@2"],"sr":[["gravel",null,null]],"conn":[["b4f365c0-4bba-4c13-9533-4e213d20a456",0.0],["b8c51ec7-52d9-4cfe-8d76-d821811ab8da",1.0]]}},{"type":"Feature","geometry":{"type":"LineString","coordinates":[[10.568702,45.949346],[10.568784,45.949381],[10.569042,45.949473],[10.569406,45.949531],[10.569732,45.949651],[10.570091,45.949822],[10.570395,45.950039],[10.570521,45.950129],[10.571026,45.950542],[10.571476,45.950777],[10.571794,45.950963],[10.572007,45.951127],[10.572165,45.95121],[10.572274,45.951407],[10.572212,45.951521],[10.572233,45.951704],[10.572099,45.951954],[10.571998,45.952231],[10.571753,45.952381],[10.571766,45.952577],[10.571633,45.952738],[10.571566,45.953111],[10.57136,45.953267],[10.571265,45.953416],[10.571226,45.953575],[10.571065,45.953881],[10.571084,45.954092],[10.570991,45.954496],[10.570944,45.954755],[10.570711,45.955068],[10.570277,45.95516],[10.56999,45.955332],[10.569734,45.955321],[10.56909,45.955321],[10.568733,45.95544],[10.568407,45.955904],[10.567934,45.956173],[10.567578,45.956378],[10.567461,45.956589],[10.567546,45.956874],[10.567252,45.95716],[10.567066,45.957479],[10.566724,45.957834],[10.566499,45.958077],[10.566104,45.958093],[10.565809,45.958185],[10.56584,45.958428],[10.566398,45.958541],[10.567066,45.958719],[10.567267,45.959215],[10.56743,45.959781],[10.567663,45.960105],[10.567601,45.960482],[10.567391,45.96079],[10.567081,45.961086],[10.566817,45.961086],[10.566476,45.961059],[10.56601,45.961135],[10.565654,45.961162],[10.565188,45.961119],[10.564878,45.961],[10.564405,45.961243],[10.56404,45.961405],[10.563841,45.961481],[10.563761,45.961512],[10.563278,45.961464],[10.562565,45.961311],[10.561863,45.961296],[10.561556,45.961593],[10.561336,45.96199],[10.560996,45.962272],[10.560634,45.962348],[10.560349,45.962463],[10.560052,45.962539],[10.560009,45.962753],[10.560228,45.963187],[10.560283,45.963584],[10.560217,45.963942],[10.559767,45.964247],[10.559153,45.96443],[10.558802,45.964476],[10.55833,45.964507],[10.55799,45.964652],[10.55731,45.964812],[10.556926,45.964812],[10.556641,45.964529],[10.556322,45.96427],[10.555938,45.964202],[10.555565,45.96411],[10.555452,45.963985],[10.555107,45.963842],[10.554886,45.964028],[10.5547,45.964222],[10.554448,45.964279],[10.554033,45.964368],[10.553734,45.964831],[10.553404,45.965179],[10.553148,45.965576],[10.55283,45.965829],[10.552621,45.965883],[10.552349,45.966026],[10.552094,45.966249]]},"properties":{"id":"2f6e7f86-1d4b-40d0-9e12-0e4ecb11167d","cls":"track","name":"Strada forestale Ribor - Lumin","osm":["w228300988@4","w304077850@1"],"conn":[["5da3a6b2-2011-407f-a290-f5fef0f55d86",0.0],["5d0949fd-16a8-4339-8e45-a4a4b93a27aa",0.045206],["499cc477-dea5-4b85-9ad9-0ddc81ab6ac5",0.602461],["37c81b2b-9c61-4865-ab77-dba7559f2f5d",1.0]],"access":[{"type":"allowed","when":["motor_vehicle"]},{"type":"allowed","when":["motor_vehicle"]},{"type":"allowed","when":null},{"type":"allowed","when":["foot","bicycle"]},{"type":"allowed","when":["for_forestry"]}]}},{"type":"Feature","geometry":{"type":"LineString","coordinates":[[10.634882,46.013367],[10.63483,46.013219],[10.634916,46.013008],[10.634987,46.012924],[10.635147,46.012768],[10.635329,46.012685],[10.635634,46.012554],[10.636016,46.012447],[10.636257,46.012443],[10.636623,46.012344],[10.637187,46.012229],[10.637517,46.01212],[10.637785,46.012062],[10.638,46.011843],[10.638097,46.011657],[10.638166,46.011476],[10.638183,46.011262],[10.637984,46.011075],[10.63776,46.0109],[10.637365,46.010722],[10.63704,46.010496],[10.636743,46.010293],[10.636394,46.010183],[10.636211,46.009999],[10.63593,46.009802],[10.635597,46.009691],[10.635363,46.0095],[10.635101,46.009396],[10.635008,46.008964],[10.635069,46.00877],[10.635428,46.008634],[10.635699,46.008572],[10.635979,46.008485],[10.636853,46.008293],[10.637329,46.008092],[10.637768,46.007965],[10.638305,46.007807],[10.638609,46.00768],[10.638922,46.007515],[10.63916,46.007375],[10.639454,46.007184],[10.639482,46.007106],[10.639589,46.007099],[10.639883,46.007184],[10.640098,46.00721],[10.640225,46.00719],[10.64064,46.007112],[10.640883,46.007073],[10.641233,46.007005],[10.641892,46.006769],[10.641957,46.006671],[10.6422,46.006697],[10.642289,46.006759],[10.642545,46.006837],[10.64283,46.006879],[10.643129,46.006856],[10.643344,46.006892],[10.643657,46.006966],[10.643918,46.007012],[10.644227,46.007035],[10.64467,46.007041],[10.644871,46.007112],[10.645179,46.007168],[10.645333,46.007229],[10.64553,46.007275],[10.645694,46.007289]]},"properties":{"id":"2ff95b66-7205-48c5-bfe9-1a86b139985a","cls":"path","osm":["w1106929207@1"],"conn":[["96dfb85e-a0ac-41cc-8bc0-aaf9447593a8",0.0],["27f78625-16dc-4ff5-852f-756e82db9a5e",1.0]]}},{"type":"Feature","geometry":{"type":"LineString","coordinates":[[10.452901,45.961584],[10.452872,45.961562],[10.452804,45.961548],[10.452612,45.961528],[10.452509,45.961522],[10.452474,45.961515],[10.452458,45.961487],[10.452446,45.961428],[10.452434,45.961385],[10.45241,45.961346],[10.45236,45.96131],[10.452348,45.961283]]},"properties":{"id":"30089473-c4eb-4886-9348-8d0638192082","cls":"path","osm":["w504798657@2"],"sr":[["gravel",null,null]],"conn":[["815e8547-09c6-4cb5-855d-38cfbe104fd7",0.0],["e70724f4-3688-4b70-9a72-a6713ff365e5",1.0]]}},{"type":"Feature","geometry":{"type":"LineString","coordinates":[[10.626204,46.1079],[10.626188,46.10795],[10.626102,46.108006],[10.625976,46.108058],[10.625823,46.108104],[10.625701,46.108165],[10.625592,46.10826],[10.625584,46.108304],[10.625481,46.108392],[10.625378,46.10851],[10.625279,46.108565],[10.62522,46.108629],[10.625203,46.1087],[10.625249,46.108783],[10.625234,46.108845],[10.625206,46.108893],[10.625139,46.109004],[10.625061,46.109081],[10.624974,46.109184],[10.624985,46.109219],[10.624881,46.109329],[10.624835,46.109397],[10.624717,46.109516],[10.62464,46.109624],[10.624541,46.109689],[10.624304,46.10988],[10.624128,46.109955],[10.624014,46.110023],[10.623978,46.110104],[10.623741,46.110313],[10.623649,46.110393],[10.623586,46.11042],[10.623442,46.110589],[10.623514,46.110723],[10.623634,46.110806],[10.623697,46.110936],[10.624085,46.111431],[10.62416,46.111526],[10.624194,46.111647],[10.62422,46.11175],[10.624171,46.111809],[10.624073,46.111865],[10.623963,46.11192],[10.623801,46.111986],[10.623667,46.112076],[10.623574,46.112164],[10.62355,46.112273],[10.623549,46.112324],[10.623626,46.112494],[10.623629,46.112542],[10.623646,46.11264],[10.623696,46.112737],[10.623689,46.112825],[10.62344,46.112998],[10.623248,46.113027],[10.623106,46.113066],[10.623081,46.113175],[10.622995,46.113217],[10.622929,46.113278],[10.62293,46.113347],[10.622983,46.113405],[10.622972,46.11351],[10.622946,46.113596],[10.622893,46.113627],[10.622796,46.11365],[10.622654,46.113638],[10.622304,46.113646],[10.622212,46.113667],[10.622196,46.113711],[10.622183,46.113748],[10.622189,46.113774],[10.622208,46.113801],[10.622253,46.113821],[10.622334,46.113855],[10.622344,46.113886],[10.622325,46.113929],[10.622334,46.113992],[10.622363,46.114057],[10.622428,46.11412],[10.622412,46.11415],[10.622196,46.114237],[10.621925,46.114637],[10.621817,46.114734],[10.621749,46.11482],[10.621727,46.114985],[10.621701,46.115056],[10.621725,46.115089],[10.621655,46.115266],[10.621583,46.115351],[10.621588,46.115426],[10.621419,46.115617],[10.621401,46.115668],[10.621344,46.115716],[10.621279,46.11574],[10.62118,46.115766],[10.621188,46.115788],[10.621287,46.115863],[10.621368,46.115918],[10.621427,46.116015],[10.621451,46.116233],[10.621424,46.116264],[10.621376,46.116257],[10.621301,46.116203],[10.620861,46.116084],[10.620389,46.116026],[10.620416,46.116063],[10.620472,46.116089],[10.620601,46.116197],[10.620636,46.116247],[10.620577,46.116257],[10.620402,46.116253],[10.620172,46.116201],[10.619957,46.116194],[10.619783,46.116223],[10.619657,46.11622],[10.619327,46.116117],[10.61926,46.116129],[10.619228,46.116175],[10.619244,46.116266],[10.619311,46.116458],[10.619313,46.116627],[10.61937,46.116673],[10.619346,46.116732],[10.619332,46.116749],[10.619149,46.116789],[10.619165,46.116976],[10.619114,46.117033],[10.619035,46.117051],[10.618997,46.117132],[10.618684,46.117327],[10.618576,46.11757],[10.618398,46.117737],[10.618297,46.117856],[10.618241,46.117975],[10.61827,46.118066],[10.618206,46.118185],[10.618172,46.118294],[10.61816,46.118348]]},"properties":{"id":"3067b1ce-1037-4fc0-afaf-98d54fbd4ad5","cls":"path","name":"Ponte Tibetano","osm":["w175868405@6","w225908938@6","w62030408@9"],"fr":[["is_bridge",0.498725,0.504159]],"sr":[["metal",0.498725,0.504159]],"conn":[["5c882d7c-cf32-400d-ab9a-f8eeaee548c5",0.0],["845233a6-5052-406c-a56b-a66567025054",0.505908],["93bc93ad-640b-4818-b971-11030f3809f6",1.0]],"access":[{"type":"allowed","when":["foot"]}]}},{"type":"Feature","geometry":{"type":"LineString","coordinates":[[10.541403,46.071049],[10.541433,46.071055],[10.541567,46.071125],[10.541718,46.071238],[10.541809,46.071433],[10.5419,46.071525],[10.541963,46.071781],[10.542063,46.071919],[10.54232,46.072173],[10.542474,46.072353],[10.542514,46.072395],[10.54258,46.072456],[10.542921,46.072597],[10.543335,46.072553],[10.543571,46.072534],[10.543909,46.072492],[10.544157,46.072538],[10.544254,46.072557],[10.54439,46.07249],[10.544586,46.072532],[10.544755,46.072691],[10.544846,46.072911],[10.544906,46.07319],[10.544919,46.07333],[10.545067,46.073364],[10.545287,46.0734],[10.545466,46.073397],[10.545632,46.073397],[10.545655,46.073456],[10.545654,46.07353],[10.545803,46.073583],[10.54583,46.073608],[10.545824,46.073684],[10.545939,46.073781],[10.546022,46.073818],[10.546078,46.073888],[10.546108,46.073956],[10.546234,46.074003],[10.546303,46.074033],[10.546314,46.074103],[10.546358,46.074139],[10.546421,46.07419],[10.546435,46.074309],[10.5464,46.07436],[10.546284,46.074415],[10.546258,46.074459],[10.54633,46.07452],[10.54642,46.074582],[10.54656,46.074683],[10.546681,46.074797],[10.546758,46.074864],[10.546926,46.074907],[10.547085,46.075059],[10.547199,46.075151],[10.547218,46.075215],[10.54733,46.075252],[10.547387,46.075269],[10.547494,46.075341],[10.547582,46.075378],[10.547639,46.075441],[10.547708,46.075541],[10.547736,46.075575],[10.5478,46.075576],[10.547904,46.075557],[10.54802,46.075569],[10.548152,46.075581],[10.548236,46.075592],[10.548322,46.075656],[10.548338,46.075668],[10.548424,46.07573],[10.548537,46.075813],[10.548691,46.075885],[10.548827,46.075969],[10.548868,46.076028],[10.54898,46.076092],[10.549054,46.076145],[10.549185,46.076208],[10.549311,46.076262],[10.549429,46.076303],[10.5496,46.076331],[10.549741,46.076342],[10.54991,46.07638],[10.55001,46.076445],[10.549997,46.07654],[10.549965,46.076597],[10.549996,46.076666],[10.550111,46.076776],[10.550195,46.076858],[10.550278,46.076909],[10.550399,46.077008],[10.550472,46.077062],[10.550602,46.077126],[10.550722,46.07721],[10.550815,46.077257],[10.550881,46.077278],[10.551004,46.077375],[10.551103,46.077439],[10.551176,46.077523],[10.551275,46.077645],[10.55126,46.077719],[10.551303,46.077774],[10.551372,46.077859],[10.551425,46.077993],[10.551443,46.078097],[10.551517,46.078127],[10.551544,46.078216],[10.551514,46.0783],[10.551493,46.078476],[10.551499,46.078623],[10.551554,46.078711],[10.551695,46.078873],[10.55193,46.079027],[10.552092,46.079137],[10.552103,46.079252],[10.552201,46.079316],[10.552334,46.079356],[10.55249,46.079463],[10.552661,46.079578],[10.552742,46.079659],[10.55284,46.079681],[10.552921,46.079607],[10.553011,46.079555],[10.553182,46.079574],[10.55333,46.079544],[10.553447,46.07957],[10.553556,46.079627],[10.55359,46.079697],[10.55356,46.079767],[10.553609,46.079869],[10.553667,46.080025],[10.553701,46.080145],[10.553785,46.080238],[10.553951,46.080345],[10.554094,46.080466],[10.554139,46.080595],[10.554191,46.08065],[10.554263,46.080689]]},"properties":{"id":"315fbb70-918a-4aa1-a5fb-9f58f1c45f77","cls":"path","osm":["w230246478@5"],"conn":[["5a8e19f1-49ec-4880-b367-81b101cdd768",0.0],["2cd697c2-ba28-4d33-bd67-d984c91cec32",1.0]]}},{"type":"Feature","geometry":{"type":"LineString","coordinates":[[10.528246,45.960029],[10.52832,45.960088],[10.528408,45.960162],[10.528475,45.960243],[10.528537,45.960327],[10.528583,45.960388],[10.528664,45.960448],[10.528826,45.960483],[10.529113,45.960552],[10.529692,45.96075],[10.529828,45.960831],[10.530104,45.960917],[10.530219,45.961073],[10.530362,45.961132],[10.530622,45.961187],[10.530828,45.961289],[10.531284,45.961535],[10.531777,45.96177],[10.532188,45.962054],[10.532811,45.96255],[10.53335,45.962756],[10.533684,45.962953],[10.533903,45.963142],[10.534096,45.963468],[10.534577,45.963825],[10.535116,45.964125],[10.535612,45.964423],[10.535759,45.964568],[10.536335,45.964987],[10.536728,45.965293],[10.537173,45.965571],[10.537656,45.966055],[10.537791,45.966339],[10.537876,45.966764],[10.538191,45.967197],[10.538288,45.967618],[10.538335,45.967828],[10.538402,45.968037]]},"properties":{"id":"31a0307d-2de2-4ef0-80a9-156bec23a8bd","cls":"track","osm":["w374567049@4"],"sr":[["paved",null,null]],"conn":[["7180fd58-ce2d-41a7-9c1d-3b7a1d547011",0.0],["f346f743-50a3-49c2-aa6c-6cb1854e72ec",1.0]],"access":[{"type":"allowed","when":["motor_vehicle"]}]}},{"type":"Feature","geometry":{"type":"LineString","coordinates":[[10.475843,45.961168],[10.475772,45.961146],[10.475673,45.96109],[10.475566,45.961012],[10.475499,45.960917],[10.475464,45.960803]]},"properties":{"id":"31c47d7c-2369-48d3-891e-9de5db60eb0f","cls":"path","osm":["w1125189283@1"],"conn":[["abeb9f83-f9dd-4a2c-ba88-a4e693c6f14f",0.0],["ef9973ff-b430-45f1-ac3f-c7c2c03eba4f",1.0]]}},{"type":"Feature","geometry":{"type":"LineString","coordinates":[[10.570419,45.968824],[10.570436,45.968936],[10.570329,45.969036],[10.570106,45.969079],[10.569971,45.969107]]},"properties":{"id":"323922a7-6d2e-4b1d-a37b-026ede3e7df8","cls":"track","osm":["w82591760@1"],"conn":[["961900d4-0e67-43ae-be6e-d0a88500d0b3",0.0],["be54d2e5-8210-46d2-867a-764077a60a21",1.0]]}},{"type":"Feature","geometry":{"type":"LineString","coordinates":[[10.625953,46.107537],[10.625932,46.107501]]},"properties":{"id":"3346e0f2-44aa-474d-9826-d20860d739a1","cls":"path","osm":["w973470620@1"],"conn":[["86b00316-0f05-4746-b14e-51f7ea2c406e",0.0],["be118b8d-d1d6-4a09-b9c1-2fc142a203fa",1.0]]}},{"type":"Feature","geometry":{"type":"LineString","coordinates":[[10.453523,45.990741],[10.453568,45.990554],[10.453541,45.990412],[10.453523,45.990271],[10.453479,45.990163],[10.453408,45.990065],[10.453373,45.989917],[10.453333,45.989773],[10.45332,45.989563],[10.453324,45.989468],[10.453284,45.98937],[10.453297,45.989188],[10.453359,45.989044],[10.453457,45.988847],[10.45351,45.988647],[10.453501,45.988469],[10.45355,45.988315],[10.45351,45.988311],[10.45349,45.988245],[10.453489,45.988232],[10.453483,45.988156],[10.453481,45.988077],[10.453483,45.987983],[10.453482,45.987907]]},"properties":{"id":"3376d8aa-64ec-437d-87d6-024f1d60e946","cls":"path","osm":["w1123889574@4"],"conn":[["6d4eeaca-0358-4ac4-86ca-b2f5301cc063",0.0],["02689639-5204-41b1-b8e5-0fbc048fcf78",0.480564],["392a7e59-538d-45ed-aa82-33e1facb66b2",0.888285],["c7ce7764-d7c5-423c-8812-1ed48af40ac4",1.0]]}},{"type":"Feature","geometry":{"type":"LineString","coordinates":[[10.513475,46.052414],[10.513524,46.052446],[10.513594,46.052542],[10.513655,46.052719],[10.513926,46.053036],[10.513929,46.053068],[10.513937,46.053969],[10.513938,46.054001],[10.513932,46.05409],[10.513954,46.05424],[10.513987,46.054402],[10.513989,46.054461],[10.513963,46.054525],[10.513869,46.054618],[10.513842,46.054674],[10.513826,46.054864],[10.513801,46.05491],[10.513701,46.055012],[10.513606,46.055074],[10.513539,46.055116],[10.513452,46.055191],[10.513434,46.05529],[10.513448,46.055364],[10.513503,46.055423],[10.513555,46.055458],[10.513646,46.055538],[10.513754,46.055655],[10.513775,46.05573],[10.513756,46.055777]]},"properties":{"id":"34589e36-d87f-4072-8f29-3234b32912de","cls":"service","osm":["w82897608@2","w82897610@3"],"sr":[["paved",0.0,0.45817]],"conn":[["2cf6386c-e6c0-43b6-b08d-c495d7691dea",0.0],["e573600d-d6e9-4195-8be1-7d53f8f84553",0.012978],["3a38684d-c3d0-440e-b3eb-14db65300d77",0.449312],["ad8be41c-f4f1-44d2-8cdd-4a00bfcff3ce",1.0]],"access":[{"type":"allowed","when":null}]}},{"type":"Feature","geometry":{"type":"LineString","coordinates":[[10.613587,46.032675],[10.613262,46.033021],[10.612795,46.033281],[10.612403,46.033411],[10.612048,46.033592],[10.611581,46.033696],[10.611132,46.033994],[10.610609,46.034137],[10.610198,46.034292],[10.610012,46.034383],[10.609563,46.034539],[10.60904,46.03472],[10.608704,46.034915],[10.608424,46.035096],[10.607976,46.035317],[10.607919,46.035537],[10.607583,46.035693]]},"properties":{"id":"35674e9b-e454-4217-845e-b546adb17f5d","cls":"path","osm":["w1319906833@1"],"conn":[["e9c93c00-0e90-4666-966d-6d079975e43a",0.0],["02460b0d-75a5-47c7-86e2-407d3a6512c4",1.0]]}},{"type":"Feature","geometry":{"type":"LineString","coordinates":[[10.544734,45.976936],[10.544658,45.976947],[10.544582,45.976954],[10.544505,45.976959],[10.544427,45.976959],[10.54397,45.976957],[10.543808,45.976971],[10.543721,45.976993],[10.543557,45.977036]]},"properties":{"id":"36305141-78ae-40cc-8393-ebe03da723cb","cls":"tertiary","osm":["r3253283@23","w303113660@4"],"sr":[["paved",null,null]],"conn":[["fcee2427-fc7f-48d3-ae51-9959646ec2eb",0.0],["0d7131fe-4ae8-4f93-be59-d18160750e98",0.258518],["4196c239-0be9-409d-8dac-4d0bcaf3b5a3",1.0]]}},{"type":"Feature","geometry":{"type":"LineString","coordinates":[[10.62861,46.024122],[10.628873,46.024254],[10.629428,46.024945],[10.630539,46.025821],[10.631418,46.026573],[10.631858,46.026741],[10.632454,46.027292],[10.633081,46.02788],[10.633601,46.028376],[10.633773,46.028703],[10.633773,46.028763]]},"properties":{"id":"3764ff5c-fdd9-4854-ace2-50bb8aa73156","cls":"track","osm":["w1546499008@1"],"conn":[["d1cf37e2-4c26-4d29-aa1b-332483de0399",0.0],["ad7f22c7-5be5-4886-891c-b2be890154b3",1.0]]}},{"type":"Feature","geometry":{"type":"LineString","coordinates":[[10.479361,46.113482],[10.480555,46.113464],[10.48186,46.113464],[10.483732,46.113531],[10.485973,46.113134],[10.486692,46.113086],[10.487666,46.112897],[10.489349,46.112793],[10.490549,46.11284],[10.491268,46.113134],[10.492005,46.11354],[10.493339,46.114571],[10.493651,46.115043],[10.494029,46.115422],[10.4961,46.116972],[10.496837,46.11737],[10.497423,46.11805],[10.49835,46.119242],[10.498435,46.119478],[10.499144,46.119799],[10.499617,46.120556],[10.500165,46.121057],[10.500875,46.121747],[10.501413,46.12223],[10.501924,46.122806],[10.502179,46.12326],[10.502189,46.123534],[10.502265,46.123625],[10.50221,46.123694],[10.502179,46.12381]]},"properties":{"id":"38705d4f-d76d-4bae-aa44-2338d0157546","cls":"path","osm":["w231824051@4"],"conn":[["4afc2c2b-5b78-4336-8ec0-2d86d8eedb84",0.0],["7d992cbd-33d4-4b48-b55d-308cb4fd8efc",1.0]]}},{"type":"Feature","geometry":{"type":"LineString","coordinates":[[10.540088,45.979143],[10.540223,45.97923],[10.540461,45.97953],[10.540626,45.97966],[10.540616,45.979743],[10.54056,45.979777],[10.540288,45.979795],[10.54008,45.979891],[10.540109,45.979976],[10.540196,45.980114],[10.539827,45.980252],[10.539759,45.98034],[10.540024,45.980417],[10.540655,45.980653],[10.541031,45.980741],[10.541346,45.980771]]},"properties":{"id":"387c39aa-8f73-49ba-87f3-8d150e1a4e6e","cls":"unclassified","osm":["w241102122@1"],"conn":[["c35c2393-d6f9-41e8-be93-d24ac865b53d",0.0],["9e02ade4-b782-4b57-943b-4be8ae0c6b39",1.0]]}},{"type":"Feature","geometry":{"type":"LineString","coordinates":[[10.452605,45.986707],[10.452838,45.986838],[10.452979,45.987064],[10.452986,45.98712],[10.453008,45.987206],[10.453015,45.987289],[10.452991,45.98736],[10.453006,45.987421],[10.453001,45.98749],[10.453023,45.987588],[10.452933,45.987682]]},"properties":{"id":"390a68f6-6b63-4ec8-9ade-d5d4afb7842b","cls":"path","osm":["w1123889571@2"],"conn":[["d8e2ab28-634d-4368-ba23-9ac8735fe8d1",0.0],["db4ea9c1-db04-4232-a433-5830ede99da8",1.0]]}},{"type":"Feature","geometry":{"type":"LineString","coordinates":[[10.512797,45.947478],[10.512849,45.947651],[10.512765,45.94775],[10.512706,45.947985],[10.512714,45.948196],[10.512744,45.948403],[10.512754,45.948518],[10.512755,45.948608],[10.512827,45.948757],[10.512966,45.949192],[10.513111,45.949412],[10.513307,45.949471],[10.513444,45.949645],[10.513492,45.949889],[10.513578,45.95021],[10.513618,45.950463],[10.513688,45.950922],[10.513688,45.951019],[10.513857,45.951217],[10.513922,45.951444],[10.514015,45.951577],[10.514093,45.951788],[10.514157,45.951855],[10.514514,45.952075],[10.514774,45.952207],[10.514965,45.952296],[10.515049,45.952298],[10.515122,45.95231],[10.515171,45.952346],[10.515131,45.952372],[10.515131,45.952393],[10.515297,45.95249],[10.51547,45.952488],[10.515583,45.952559],[10.515543,45.952702],[10.515541,45.952717],[10.515606,45.952765],[10.515697,45.952785],[10.515936,45.952893],[10.516065,45.952947],[10.516492,45.953243],[10.516537,45.953322],[10.516557,45.953394],[10.516515,45.953491],[10.516471,45.953582],[10.516461,45.953669],[10.516648,45.953804],[10.516817,45.953858],[10.516978,45.953872],[10.517084,45.954098],[10.517174,45.954216],[10.517317,45.954406],[10.517536,45.954572],[10.517667,45.954745],[10.517841,45.954897],[10.51793,45.955037],[10.517973,45.95513],[10.518,45.955203],[10.518108,45.955574],[10.518362,45.955941],[10.518688,45.956215],[10.5188,45.956306],[10.518863,45.956462],[10.519044,45.956683],[10.519199,45.956854],[10.519205,45.957215],[10.519048,45.957547],[10.518926,45.957809],[10.518878,45.957945],[10.518862,45.958062],[10.51898,45.958478],[10.518996,45.958717],[10.519152,45.959],[10.519331,45.959257],[10.5199,45.959882],[10.520176,45.960279],[10.520389,45.960639],[10.520466,45.960928],[10.520702,45.961297],[10.520994,45.961624],[10.521287,45.961935],[10.521394,45.962077],[10.521488,45.962166],[10.521657,45.962241],[10.521762,45.962287],[10.521917,45.96231],[10.52222,45.962505],[10.522331,45.962619],[10.522413,45.962703],[10.52263,45.962828],[10.522799,45.962863],[10.522998,45.963011],[10.523077,45.963157],[10.523183,45.963354],[10.523482,45.963603],[10.523576,45.963654],[10.523593,45.963566],[10.523615,45.963515],[10.523701,45.963466],[10.523837,45.963456],[10.524185,45.963434],[10.524237,45.963408],[10.524257,45.963363],[10.52424,45.963327],[10.523976,45.963196],[10.523896,45.963069],[10.523948,45.962819],[10.523912,45.962653],[10.523974,45.96239],[10.524073,45.962107],[10.524154,45.962092],[10.524277,45.962123],[10.524489,45.962204],[10.524535,45.96215],[10.524575,45.962],[10.524578,45.961769],[10.524613,45.96162],[10.5242,45.961441],[10.524063,45.96131],[10.52402,45.961247],[10.524106,45.961094],[10.52409,45.960924],[10.524044,45.960831],[10.523899,45.960772],[10.523803,45.960421],[10.523786,45.960223],[10.523628,45.96011],[10.523567,45.960052],[10.523791,45.959389],[10.523822,45.959191],[10.524259,45.959427],[10.524307,45.959596],[10.524646,45.959761],[10.524771,45.959761],[10.525167,45.95991],[10.525412,45.960095],[10.525661,45.960239],[10.525972,45.960324],[10.526217,45.960419],[10.526592,45.960526],[10.526828,45.960615],[10.526989,45.960684],[10.527161,45.96069],[10.527547,45.960783],[10.527759,45.960863],[10.527984,45.960885],[10.528312,45.960928],[10.528204,45.960788],[10.528164,45.960678],[10.528164,45.960514],[10.528011,45.960285],[10.528011,45.96022],[10.528132,45.9601],[10.528246,45.960029]]},"properties":{"id":"3944989a-c586-4cda-8faf-7d18f2f4d5ae","cls":"path","osm":["w228280671@10"],"conn":[["90fb5072-7a0d-4d2d-95b0-8e8c3b807b45",0.0],["95c5e634-e26a-4c4a-95be-9c1a61d3aa9d",0.310092],["29478aa9-ac50-4f7a-bc05-294b9f082597",0.600278],["04eb526d-1eeb-4d1e-83b8-d8ba4c7fb4dd",0.647404],["7180fd58-ce2d-41a7-9c1d-3b7a1d547011",1.0]]}},{"type":"Feature","geometry":{"type":"LineString","coordinates":[[10.610892,45.977966],[10.611033,45.977904],[10.61124,45.977851],[10.611733,45.977747],[10.612305,45.977725],[10.612876,45.977712],[10.613404,45.97769],[10.613852,45.977693],[10.614657,45.977703],[10.615172,45.977716],[10.615426,45.977716],[10.615508,45.977696],[10.615543,45.977589],[10.615579,45.977509]]},"properties":{"id":"39539e7e-b578-4a69-8373-926928e3b6db","cls":"track","name":"Strada forestale Avalina 1","osm":["w351918353@2"],"conn":[["30785e78-34c1-4e70-bed5-bbf8b8f2ac4a",0.0],["0c9715bc-6697-4c01-800b-38325445903d",1.0]],"access":[{"type":"allowed","when":["foot","bicycle"]},{"type":"allowed","when":["motor_vehicle"]},{"type":"allowed","when":["for_forestry"]},{"type":"allowed","when":null}]}},{"type":"Feature","geometry":{"type":"LineString","coordinates":[[10.519634,46.103221],[10.51969,46.103173],[10.519712,46.103131],[10.519776,46.103058],[10.519919,46.102972],[10.519965,46.102951]]},"properties":{"id":"39af5647-c90f-487f-951a-27cd028456ea","cls":"path","osm":["w356941815@1"],"sr":[["unpaved",null,null]],"conn":[["b508a16a-725e-4a55-9b5a-f6b6c7970690",0.0],["f2285c3e-176e-4c7b-998a-254175cdf3e7",1.0]]}},{"type":"Feature","geometry":{"type":"LineString","coordinates":[[10.642613,46.029649],[10.642464,46.029603],[10.642164,46.029553],[10.641757,46.029754],[10.641512,46.02986],[10.641087,46.029967],[10.640575,46.03008],[10.640388,46.03001],[10.640563,46.029792],[10.640871,46.029498],[10.6409,46.029072],[10.640942,46.028986],[10.64098,46.028894],[10.640942,46.028839],[10.640855,46.028823],[10.640747,46.028863],[10.64062,46.028948],[10.640262,46.029188],[10.640175,46.02921],[10.640123,46.029186],[10.640075,46.029131],[10.640096,46.029094],[10.640503,46.028843],[10.640687,46.028598],[10.640668,46.028563],[10.640608,46.028542],[10.640536,46.028556],[10.640286,46.028688],[10.640004,46.028813],[10.639941,46.028824],[10.639879,46.028821],[10.639827,46.028768],[10.639856,46.028724],[10.640201,46.028512],[10.64042,46.028344],[10.640554,46.028287],[10.640607,46.028226],[10.640595,46.028172],[10.640536,46.028152],[10.640331,46.028206],[10.639579,46.028508],[10.639236,46.028569],[10.638332,46.028536],[10.637398,46.028255],[10.636718,46.027872],[10.636228,46.027693],[10.635574,46.027264],[10.635184,46.027055],[10.634788,46.02682],[10.634011,46.026421],[10.633179,46.026212],[10.63275,46.025936],[10.632214,46.02567],[10.631402,46.025087],[10.630499,46.024551],[10.630047,46.024439],[10.629568,46.024245],[10.628933,46.023934],[10.62861,46.024122],[10.627721,46.02385],[10.627146,46.023643],[10.626766,46.023349],[10.626115,46.022834],[10.625555,46.022509],[10.624386,46.022197],[10.623544,46.021855],[10.62278,46.021512],[10.621275,46.020847],[10.621128,46.020691],[10.621149,46.020475],[10.62158,46.020171],[10.62172,46.01975],[10.620886,46.01925],[10.619832,46.019256],[10.618756,46.019259],[10.618453,46.01924],[10.617761,46.01908],[10.616767,46.01883],[10.615686,46.018561],[10.615468,46.018624],[10.615537,46.018753],[10.615934,46.019156],[10.616475,46.019522],[10.616685,46.020046],[10.616582,46.020136],[10.616056,46.020004],[10.615438,46.019857],[10.614799,46.019743],[10.614488,46.019637],[10.614249,46.019301],[10.613983,46.019163],[10.613665,46.019075],[10.613196,46.019081],[10.61297,46.019192],[10.612568,46.019437],[10.612361,46.019521],[10.612066,46.019457],[10.610957,46.019578],[10.610386,46.01971],[10.610167,46.02],[10.610096,46.020566],[10.610786,46.021439],[10.610856,46.021504],[10.61095,46.021544],[10.611087,46.021567],[10.611578,46.021533],[10.611982,46.021544],[10.612455,46.021531],[10.612517,46.021533],[10.612576,46.021547],[10.612818,46.021652],[10.612922,46.021695],[10.612954,46.021715],[10.612975,46.021734],[10.612982,46.021791]]},"properties":{"id":"3aad18c9-1bb4-47b9-b7d0-cab56e85de43","cls":"unclassified","osm":["w1212115879@1","w225908935@9","w247077716@1","w247077719@7"],"fr":[["is_bridge",0.411531,0.41915]],"sr":[["paved",0.0,0.869968],["unknown",0.869968,1.0]],"conn":[["5f62d478-e0c2-4b1c-9d4a-17f03b30e48e",0.0],["d1cf37e2-4c26-4d29-aa1b-332483de0399",0.419149],["6f7d6d67-b275-41fd-b1ab-036cfaac8787",0.631668],["091014ae-1e45-4eba-ab37-fb5bec84e413",0.930105],["ac27e721-4d76-49a3-a406-b87432180700",1.0]]}},{"type":"Feature","geometry":{"type":"LineString","coordinates":[[10.458912,45.974889],[10.458818,45.974888],[10.458763,45.974896],[10.458652,45.974903],[10.45849,45.974934],[10.458455,45.974944],[10.458443,45.974952],[10.458447,45.974966],[10.458521,45.975005],[10.458531,45.975015],[10.458533,45.975029],[10.458522,45.97504],[10.458439,45.975068],[10.458353,45.975089],[10.458251,45.975104],[10.458232,45.97511],[10.45821,45.975121],[10.458154,45.975168],[10.458131,45.975177],[10.458108,45.975181],[10.458082,45.975186],[10.457911,45.975201],[10.457735,45.97522],[10.457646,45.975248],[10.457525,45.975272],[10.457331,45.97532],[10.457325,45.975328],[10.457332,45.975338],[10.457366,45.975358],[10.457367,45.975365],[10.457359,45.975371],[10.457277,45.975389],[10.457185,45.975384],[10.457075,45.975385],[10.457034,45.975384],[10.457005,45.975378],[10.456975,45.975367],[10.456951,45.975361],[10.456925,45.975362],[10.456828,45.975384],[10.456793,45.975393],[10.456703,45.975431],[10.456616,45.975449],[10.45661,45.975459],[10.456622,45.975471],[10.456712,45.97552],[10.456799,45.975562],[10.456806,45.975575],[10.456798,45.975583],[10.456786,45.975586],[10.456624,45.975601],[10.456417,45.975641],[10.456203,45.975703],[10.455983,45.97575],[10.455738,45.975821],[10.455728,45.97583],[10.455731,45.975843],[10.455747,45.97585],[10.456085,45.975924],[10.456098,45.975934],[10.456094,45.975946],[10.456081,45.975951],[10.456003,45.975966],[10.455905,45.976006],[10.455897,45.976015],[10.455963,45.97603],[10.456038,45.976036],[10.455982,45.976066],[10.455814,45.976095],[10.455591,45.976163],[10.455552,45.976184],[10.455543,45.9762],[10.455552,45.976209],[10.455655,45.976198],[10.45568,45.9762],[10.455689,45.976209],[10.455686,45.976223],[10.455677,45.976229],[10.455624,45.976252],[10.455447,45.976301],[10.455311,45.976334],[10.455303,45.976347],[10.455345,45.976372],[10.455318,45.976382],[10.455259,45.976385],[10.455143,45.976396],[10.454989,45.976439],[10.454901,45.976449],[10.454893,45.976457],[10.454908,45.976463],[10.454969,45.976465],[10.455013,45.976494],[10.454997,45.976514],[10.454975,45.976519],[10.454875,45.976529],[10.454696,45.976565],[10.454534,45.97658],[10.454496,45.976588],[10.454479,45.976599],[10.454534,45.976632],[10.454553,45.976649],[10.454531,45.976649],[10.454442,45.976636],[10.454428,45.976638],[10.454427,45.976649],[10.45448,45.976686],[10.454473,45.976695],[10.454448,45.976695],[10.454396,45.976686],[10.454293,45.976683],[10.454235,45.976681],[10.4543,45.976714],[10.454254,45.976713],[10.454211,45.976703],[10.45413,45.976699],[10.454009,45.976693],[10.453935,45.976697],[10.453762,45.976672],[10.45359,45.976658],[10.453553,45.976666],[10.453534,45.976682],[10.453585,45.976759],[10.453577,45.976776],[10.453567,45.976786],[10.453507,45.976783],[10.453459,45.97678],[10.453435,45.976793],[10.453411,45.976839],[10.453373,45.976903],[10.453377,45.976943],[10.453327,45.977033],[10.453259,45.977099],[10.453235,45.977168],[10.453193,45.977254],[10.453114,45.977367],[10.453096,45.977421],[10.453078,45.97746],[10.453062,45.977496],[10.453059,45.977515],[10.453094,45.977555],[10.453093,45.977597],[10.453045,45.977644],[10.452981,45.977716],[10.452936,45.977754],[10.452895,45.977792],[10.452849,45.977831],[10.452779,45.977899],[10.452706,45.977934],[10.452643,45.977969],[10.452614,45.978001],[10.452611,45.978043],[10.452627,45.978077],[10.452614,45.978142],[10.452602,45.978195],[10.452609,45.978261],[10.452636,45.978303],[10.452702,45.978348],[10.452732,45.97838],[10.452769,45.978411],[10.452815,45.978478],[10.452842,45.978571],[10.452835,45.978628],[10.452792,45.978711],[10.452742,45.97876],[10.452703,45.978895],[10.452645,45.979021],[10.452596,45.979121],[10.452559,45.979192],[10.452551,45.979242],[10.452572,45.97926],[10.452609,45.979262],[10.452667,45.979224],[10.452683,45.979221],[10.4527,45.979227],[10.452668,45.979293],[10.452646,45.979395],[10.452639,45.979438],[10.452578,45.979503],[10.45251,45.979584],[10.452443,45.979668],[10.452384,45.979792],[10.452348,45.979837],[10.452303,45.97989],[10.452284,45.979956],[10.452205,45.980049],[10.452167,45.980098],[10.452075,45.980153],[10.451999,45.98018],[10.451849,45.980187],[10.451803,45.98018],[10.451802,45.980204],[10.451829,45.980239],[10.451964,45.980322],[10.452025,45.980404],[10.452064,45.980459],[10.452182,45.980643],[10.452255,45.980754],[10.45228,45.980822],[10.452312,45.980933],[10.452341,45.980985],[10.452335,45.981039],[10.452351,45.981108],[10.452418,45.98118],[10.452443,45.981232],[10.452392,45.981266],[10.452383,45.981325],[10.452358,45.98133]]},"properties":{"id":"3abaee11-d5dc-46c1-8818-a677d5d93c84","cls":"path","osm":["w300526626@3","w363478450@2","w363478451@5","w363478456@1"],"fr":[["is_bridge",0.803278,0.809861]],"sr":[["gravel",null,null]],"conn":[["226b0b66-2d56-40c5-847a-27edc6608ef8",0.0],["b4f365c0-4bba-4c13-9533-4e213d20a456",1.0]]}},{"type":"Feature","geometry":{"type":"LineString","coordinates":[[10.614565,46.123791],[10.614562,46.123809]]},"properties":{"id":"3af9661b-6fac-44cf-881a-a56135698a46","cls":"path","osm":["w371753715@6"],"conn":[["62825d6d-e2b1-459d-8a15-35471eb844f5",0.0],["100e55e2-6e7b-4ea7-82db-40c9061fe5ac",1.0]]}},{"type":"Feature","geometry":{"type":"LineString","coordinates":[[10.513139,46.052417],[10.513143,46.052322],[10.513015,46.052041],[10.512991,46.051899]]},"properties":{"id":"3b4eea33-f8e2-412f-aff4-698bafe63c02","cls":"service","osm":["w82897609@2"],"conn":[["7c3f4edd-ec5a-4fbb-9f3b-95eb2ed96033",0.0],["b7ecf2d7-738f-4043-89fe-452d42f934e8",1.0]],"access":[{"type":"allowed","when":null}]}},{"type":"Feature","geometry":{"type":"LineString","coordinates":[[10.500642,46.041325],[10.50076,46.041265],[10.500892,46.041308],[10.501,46.041331],[10.501118,46.041321],[10.501227,46.041311],[10.501321,46.041291],[10.501425,46.041308],[10.501531,46.04134],[10.501635,46.041368]]},"properties":{"id":"3b5c8e6f-f38f-42e6-9f9f-6db9c27f781c","cls":"path","osm":["w1428519116@1"],"conn":[["a9b6bc62-ec6d-4d42-92a7-e59b366070a4",0.0],["6c11d32d-3b13-4b59-91d8-a358743edb21",1.0]]}},{"type":"Feature","geometry":{"type":"LineString","coordinates":[[10.48681,45.95954],[10.486881,45.959645],[10.486973,45.959799],[10.487099,45.959903],[10.487079,45.960152],[10.487161,45.960269],[10.487248,45.960417],[10.487335,45.960538],[10.487316,45.960632],[10.487388,45.960766],[10.487388,45.960897],[10.487432,45.961219],[10.487567,45.961438],[10.487673,45.961736],[10.487582,45.961914],[10.487364,45.962079],[10.487533,45.9623],[10.487533,45.962388],[10.487601,45.962525],[10.487673,45.962559],[10.487722,45.962848],[10.487693,45.962905],[10.487712,45.96322],[10.487659,45.963378],[10.487707,45.963492],[10.487669,45.963603],[10.487591,45.963721],[10.487601,45.963915],[10.487606,45.964238],[10.487582,45.964349],[10.487707,45.964372],[10.487616,45.964476],[10.48763,45.9646],[10.487514,45.964644],[10.487476,45.964745],[10.487456,45.964795],[10.487432,45.964879],[10.487504,45.965044],[10.48762,45.965175],[10.487577,45.965332],[10.487727,45.965601],[10.487789,45.965739],[10.487519,45.96595],[10.487302,45.966222],[10.487335,45.966373],[10.487253,45.966665],[10.487123,45.967008],[10.487026,45.967149],[10.487287,45.967434],[10.487306,45.967625],[10.487384,45.967729],[10.487345,45.967877],[10.487263,45.967961],[10.487258,45.968132],[10.48749,45.968394],[10.487659,45.968576],[10.487736,45.968787],[10.487804,45.968764],[10.487862,45.968764],[10.487954,45.968683],[10.488021,45.968784],[10.488147,45.968928],[10.488147,45.969123]]},"properties":{"id":"3b603448-4600-488c-9ca9-1313f4e90f81","cls":"path","osm":["w732140748@3"],"conn":[["22b5f0c5-244c-4823-a45f-ba07e3d3c15b",0.0],["27ebeb76-6728-43f9-bb0c-c730bf6e0aee",1.0]]}},{"type":"Feature","geometry":{"type":"LineString","coordinates":[[10.566397,45.99907],[10.566365,45.999014],[10.566309,45.998919],[10.56616,45.998881],[10.566055,45.998814],[10.566033,45.998716],[10.565886,45.99868],[10.565826,45.998557],[10.56583,45.998465],[10.565691,45.99841],[10.565531,45.998384],[10.565337,45.998443],[10.565121,45.998459],[10.564362,45.998438],[10.564016,45.998464],[10.563361,45.998621],[10.563185,45.998702],[10.562948,45.998785],[10.562283,45.999076],[10.56173,45.999213],[10.561257,45.999239],[10.560671,45.999407],[10.560295,45.999508],[10.560033,45.999516],[10.559947,45.999527],[10.559843,45.999616],[10.559543,46.000146],[10.559425,46.000334],[10.559133,46.000686],[10.559076,46.000845],[10.558746,46.001178],[10.558644,46.001361],[10.558647,46.00164],[10.558551,46.001968],[10.558543,46.002223],[10.558623,46.002389],[10.558604,46.002603],[10.558602,46.002818],[10.558615,46.002995],[10.558779,46.003175],[10.558897,46.003252],[10.559205,46.003444],[10.559253,46.003574],[10.559251,46.003813],[10.559286,46.003906],[10.559366,46.003963],[10.559414,46.004312],[10.55939,46.004424],[10.55943,46.00464],[10.559446,46.004735],[10.559387,46.00488],[10.559318,46.005271],[10.559363,46.005523],[10.559433,46.005709],[10.559503,46.005838],[10.559632,46.005889]]},"properties":{"id":"3b78cb83-56b8-41ed-9c7a-fef746e652dd","cls":"path","osm":["w1326314843@1","w419315587@3","w513715363@3"],"fr":[["is_bridge",0.0,0.005017]],"conn":[["28e3c819-0929-4e9e-80cd-337662617fe4",0.0],["fc87e978-cb23-4d0d-8271-90ecb70a244f",1.0]]}},{"type":"Feature","geometry":{"type":"LineString","coordinates":[[10.513474,46.031736],[10.513357,46.031641],[10.513366,46.0316],[10.513419,46.031568],[10.513414,46.031527],[10.513388,46.031395],[10.513342,46.031372],[10.513212,46.031307],[10.5132,46.031205],[10.51333,46.031161],[10.513452,46.031229],[10.513451,46.031256]]},"properties":{"id":"3c1c0ac5-6a8a-4395-a3fe-3cbb8d1e4bd0","cls":"service","osm":["w1330622646@2"],"conn":[["275eb79c-c300-4985-b1e8-f3fc37c0a9bc",0.0],["c2e8d0d2-685a-481b-a4b0-b7ad0a43c0a6",0.487555],["38deb194-d0d4-465a-b234-2c8838d6f6a5",1.0]],"access":[{"type":"allowed","when":null},{"type":"allowed","when":["motor_vehicle"]}]}},{"type":"Feature","geometry":{"type":"LineString","coordinates":[[10.569433,45.992543],[10.567659,45.99212],[10.566357,45.991616],[10.565285,45.991277],[10.563982,45.990926],[10.563657,45.990862],[10.562993,45.990575],[10.56178,45.989656],[10.561205,45.989739],[10.560758,45.989739],[10.560158,45.989815],[10.559903,45.99002],[10.55959,45.990154],[10.559219,45.990051],[10.55943,45.98963],[10.559411,45.98933],[10.5598,45.988775],[10.560145,45.988162],[10.560075,45.987689],[10.559717,45.987268],[10.559239,45.987185],[10.558626,45.987185],[10.558575,45.987025],[10.558581,45.986521],[10.558083,45.986087],[10.557719,45.985934],[10.557464,45.985666],[10.556889,45.985627],[10.556714,45.985563],[10.556538,45.985614],[10.555947,45.985859],[10.555658,45.985917],[10.55539,45.985885],[10.555185,45.985902],[10.554425,45.986164],[10.553563,45.986534],[10.552843,45.986919],[10.552458,45.987147],[10.552133,45.987421],[10.551767,45.987817],[10.551559,45.987937],[10.551211,45.988043],[10.550868,45.988103],[10.550796,45.988126],[10.550791,45.988183],[10.550971,45.988188],[10.551215,45.988147],[10.551573,45.988131],[10.551928,45.988099],[10.55245,45.988009],[10.552996,45.987963],[10.553128,45.987992],[10.553389,45.98814],[10.553694,45.988344],[10.553907,45.988384],[10.554084,45.988364],[10.554574,45.988203],[10.555297,45.988003],[10.555933,45.987928],[10.556444,45.988153],[10.556843,45.98844],[10.556968,45.988676],[10.55689,45.988816],[10.556802,45.988834],[10.556696,45.988817],[10.556576,45.988752],[10.556362,45.988665],[10.555846,45.988614],[10.555297,45.988988],[10.554823,45.989537],[10.554312,45.989973],[10.553729,45.990206],[10.553304,45.990301],[10.552766,45.990347],[10.551954,45.990497],[10.55151,45.990512],[10.551414,45.990454],[10.551302,45.990437],[10.551257,45.990485],[10.55117,45.990696],[10.551045,45.99117],[10.550434,45.991632],[10.549948,45.991918],[10.549479,45.992187],[10.549603,45.992523]]},"properties":{"id":"3c5b51bf-6409-43a0-af06-8772281b4722","cls":"track","osm":["w513715361@2"],"conn":[["aa6a1676-644b-4879-b87b-0532bf5e6bc1",0.0],["f383de54-083f-4d3e-a6c7-a4563624714b",0.609333],["28b3ea0f-42c7-42f6-92f9-7a72eb10ca3d",0.989079],["c1f33c67-a2fa-487a-a2d2-6afc0ea6eebf",1.0]]}},{"type":"Feature","geometry":{"type":"LineString","coordinates":[[10.467482,45.972132],[10.467451,45.972135],[10.467372,45.972108],[10.467301,45.9721],[10.467259,45.972115],[10.467218,45.972161],[10.467063,45.97226],[10.466977,45.972309],[10.46694,45.972345],[10.466953,45.97239],[10.467008,45.972441],[10.467021,45.9725],[10.467037,45.972583],[10.467008,45.972608],[10.466951,45.97261],[10.46685,45.972585],[10.466811,45.972592],[10.466806,45.972616],[10.466823,45.972669],[10.466858,45.972705],[10.466927,45.972752],[10.466919,45.972775],[10.46689,45.972773],[10.466798,45.972735],[10.466717,45.972731],[10.466664,45.972703],[10.466612,45.972686],[10.466486,45.97269],[10.466396,45.972706],[10.46631,45.972734],[10.466239,45.972733],[10.466205,45.972744],[10.466222,45.972753],[10.466257,45.972756],[10.466322,45.972768],[10.46648,45.972785],[10.466548,45.9728],[10.46658,45.972837],[10.466577,45.972855],[10.466547,45.972864],[10.466369,45.972881],[10.466169,45.97289],[10.465934,45.972963],[10.465653,45.973061],[10.46539,45.973165],[10.465374,45.973187],[10.465427,45.973218],[10.465424,45.973241],[10.46516,45.9733],[10.465135,45.973314],[10.465147,45.973336],[10.465181,45.973357],[10.465263,45.97337],[10.465419,45.973447],[10.465481,45.973486],[10.465578,45.973609],[10.465588,45.973647],[10.465558,45.973659],[10.465461,45.973641],[10.465271,45.973595],[10.464899,45.973537],[10.464603,45.973669],[10.46428,45.973793],[10.46416,45.973841],[10.464033,45.973887],[10.463824,45.973952],[10.46369,45.973973],[10.463496,45.974029],[10.463267,45.974064],[10.46312,45.974077],[10.463013,45.974051],[10.462858,45.974118],[10.462612,45.974181],[10.462347,45.974283],[10.462187,45.974338],[10.462079,45.974392],[10.461838,45.974379],[10.461728,45.974355],[10.461637,45.974354],[10.461522,45.974341],[10.461437,45.974352],[10.46127,45.974353],[10.461134,45.974374],[10.460999,45.974401],[10.460878,45.974413],[10.460795,45.974439],[10.460624,45.974471],[10.460708,45.974505],[10.460902,45.974577],[10.460937,45.974606],[10.460933,45.974625],[10.460706,45.974661],[10.460384,45.974735],[10.460313,45.974747],[10.460248,45.974765],[10.460144,45.974771],[10.460128,45.974784],[10.460197,45.974835],[10.46018,45.974856],[10.460028,45.974928],[10.459982,45.974914],[10.45995,45.974924],[10.45992,45.974923],[10.459837,45.974908],[10.45976,45.974903],[10.459719,45.974906],[10.459682,45.974916],[10.459646,45.974933],[10.459627,45.974949],[10.459605,45.974953],[10.459467,45.974952],[10.459369,45.974967],[10.459336,45.974977],[10.45929,45.975004],[10.459264,45.975013],[10.459191,45.97501],[10.459121,45.97499]]},"properties":{"id":"3c9bff2f-6b69-40e4-a12a-c796e8ae7f1c","cls":"path","osm":["w361036040@6"],"conn":[["56a4408f-cc92-4427-9522-3c3aa94837e8",0.0],["5f4edc02-8b9d-4ee4-8330-2d078b88cbb1",1.0]]}},{"type":"Feature","geometry":{"type":"LineString","coordinates":[[10.47343,46.075077],[10.473309,46.075155],[10.473178,46.075218],[10.472989,46.07531],[10.472882,46.075362],[10.472768,46.075313],[10.472663,46.07543],[10.472581,46.075445],[10.472432,46.075572],[10.47243,46.075661],[10.472066,46.07575],[10.471839,46.075945],[10.471577,46.075969],[10.471453,46.07601],[10.471215,46.075984],[10.470838,46.076159],[10.470351,46.07638],[10.469854,46.076602],[10.469695,46.07682],[10.469392,46.07678],[10.469267,46.076849],[10.468883,46.077064],[10.4688,46.076993],[10.468718,46.077039],[10.468519,46.077049],[10.468403,46.077128],[10.468224,46.077117],[10.467985,46.077265],[10.467696,46.077445],[10.467697,46.077568]]},"properties":{"id":"3cbeea69-ca9d-4b2a-8990-8d3998459ddb","cls":"path","osm":["w1053578312@2"],"conn":[["28422c69-9d26-4754-9a7b-6d400e02d456",0.0],["7815d2b2-4a95-4299-9ee1-9b032069f489",1.0]],"access":[{"type":"allowed","when":["foot"]},{"type":"denied","when":["bicycle"]}]}},{"type":"Feature","geometry":{"type":"LineString","coordinates":[[10.512823,46.035796],[10.512864,46.035765]]},"properties":{"id":"3cce0dd8-b322-4254-ad5c-dc624fcd980f","cls":"footway","osm":["w240957220@2"],"fr":[["is_bridge",null,null]],"conn":[["f0564fac-0145-4d38-94d2-266281b9a9d9",0.0],["a1db474e-6c46-4b8c-99b0-7665ca7ed211",1.0]]}},{"type":"Feature","geometry":{"type":"LineString","coordinates":[[10.505423,46.086268],[10.505645,46.086136],[10.505842,46.085992],[10.505839,46.085801],[10.506109,46.085315],[10.506503,46.08509],[10.506641,46.084932],[10.507035,46.08485],[10.50742,46.0847],[10.507735,46.084679],[10.50811,46.084529],[10.508209,46.084351],[10.508268,46.084153],[10.508475,46.083954],[10.508613,46.083825],[10.508869,46.08364],[10.509323,46.083599],[10.509688,46.083496],[10.5102,46.083469],[10.510476,46.083531],[10.511166,46.083394],[10.511502,46.083209],[10.511827,46.08312],[10.511876,46.08299],[10.512478,46.082949],[10.512645,46.082806],[10.512961,46.082573],[10.513069,46.082423],[10.513276,46.082211],[10.513089,46.082135],[10.512941,46.082135],[10.512872,46.081999],[10.513119,46.081876],[10.513047,46.081736],[10.513247,46.081534],[10.513188,46.081376],[10.513178,46.081253],[10.513237,46.081164],[10.513237,46.081089],[10.513434,46.080918],[10.513355,46.080822],[10.513501,46.08062],[10.51344,46.080439],[10.513513,46.080296],[10.513454,46.080138],[10.513592,46.079954],[10.513641,46.079749],[10.513641,46.079509],[10.513759,46.079345],[10.513956,46.079234],[10.514095,46.079205],[10.513992,46.079126],[10.513809,46.079082],[10.513991,46.078976],[10.513957,46.078887],[10.514103,46.078808],[10.514233,46.078736],[10.514038,46.078721],[10.513878,46.0786],[10.513659,46.078557],[10.513533,46.078483],[10.513356,46.078316],[10.513236,46.078156],[10.512887,46.07812],[10.512714,46.078142],[10.512574,46.078078]]},"properties":{"id":"3cd0558f-e17f-4a8c-bc2e-bff2c04de5c5","cls":"path","osm":["w1419251924@1"],"conn":[["eb3c3f0c-458e-4afc-b0fe-a87a3d1dfcfe",0.0],["a3b9ec28-11c3-41e3-bbe4-962aa1af4a89",1.0]],"access":[{"type":"denied","when":["bicycle"]}]}},{"type":"Feature","geometry":{"type":"LineString","coordinates":[[10.582068,46.006373],[10.581905,46.006334],[10.581792,46.006289],[10.581709,46.006289],[10.581634,46.006287],[10.581597,46.00627],[10.581541,46.006233],[10.581488,46.006198],[10.581417,46.006172],[10.581364,46.006163],[10.581261,46.006163],[10.581185,46.006172],[10.581091,46.00616],[10.580951,46.006158],[10.580895,46.006167],[10.580767,46.006199],[10.580408,46.006205],[10.580274,46.006222],[10.580167,46.00623],[10.580114,46.00622],[10.580179,46.006274],[10.580281,46.006334],[10.580369,46.006407],[10.580511,46.006498],[10.580369,46.006507],[10.580036,46.006496],[10.579913,46.006498],[10.579717,46.006481],[10.579648,46.006485],[10.579717,46.006524],[10.579825,46.006623],[10.580146,46.006815],[10.580243,46.00688],[10.580444,46.006962],[10.580651,46.007051],[10.5805,46.007074],[10.580331,46.007079],[10.580187,46.007118],[10.580063,46.007141],[10.579905,46.007157],[10.5798,46.007131],[10.579688,46.007118],[10.57946,46.007139],[10.579344,46.007154],[10.5795,46.007213],[10.579757,46.007359],[10.580001,46.007497],[10.58027,46.007623],[10.580153,46.007644],[10.579878,46.007631],[10.579668,46.007709],[10.580172,46.007961],[10.580388,46.008159],[10.580275,46.008187],[10.580305,46.008285],[10.580214,46.008275],[10.58012,46.008292],[10.579906,46.008287],[10.579616,46.008282],[10.579273,46.008269],[10.578835,46.00832],[10.578733,46.008342],[10.578452,46.00835],[10.578308,46.008367],[10.578232,46.008358],[10.578274,46.008411],[10.578191,46.008407],[10.578252,46.008474],[10.578136,46.008432],[10.578058,46.008454],[10.577909,46.008449],[10.577776,46.008444],[10.577941,46.008563],[10.578162,46.00874],[10.578237,46.00879],[10.578062,46.008787],[10.577913,46.008801],[10.577996,46.008881],[10.578144,46.008993],[10.578246,46.009074],[10.57816,46.009083],[10.57801,46.009088],[10.57781,46.009064],[10.577686,46.009082],[10.577842,46.009203],[10.578001,46.009246],[10.578125,46.009354],[10.578384,46.009533],[10.578055,46.009489],[10.578293,46.009617],[10.57787,46.009588],[10.57813,46.009757],[10.577845,46.009696],[10.578053,46.009849],[10.577828,46.009833],[10.578071,46.009967],[10.577798,46.009933],[10.578111,46.010105],[10.577966,46.010099],[10.577812,46.010099],[10.577632,46.010142],[10.577471,46.010254],[10.577308,46.010368],[10.57713,46.010501],[10.577298,46.010472],[10.577233,46.010528],[10.577502,46.010506],[10.577366,46.010587],[10.577315,46.01064],[10.577375,46.010665],[10.577182,46.010765],[10.577289,46.010783],[10.577147,46.010833],[10.577027,46.010887],[10.577193,46.010916],[10.576953,46.011026],[10.577033,46.011086],[10.577192,46.011097],[10.577227,46.011153],[10.577284,46.011316],[10.577371,46.011494],[10.577677,46.011678],[10.577742,46.01181],[10.57778,46.011909],[10.577831,46.011956],[10.577861,46.011972],[10.577914,46.011979],[10.577997,46.012102],[10.577939,46.012198],[10.577964,46.01232],[10.578013,46.012509],[10.578033,46.012609],[10.577969,46.012648],[10.577928,46.012877],[10.578001,46.013067],[10.578033,46.013129],[10.578061,46.013195],[10.578084,46.013222],[10.578125,46.013279],[10.578159,46.013515],[10.578211,46.013532],[10.578239,46.01359],[10.57839,46.01366],[10.578347,46.013714],[10.578371,46.013804],[10.578415,46.013844],[10.578427,46.013923],[10.578445,46.014118],[10.578452,46.014257],[10.578304,46.014311],[10.578356,46.014392],[10.57831,46.014484],[10.57831,46.014621],[10.578368,46.014865],[10.578396,46.014951],[10.578436,46.015038],[10.578482,46.015197],[10.578492,46.015329],[10.578553,46.015391],[10.578646,46.015428],[10.578713,46.015554],[10.578729,46.015667],[10.578815,46.015796],[10.578911,46.015898],[10.578991,46.016008],[10.578966,46.016185],[10.579028,46.016292],[10.579129,46.016369],[10.57925,46.016397],[10.57925,46.016555],[10.579173,46.01666],[10.579086,46.016754],[10.579123,46.016801],[10.579099,46.016889],[10.579083,46.016977],[10.579136,46.017082],[10.579191,46.017238],[10.579092,46.017304],[10.578978,46.017311],[10.578834,46.017413],[10.578757,46.017424],[10.57867,46.017486],[10.578445,46.017552],[10.578288,46.017662],[10.578045,46.017724],[10.577903,46.01782],[10.5777,46.017871],[10.577626,46.017993],[10.577527,46.018032],[10.576973,46.018233],[10.576692,46.018361],[10.576557,46.018453],[10.576674,46.0185],[10.57672,46.018577],[10.576763,46.018716],[10.576665,46.018806],[10.576698,46.018917],[10.5766,46.019074],[10.576541,46.019131],[10.576597,46.019283],[10.576495,46.019348],[10.576467,46.019416],[10.576313,46.019472],[10.576184,46.019596],[10.576051,46.019617],[10.575981,46.019572],[10.575913,46.019632],[10.575811,46.019542],[10.575608,46.019559],[10.575549,46.019647],[10.575364,46.019782],[10.575284,46.019908],[10.575241,46.02019],[10.57513,46.020203],[10.575038,46.020285],[10.575001,46.020351],[10.575078,46.020421],[10.574995,46.020558],[10.57497,46.020693],[10.574985,46.02082],[10.574893,46.020845],[10.574788,46.020939],[10.574785,46.021044],[10.57493,46.02108],[10.574834,46.021168],[10.574841,46.02123],[10.574708,46.02126],[10.574674,46.021371],[10.574714,46.021517],[10.574631,46.021545],[10.574625,46.0216],[10.574536,46.02162],[10.57456,46.021778],[10.574459,46.021964],[10.574348,46.021923],[10.574224,46.021971],[10.574175,46.022095],[10.5742,46.022199],[10.574015,46.02239],[10.573959,46.022582],[10.573796,46.022672],[10.57371,46.022677],[10.573596,46.022698],[10.573543,46.022837],[10.573565,46.023059],[10.573414,46.023314],[10.573334,46.023342],[10.573352,46.023447],[10.573288,46.023547],[10.573177,46.023571],[10.57314,46.023641],[10.573078,46.023637],[10.572973,46.023716],[10.572976,46.023783],[10.572862,46.023896],[10.572921,46.024174],[10.572989,46.024268],[10.573152,46.024345],[10.573186,46.024377],[10.573189,46.024446],[10.573109,46.024388],[10.573051,46.024437],[10.573004,46.024435],[10.572967,46.024508],[10.572866,46.024456],[10.572702,46.024495],[10.572693,46.024548],[10.572576,46.024578],[10.572471,46.024548],[10.572425,46.024499],[10.57236,46.024491],[10.572326,46.024551],[10.572237,46.024546],[10.572262,46.024595],[10.572166,46.024874],[10.572108,46.024914],[10.572111,46.025122],[10.572037,46.025145],[10.571901,46.025143],[10.572006,46.025212],[10.57212,46.025372],[10.572225,46.025319],[10.57229,46.025372],[10.572252,46.025421],[10.572336,46.025466],[10.572434,46.025419],[10.572484,46.025515],[10.57243,46.025562],[10.57219,46.025881],[10.572121,46.026088],[10.572255,46.026384],[10.572125,46.026432],[10.57204,46.026562],[10.571983,46.026584],[10.571792,46.026618],[10.571775,46.026677],[10.572015,46.026796],[10.572023,46.026934],[10.571971,46.02709],[10.571974,46.027146],[10.571999,46.027361],[10.572231,46.027663],[10.572414,46.0279],[10.57254,46.027939],[10.572649,46.028157],[10.572747,46.028224],[10.573003,46.028512],[10.572987,46.028634],[10.573048,46.028772],[10.572966,46.028834],[10.573089,46.029003],[10.573166,46.029063],[10.573198,46.029325],[10.573125,46.029469],[10.572962,46.029559],[10.57284,46.029658],[10.572759,46.029647],[10.572739,46.029715],[10.572621,46.029732],[10.572576,46.029788],[10.572515,46.029791],[10.572414,46.029986],[10.57247,46.030011],[10.572503,46.030189],[10.57245,46.03046],[10.572401,46.03057],[10.572401,46.030703],[10.572312,46.030866],[10.572251,46.030974],[10.572231,46.031151],[10.572296,46.031213],[10.572336,46.031388],[10.572271,46.031685],[10.572174,46.031832],[10.572056,46.032083],[10.571934,46.032173],[10.571942,46.032241],[10.571767,46.032357],[10.5718,46.032436],[10.571853,46.032467],[10.571873,46.032622],[10.571702,46.03269],[10.571641,46.032763],[10.571576,46.032763],[10.571548,46.033045],[10.57158,46.03311],[10.57156,46.033268],[10.571573,46.033469],[10.571587,46.033583],[10.571503,46.033722],[10.571396,46.033696],[10.57119,46.033891],[10.571102,46.034127],[10.571167,46.034432],[10.571265,46.034513],[10.571317,46.034734],[10.571302,46.03488],[10.571354,46.035003],[10.571424,46.035074],[10.571503,46.035136],[10.571634,46.035382],[10.571559,46.035463],[10.57162,46.035525],[10.571587,46.035645],[10.571699,46.035729],[10.571713,46.03595],[10.57162,46.036001],[10.571615,46.036319],[10.571522,46.036429],[10.571606,46.036578],[10.571471,46.036663],[10.571433,46.036818],[10.571443,46.037019],[10.5714,46.037198],[10.571391,46.037415],[10.571354,46.037467],[10.571447,46.03772],[10.571359,46.037791],[10.571293,46.038154],[10.571204,46.038459],[10.571186,46.038634],[10.571237,46.038871],[10.57126,46.039016],[10.571293,46.039201],[10.57119,46.039327],[10.571097,46.039464],[10.571097,46.039548],[10.571098,46.039652],[10.571034,46.039685],[10.570905,46.03963],[10.570857,46.039567],[10.570862,46.039499],[10.570818,46.039471],[10.570767,46.039501],[10.570709,46.039599],[10.570697,46.039649],[10.570612,46.039668],[10.570556,46.039684],[10.570516,46.039663],[10.570477,46.039756],[10.570457,46.039832],[10.570371,46.039904],[10.570264,46.039944],[10.570163,46.03999],[10.570073,46.040036],[10.56998,46.040176],[10.569845,46.040298],[10.569741,46.040337],[10.56955,46.040448],[10.569473,46.04049],[10.569403,46.040594],[10.569228,46.040604],[10.569088,46.040678],[10.568569,46.040685],[10.568401,46.040737],[10.568205,46.040681],[10.567892,46.04072],[10.567799,46.040759],[10.567677,46.040963],[10.567532,46.041009],[10.567528,46.04108],[10.567462,46.041113],[10.567378,46.041232],[10.567252,46.041275],[10.567203,46.041304]]},"properties":{"id":"3cdb21c1-8655-43d6-968d-967dd98799e7","cls":"path","name":"Sentiero Orizzonti liberi","osm":["w1106934788@5","w1106935535@2"],"sr":[["unpaved",0.274964,1.0]],"conn":[["a707c182-2629-43ff-8a2a-02d458dec1d7",0.0],["2f8aa169-5e72-40a0-97bc-a6d7a2124eb3",0.445582],["44d5d49a-28be-4517-98f0-6196694dfdbe",0.927352],["6830b620-2a0c-4eab-ba77-abe94a60e66e",1.0]]}},{"type":"Feature","geometry":{"type":"LineString","coordinates":[[10.448297,46.077474],[10.448652,46.077415],[10.4488,46.077335],[10.448856,46.077247],[10.448797,46.077082],[10.448277,46.07657],[10.447722,46.076425],[10.447282,46.076403],[10.447024,46.076317],[10.446812,46.076267],[10.44666,46.076172],[10.446177,46.075958],[10.445638,46.075809],[10.44531,46.07569],[10.445115,46.075668],[10.444862,46.07553],[10.444594,46.075439],[10.444128,46.075452],[10.443618,46.075264],[10.443484,46.07515],[10.44287,46.074964],[10.442703,46.074962],[10.442574,46.074914],[10.441912,46.074804],[10.44119,46.074793],[10.441027,46.074829],[10.44033,46.074756],[10.439704,46.074756],[10.438801,46.07463],[10.438508,46.074616],[10.438237,46.074516],[10.438101,46.074507],[10.437974,46.074525],[10.437575,46.074479],[10.43713,46.074559],[10.436966,46.074535],[10.436864,46.074555],[10.436738,46.074611],[10.435834,46.074583],[10.435252,46.074607],[10.434906,46.074685],[10.434384,46.074675],[10.434109,46.07467],[10.433924,46.074633],[10.433576,46.074462],[10.43313,46.074319],[10.432642,46.074192],[10.432237,46.074124],[10.431931,46.074073],[10.431642,46.074071],[10.431368,46.074008],[10.431202,46.074021],[10.430784,46.073896],[10.430507,46.073852],[10.430354,46.073777],[10.42989,46.07361],[10.429516,46.073528],[10.429265,46.073443]]},"properties":{"id":"3d301ace-0803-4670-a3f6-38a172ab258d","cls":"path","osm":["w1311111394@1"],"conn":[["09b3e90e-22f4-4445-9703-99cadc8d4215",0.0],["fb9ba6ee-a203-46f2-9f14-a46caaa663a2",0.750114],["d2fc251a-6f2b-4d6b-a9f1-3511a2a38268",0.855593],["99ea4249-19e2-468b-bfd9-52fe7d0dfd8c",1.0]]}},{"type":"Feature","geometry":{"type":"LineString","coordinates":[[10.645329,46.120396],[10.64528,46.120418],[10.645304,46.120479],[10.645182,46.120494],[10.645068,46.120502],[10.645026,46.120503],[10.644927,46.12053],[10.644671,46.120579],[10.644616,46.120565],[10.644542,46.12058],[10.644538,46.120618],[10.644446,46.120659],[10.644275,46.120752],[10.64414,46.120846],[10.643939,46.12091],[10.643807,46.120916],[10.643707,46.120868],[10.643597,46.120837],[10.643496,46.120816],[10.643417,46.120778],[10.643295,46.120722],[10.643187,46.12071],[10.643082,46.120714],[10.642965,46.120706],[10.642902,46.120651],[10.642788,46.120616],[10.64265,46.120645],[10.642547,46.120685],[10.642448,46.120776],[10.642232,46.120852],[10.641993,46.120891],[10.641883,46.120952],[10.641645,46.121128],[10.64145,46.12118],[10.641281,46.12128],[10.641122,46.121357],[10.64101,46.121468],[10.6409,46.121559],[10.640889,46.121589],[10.640612,46.121695],[10.640505,46.121749],[10.640207,46.121814],[10.640111,46.121805],[10.640033,46.121844],[10.639945,46.121836],[10.639889,46.121899],[10.639792,46.121931],[10.639752,46.12197],[10.639688,46.122002],[10.639663,46.1221],[10.639709,46.122229],[10.639779,46.122303],[10.639757,46.122355],[10.639819,46.122429],[10.639681,46.122551],[10.63954,46.122546],[10.639411,46.122625],[10.639301,46.122617],[10.639223,46.122599],[10.639167,46.122546],[10.639046,46.122532],[10.638983,46.122482],[10.638928,46.122448],[10.638832,46.122446],[10.638734,46.122532],[10.638568,46.122582],[10.638462,46.122626],[10.638335,46.122655],[10.638191,46.122643],[10.638102,46.122628],[10.638065,46.122645],[10.637965,46.122638],[10.637934,46.122683],[10.637925,46.122712],[10.637842,46.122739],[10.637738,46.122732],[10.637676,46.12274],[10.637633,46.12284],[10.63759,46.122889],[10.637526,46.122933],[10.637413,46.122952],[10.637319,46.122931],[10.637217,46.122922],[10.637111,46.122908],[10.63704,46.122881],[10.636997,46.122849],[10.636918,46.122735],[10.63682,46.122654],[10.636742,46.122548],[10.636769,46.122455],[10.636769,46.122409],[10.636879,46.122298],[10.636855,46.122253],[10.636796,46.122242],[10.636689,46.122258],[10.636616,46.12223],[10.636533,46.122156],[10.636375,46.122113],[10.636227,46.122093],[10.636004,46.12211],[10.635854,46.122183],[10.635705,46.122282],[10.635577,46.122378],[10.635393,46.122472],[10.635229,46.122524],[10.635053,46.122561],[10.634913,46.12262],[10.634707,46.122658],[10.634542,46.122732],[10.634359,46.122777],[10.634157,46.122822],[10.634031,46.122872],[10.633907,46.122881],[10.633771,46.122861],[10.633682,46.122844],[10.633467,46.12282],[10.633285,46.122858],[10.633146,46.122881],[10.633111,46.122909],[10.633017,46.122933],[10.632891,46.122954],[10.632572,46.122959],[10.632365,46.122993],[10.63226,46.123027],[10.63211,46.122999],[10.631947,46.123132],[10.631817,46.123227],[10.631745,46.123309],[10.631713,46.123413],[10.631641,46.123472],[10.631343,46.123554],[10.631096,46.123565],[10.630887,46.123613],[10.630621,46.123584],[10.630533,46.123585],[10.630445,46.123554],[10.630359,46.123546],[10.630099,46.123546],[10.629944,46.123558],[10.629805,46.123562],[10.629625,46.123525],[10.629531,46.123491],[10.629392,46.123444],[10.629199,46.123406],[10.629113,46.123398],[10.629025,46.123398],[10.62896,46.123385],[10.628741,46.12347],[10.62822,46.123287],[10.628052,46.123175],[10.627726,46.123157],[10.627562,46.122914],[10.627512,46.122807],[10.627437,46.122792],[10.627396,46.122754],[10.627258,46.122683],[10.627136,46.122629],[10.627141,46.122583],[10.627141,46.122544],[10.627083,46.122504],[10.627005,46.122456],[10.626939,46.122377],[10.626867,46.122347],[10.626792,46.122266],[10.626765,46.122239],[10.62667,46.122203],[10.626593,46.122185],[10.626526,46.122151],[10.626418,46.122113],[10.626311,46.122089],[10.626244,46.122057],[10.626169,46.122022],[10.626061,46.121995],[10.625998,46.12198],[10.625937,46.121967],[10.625812,46.121938],[10.625768,46.121938],[10.625665,46.121922],[10.625524,46.121894],[10.625377,46.121857],[10.625272,46.121817],[10.625194,46.121788],[10.625114,46.121732],[10.625009,46.121692],[10.624895,46.121619],[10.624743,46.121585],[10.624643,46.121537],[10.624583,46.121494],[10.624452,46.121418],[10.624333,46.121352],[10.624272,46.121324],[10.624239,46.121287],[10.624156,46.121276],[10.62402,46.121245],[10.62394,46.121214],[10.623888,46.121162],[10.623835,46.121089],[10.623766,46.121032],[10.623743,46.12098],[10.623649,46.120924],[10.623586,46.120859],[10.62355,46.120825],[10.623453,46.120786],[10.623406,46.120746],[10.623331,46.120715],[10.6233,46.120652],[10.62332,46.12059],[10.623248,46.120529],[10.62319,46.120487],[10.623095,46.120448],[10.622982,46.120399],[10.622907,46.120343],[10.622882,46.120293],[10.622799,46.120214],[10.622713,46.120157],[10.622603,46.120095],[10.622511,46.120057],[10.622412,46.120005],[10.622353,46.119963],[10.622306,46.119901],[10.622287,46.119857],[10.622312,46.119823],[10.622248,46.119796],[10.622204,46.119798],[10.622115,46.119757],[10.622082,46.119692],[10.622035,46.119634],[10.621966,46.119588],[10.62191,46.119544],[10.621902,46.119464],[10.621888,46.119377],[10.621816,46.119339],[10.621628,46.119293],[10.621534,46.119274],[10.621476,46.119231],[10.621362,46.119218],[10.621287,46.119185],[10.621138,46.119118],[10.621096,46.119089],[10.62098,46.119057],[10.620911,46.119049],[10.620783,46.119001],[10.62072,46.11898],[10.620612,46.118982],[10.620481,46.118969],[10.620346,46.11893],[10.620218,46.118869],[10.620109,46.118845],[10.62001,46.118832],[10.619857,46.118858],[10.619691,46.118859],[10.61963,46.118842],[10.619545,46.118832],[10.619421,46.118853],[10.619358,46.118847],[10.619292,46.118824],[10.61925,46.118804],[10.619208,46.118768],[10.619194,46.118742],[10.619075,46.118646],[10.61903,46.118596],[10.618947,46.118565],[10.618792,46.118504],[10.618726,46.118473],[10.618598,46.118445],[10.618502,46.118445],[10.618399,46.118437],[10.618357,46.118408],[10.618305,46.118373],[10.618238,46.118345],[10.61816,46.118348]]},"properties":{"id":"3d9e3584-5289-4cde-805b-aabf55a66217","cls":"path","osm":["w441810517@7"],"conn":[["4338292d-7d16-4b00-b479-b834043cee89",0.0],["4041a3b3-9e70-456e-b6fa-3830922bd00f",0.593076],["93bc93ad-640b-4818-b971-11030f3809f6",1.0]]}},{"type":"Feature","geometry":{"type":"LineString","coordinates":[[10.562526,46.084338],[10.562497,46.084339],[10.56246,46.084353],[10.562379,46.084354]]},"properties":{"id":"3dd7f575-8993-4e5d-856c-5c6b2630ef6e","cls":"path","osm":["w511165927@3"],"conn":[["a85cf3b5-9941-446a-b990-143fc540a581",0.0],["1052d448-f1b6-409e-9c9d-7039e88bd955",0.191118],["c7fb70f0-5366-4d66-82f8-ea78c0a82e48",1.0]]}},{"type":"Feature","geometry":{"type":"LineString","coordinates":[[10.577059,45.961165],[10.57701,45.961132],[10.576965,45.961102],[10.576889,45.961075],[10.576721,45.961055],[10.576495,45.961006],[10.576224,45.960896],[10.576067,45.960875],[10.575929,45.960869],[10.57584,45.960859],[10.575771,45.960827],[10.575743,45.960789]]},"properties":{"id":"3e2585eb-4a98-4f61-b90d-fa6380aca5c5","cls":"track","osm":["w82549460@2"],"conn":[["47020aa1-fc62-4aa8-8a13-aade90c8e1f0",0.0],["a205a877-66e7-4202-acd5-78291c118ce2",1.0]]}},{"type":"Feature","geometry":{"type":"LineString","coordinates":[[10.565652,46.09841],[10.5656,46.09855],[10.565569,46.098622],[10.565572,46.098713],[10.565516,46.098923],[10.565481,46.099099],[10.565444,46.099197],[10.565351,46.099264]]},"properties":{"id":"3ec79e8b-ae59-42f4-af85-a3c0eaa09860","cls":"path","osm":["w1114952474@1"],"conn":[["b9974e9e-e71c-4690-8f20-8a19769b547d",0.0],["f30a2aa1-9be5-4dcf-89b9-688e30a24930",1.0]]}},{"type":"Feature","geometry":{"type":"LineString","coordinates":[[10.449521,46.064042],[10.449544,46.063854],[10.449429,46.063215],[10.449331,46.062822],[10.449297,46.062714]]},"properties":{"id":"3ed229c6-778d-42df-87ac-45e9b505f1e8","cls":"path","osm":["w39906159@4"],"conn":[["2f7fd908-1bfd-45f7-87e0-40128c3ebc6f",0.0],["621874aa-7eaf-4856-bbc2-9739c8530658",1.0]]}},{"type":"Feature","geometry":{"type":"LineString","coordinates":[[10.513937,46.053969],[10.514148,46.053941],[10.515637,46.053803],[10.516726,46.053717],[10.518141,46.053613],[10.519016,46.053545],[10.519946,46.053479],[10.520751,46.053422],[10.521218,46.053312]]},"properties":{"id":"40c0572c-cecf-493a-92ed-aba614d4068f","cls":"service","osm":["w260998325@4"],"sr":[["paved",null,null]],"conn":[["3a38684d-c3d0-440e-b3eb-14db65300d77",0.0],["c2767f84-9349-4171-9d2a-b263c8110f1a",1.0]],"access":[{"type":"allowed","when":null}]}},{"type":"Feature","geometry":{"type":"LineString","coordinates":[[10.576468,45.962909],[10.576487,45.962662],[10.576758,45.961784],[10.577059,45.961165],[10.577519,45.960188],[10.577792,45.959807],[10.577878,45.959691],[10.57791,45.959614],[10.577891,45.959333]]},"properties":{"id":"40fc7e6d-b5d9-42e4-8983-5f05d3eac263","cls":"unclassified","osm":["w82549496@1"],"conn":[["7ff12594-d283-4621-b0ae-6b3165579579",0.0],["059a2b89-afd2-4e9f-80d3-13eef4d04ee4",0.305902],["47020aa1-fc62-4aa8-8a13-aade90c8e1f0",0.480296],["834f5644-76bb-4768-8e9c-87b620ad020c",1.0]]}},{"type":"Feature","geometry":{"type":"LineString","coordinates":[[10.606471,46.021031],[10.606244,46.020908],[10.606105,46.020798],[10.606023,46.020575],[10.606108,46.020373],[10.606627,46.020048],[10.607086,46.019679],[10.607281,46.019401],[10.607523,46.019115]]},"properties":{"id":"416a3f24-4e4f-41f0-a54a-5352ccdd8d3c","cls":"path","osm":["w1212116538@2"],"sr":[["unpaved",null,null]],"conn":[["b3a43672-7872-43f9-9084-7af044df3a0e",0.0],["38d15d88-6eb6-4a81-ab9a-cda9e09a84e1",1.0]]}},{"type":"Feature","geometry":{"type":"LineString","coordinates":[[10.622292,45.990121],[10.622584,45.990228],[10.622845,45.990508],[10.622972,45.990526],[10.623045,45.990502],[10.623026,45.990452],[10.622914,45.990369],[10.622749,45.990198],[10.622511,45.989945],[10.622276,45.98972],[10.622084,45.989552],[10.62182,45.989299],[10.621631,45.989083],[10.621589,45.988939],[10.621643,45.98881],[10.621889,45.988746],[10.622173,45.988816],[10.6224,45.988898],[10.622618,45.988957],[10.622718,45.988968],[10.622826,45.988973],[10.622901,45.988962]]},"properties":{"id":"419eb9b6-8ade-4078-91cc-6df8b9e4984a","cls":"track","osm":["w1195526930@1"],"conn":[["5137ff9b-47dc-4051-8656-4cab07e40fdf",0.0],["5f49d565-90ce-4944-8b75-c88c715bb3cd",0.194224],["a4a26450-3840-4c77-8f07-68e5b288fef3",1.0]]}},{"type":"Feature","geometry":{"type":"LineString","coordinates":[[10.638713,45.961649],[10.638753,45.961632],[10.63877,45.961612],[10.638796,45.961571],[10.638838,45.961517],[10.638829,45.961475],[10.638823,45.961449],[10.638794,45.961424],[10.638771,45.961413],[10.638775,45.961369],[10.638764,45.961349]]},"properties":{"id":"421f115a-499b-4602-8a8c-875bd7e208b0","cls":"path","osm":["w1553683117@1"],"sr":[["unpaved",null,null]],"conn":[["6b50041a-1a80-4e73-b380-c007076273da",0.0],["9700749f-3acd-4099-9fef-1cde2f60914f",1.0]]}},{"type":"Feature","geometry":{"type":"LineString","coordinates":[[10.555603,45.976404],[10.55561,45.976362],[10.555682,45.976292],[10.555736,45.976215],[10.55583,45.976149],[10.555882,45.976066],[10.555916,45.97602],[10.555969,45.975942],[10.556016,45.975736],[10.556012,45.975483],[10.556038,45.975308],[10.556042,45.975157],[10.555997,45.975017],[10.555949,45.974896],[10.55592,45.97479],[10.555948,45.974679],[10.556023,45.974456],[10.556024,45.974271],[10.556003,45.974103],[10.556013,45.973956],[10.55601,45.973808]]},"properties":{"id":"4251e221-9708-4ac9-8471-10e65a29867f","cls":"track","name":"Strada forestale Splagion","osm":["w304077851@3"],"conn":[["fe4b951d-db54-49d5-a844-7b83c18e37f5",0.0],["17cd7dbc-d1e4-4cab-afb3-a4f9a6db0f47",1.0]],"access":[{"type":"allowed","when":["foot","bicycle"]},{"type":"allowed","when":["motor_vehicle"]},{"type":"allowed","when":["for_forestry"]},{"type":"allowed","when":null}]}},{"type":"Feature","geometry":{"type":"LineString","coordinates":[[10.50858,46.074017],[10.50861,46.074038],[10.508726,46.074123],[10.508754,46.074173],[10.509073,46.074247],[10.509329,46.074252],[10.509671,46.074201],[10.509882,46.074072],[10.509995,46.074053],[10.510141,46.074071],[10.51036,46.074036],[10.510855,46.073876],[10.511131,46.07385],[10.511845,46.073741],[10.512227,46.073639],[10.512706,46.073673],[10.513034,46.073655],[10.513165,46.073689],[10.513258,46.073865],[10.513406,46.073915],[10.513739,46.07397],[10.514003,46.073915],[10.51456,46.073956],[10.51472,46.074018],[10.514737,46.074107],[10.51482,46.074178],[10.514846,46.074329],[10.514986,46.074343],[10.515126,46.074319],[10.515256,46.074352],[10.515756,46.074296],[10.515946,46.074373],[10.516293,46.074348],[10.516389,46.074442],[10.516515,46.074464],[10.516545,46.07452],[10.516976,46.074672],[10.517661,46.074758],[10.518475,46.074721],[10.519727,46.074911],[10.520347,46.07504],[10.520796,46.075039],[10.521156,46.075073],[10.521418,46.075047],[10.521637,46.075088],[10.521693,46.075236],[10.522431,46.075463],[10.5228,46.075451],[10.52456,46.075926],[10.524922,46.075944],[10.525019,46.075896],[10.525315,46.075976],[10.525295,46.075894],[10.52555,46.075972],[10.525887,46.075878],[10.526196,46.075837],[10.526419,46.075673],[10.526747,46.075747],[10.527025,46.075949],[10.527247,46.07614],[10.527575,46.076354],[10.527837,46.076509],[10.528066,46.076537],[10.528161,46.076601],[10.528181,46.0768],[10.528126,46.076844],[10.528141,46.076905],[10.528054,46.077015],[10.527983,46.077191],[10.528015,46.077564],[10.528347,46.077865],[10.528566,46.078243],[10.529222,46.078626],[10.529495,46.078803],[10.529482,46.079049],[10.529418,46.079733],[10.529463,46.079938],[10.529418,46.08007],[10.529568,46.080234],[10.529468,46.080371],[10.529545,46.080475],[10.52965,46.08068],[10.529877,46.080733],[10.530069,46.080894],[10.530374,46.081068],[10.530639,46.081204],[10.531263,46.081769],[10.531946,46.082015],[10.53217,46.082166],[10.532261,46.082457],[10.532375,46.082753],[10.532484,46.082772],[10.532525,46.082899],[10.532821,46.082981],[10.53299,46.083136],[10.53319,46.083168],[10.533313,46.083291],[10.533605,46.083359],[10.533911,46.083348],[10.534153,46.083291],[10.534349,46.083348],[10.534761,46.083391],[10.535002,46.083496],[10.535298,46.083573],[10.535547,46.08361],[10.535781,46.083596],[10.536162,46.08358],[10.536214,46.083649],[10.536353,46.083665],[10.53669,46.083628],[10.537091,46.083619],[10.537269,46.08356],[10.537469,46.08358],[10.537725,46.083649],[10.537884,46.083599],[10.538002,46.08361],[10.538157,46.083653],[10.538228,46.083601],[10.538333,46.083653],[10.53854,46.083694],[10.538572,46.083737],[10.538731,46.083769],[10.538816,46.083751],[10.539018,46.083886],[10.539114,46.083988],[10.539237,46.083972],[10.539326,46.083986],[10.539369,46.084084],[10.539497,46.084134],[10.539606,46.084157],[10.539864,46.084191],[10.539886,46.084243],[10.539875,46.084291],[10.539925,46.084357],[10.540132,46.084451],[10.54029,46.084425],[10.540271,46.084635],[10.540394,46.084667],[10.540527,46.084669],[10.540584,46.084603],[10.540647,46.084446],[10.540759,46.084368],[10.540763,46.084302],[10.540843,46.084273],[10.541075,46.084353],[10.54121,46.084318],[10.541224,46.084255],[10.541296,46.084217],[10.541372,46.084191],[10.541307,46.084091],[10.541328,46.084064],[10.541386,46.08406],[10.541431,46.084078],[10.541467,46.084054],[10.541559,46.084096],[10.541607,46.0841],[10.541663,46.08407],[10.541659,46.084011],[10.54169,46.083959],[10.541822,46.08406],[10.542098,46.084121],[10.542134,46.084165],[10.542098,46.084276],[10.542102,46.084358],[10.542134,46.084376],[10.542228,46.084568],[10.542224,46.084667],[10.542223,46.084682],[10.542394,46.084718],[10.542613,46.084711],[10.542984,46.084586],[10.543399,46.084568],[10.543501,46.0846],[10.543991,46.084511],[10.544087,46.084408],[10.544171,46.084427],[10.544376,46.084395],[10.544619,46.084292],[10.544793,46.084242],[10.544854,46.084322],[10.545014,46.084365],[10.545235,46.084315],[10.545371,46.084383],[10.545452,46.084402],[10.545619,46.084362],[10.545765,46.084379],[10.54597,46.084324],[10.546089,46.084283],[10.546182,46.08424],[10.546403,46.084258],[10.546617,46.084242],[10.546822,46.084171],[10.546959,46.08419],[10.546999,46.084201],[10.547075,46.084122],[10.547162,46.084142],[10.5473,46.084152],[10.547534,46.084178],[10.547446,46.084087],[10.547472,46.084031],[10.54771,46.083989],[10.547846,46.083872],[10.547944,46.083779],[10.548332,46.083786],[10.549035,46.083856],[10.54953,46.083794],[10.550377,46.083967],[10.550821,46.084075],[10.550844,46.084207],[10.550987,46.08433],[10.551578,46.084502],[10.552414,46.084553],[10.552957,46.084661],[10.553379,46.084824],[10.553632,46.084872],[10.554271,46.084973],[10.554751,46.085072],[10.554923,46.084936],[10.555056,46.084881],[10.555131,46.08484],[10.555174,46.084747],[10.555151,46.084644],[10.555031,46.084471],[10.555035,46.084423],[10.555204,46.084391],[10.555333,46.084311],[10.555406,46.084246],[10.555416,46.084166],[10.555566,46.084079],[10.55563,46.08399],[10.555734,46.083956],[10.556135,46.083949],[10.556361,46.083949],[10.556623,46.08387],[10.556905,46.083801],[10.557254,46.083742],[10.557448,46.083697],[10.557644,46.083607],[10.557913,46.083582],[10.558118,46.08357],[10.558257,46.08358],[10.558394,46.083559],[10.558456,46.083545]]},"properties":{"id":"425ee84f-8cdc-4cbb-a0d2-7f0404cdd5e8","cls":"path","osm":["w230209465@9"],"conn":[["defb3d27-b799-4fc9-a41c-6b8fcd1d18ba",0.0],["d89c11cf-f2ca-4c83-a562-21a1a2f6c8ba",0.004413],["1054a2a2-0b53-4e90-8fae-66cf023cb5ee",1.0]]}},{"type":"Feature","geometry":{"type":"LineString","coordinates":[[10.532632,45.986682],[10.532754,45.986771],[10.533013,45.986894],[10.533137,45.986943],[10.53338,45.98707],[10.533529,45.98715],[10.533761,45.987256]]},"properties":{"id":"42978275-3c62-4138-80ca-da79baafcbee","cls":"path","osm":["w241101056@2"],"conn":[["7b508171-2e52-4576-ad40-df5238473351",0.0],["5047ab8d-8fc3-4b92-8567-702a68e5c9fd",1.0]]}},{"type":"Feature","geometry":{"type":"LineString","coordinates":[[10.575124,46.057791],[10.5749,46.058857],[10.574937,46.059428],[10.575082,46.059944],[10.575294,46.06106],[10.575189,46.06167],[10.575061,46.062036],[10.575038,46.062471],[10.575063,46.06257],[10.575114,46.062772],[10.57514,46.062926]]},"properties":{"id":"435aa810-81a1-4ba6-aa0a-c007bbdb2f14","cls":"path","osm":["w513876127@6"],"sr":[["unknown",null,null]],"conn":[["0a142cb3-eab9-4872-bb90-f92d518246ee",0.0],["c9940954-ec20-42c6-ac93-9569c41a57a8",0.930487],["dcedcd90-0714-4ff3-a733-1b4281c167f2",1.0]]}},{"type":"Feature","geometry":{"type":"LineString","coordinates":[[10.629408,45.989972],[10.629273,45.989882],[10.629054,45.989798],[10.62859,45.989695],[10.628295,45.989682],[10.627735,45.989703],[10.627458,45.989684],[10.627179,45.9896],[10.626976,45.989544],[10.626541,45.98949],[10.62631,45.989459],[10.625967,45.989425],[10.625675,45.989349],[10.625425,45.989317],[10.625227,45.989224],[10.624883,45.989198],[10.624639,45.989151],[10.624242,45.989123],[10.623749,45.989145],[10.623593,45.989162],[10.623392,45.98914],[10.623213,45.98909],[10.622942,45.988986],[10.622901,45.988962],[10.622897,45.988878],[10.622642,45.988744],[10.622374,45.988604],[10.622261,45.988567],[10.622041,45.988557],[10.621891,45.988531],[10.621647,45.988462],[10.621558,45.988442],[10.621451,45.988431],[10.621161,45.988457],[10.621041,45.988446],[10.620781,45.988477],[10.620416,45.98852],[10.620172,45.988516],[10.619879,45.988481],[10.619616,45.988459],[10.619351,45.988459],[10.618983,45.988415],[10.618637,45.98835],[10.618312,45.988284],[10.617959,45.988259],[10.617658,45.988239],[10.617318,45.988257],[10.616966,45.988305],[10.61664,45.988331],[10.616189,45.988301],[10.615803,45.988309],[10.615452,45.988305],[10.615082,45.988301],[10.614824,45.988292],[10.614604,45.988277],[10.61439,45.988321],[10.614191,45.988407],[10.613995,45.9884],[10.613842,45.988379],[10.613504,45.988363],[10.6134,45.988359],[10.613083,45.988312],[10.612804,45.988272],[10.612434,45.988211],[10.612222,45.988206],[10.612051,45.988187],[10.6119,45.988202],[10.611488,45.988204],[10.611372,45.988225],[10.611077,45.988223],[10.610814,45.98823],[10.610562,45.988225],[10.610347,45.988234],[10.610023,45.988247],[10.609843,45.988225],[10.609653,45.98821]]},"properties":{"id":"43711fb3-9125-430d-8813-242536c852cc","cls":"track","osm":["w447471177@6"],"conn":[["801ef3de-2b8d-4178-85e5-dac965e724bb",0.0],["a4a26450-3840-4c77-8f07-68e5b288fef3",0.332507],["8e4ad2f4-2ea3-4c0e-b6b2-c2a09787e7e9",1.0]]}},{"type":"Feature","geometry":{"type":"LineString","coordinates":[[10.437881,46.070054],[10.439792,46.070509],[10.441242,46.070836],[10.441792,46.070912],[10.442482,46.07084],[10.443106,46.070877],[10.443758,46.070782],[10.444506,46.070756],[10.445229,46.070781],[10.446307,46.070673],[10.446759,46.070634],[10.447225,46.070673],[10.44759,46.070791],[10.447827,46.070915],[10.448197,46.071001],[10.448514,46.071061],[10.4505,46.071266],[10.450682,46.071275],[10.450882,46.071218],[10.451048,46.071151],[10.451236,46.07112],[10.451633,46.071158],[10.45202,46.071156],[10.452599,46.071075],[10.453016,46.071088],[10.453804,46.071134],[10.454715,46.071102],[10.455126,46.071114],[10.455523,46.071138],[10.455626,46.071149],[10.456758,46.071271],[10.457388,46.071302],[10.457872,46.071299],[10.457925,46.071295],[10.458796,46.071186],[10.459208,46.071035],[10.459437,46.070967],[10.459663,46.070939],[10.460338,46.071025],[10.460824,46.071091],[10.461272,46.071221],[10.462323,46.07158],[10.463539,46.071982],[10.465163,46.072474],[10.465561,46.072608],[10.466591,46.073045],[10.466993,46.073174],[10.467385,46.073293],[10.467778,46.073386],[10.468071,46.073426],[10.468458,46.073345],[10.468566,46.073352],[10.468672,46.073395],[10.468643,46.073443],[10.468364,46.073505],[10.467999,46.07372],[10.467929,46.073774],[10.468056,46.073763],[10.468423,46.07368],[10.468792,46.07366],[10.469262,46.073767],[10.469495,46.073801],[10.469727,46.073731],[10.470045,46.073541],[10.47025,46.073355],[10.470409,46.073243],[10.470506,46.073251],[10.470459,46.073378],[10.47039,46.073449],[10.470475,46.07358],[10.470455,46.07375],[10.470344,46.074072],[10.469908,46.074224],[10.469869,46.074296],[10.469988,46.074295],[10.470413,46.07423],[10.470877,46.073944],[10.471111,46.073712],[10.471139,46.073471],[10.471222,46.073428],[10.471265,46.073514],[10.471259,46.073686],[10.471243,46.073862],[10.471201,46.073972],[10.471068,46.074158],[10.471041,46.074239],[10.471151,46.074198],[10.471231,46.074131],[10.471354,46.074002],[10.471454,46.07389],[10.471547,46.073835],[10.471586,46.073878],[10.471594,46.073955],[10.471462,46.074068],[10.471373,46.074192],[10.471373,46.074269],[10.471466,46.074254],[10.471787,46.073901],[10.472001,46.073549],[10.472152,46.073506],[10.472376,46.073502],[10.472531,46.073622],[10.472794,46.073851],[10.472829,46.074141],[10.472814,46.074238],[10.47269,46.074176],[10.47257,46.074025],[10.472485,46.074044],[10.472531,46.074165],[10.472763,46.074467],[10.473054,46.074804],[10.47343,46.075077],[10.473508,46.075119],[10.473725,46.075157],[10.47392,46.07532],[10.474162,46.075504],[10.474336,46.075663],[10.474537,46.076027],[10.47463,46.076244],[10.474801,46.076585],[10.474991,46.076727],[10.475306,46.07688],[10.475933,46.077291],[10.476073,46.077447],[10.476292,46.077972],[10.476795,46.078529],[10.476898,46.078619],[10.477136,46.078673],[10.477687,46.07877],[10.477913,46.078875],[10.478196,46.079166],[10.478472,46.079417],[10.478673,46.079573],[10.478809,46.079633],[10.478965,46.07975],[10.479219,46.079887],[10.479437,46.07999],[10.47968,46.080155],[10.479848,46.080266],[10.480127,46.080363],[10.48018,46.080477],[10.480215,46.080536],[10.480327,46.080526],[10.480459,46.080489],[10.480618,46.080473],[10.480695,46.080505],[10.480629,46.080594],[10.48049,46.08069],[10.480432,46.080803],[10.480509,46.080838],[10.480703,46.080779],[10.480822,46.08077],[10.480935,46.08076],[10.481435,46.080958],[10.481373,46.081055],[10.481267,46.081065],[10.481055,46.081085],[10.481048,46.081182],[10.481172,46.08124],[10.481667,46.081387],[10.482024,46.081376],[10.482264,46.081368],[10.482512,46.081395],[10.482632,46.08141],[10.482574,46.081484],[10.482307,46.081533],[10.482171,46.081558],[10.481973,46.081709],[10.481756,46.081798],[10.481416,46.081779],[10.481164,46.081724],[10.480951,46.081744],[10.481005,46.081821],[10.481338,46.081914],[10.481822,46.082096],[10.482515,46.082131],[10.482957,46.082104],[10.483178,46.082042],[10.483402,46.082085],[10.483406,46.082162],[10.483108,46.082189],[10.482806,46.082305],[10.482639,46.082379],[10.482705,46.082433],[10.483325,46.082422],[10.483879,46.082615],[10.48394,46.082656],[10.484371,46.082942],[10.484386,46.082952],[10.484498,46.082983],[10.484775,46.082989],[10.484955,46.08312],[10.485145,46.083169],[10.485917,46.08332],[10.486037,46.083351],[10.486143,46.083382],[10.486201,46.083406],[10.486261,46.083436],[10.486386,46.083508],[10.486451,46.083534],[10.486507,46.083551],[10.486565,46.083561],[10.486624,46.083569],[10.486687,46.083579],[10.486774,46.083586],[10.486836,46.083597],[10.486864,46.083611],[10.486869,46.083628],[10.486859,46.083647],[10.486839,46.083664],[10.486678,46.083762],[10.486442,46.083903],[10.486399,46.08392],[10.486353,46.083929],[10.486304,46.083931],[10.486148,46.083917],[10.486108,46.083921],[10.486065,46.083931],[10.486024,46.083947],[10.485988,46.083967],[10.485852,46.084045],[10.485817,46.08406],[10.485788,46.084068],[10.485758,46.084068],[10.485716,46.084064],[10.485679,46.084057],[10.485572,46.084036],[10.485535,46.08404],[10.485504,46.084048],[10.485481,46.084064],[10.485468,46.084087],[10.485465,46.084111],[10.485481,46.084135],[10.485503,46.084154],[10.485549,46.084177],[10.485947,46.084323],[10.486459,46.084525],[10.486658,46.084608],[10.486814,46.084672],[10.486888,46.084695],[10.486959,46.084703],[10.487061,46.084708],[10.48739,46.084707],[10.487545,46.084709],[10.487628,46.084718],[10.487703,46.084729],[10.487763,46.084748],[10.487814,46.084772],[10.487852,46.084805],[10.487875,46.084844],[10.487884,46.08488]]},"properties":{"id":"43a97040-6957-4a16-9229-e96b2553f17e","cls":"unclassified","osm":["w38534300@13","w39226202@8","w39226203@6","w472032938@1","w472032939@1"],"sr":[["paved",0.390842,1.0]],"conn":[["45c8d5e5-de90-48d9-b481-d71bf8debddf",0.0],["229fc08e-a143-41dd-a79f-04294be23ed2",0.232749],["2884d3ce-ee95-48f6-872e-14f37d8ad7dc",0.234086],["fa73a0b2-c813-4c0c-a67d-e8ad3f97404e",0.323877],["61a8a131-1259-40df-8e13-f954c0aba141",0.425921],["3e71f164-8093-4923-85e7-738b1c840d79",0.593522],["28422c69-9d26-4754-9a7b-6d400e02d456",0.614107],["bfa179c4-74ee-426c-9fcd-34cf7e49630f",0.784127],["67754935-00c7-4554-a2df-aec441121392",0.802108],["97758d88-cdf0-4eae-9e91-e700eb13011f",0.815102],["1b527253-2616-42e4-b073-405d5ac5ce77",0.899063],["f916efdf-43fb-4fc6-861c-95565f67ec50",0.942225],["5c1023e5-ddbd-4c70-81ef-9d543922db96",1.0]]}},{"type":"Feature","geometry":{"type":"LineString","coordinates":[[10.514757,46.009698],[10.514732,46.009749],[10.514729,46.009804],[10.514725,46.009856],[10.514743,46.009894],[10.514769,46.00993],[10.514776,46.009968],[10.514767,46.010031],[10.514755,46.010112],[10.51478,46.010173],[10.514846,46.010251],[10.514935,46.010317],[10.515036,46.010373],[10.515137,46.010461],[10.515194,46.010493],[10.515243,46.010498],[10.515287,46.010517],[10.515315,46.010553],[10.515267,46.010593],[10.515217,46.010627],[10.515166,46.010663],[10.515128,46.010711],[10.515192,46.010785],[10.515223,46.010821],[10.515274,46.01086],[10.515281,46.010936],[10.515327,46.010995],[10.515347,46.011044],[10.515364,46.011085],[10.515425,46.011109],[10.515431,46.011147],[10.515462,46.011197],[10.515525,46.011241],[10.51562,46.011242],[10.515759,46.011255],[10.515847,46.011283],[10.515922,46.0113],[10.51601,46.011309],[10.516118,46.011279],[10.516239,46.011262],[10.516387,46.011267]]},"properties":{"id":"44336570-276d-473e-bcf0-f5907b00cd22","cls":"path","osm":["w227226204@2"],"conn":[["e6c4cb60-9b0e-43a5-b47d-ae4f68fc4745",0.0],["22153088-03c3-4e22-9f02-b4fb4f9573de",1.0]]}},{"type":"Feature","geometry":{"type":"LineString","coordinates":[[10.514411,46.032441],[10.514279,46.0324]]},"properties":{"id":"4509c4d7-468e-412d-a363-7b3013f4291a","cls":"footway","osm":["w240957219@3"],"fr":[["is_bridge",null,null]],"conn":[["9c811213-2958-40e0-9f5d-05f6d3d0966b",0.0],["1a5fa929-afa1-44d0-854f-fc3ca29e303a",1.0]]}},{"type":"Feature","geometry":{"type":"LineString","coordinates":[[10.512044,46.046213],[10.512229,46.046444],[10.512507,46.046626],[10.512767,46.04686],[10.512797,46.046954],[10.512805,46.047051],[10.512771,46.047157],[10.512757,46.047261],[10.512882,46.047794],[10.512958,46.047937],[10.513032,46.048078],[10.513139,46.048207],[10.51317,46.048295],[10.51317,46.048409],[10.513212,46.048493],[10.513308,46.04864],[10.513426,46.048733],[10.513618,46.048812],[10.513835,46.048865],[10.513941,46.048943],[10.514221,46.049243],[10.51463,46.049448],[10.514869,46.049585],[10.514939,46.049958],[10.515059,46.050303],[10.515186,46.050479],[10.515355,46.05069],[10.515369,46.05093],[10.515376,46.051275],[10.515566,46.051873],[10.515777,46.052507],[10.516052,46.052922],[10.516204,46.053055],[10.516496,46.053256],[10.516644,46.053342],[10.516762,46.053352],[10.516901,46.053248],[10.517022,46.053233],[10.51725,46.053197],[10.51747,46.053211],[10.517661,46.053203],[10.51789,46.053194],[10.518071,46.053193],[10.518421,46.053179],[10.518731,46.053257],[10.518869,46.053223],[10.519164,46.05323]]},"properties":{"id":"4580c2b7-2a7d-4f65-9ae9-53cfaa26346b","cls":"track","osm":["w58883093@3"],"conn":[["00debefd-81f1-43fd-aeb0-49d6049b1d20",0.0],["ef956775-ca36-41ae-a692-e25793f260b4",0.413303],["73980080-817b-4f7f-ac28-507d472814a4",0.486123],["5de7bfe1-3d34-44ac-8a3b-06d73745c556",1.0]]}},{"type":"Feature","geometry":{"type":"LineString","coordinates":[[10.600199,46.013833],[10.599572,46.013543],[10.59936,46.013494],[10.599175,46.013351],[10.598722,46.01317],[10.598583,46.013125],[10.598089,46.01285],[10.597744,46.01258],[10.597456,46.012244],[10.597368,46.01217],[10.597078,46.011816],[10.596759,46.011611],[10.596606,46.011501],[10.596442,46.011391],[10.596284,46.011274],[10.596161,46.011112],[10.596037,46.010991],[10.595613,46.010844],[10.595514,46.01073],[10.595332,46.010627],[10.595056,46.010612],[10.594597,46.010585],[10.594503,46.010557],[10.594447,46.010443],[10.594372,46.010184],[10.594304,46.010098],[10.594254,46.010119],[10.594114,46.010288],[10.593969,46.010374],[10.593835,46.010424],[10.593765,46.010417],[10.593757,46.010368],[10.593798,46.010214],[10.593822,46.010113],[10.593771,46.010083],[10.593671,46.010145],[10.59358,46.010203],[10.593486,46.010214],[10.59343,46.010184],[10.593484,46.010076],[10.593486,46.009985],[10.593465,46.009946],[10.593425,46.009932],[10.593376,46.00999],[10.593317,46.010018],[10.593221,46.01002],[10.593173,46.010029],[10.59302,46.010251],[10.592934,46.010328],[10.59287,46.010316],[10.592904,46.010234],[10.592928,46.010117],[10.592907,46.010102],[10.592832,46.010136],[10.59273,46.010214],[10.59262,46.010272],[10.592521,46.010279],[10.592524,46.010233],[10.592615,46.010145],[10.592687,46.010061],[10.592693,46.01002],[10.592684,46.009974],[10.592625,46.009981],[10.592521,46.010069],[10.592306,46.010097],[10.592094,46.010057],[10.591923,46.0101],[10.591748,46.010191],[10.591657,46.010225],[10.59151,46.010229],[10.591402,46.010208],[10.591225,46.010151],[10.59104,46.010108],[10.59078,46.010007],[10.590182,46.009821],[10.589967,46.00967],[10.589908,46.00956],[10.589895,46.009461],[10.589788,46.009363],[10.589704,46.009249],[10.58968,46.009133],[10.589691,46.009081],[10.589707,46.009044],[10.589651,46.008988],[10.589638,46.008947],[10.589836,46.008908],[10.590021,46.008889],[10.590077,46.008856],[10.590037,46.008822],[10.589726,46.008737],[10.589651,46.008675],[10.589683,46.008657],[10.589804,46.008653],[10.589871,46.008626],[10.589843,46.008593],[10.589847,46.008571],[10.589963,46.008531],[10.590288,46.00846],[10.590344,46.008428],[10.590366,46.008391],[10.590351,46.008274],[10.590375,46.008212],[10.590424,46.008173],[10.590553,46.008141],[10.590586,46.008096],[10.590525,46.00806],[10.590324,46.00803],[10.59019,46.008024],[10.589829,46.00796],[10.589512,46.007914],[10.589355,46.007848],[10.589384,46.007807],[10.589443,46.007772],[10.589483,46.007708],[10.589533,46.007671],[10.589485,46.007649],[10.589328,46.007604],[10.589226,46.007631],[10.588929,46.007626],[10.588626,46.007624],[10.588602,46.007604],[10.588712,46.007546],[10.588806,46.007459],[10.589106,46.007295],[10.589114,46.007246],[10.589082,46.007216],[10.588975,46.007146],[10.588854,46.007125],[10.588667,46.007149],[10.588285,46.007094],[10.588211,46.007157],[10.587422,46.00722],[10.587205,46.007272],[10.587151,46.007375],[10.587089,46.007406],[10.587038,46.007403],[10.586998,46.007369],[10.586993,46.007309],[10.586971,46.007259],[10.586894,46.007248],[10.586829,46.007252],[10.586794,46.007352],[10.586746,46.00738],[10.586684,46.00738],[10.586625,46.007352],[10.586542,46.0073],[10.586443,46.007283],[10.586368,46.007257],[10.586336,46.007203],[10.586312,46.007127],[10.586344,46.006954],[10.586357,46.006864],[10.586309,46.006842],[10.586204,46.006892],[10.585939,46.00706],[10.585823,46.007159],[10.585762,46.007242],[10.585708,46.007261],[10.585665,46.007257],[10.585638,46.007304],[10.585547,46.007302],[10.585365,46.007298],[10.585355,46.007336],[10.585422,46.007403],[10.585421,46.007453],[10.585343,46.007529],[10.585231,46.007572],[10.585107,46.007589],[10.585097,46.007647],[10.585126,46.007747],[10.585005,46.007852],[10.584995,46.007915],[10.584954,46.007984],[10.584903,46.007908],[10.584828,46.007852],[10.584799,46.007846],[10.584751,46.007883],[10.584748,46.00798],[10.584662,46.008027],[10.584687,46.008114],[10.58471,46.008153],[10.584733,46.008173],[10.584734,46.008207],[10.584763,46.008238],[10.584769,46.00829],[10.584726,46.008296],[10.584684,46.008274],[10.584668,46.00824],[10.584602,46.008192],[10.584496,46.008161],[10.584463,46.008088],[10.584382,46.008014],[10.584395,46.007955],[10.584372,46.007902],[10.584323,46.007857],[10.584244,46.007829],[10.584119,46.007802],[10.583926,46.007803],[10.583881,46.007765],[10.583881,46.007717],[10.583938,46.007671],[10.583806,46.007627],[10.5836,46.007457],[10.583471,46.007364],[10.583436,46.00727],[10.583348,46.007183],[10.583215,46.007084],[10.583148,46.006996],[10.583063,46.006935],[10.582846,46.006909],[10.582779,46.006825],[10.582689,46.006759],[10.58254,46.006585],[10.582476,46.006581],[10.582433,46.006521],[10.582371,46.006497],[10.582366,46.006464],[10.582304,46.006462],[10.582299,46.006436],[10.582151,46.006385]]},"properties":{"id":"45f5e7e3-29a9-44c6-a6a4-3c7f2a9cb02d","cls":"path","osm":["w1212118118@2","w324232355@9","w406213549@7"],"conn":[["22323289-6537-4cd4-9ed7-dea89a291d91",0.0],["13c30306-94ef-4e4f-9364-7ef1a0b98c3a",1.0]],"access":[{"type":"allowed","when":["foot"]}]}},{"type":"Feature","geometry":{"type":"LineString","coordinates":[[10.504841,46.07774],[10.504941,46.077728],[10.504999,46.07749],[10.50509,46.077435],[10.505323,46.077262],[10.505467,46.076884],[10.505582,46.076411],[10.505239,46.075868],[10.505382,46.075686],[10.505777,46.075478],[10.505903,46.07536],[10.506111,46.075189],[10.506354,46.075088],[10.5064,46.075028],[10.506505,46.075034],[10.506706,46.07493],[10.506968,46.074894],[10.507134,46.074779],[10.507361,46.074669],[10.507588,46.074647],[10.507772,46.074548],[10.50775,46.074303],[10.508075,46.074298],[10.508163,46.074228],[10.508283,46.074162],[10.508377,46.074071],[10.50858,46.074017]]},"properties":{"id":"465e81a6-0479-446c-9bd0-41e3e1a411e9","cls":"path","osm":["w1201742500@6","w1201753609@2"],"conn":[["abd444fd-49ee-41d8-9048-ed150182d6c4",0.0],["bd88adb9-803a-4391-9011-a5d6760b798f",0.930622],["defb3d27-b799-4fc9-a41c-6b8fcd1d18ba",1.0]]}},{"type":"Feature","geometry":{"type":"LineString","coordinates":[[10.51355,46.053176],[10.513595,46.053278],[10.513654,46.053416],[10.513664,46.053436],[10.513735,46.053609],[10.513721,46.053735],[10.513657,46.053879],[10.513543,46.054249],[10.51349,46.054435],[10.513378,46.054633]]},"properties":{"id":"488be0b6-fc6a-4dd8-b755-39468a7364a0","cls":"track","osm":["w511165920@1","w511165921@1","w513044399@1"],"sr":[["unknown",0.0,0.070693],["paved",0.070693,0.482579],["gravel",0.482579,1.0]],"conn":[["0b9bc5b3-7827-4121-b422-f6941dba55bd",0.0],["142c9867-821a-4269-9c59-3b8d24708ce8",1.0]],"access":[{"type":"allowed","when":["motor_vehicle"]}]}},{"type":"Feature","geometry":{"type":"LineString","coordinates":[[10.570598,45.968799],[10.570499,45.968758],[10.570276,45.968733],[10.570206,45.968659],[10.570222,45.968545]]},"properties":{"id":"49632d7e-9a15-4bd6-8e50-4d5cc7b3caa5","cls":"track","osm":["w82591767@1"],"conn":[["ea62733a-0a97-492c-8779-59ab7e259446",0.0],["e9c9c126-12b9-4ed0-91cc-a927a9afdd19",1.0]]}},{"type":"Feature","geometry":{"type":"LineString","coordinates":[[10.646931,45.962386],[10.646699,45.962225],[10.646592,45.962035],[10.646646,45.961815],[10.646576,45.961632],[10.646016,45.960976],[10.645718,45.960869],[10.645442,45.960646],[10.644913,45.960485],[10.644494,45.960363],[10.644097,45.960248],[10.643733,45.960156],[10.643435,45.959941],[10.642894,45.959811],[10.642552,45.959757],[10.641935,45.959696],[10.641405,45.95955],[10.641074,45.959412],[10.640832,45.959404],[10.640534,45.959527],[10.640225,45.959581],[10.640048,45.95968],[10.639751,45.959757],[10.63953,45.959818],[10.639199,45.95965],[10.638879,45.959443],[10.638526,45.959167],[10.637842,45.958982],[10.637412,45.958883],[10.637136,45.958837],[10.63685,45.958745],[10.636574,45.958645],[10.636397,45.958584],[10.63632,45.958361],[10.636199,45.958208],[10.635945,45.958062],[10.635791,45.957886],[10.635835,45.957694],[10.635989,45.957196],[10.635813,45.957004],[10.63557,45.956851],[10.635526,45.956467],[10.635515,45.956176],[10.635493,45.955938],[10.635416,45.95567],[10.635371,45.955371],[10.635327,45.955148],[10.635195,45.954888],[10.635063,45.954623]]},"properties":{"id":"4986277d-9191-4b11-90ab-462ac9e0734b","cls":"path","osm":["w439398512@3"],"conn":[["2780ec57-a35d-422f-90f1-6cb2a23b49ca",0.0],["b3e092b0-c6f5-44a0-97a2-62403d9d2f1f",1.0]]}},{"type":"Feature","geometry":{"type":"LineString","coordinates":[[10.507109,46.047308],[10.506996,46.047162],[10.506874,46.047094],[10.506779,46.047078],[10.506677,46.047037],[10.506582,46.047013],[10.506538,46.046937],[10.506459,46.046829],[10.506409,46.046786],[10.506365,46.046684],[10.506197,46.046511],[10.506103,46.046425],[10.506081,46.046358],[10.505999,46.046333],[10.505947,46.046352],[10.505894,46.04635],[10.505811,46.046271],[10.50574,46.046115],[10.505723,46.045993],[10.505738,46.045912],[10.505764,46.045822],[10.50575,46.045712],[10.505714,46.045668],[10.50565,46.045646],[10.505612,46.045609],[10.505607,46.045559],[10.505624,46.045513],[10.505605,46.045468],[10.505522,46.045399],[10.505462,46.045266],[10.505444,46.045189],[10.505436,46.045091],[10.505402,46.045045],[10.505362,46.045007],[10.505356,46.044927],[10.505416,46.044759],[10.50548,46.044537],[10.505479,46.044373],[10.505464,46.044242],[10.505414,46.044156],[10.50535,46.044121],[10.505197,46.044114],[10.505077,46.044062],[10.505064,46.043977],[10.505035,46.043832],[10.504916,46.043621],[10.504723,46.043386],[10.504411,46.043186],[10.504099,46.042818],[10.504011,46.042607],[10.50367,46.042232],[10.5035,46.04204],[10.503302,46.041813],[10.503173,46.041691],[10.502987,46.041628],[10.502824,46.041467],[10.502733,46.041388],[10.502632,46.04135],[10.502588,46.041392],[10.502585,46.041442],[10.502541,46.041461],[10.502486,46.041445],[10.502459,46.041376],[10.502429,46.041267],[10.502331,46.041125],[10.502175,46.04096],[10.502012,46.040869],[10.501839,46.04085],[10.501756,46.040926],[10.501683,46.040939],[10.501608,46.040878],[10.501467,46.040857],[10.501321,46.040854],[10.500942,46.040869],[10.500801,46.040903],[10.500644,46.040881],[10.500547,46.040873],[10.500478,46.040913],[10.500389,46.040947],[10.500087,46.041185],[10.499996,46.041256],[10.499656,46.041489],[10.499323,46.041684],[10.4988,46.041866],[10.498237,46.042005],[10.497769,46.042106],[10.497523,46.042183],[10.497274,46.042235],[10.496929,46.042107],[10.496712,46.042032],[10.496468,46.042055],[10.496335,46.042053],[10.496287,46.041986],[10.496022,46.041956],[10.495831,46.04197],[10.495631,46.041958],[10.495294,46.041929],[10.495019,46.041784],[10.494694,46.04168],[10.494521,46.041579],[10.494446,46.041634],[10.494476,46.041696],[10.494387,46.041782],[10.49435,46.041855],[10.494247,46.041872],[10.494079,46.04196],[10.493977,46.041927],[10.493939,46.041802],[10.493938,46.041719],[10.493773,46.041751],[10.493755,46.041811],[10.493649,46.04181],[10.493634,46.041746],[10.493553,46.041719],[10.493451,46.041794],[10.493207,46.041836],[10.493164,46.041879],[10.492943,46.041952],[10.49275,46.041927],[10.492625,46.041944],[10.492547,46.041857],[10.492356,46.041884],[10.492319,46.041843],[10.492284,46.041798],[10.492379,46.041743],[10.492408,46.041701],[10.49236,46.041654],[10.492206,46.041609],[10.492123,46.041588],[10.492095,46.041504],[10.492048,46.041484],[10.491813,46.041502],[10.491689,46.041546],[10.491587,46.041551],[10.491541,46.041532],[10.491352,46.041555],[10.491184,46.041631],[10.491055,46.041635],[10.490673,46.041833],[10.490455,46.041855],[10.489767,46.041841],[10.48941,46.04181],[10.489141,46.041764],[10.488998,46.041658],[10.488769,46.041568],[10.488578,46.041567],[10.488482,46.041548],[10.488404,46.041487],[10.488413,46.041385],[10.488483,46.041305],[10.488473,46.041263],[10.488314,46.041166],[10.488186,46.041033],[10.488097,46.040834],[10.488029,46.040771],[10.488007,46.040689],[10.488008,46.040614],[10.487892,46.040476],[10.487829,46.040357],[10.487848,46.040274],[10.487804,46.040179],[10.487581,46.040087],[10.487508,46.039987],[10.487516,46.039881],[10.487376,46.039818],[10.487251,46.039757],[10.487065,46.03974],[10.486617,46.03978],[10.486296,46.039852],[10.486057,46.039875],[10.485857,46.039921],[10.485818,46.039957],[10.485686,46.039997],[10.485244,46.039995],[10.484959,46.040085],[10.484927,46.040149],[10.48473,46.040245],[10.484623,46.040211],[10.484473,46.0402],[10.484273,46.040203],[10.484155,46.040234],[10.484127,46.040181],[10.484201,46.040072],[10.484328,46.040044],[10.484399,46.039957],[10.484421,46.039884],[10.484383,46.039866],[10.484329,46.039869],[10.484041,46.039783],[10.484013,46.039758],[10.483935,46.039749]]},"properties":{"id":"49912e77-7638-4b92-97a2-f7513b642df8","cls":"path","osm":["w144539298@12"],"sr":[["gravel",null,null]],"conn":[["9ef68c93-a42a-4b2d-ba49-2847910e31b0",0.0],["24bc0a39-9e1c-4fd9-94c5-1f8da363b7a1",0.37719],["2e961a43-beba-4114-a8f1-72b6ff7ce845",0.389988],["feb166c5-367f-4d0d-9553-ebac9ea6d86b",1.0]]}},{"type":"Feature","geometry":{"type":"LineString","coordinates":[[10.444904,46.007697],[10.444929,46.007794],[10.445023,46.007878],[10.445087,46.007932],[10.445108,46.00806],[10.445181,46.008103],[10.445304,46.008139],[10.44543,46.008201],[10.4455,46.008295],[10.445738,46.008417],[10.445763,46.008459],[10.445715,46.008523],[10.445775,46.008723],[10.445951,46.008888],[10.446024,46.009027],[10.44603,46.009194],[10.446167,46.009324],[10.446228,46.009489],[10.446389,46.00971],[10.446553,46.009864],[10.446716,46.010039],[10.446809,46.01011],[10.446869,46.010133],[10.446907,46.010182],[10.446891,46.010327],[10.446824,46.010417],[10.446742,46.01047],[10.44665,46.010567],[10.446624,46.010716],[10.446564,46.010802],[10.44639,46.01096],[10.446364,46.011001],[10.446364,46.01105],[10.446435,46.01106],[10.446462,46.011091],[10.446407,46.011337],[10.446415,46.011465],[10.4464,46.011518],[10.446428,46.011581],[10.446498,46.011597],[10.446579,46.011607],[10.44666,46.011653],[10.446762,46.011695],[10.44684,46.011754],[10.446903,46.011814],[10.446937,46.011983],[10.446983,46.012057],[10.447067,46.012122],[10.447086,46.012129],[10.447133,46.01214],[10.447209,46.012122],[10.447335,46.012115],[10.447476,46.012134],[10.447599,46.012197],[10.447712,46.012271],[10.447827,46.012323],[10.447935,46.012421],[10.447982,46.012521],[10.448035,46.012604],[10.448133,46.012719],[10.448276,46.012812],[10.44834,46.01288],[10.448453,46.012957],[10.448504,46.013005],[10.448508,46.013059],[10.448531,46.013135],[10.448576,46.0132],[10.448629,46.013239],[10.4487,46.013303],[10.448753,46.013343],[10.448791,46.013372],[10.448851,46.013402],[10.448932,46.013458],[10.449027,46.013509],[10.449083,46.013563],[10.449113,46.013664],[10.449177,46.013804],[10.44923,46.013861],[10.449262,46.013911],[10.449262,46.013986],[10.449234,46.014045],[10.449202,46.014096],[10.44917,46.01415],[10.449143,46.014192],[10.44913,46.014233],[10.449134,46.014277],[10.449153,46.014316],[10.449185,46.014342]]},"properties":{"id":"4997aa54-661e-4450-b7a1-69db574004aa","cls":"path","osm":["w368271119@2"],"conn":[["1e1ea648-00cf-4fae-84ae-95c99576421e",0.0],["44515b91-90cb-4dca-8d9e-ae40638be3af",0.642292],["5c8898fa-9ee5-413b-a175-60276aabaf79",1.0]]}},{"type":"Feature","geometry":{"type":"LineString","coordinates":[[10.634494,45.991612],[10.634403,45.99162],[10.634193,45.991536],[10.63392,45.991395],[10.633536,45.991127],[10.63333,45.990998],[10.633153,45.990895],[10.633147,45.99078],[10.633161,45.990677],[10.633107,45.990538],[10.63289,45.990398],[10.632576,45.990288],[10.632238,45.990213],[10.631785,45.990176],[10.631112,45.990178],[10.630336,45.990256],[10.62987,45.990249],[10.629408,45.990182],[10.629097,45.990079],[10.629105,45.99006],[10.629158,45.990042],[10.629352,45.989997],[10.629408,45.989972]]},"properties":{"id":"49c54e6a-c642-4e28-9933-3380b0388b22","cls":"track","osm":["w514600920@1"],"conn":[["bda2b805-647d-43d1-ae02-b428d7da00c9",0.0],["801ef3de-2b8d-4178-85e5-dac965e724bb",1.0]]}},{"type":"Feature","geometry":{"type":"LineString","coordinates":[[10.57514,46.062926],[10.575136,46.063003]]},"properties":{"id":"4a7b9167-0c7b-4438-9a7d-3f7f2c3b0f49","cls":"path","osm":["w513876143@3"],"sr":[["unpaved",null,null]],"conn":[["dcedcd90-0714-4ff3-a733-1b4281c167f2",0.0],["2ef25454-0e89-42db-836c-22e3d24211d7",1.0]]}},{"type":"Feature","geometry":{"type":"LineString","coordinates":[[10.63197,46.039928],[10.631855,46.039963],[10.631525,46.040064],[10.631293,46.040365],[10.631056,46.040443],[10.630823,46.04053],[10.630463,46.040679],[10.630305,46.040771],[10.630237,46.040842],[10.630116,46.040861],[10.630046,46.040819],[10.629958,46.040797],[10.629787,46.040822],[10.629663,46.040875],[10.629509,46.040947],[10.629287,46.041136],[10.628992,46.041239],[10.628956,46.041403],[10.628469,46.041828],[10.628161,46.042018],[10.627929,46.04212],[10.627734,46.042309],[10.627597,46.042341],[10.627467,46.042438],[10.627324,46.042456],[10.627179,46.042529],[10.627105,46.042623],[10.626958,46.042784],[10.626837,46.042841],[10.626691,46.042848],[10.626585,46.042913],[10.626585,46.042979],[10.62644,46.043053],[10.62648,46.043085],[10.626386,46.043131],[10.626366,46.043206],[10.626286,46.043323],[10.626258,46.043436],[10.626097,46.043603],[10.62591,46.043913],[10.625737,46.043979],[10.625652,46.044121],[10.625627,46.044235],[10.625314,46.044519],[10.62512,46.04453],[10.624933,46.044504],[10.62474,46.044555],[10.624689,46.044564],[10.624432,46.044505],[10.624291,46.044583],[10.624041,46.04475],[10.623986,46.044836],[10.623967,46.045033],[10.623972,46.045105]]},"properties":{"id":"4abdaf3f-9576-462d-b590-1e9f68f4ae6b","cls":"path","osm":["w370329574@5"],"sr":[["unpaved",null,null]],"conn":[["c85ff371-fd6c-4fb1-ae79-add90ee715a0",0.0],["68153c77-372a-45e1-8038-9236324f5b86",0.912984],["7c66a98a-cb93-4916-a244-cd89f104537b",1.0]]}},{"type":"Feature","geometry":{"type":"LineString","coordinates":[[10.501736,46.123523],[10.501681,46.123478],[10.501741,46.123413],[10.501746,46.123388],[10.501731,46.12335],[10.501737,46.123324],[10.501719,46.123319],[10.501622,46.123324],[10.501572,46.123306],[10.501562,46.123294],[10.501572,46.123256],[10.501542,46.123239],[10.501538,46.123226],[10.501567,46.123165],[10.50154,46.123144],[10.50148,46.123142],[10.501445,46.123155],[10.501433,46.123109],[10.501363,46.12308],[10.501284,46.123078],[10.501229,46.12306],[10.501188,46.123001],[10.501106,46.122943],[10.501092,46.122889],[10.50108,46.122877],[10.501023,46.122868],[10.50086,46.122864],[10.500815,46.122841],[10.500761,46.122777],[10.500724,46.122765],[10.500663,46.122763],[10.500567,46.122781],[10.500529,46.122773],[10.500501,46.122755],[10.500481,46.122715],[10.500486,46.122618],[10.500486,46.122608],[10.500434,46.122554],[10.500411,46.122511],[10.500396,46.122459],[10.500396,46.122393],[10.500421,46.122288],[10.500443,46.122255],[10.500471,46.122237],[10.500535,46.12221],[10.500576,46.122204],[10.500602,46.122206],[10.500616,46.122203],[10.500624,46.122194],[10.500622,46.122179],[10.500606,46.122162],[10.50062,46.122127]]},"properties":{"id":"4adf0132-1c5a-4c04-8257-b3c4666abc96","cls":"path","osm":["w40846477@12","w836547736@2"],"sr":[["unpaved",0.0,0.654777],["gravel",0.654777,1.0]],"conn":[["05669e13-5d50-4668-961b-a813c2ee6a84",0.0],["69120ff1-3192-4ad2-a0b1-bde74bb0a8a3",0.729334],["61445503-1f06-43ef-9f84-73739e8d2b57",1.0]]}},{"type":"Feature","geometry":{"type":"LineString","coordinates":[[10.566589,46.09054],[10.566583,46.0906],[10.566609,46.090796],[10.566565,46.091019],[10.56655,46.091114],[10.56648,46.091131],[10.566511,46.091202],[10.566617,46.091259],[10.566825,46.091403],[10.56682,46.091474],[10.566856,46.091528],[10.566772,46.091744],[10.566659,46.091915],[10.566618,46.091997],[10.566529,46.09201],[10.566466,46.092027],[10.566436,46.092081],[10.566572,46.092186],[10.566434,46.092343],[10.566401,46.092422],[10.56643,46.092476],[10.566398,46.092534],[10.56633,46.092566],[10.566293,46.092667],[10.566334,46.092852],[10.566312,46.092861],[10.566259,46.09308],[10.566266,46.093177],[10.566221,46.093221],[10.566136,46.093354],[10.56611,46.093481],[10.56608,46.093728],[10.565947,46.093947],[10.565947,46.094049],[10.566,46.094199],[10.565917,46.094318],[10.56597,46.094449],[10.565837,46.094557],[10.565716,46.095016],[10.56575,46.095202],[10.565693,46.095385],[10.56572,46.095517],[10.565837,46.095751],[10.565883,46.095825],[10.565849,46.095866],[10.565701,46.095898],[10.565487,46.09591],[10.565253,46.095998],[10.56513,46.096049]]},"properties":{"id":"4ae8be60-2ec6-42e5-a02d-53f3b96ba42d","cls":"path","osm":["w1116050812@1","w510148419@2","w510148420@2","w510148422@3"],"fr":[["is_bridge",0.931995,0.955373]],"conn":[["2d1e400a-2d48-421c-985b-16271a2d984a",0.0],["9501f90e-8d8a-4b45-99f7-e13e32ee1e23",1.0]]}},{"type":"Feature","geometry":{"type":"LineString","coordinates":[[10.509515,46.130206],[10.509264,46.129943],[10.50902,46.129773],[10.508657,46.129663],[10.508395,46.129473],[10.508239,46.129325],[10.507829,46.129351],[10.507719,46.12921],[10.507687,46.129054],[10.507326,46.128768],[10.506796,46.128286],[10.506619,46.128049],[10.506341,46.127848],[10.506322,46.12772],[10.506154,46.127661],[10.506085,46.127638],[10.505565,46.127398],[10.505368,46.127243],[10.505349,46.1272],[10.505363,46.12707],[10.505103,46.126785],[10.504956,46.126604],[10.504754,46.126448],[10.504521,46.126239],[10.504421,46.126104],[10.504238,46.125964],[10.50419,46.125898],[10.504177,46.125794],[10.504048,46.125645],[10.50396,46.125574],[10.503893,46.125497],[10.50382,46.125384],[10.503759,46.125297],[10.503683,46.125242],[10.503598,46.125216],[10.503486,46.125197],[10.503329,46.125141],[10.503166,46.125067],[10.503066,46.125],[10.503017,46.12495],[10.502914,46.124761],[10.502621,46.124575],[10.502481,46.124513],[10.502434,46.124459],[10.502391,46.124378]]},"properties":{"id":"4b67bf2f-d537-4b5f-8342-f171ba050ed4","cls":"path","osm":["w1537779564@1","w1537779565@1","w40846476@8","w836547741@1"],"fr":[["is_bridge",0.456993,0.463583]],"sr":[["gravel",0.0,0.194487],["unpaved",0.194487,1.0]],"conn":[["0129b02c-e782-4e78-9e62-d9b9939f742c",0.0],["17dd780e-d1da-47c7-ae12-218d9abf5906",1.0]]}},{"type":"Feature","geometry":{"type":"LineString","coordinates":[[10.575755,45.966977],[10.575954,45.966761],[10.576015,45.966661],[10.576132,45.966547],[10.576294,45.96644],[10.576397,45.96637],[10.576403,45.966309],[10.576299,45.966102],[10.576286,45.966047],[10.57637,45.965853],[10.576867,45.965501],[10.576971,45.965394],[10.577029,45.965214],[10.577067,45.965162],[10.577481,45.964725]]},"properties":{"id":"4b971547-d757-4204-a4c3-c44eb2e5b215","cls":"track","osm":["w82549461@1","w82549484@1","w82549494@1"],"fr":[["is_bridge",0.245756,0.282909]],"conn":[["b2e314bf-15d6-4caa-937e-16de7265310c",0.0],["160b7961-0a54-4042-ab35-9319f70ae178",1.0]]}},{"type":"Feature","geometry":{"type":"LineString","coordinates":[[10.484253,46.032478],[10.484239,46.032422],[10.484232,46.032403],[10.484192,46.032368],[10.484018,46.032134],[10.483948,46.031997],[10.483958,46.031864],[10.484192,46.03195],[10.48411,46.031768],[10.484139,46.031621],[10.483987,46.031456],[10.48399,46.031341],[10.483895,46.031279],[10.483817,46.031127],[10.483774,46.030945],[10.483824,46.030768],[10.483916,46.030648],[10.483919,46.030577],[10.483927,46.030355],[10.484075,46.030137],[10.484295,46.029594],[10.484266,46.029395],[10.484521,46.028935],[10.484468,46.028766],[10.48421,46.028687],[10.484188,46.028621],[10.484464,46.028432],[10.484224,46.028218],[10.48416,46.028188],[10.483842,46.027979],[10.483771,46.027773],[10.483912,46.027689],[10.48388,46.027574],[10.483562,46.027139],[10.483474,46.026763],[10.483275,46.026525],[10.483073,46.026301],[10.482904,46.026119],[10.482824,46.025983],[10.482702,46.025773],[10.482638,46.025667],[10.482741,46.025596],[10.482656,46.025527],[10.482833,46.025274],[10.48272,46.02518],[10.482879,46.02505],[10.482705,46.024866],[10.482645,46.02478],[10.482599,46.024514],[10.482429,46.024129],[10.482344,46.024048],[10.482277,46.02391],[10.482242,46.023699],[10.481959,46.023421],[10.482007,46.023132],[10.482004,46.022997],[10.481918,46.022783],[10.481834,46.022584],[10.481771,46.022287],[10.481724,46.022211],[10.481635,46.021951],[10.48162,46.021886]]},"properties":{"id":"4c181f8c-e138-458b-a395-2c806effb7e8","cls":"path","osm":["w1183906182@2"],"conn":[["8a8b59a5-7948-4d6e-96df-0bcf1597ec81",0.0],["eac2caeb-815c-48e6-8c5a-94999889c8a2",0.630263],["54cad740-3ff6-4b51-9de6-a277bd0bd0ec",1.0]]}},{"type":"Feature","geometry":{"type":"LineString","coordinates":[[10.615579,45.977509],[10.615511,45.977449],[10.615419,45.977405]]},"properties":{"id":"4c41f06c-a6d9-4d09-ade5-0a099ebe78af","cls":"track","osm":["w514600942@1"],"conn":[["0c9715bc-6697-4c01-800b-38325445903d",0.0],["48f96985-39bb-41bf-b754-4d307c80e362",1.0]]}},{"type":"Feature","geometry":{"type":"LineString","coordinates":[[10.480619,46.042338],[10.480673,46.042438],[10.480765,46.042431],[10.480835,46.042462],[10.480954,46.042496],[10.481115,46.042493],[10.481299,46.042506],[10.481401,46.042549],[10.481508,46.042573],[10.481605,46.042595],[10.481664,46.042634],[10.481622,46.042673],[10.481582,46.042699],[10.481673,46.042723],[10.481789,46.042768],[10.481879,46.042805],[10.481898,46.042817],[10.481804,46.042837],[10.481908,46.042868],[10.481991,46.042887],[10.48202,46.042876],[10.482056,46.042898],[10.482003,46.042937],[10.481942,46.042945]]},"properties":{"id":"4c9c42b0-e2bb-493e-a7af-78441d888298","cls":"path","osm":["w1425311734@2"],"conn":[["36766a78-53a2-43d4-b6d5-aef761d46d3b",0.0],["c5053ed5-b012-4f31-bd1b-9e86691cf899",1.0]]}},{"type":"Feature","geometry":{"type":"LineString","coordinates":[[10.430196,45.990505],[10.430278,45.990519],[10.430306,45.990611],[10.430236,45.990714],[10.430169,45.990784],[10.430062,45.990844],[10.429963,45.99087],[10.429816,45.990868],[10.429696,45.990903],[10.429646,45.990941],[10.429653,45.990991],[10.429719,45.991006],[10.429883,45.99105],[10.43005,45.991073],[10.430364,45.991066],[10.430645,45.991079],[10.430885,45.991061],[10.43091,45.991078],[10.430872,45.991118],[10.430711,45.991191],[10.430609,45.991267],[10.430581,45.991384],[10.430519,45.991439],[10.43049,45.991521],[10.430591,45.991513],[10.430698,45.991495],[10.430882,45.991433],[10.431256,45.991346],[10.431312,45.991366],[10.431401,45.991381],[10.431513,45.991327],[10.431591,45.991323],[10.431631,45.991355],[10.431585,45.991419],[10.431578,45.99145],[10.431645,45.991466],[10.431725,45.991509],[10.431814,45.991481],[10.432058,45.991481],[10.432197,45.991457],[10.432347,45.991399],[10.432444,45.991379],[10.432581,45.991384],[10.432645,45.991371],[10.432806,45.991399],[10.432999,45.991362],[10.433139,45.991357],[10.433322,45.991369],[10.433388,45.991373],[10.433528,45.991347],[10.433632,45.991353],[10.433761,45.99139],[10.433863,45.991383],[10.433898,45.99142],[10.433932,45.99142],[10.434034,45.991403],[10.434206,45.99133],[10.434418,45.991345],[10.434499,45.991388],[10.434563,45.991403],[10.43463,45.991407],[10.434759,45.991364],[10.434791,45.991368],[10.434863,45.991385],[10.434976,45.991408],[10.43507,45.991409],[10.435319,45.991416],[10.435389,45.991411],[10.435576,45.991389],[10.435714,45.991355],[10.435736,45.991346],[10.435802,45.991323],[10.435859,45.991355],[10.435912,45.991354],[10.436014,45.991323],[10.436033,45.991263],[10.436169,45.991123],[10.436273,45.991274],[10.436355,45.991216],[10.436429,45.991224],[10.436557,45.991134],[10.436641,45.991153],[10.43676,45.991084],[10.436811,45.991099],[10.436877,45.991136],[10.436931,45.991219],[10.437068,45.991145],[10.437174,45.99126],[10.437324,45.991137],[10.437451,45.991244],[10.437526,45.991231],[10.437606,45.991265],[10.437728,45.9912],[10.437791,45.991205],[10.43783,45.99127],[10.437862,45.991271],[10.437945,45.991224],[10.438046,45.991313],[10.438093,45.991327],[10.438349,45.991097],[10.43841,45.991054],[10.438496,45.990876],[10.438514,45.990732],[10.438548,45.990697],[10.438615,45.990749],[10.438755,45.990868],[10.438917,45.990984],[10.43899,45.991005],[10.43916,45.991037],[10.439248,45.990989],[10.439183,45.990886],[10.439192,45.990854],[10.439296,45.990814],[10.439354,45.990833],[10.439448,45.990905],[10.439517,45.990913],[10.439586,45.99085],[10.439627,45.99086],[10.439677,45.990906],[10.439717,45.99088],[10.439756,45.990872],[10.439791,45.990978],[10.439934,45.990903],[10.439921,45.990978],[10.440083,45.990887],[10.440237,45.9907],[10.440244,45.990665],[10.440216,45.990608],[10.440236,45.990509],[10.440351,45.990383],[10.440408,45.990358],[10.440478,45.990395],[10.440548,45.990397],[10.440704,45.990291],[10.440721,45.990243],[10.440695,45.990214],[10.440676,45.990183],[10.440663,45.990143],[10.44068,45.990065],[10.440738,45.990013],[10.440822,45.990034],[10.440877,45.99006],[10.440989,45.99012],[10.441047,45.990124],[10.441048,45.99007],[10.441073,45.99004],[10.441191,45.990086],[10.441287,45.990097],[10.441372,45.99012],[10.441393,45.990144],[10.441405,45.990206],[10.441389,45.990277],[10.441345,45.990325],[10.441339,45.990405],[10.441374,45.990438],[10.441453,45.990449],[10.441556,45.990365],[10.441628,45.990377],[10.441785,45.990487],[10.441821,45.990501],[10.441836,45.990456],[10.441917,45.990332],[10.44196,45.990311],[10.442001,45.990319],[10.442075,45.990369],[10.442134,45.990414],[10.442207,45.990397],[10.442257,45.990364],[10.442332,45.990223],[10.442387,45.990164],[10.442483,45.99009],[10.44255,45.990007],[10.442607,45.989995],[10.442678,45.989959],[10.442744,45.989984],[10.442799,45.98999],[10.442841,45.990014],[10.442891,45.990082],[10.443048,45.990208],[10.443104,45.990209],[10.443141,45.990195],[10.443167,45.990145],[10.443205,45.990034],[10.443264,45.989984],[10.443361,45.989953],[10.443484,45.989934],[10.443531,45.989942],[10.443577,45.989973],[10.443641,45.989954],[10.443827,45.989864],[10.443914,45.989833],[10.444008,45.98983],[10.444063,45.989834],[10.444153,45.989838],[10.444213,45.989884],[10.444262,45.989879],[10.444284,45.989931],[10.444388,45.989948],[10.44448,45.989948],[10.444585,45.990003],[10.444779,45.990102],[10.444898,45.990216],[10.444986,45.990288],[10.445074,45.990313],[10.445208,45.9903],[10.445391,45.990235],[10.445425,45.990193],[10.445426,45.990098],[10.445447,45.990051],[10.445467,45.990036],[10.44551,45.990029],[10.445635,45.990042],[10.445655,45.989993],[10.445694,45.989953],[10.445762,45.989932],[10.445837,45.989889],[10.446014,45.989762],[10.446046,45.989725],[10.446081,45.989683],[10.446143,45.989577],[10.446188,45.989491],[10.446222,45.989464],[10.446259,45.989416],[10.4463,45.989398],[10.446343,45.989405],[10.446378,45.989444],[10.446433,45.989467],[10.446453,45.989499],[10.446515,45.989493],[10.446585,45.989512],[10.446617,45.989545],[10.446652,45.98959],[10.446687,45.989593],[10.446727,45.989587],[10.446782,45.989557],[10.446839,45.989545],[10.446936,45.989524],[10.446982,45.98954],[10.447104,45.989638],[10.44714,45.989619],[10.447165,45.989595],[10.447176,45.989512],[10.447195,45.989424],[10.447228,45.989364],[10.447282,45.989328],[10.447342,45.989329],[10.447541,45.989431],[10.447654,45.989477],[10.447733,45.989504],[10.447729,45.989444],[10.447758,45.989338],[10.447812,45.989274],[10.447871,45.989225],[10.448043,45.989292],[10.448024,45.989166],[10.448128,45.989175],[10.448158,45.989105],[10.448202,45.989094],[10.448259,45.989098],[10.448413,45.989156],[10.448482,45.989067],[10.448572,45.989118],[10.448633,45.989102],[10.448639,45.989036],[10.448652,45.988986],[10.44868,45.988939],[10.448741,45.988965],[10.448777,45.988947],[10.448789,45.988898],[10.448786,45.988817],[10.448805,45.988791],[10.448857,45.988779],[10.448913,45.988803],[10.448932,45.988799],[10.448968,45.98875],[10.448962,45.988686],[10.448952,45.988597],[10.448988,45.988473],[10.449033,45.988384],[10.449091,45.988253],[10.449139,45.988185],[10.449194,45.988148],[10.449269,45.988112],[10.449319,45.988083],[10.449346,45.988103],[10.449398,45.988051],[10.449429,45.98809],[10.449461,45.988167],[10.449492,45.98823],[10.449565,45.988275],[10.449601,45.98831],[10.449622,45.988379],[10.449676,45.988411],[10.449718,45.988464],[10.449739,45.988513],[10.44976,45.988525],[10.449791,45.98851],[10.449819,45.988424],[10.449841,45.988408],[10.449867,45.988328],[10.449904,45.98832],[10.449928,45.988338],[10.449957,45.988334],[10.449963,45.988304],[10.449991,45.988284],[10.449973,45.98825],[10.449984,45.988233],[10.450079,45.988224],[10.450118,45.988232],[10.450153,45.988258],[10.450166,45.98824],[10.450191,45.98821],[10.450219,45.988105],[10.450284,45.988047],[10.450317,45.987995],[10.450365,45.987946],[10.450411,45.987916],[10.450415,45.987897],[10.450458,45.987855],[10.450504,45.987829],[10.45058,45.987808],[10.450597,45.987781],[10.450655,45.987747],[10.450719,45.98771],[10.450747,45.987706],[10.450784,45.987734],[10.450801,45.987791],[10.450845,45.987824],[10.450869,45.987808],[10.450896,45.987771],[10.450928,45.987743],[10.450957,45.987727],[10.451077,45.987679],[10.45113,45.987657],[10.451186,45.987607],[10.451228,45.987586],[10.451287,45.987592],[10.451353,45.987602],[10.45143,45.987625],[10.451511,45.987628],[10.451617,45.987667],[10.451664,45.987702],[10.451708,45.987704],[10.451758,45.987709],[10.451812,45.987759],[10.451808,45.987796],[10.451817,45.987815],[10.451843,45.987808],[10.451873,45.987785],[10.451936,45.987769],[10.451986,45.987796],[10.452013,45.987832],[10.452029,45.987872],[10.45203,45.987931],[10.452033,45.987998],[10.452026,45.988038],[10.452067,45.988091],[10.452079,45.988119],[10.452089,45.988143],[10.452129,45.988177],[10.452168,45.988211],[10.452236,45.988222],[10.4523,45.98826],[10.452358,45.988281],[10.452475,45.988264],[10.452604,45.988251],[10.452661,45.988231]]},"properties":{"id":"4cb29d5c-5711-4839-bca7-6d6cb9866b8f","cls":"path","osm":["w40977605@10","w743693613@2"],"sr":[["unpaved",0.0,0.456218],["gravel",0.456218,1.0]],"conn":[["3660dec3-2434-4fbc-970f-4e7d243c1e06",0.0],["fd374bfc-9c9f-4ccf-bbd5-ae288303d4eb",0.090108],["a0205aa7-f54b-49cc-b6fb-31cdc04e2539",1.0]]}},{"type":"Feature","geometry":{"type":"LineString","coordinates":[[10.564409,46.105603],[10.564248,46.105488],[10.564301,46.105212],[10.564368,46.105089],[10.564498,46.10493],[10.56455,46.104853]]},"properties":{"id":"4cde1efc-bfb7-48e7-8422-530de818c24d","cls":"path","osm":["w1114952467@1"],"conn":[["c35677fe-7b4a-4270-adb3-e4cb3b1fa7a4",0.0],["7f0d1822-7b8f-4a57-b14c-a7b307e6d8f2",1.0]]}},{"type":"Feature","geometry":{"type":"LineString","coordinates":[[10.455523,46.071138],[10.455532,46.071065],[10.455544,46.071002],[10.455341,46.070715],[10.455182,46.070621],[10.455027,46.070548],[10.45482,46.070537],[10.454613,46.070566],[10.454244,46.070609],[10.453858,46.070651],[10.453521,46.070636],[10.45318,46.070641],[10.452764,46.070747],[10.452369,46.070737],[10.451657,46.070658],[10.450819,46.070602],[10.450397,46.070399],[10.449517,46.070516],[10.449036,46.070384],[10.448531,46.070379],[10.44813,46.070224],[10.447395,46.069774],[10.446908,46.069594],[10.446128,46.069734],[10.445288,46.069681],[10.444718,46.069487],[10.443945,46.069139],[10.443287,46.069131],[10.442655,46.069118],[10.442333,46.069163],[10.441734,46.069042],[10.441175,46.069],[10.440622,46.069027],[10.440087,46.069019],[10.439306,46.068777],[10.438725,46.068747],[10.438379,46.068806],[10.437599,46.068795],[10.437285,46.068634],[10.436032,46.068235],[10.435254,46.068099],[10.434916,46.067968],[10.434254,46.067896],[10.433607,46.067965],[10.433082,46.067958],[10.432628,46.067818],[10.431866,46.067414],[10.431288,46.06718],[10.430573,46.066992],[10.429658,46.066855],[10.428868,46.066814],[10.427722,46.0669],[10.426945,46.066744],[10.425926,46.066858],[10.425434,46.066789],[10.425021,46.066627],[10.424187,46.065902],[10.423953,46.065734],[10.423403,46.065639],[10.422038,46.06565],[10.421522,46.065669],[10.421211,46.065715],[10.421015,46.065756],[10.42063,46.065862],[10.420315,46.065926],[10.419983,46.065892],[10.419752,46.065831],[10.41951,46.065787],[10.419233,46.065834]]},"properties":{"id":"4d0e8508-480e-44fb-84fb-596967f594ae","cls":"track","osm":["w288579598@5","w32848723@18"],"sr":[["unpaved",0.074159,1.0]],"conn":[["229fc08e-a143-41dd-a79f-04294be23ed2",0.0],["60bdd8fc-1021-45eb-84e1-917567f205e5",0.493834],["245cd8d8-a59e-4d82-b7b4-19ceb182ca0c",1.0]],"access":[{"type":"allowed","when":["bicycle"]}]}},{"type":"Feature","geometry":{"type":"LineString","coordinates":[[10.545578,46.061543],[10.545651,46.061472],[10.545793,46.061318],[10.545814,46.061146],[10.545839,46.061041],[10.546002,46.060807],[10.546174,46.060694],[10.546183,46.060559],[10.546295,46.060264],[10.5462,46.059956],[10.545923,46.059665],[10.545948,46.05943],[10.546043,46.059067],[10.546527,46.058805],[10.546802,46.058684],[10.547046,46.058648],[10.547279,46.058321],[10.547338,46.058056],[10.547612,46.057656],[10.548024,46.057434],[10.548501,46.057209],[10.548781,46.057036],[10.549038,46.056844],[10.549208,46.056747],[10.549327,46.05677],[10.549566,46.056774],[10.549726,46.0567],[10.550112,46.056667],[10.550301,46.056595],[10.550335,46.056467],[10.55047,46.056393],[10.550655,46.0563],[10.55085,46.056243],[10.551034,46.056077],[10.551293,46.055931],[10.551725,46.055746],[10.552126,46.055633],[10.552542,46.055601],[10.55285,46.055495],[10.553671,46.055362],[10.55414,46.055448],[10.554446,46.055443],[10.554907,46.055471],[10.555101,46.055442],[10.555589,46.055369],[10.556122,46.055368],[10.556494,46.055424],[10.557136,46.055595],[10.558165,46.055782],[10.559191,46.055971],[10.5597,46.056109],[10.560243,46.056204],[10.561782,46.056282],[10.56215,46.056324],[10.562657,46.056304],[10.562894,46.056263],[10.563139,46.056189],[10.563396,46.056214],[10.563674,46.056104],[10.56384,46.056144],[10.564169,46.056048],[10.564538,46.055982],[10.564958,46.055901],[10.565317,46.055898],[10.56565,46.055874],[10.565995,46.05596],[10.566126,46.056024],[10.566249,46.056069],[10.566411,46.056078],[10.566565,46.056141],[10.567052,46.056273],[10.567439,46.056373],[10.567806,46.056466],[10.56822,46.056522],[10.568675,46.05658],[10.568986,46.056618],[10.569209,46.05657],[10.569439,46.056528],[10.569653,46.056539],[10.569926,46.056573],[10.570369,46.056542],[10.5706,46.056475],[10.570813,46.056346],[10.571005,46.056283],[10.571401,46.056218],[10.571668,46.056256],[10.571983,46.056326],[10.572236,46.056342],[10.572633,46.056314],[10.572831,46.056268],[10.57322,46.056324],[10.573678,46.056264],[10.573805,46.056167],[10.573792,46.056141],[10.573852,46.056118],[10.57389,46.056161],[10.573981,46.056169],[10.574024,46.056184],[10.574094,46.05617],[10.574195,46.05618],[10.574254,46.056155],[10.574286,46.056167],[10.574324,46.056146],[10.574313,46.056103],[10.574358,46.056101],[10.574447,46.056138],[10.57448,46.056132],[10.574474,46.056155],[10.574523,46.056155],[10.574557,46.056175],[10.574608,46.056187],[10.574637,46.056233],[10.574739,46.056242],[10.574803,46.056229],[10.574855,46.056284],[10.574883,46.056245],[10.574952,46.056309],[10.574955,46.056345],[10.575029,46.056305],[10.575108,46.05632]]},"properties":{"id":"4d63333b-c13d-4f98-869f-79a9de7631f8","cls":"path","osm":["w232207660@4","w232215956@5","w510709149@6"],"conn":[["8f6a67f0-ce72-4de0-9e98-a5959e88b1de",0.0],["4723b47f-cb02-459c-be1b-797d7f190d45",0.003405],["08db69b9-9dba-4bc6-9864-032a6cffd2e2",1.0]]}},{"type":"Feature","geometry":{"type":"LineString","coordinates":[[10.620886,46.01925],[10.62046,46.019041],[10.620023,46.01875],[10.619877,46.018682],[10.619703,46.01863],[10.619512,46.018626],[10.619222,46.018636],[10.61852,46.018671],[10.618358,46.018682],[10.618162,46.018667],[10.616674,46.01838],[10.616392,46.018302],[10.616198,46.018228],[10.615749,46.018018],[10.615547,46.017957],[10.614722,46.017842],[10.614033,46.017796],[10.613787,46.017811],[10.613685,46.017764],[10.61353,46.017692],[10.613119,46.017673],[10.612996,46.017667],[10.612973,46.017666],[10.612759,46.017603],[10.612282,46.017402],[10.612122,46.017283],[10.611714,46.017205],[10.611417,46.017176],[10.610784,46.017308],[10.610614,46.01734],[10.610382,46.0174],[10.610269,46.017363],[10.610162,46.017289],[10.610083,46.017249],[10.609854,46.017234]]},"properties":{"id":"4d9ec198-89ee-45ca-a91e-509b7861918e","cls":"track","osm":["w234342821@14","w822688046@1","w822688047@1","w822688048@2","w822688049@1","w822688050@1","w822688051@1"],"fr":[["is_bridge",0.63995,0.650229],["is_bridge",0.700241,0.710564],["is_bridge",0.972538,0.980742]],"conn":[["6f7d6d67-b275-41fd-b1ab-036cfaac8787",0.0],["3a07a239-1557-438e-899e-8419a7c9aa9d",1.0]],"access":[{"type":"allowed","when":["foot"]}]}},{"type":"Feature","geometry":{"type":"LineString","coordinates":[[10.620146,45.9622],[10.620204,45.96209],[10.620238,45.962013],[10.620285,45.961942],[10.620297,45.961828],[10.620344,45.961686],[10.62044,45.961524],[10.620495,45.961453],[10.620523,45.961379],[10.620624,45.961307],[10.62074,45.961241],[10.620764,45.961185],[10.620749,45.961104]]},"properties":{"id":"4da65b65-c87d-4159-8292-9396211c22b4","cls":"path","osm":["w634093849@2"],"conn":[["bbc3d2a8-9ff0-4cdf-a44f-3b1120b13e3c",0.0],["efcba9c5-2d3a-4411-a773-b810bee720d0",1.0]]}},{"type":"Feature","geometry":{"type":"LineString","coordinates":[[10.486906,45.95919],[10.486784,45.959224],[10.486745,45.959243],[10.486836,45.95943],[10.48681,45.95954],[10.486777,45.959557],[10.486729,45.959567],[10.486717,45.959583],[10.486718,45.959606],[10.48671,45.95963],[10.486687,45.959642],[10.486658,45.959643],[10.486619,45.959633],[10.486568,45.959602],[10.486404,45.95945],[10.486339,45.95939],[10.486219,45.959318],[10.486156,45.959296],[10.486008,45.959268],[10.485964,45.959257],[10.485942,45.95924],[10.485801,45.959072],[10.48576,45.959049],[10.485734,45.959034],[10.485584,45.958999],[10.485492,45.958914],[10.485361,45.958828],[10.485283,45.958802],[10.485169,45.958785],[10.485098,45.958756],[10.484994,45.958685],[10.484945,45.958616],[10.484856,45.958475],[10.484774,45.958389],[10.484693,45.958332],[10.484636,45.958299],[10.48454,45.958272],[10.484445,45.95821],[10.484398,45.958202],[10.484312,45.958153],[10.48416,45.958119],[10.48408,45.958057],[10.483871,45.957935],[10.483796,45.957879],[10.48378,45.957896],[10.483773,45.957944],[10.483742,45.957986],[10.483706,45.958022],[10.483697,45.958061],[10.483683,45.958072],[10.48366,45.958071],[10.483634,45.958057],[10.483568,45.957971],[10.483518,45.957944],[10.483484,45.957908],[10.483472,45.957871],[10.48346,45.957756],[10.483373,45.957682],[10.483342,45.957686],[10.483318,45.957702],[10.48329,45.957747],[10.48328,45.957832],[10.483233,45.957973],[10.483153,45.95818],[10.483139,45.958292],[10.483122,45.958329],[10.483127,45.958436],[10.483111,45.958441],[10.483033,45.958417],[10.483,45.958398],[10.482986,45.958403],[10.482982,45.958418],[10.483016,45.958483],[10.483015,45.958511],[10.482988,45.958628],[10.482988,45.958701],[10.482996,45.958744],[10.482992,45.958754],[10.482975,45.958762],[10.482904,45.958755],[10.482878,45.958759],[10.482866,45.958771],[10.482867,45.958788],[10.482908,45.95883],[10.48291,45.958837],[10.482903,45.958843],[10.482877,45.958847],[10.482853,45.958847],[10.482818,45.958839],[10.482783,45.958824],[10.482753,45.958786],[10.482746,45.958738],[10.482721,45.958719],[10.482707,45.958697],[10.482665,45.958685],[10.48257,45.958635],[10.482413,45.958604],[10.482381,45.958605],[10.482359,45.958619],[10.482349,45.958674],[10.482351,45.958764],[10.482338,45.958785],[10.482309,45.958801],[10.482255,45.958809],[10.482025,45.958803],[10.481988,45.958795],[10.481964,45.958774],[10.481945,45.958734],[10.481932,45.958693],[10.481914,45.958685],[10.481836,45.958681],[10.481809,45.958669],[10.481758,45.958653],[10.481735,45.958666],[10.481709,45.958704],[10.48168,45.958729],[10.481651,45.958737],[10.481626,45.958731],[10.481585,45.958695],[10.481545,45.958607],[10.481522,45.958565],[10.481517,45.958541],[10.481538,45.958514],[10.481537,45.958484],[10.481519,45.958467],[10.481485,45.958461],[10.481444,45.958463],[10.48138,45.958477],[10.481355,45.958477],[10.481339,45.958464],[10.481339,45.958436],[10.481357,45.958385],[10.481354,45.958362],[10.481334,45.958349],[10.481308,45.958345],[10.481278,45.958349],[10.481237,45.958367],[10.481201,45.958355],[10.481192,45.958333],[10.481191,45.958311],[10.481147,45.958265],[10.481129,45.958141],[10.481088,45.957989],[10.481076,45.957977],[10.481049,45.95801],[10.480944,45.958094],[10.480829,45.958178],[10.480765,45.958213],[10.480659,45.958241],[10.480592,45.958265],[10.480554,45.958286],[10.480505,45.95834],[10.480412,45.958392],[10.480365,45.95843],[10.480319,45.958451],[10.480288,45.958485],[10.480272,45.958514],[10.480247,45.95875],[10.480248,45.958825],[10.480247,45.958847],[10.480227,45.95888],[10.480232,45.958931],[10.480221,45.958961],[10.480231,45.958994],[10.480227,45.95902],[10.480201,45.95904],[10.480164,45.959049],[10.480128,45.959046],[10.480077,45.959024],[10.480045,45.959021],[10.480022,45.959029],[10.480009,45.959076],[10.479984,45.959104],[10.479953,45.959119],[10.479914,45.959121],[10.479891,45.959113],[10.479865,45.959085],[10.479817,45.959072],[10.47977,45.959064],[10.479714,45.959091],[10.479579,45.959126],[10.479458,45.959176],[10.47937,45.959239],[10.479311,45.959265],[10.479221,45.959271],[10.479127,45.959291],[10.479092,45.959311],[10.478961,45.95936],[10.478935,45.959382],[10.478873,45.959471],[10.478845,45.959495],[10.478822,45.959503],[10.478789,45.959506],[10.478658,45.959495],[10.478582,45.9595],[10.478389,45.959479],[10.478241,45.959478],[10.478168,45.959487],[10.478071,45.959521],[10.478011,45.959574],[10.477925,45.959706],[10.47791,45.959709],[10.477896,45.959705],[10.477863,45.959672],[10.477846,45.959669],[10.477825,45.959679],[10.47782,45.959694],[10.477834,45.959731],[10.477817,45.959753],[10.477789,45.959766],[10.477716,45.959881],[10.477649,45.959926],[10.477524,45.959969],[10.477382,45.960003],[10.477325,45.960027],[10.477294,45.960026],[10.477227,45.960005],[10.477089,45.959915],[10.476921,45.959791],[10.4769,45.959769],[10.476842,45.959661],[10.476819,45.959578],[10.476767,45.959474],[10.476728,45.959415],[10.476588,45.959314],[10.476557,45.959263],[10.476452,45.959138],[10.476419,45.959112],[10.476358,45.959104],[10.476221,45.959123],[10.476162,45.959142],[10.476141,45.959156],[10.476137,45.959176],[10.47615,45.959221],[10.476144,45.959286],[10.476131,45.959333],[10.476118,45.959412],[10.476133,45.959536],[10.476199,45.959728],[10.476316,45.959926],[10.476347,45.959997],[10.476354,45.960092],[10.476389,45.960201],[10.476403,45.960326],[10.476389,45.960358],[10.476364,45.960386],[10.476301,45.960448],[10.476232,45.960592],[10.476152,45.960702],[10.476102,45.96084],[10.476106,45.960928],[10.476008,45.961056],[10.475925,45.961135],[10.475843,45.961168]]},"properties":{"id":"4e1c0d3d-1207-44dd-9813-0f5ff231a9f7","cls":"path","osm":["w144654571@11","w814507357@3"],"conn":[["e6fb413f-fc21-418f-a2ca-22c3b711b391",0.0],["22b5f0c5-244c-4823-a45f-ba07e3d3c15b",0.0284],["3963379e-8ebc-4fd4-8416-a0f2d0baf87b",0.771439],["abeb9f83-f9dd-4a2c-ba88-a4e693c6f14f",1.0]]}},{"type":"Feature","geometry":{"type":"LineString","coordinates":[[10.582151,46.006385],[10.582068,46.006373]]},"properties":{"id":"4e485caf-9ebf-44e7-932d-5965072dd0da","cls":"path","osm":["w1118425966@2"],"conn":[["13c30306-94ef-4e4f-9364-7ef1a0b98c3a",0.0],["a707c182-2629-43ff-8a2a-02d458dec1d7",1.0]]}},{"type":"Feature","geometry":{"type":"LineString","coordinates":[[10.591382,46.067621],[10.591255,46.06759],[10.591176,46.06756],[10.591007,46.067513],[10.590838,46.067437],[10.590559,46.067404],[10.590406,46.06736],[10.590252,46.067282],[10.590171,46.06716],[10.590014,46.067152],[10.589839,46.067203],[10.589687,46.067127],[10.58946,46.067037],[10.589175,46.066989],[10.588807,46.066906],[10.588478,46.066969],[10.588262,46.067004],[10.588002,46.067038],[10.587765,46.067033],[10.58748,46.066997],[10.58709,46.066999],[10.586827,46.06697],[10.586561,46.066964],[10.585364,46.066655],[10.585161,46.066512],[10.584842,46.066433],[10.584476,46.066317],[10.584138,46.066141],[10.583826,46.066083],[10.58351,46.06602],[10.583233,46.06598],[10.582985,46.065796],[10.583097,46.065662],[10.583039,46.065481],[10.582805,46.065388],[10.582635,46.065256],[10.582325,46.065194],[10.582146,46.065344],[10.581901,46.065386],[10.581847,46.065473],[10.581606,46.065386],[10.581416,46.065189],[10.581152,46.06509],[10.580855,46.064935],[10.580752,46.064915],[10.580483,46.064763],[10.580334,46.064728],[10.580168,46.06475],[10.579941,46.064684],[10.579601,46.064614],[10.579386,46.064592],[10.579183,46.064555],[10.579083,46.064457],[10.578994,46.064491],[10.578822,46.064448],[10.578646,46.064352],[10.578499,46.064328],[10.578219,46.064033],[10.578128,46.063837],[10.577782,46.06378],[10.577398,46.06366],[10.577224,46.063603],[10.577039,46.063599],[10.576704,46.063544],[10.576417,46.063547],[10.576037,46.063519],[10.575972,46.063492],[10.575863,46.063414],[10.575611,46.063216],[10.575545,46.063012],[10.575418,46.063018],[10.57542,46.062728],[10.575325,46.062737],[10.57514,46.062926]]},"properties":{"id":"4e87d1d8-5325-4d20-8ee1-1636e888b16a","cls":"path","osm":["w513876129@8"],"sr":[["unknown",null,null]],"conn":[["c404cbb1-c94e-44f6-983c-4bd058a3838e",0.0],["dcedcd90-0714-4ff3-a733-1b4281c167f2",1.0]]}},{"type":"Feature","geometry":{"type":"LineString","coordinates":[[10.453219,45.962521],[10.453256,45.962697],[10.453379,45.962886],[10.453323,45.96316],[10.453471,45.963284],[10.45344,45.96355],[10.453484,45.963764],[10.453582,45.96388],[10.45357,45.964047],[10.453508,45.964184],[10.453348,45.964222],[10.453219,45.964385],[10.453028,45.964441],[10.45288,45.964518],[10.452732,45.964621],[10.452652,45.964719],[10.452528,45.964741],[10.452461,45.964831],[10.452208,45.964843],[10.451968,45.964873],[10.451721,45.965105],[10.451643,45.965198],[10.451484,45.96536]]},"properties":{"id":"4e9e40b5-0085-4b89-8806-6c9d5f259295","cls":"path","name":"Sentiero del Laione","osm":["w1202503155@2","w1431902823@1"],"conn":[["48fe7ac4-d5ae-4283-9aa5-e0f247e08030",0.0],["756b3075-98f6-4517-8b67-ff46fd587ba5",1.0]]}},{"type":"Feature","geometry":{"type":"LineString","coordinates":[[10.609854,46.017234],[10.609687,46.01726],[10.609435,46.017385],[10.609344,46.017518],[10.609258,46.017525],[10.609158,46.017632],[10.608957,46.017674],[10.608861,46.017752],[10.608752,46.017893],[10.60855,46.018091],[10.608342,46.018191],[10.60808,46.018396],[10.607995,46.018635],[10.607898,46.01882],[10.607888,46.01902],[10.607795,46.019143],[10.607589,46.019142],[10.607523,46.019115],[10.60745,46.019086],[10.607375,46.018948],[10.607375,46.018844],[10.607294,46.018758],[10.607053,46.018732],[10.606914,46.018695],[10.606817,46.018516],[10.606377,46.0183],[10.606071,46.018274],[10.605862,46.018252],[10.605784,46.018208],[10.605732,46.018039],[10.605868,46.017883],[10.606061,46.017749],[10.60634,46.017615],[10.60642,46.017145],[10.60635,46.017026],[10.606291,46.016966],[10.606243,46.016899],[10.606179,46.016683],[10.606184,46.016501],[10.60612,46.016441],[10.606071,46.016422],[10.605959,46.016408],[10.6059,46.016378],[10.605884,46.016329],[10.605798,46.016311],[10.605701,46.016307],[10.605696,46.016251],[10.605492,46.016258],[10.605342,46.016184],[10.60517,46.016143],[10.605095,46.016233],[10.604993,46.016262],[10.604923,46.016258],[10.604768,46.016352],[10.604773,46.016408],[10.604827,46.016512],[10.60488,46.016635],[10.604843,46.016791],[10.604811,46.016847],[10.604719,46.016858],[10.604596,46.016784],[10.604451,46.016732],[10.604221,46.016683],[10.604028,46.016683],[10.603749,46.016575],[10.603577,46.016586],[10.603475,46.016404],[10.603153,46.016173],[10.603126,46.015785],[10.602981,46.015625],[10.60281,46.015435],[10.602729,46.015156],[10.602558,46.01491],[10.602504,46.014709],[10.602386,46.014534],[10.602106,46.014355],[10.601892,46.014262],[10.601675,46.014073],[10.601309,46.013859],[10.600907,46.013918],[10.600738,46.013928],[10.600522,46.013913],[10.600199,46.013833]]},"properties":{"id":"4f6704c3-8e1a-42e4-8a00-ef66e99e52b5","cls":"path","osm":["w234511014@2","w514197717@5","w514197718@4","w822688045@4"],"fr":[["is_bridge",0.337218,0.350315]],"conn":[["3a07a239-1557-438e-899e-8419a7c9aa9d",0.0],["38d15d88-6eb6-4a81-ab9a-cda9e09a84e1",0.209142],["22323289-6537-4cd4-9ed7-dea89a291d91",1.0]],"access":[{"type":"allowed","when":["foot"]},{"type":"allowed","when":["foot"]}]}},{"type":"Feature","geometry":{"type":"LineString","coordinates":[[10.558525,46.083367],[10.558464,46.083472]]},"properties":{"id":"4f6f8b32-1859-4d67-9c8e-a0acd8a044a5","cls":"footway","osm":["w1114890567@1"],"fr":[["is_bridge",null,null]],"sr":[["unpaved",null,null]],"conn":[["cbe14ce3-43ec-4cb1-a299-84ef1361c2eb",0.0],["e5ac0b56-0d50-4c6b-be40-9f613b67fb8d",1.0]]}},{"type":"Feature","geometry":{"type":"LineString","coordinates":[[10.489191,46.061712],[10.489269,46.061755]]},"properties":{"id":"4f9dd1f1-15e7-4303-9e19-90aeb09391f1","cls":"path","osm":["w1184650632@1"],"conn":[["306ae15c-8eb9-426b-8ddd-03b620e0e1e4",0.0],["fe15d472-d3ec-44de-9f23-389b5d1f3909",1.0]]}},{"type":"Feature","geometry":{"type":"LineString","coordinates":[[10.540088,45.979143],[10.540063,45.979493],[10.540019,45.979582],[10.539825,45.979665],[10.539536,45.979791],[10.539384,45.979904],[10.539335,45.979993],[10.53933,45.980098],[10.53943,45.980371],[10.539441,45.980502],[10.539379,45.980605],[10.539297,45.980658],[10.539199,45.980682],[10.538995,45.980707],[10.538902,45.98074],[10.538811,45.980832],[10.538432,45.981181],[10.538253,45.981385],[10.538068,45.981649],[10.537948,45.98177],[10.53751,45.982083],[10.53743,45.982155],[10.537364,45.982233],[10.537222,45.982452],[10.53714,45.982551],[10.537009,45.982627],[10.536789,45.982718],[10.536674,45.982782],[10.536552,45.982886],[10.536436,45.983035],[10.53635,45.983148],[10.536315,45.983279],[10.536167,45.983927],[10.536043,45.98413],[10.535961,45.984281],[10.535874,45.984614],[10.535829,45.98491],[10.535898,45.985529],[10.535919,45.985789],[10.535886,45.985995],[10.535649,45.986415],[10.535575,45.986569],[10.535542,45.986953],[10.535526,45.987108],[10.535314,45.987424],[10.535296,45.987522],[10.535335,45.988126],[10.535314,45.988269],[10.534769,45.989119],[10.534585,45.989366],[10.534479,45.98945],[10.534351,45.989517],[10.53321,45.990033],[10.533008,45.990106],[10.532877,45.990131],[10.532774,45.990127],[10.532662,45.99011],[10.532559,45.990079],[10.532445,45.990014],[10.532369,45.989995],[10.532269,45.989999],[10.532105,45.990025],[10.531925,45.990107],[10.531808,45.990139],[10.531676,45.990153],[10.531573,45.990154],[10.531446,45.990139],[10.53125,45.990088],[10.531048,45.990024],[10.530691,45.989857],[10.530396,45.989686],[10.530214,45.989609],[10.530088,45.989579],[10.529998,45.989575],[10.529918,45.989583],[10.529834,45.989615],[10.529774,45.989659],[10.529383,45.990237],[10.529362,45.990314],[10.529284,45.991222],[10.529215,45.991341],[10.529127,45.991445],[10.528737,45.991769],[10.528582,45.991938],[10.528539,45.992022],[10.528518,45.992151],[10.528424,45.9927],[10.528414,45.992743],[10.52839,45.992783],[10.528347,45.992826],[10.528289,45.992861],[10.528215,45.992886],[10.528143,45.992893],[10.528044,45.992895],[10.527955,45.992889],[10.527796,45.992903],[10.527719,45.992928],[10.52767,45.992958],[10.527646,45.992994],[10.527632,45.993042],[10.527628,45.993094],[10.527664,45.993488],[10.52766,45.993531],[10.527639,45.993575],[10.527597,45.99363],[10.527071,45.994091],[10.526923,45.99422],[10.52684,45.994296],[10.526783,45.994366],[10.526742,45.994442],[10.526715,45.994518],[10.526659,45.994729],[10.526534,45.995186],[10.526487,45.995284],[10.526435,45.995344],[10.526359,45.995407],[10.526024,45.99558],[10.525956,45.995621],[10.525909,45.995668],[10.525906,45.995728],[10.525926,45.995785],[10.525981,45.995827],[10.52604,45.995846],[10.526123,45.995846],[10.52619,45.995822],[10.526669,45.995424],[10.526732,45.995384],[10.526789,45.995358],[10.52691,45.995311],[10.526954,45.995294],[10.527034,45.995246],[10.52721,45.995135],[10.527269,45.995099],[10.527311,45.995056],[10.527339,45.99501],[10.527442,45.994825],[10.527485,45.994786],[10.527537,45.994759],[10.527596,45.994741],[10.527644,45.994737],[10.5277,45.994743],[10.527741,45.994758],[10.527773,45.99478],[10.527798,45.994808],[10.527806,45.994839],[10.527809,45.994875],[10.527807,45.994908],[10.52779,45.994941],[10.527759,45.994968],[10.52773,45.994986],[10.527673,45.995007],[10.52761,45.995027],[10.527553,45.99505],[10.527506,45.995074],[10.52746,45.995099],[10.52742,45.99513],[10.527399,45.995153],[10.527331,45.995239],[10.52728,45.995316],[10.526837,45.996083],[10.52679,45.996166],[10.526731,45.996235],[10.526648,45.996306],[10.526282,45.996564],[10.526217,45.99663],[10.526159,45.996716],[10.525918,45.997314],[10.525812,45.997475],[10.525743,45.997547],[10.525574,45.99766],[10.525482,45.997711],[10.52539,45.99775],[10.525275,45.997789],[10.525128,45.997823],[10.52486,45.997859],[10.524617,45.997874],[10.524476,45.997902],[10.52436,45.997939],[10.524239,45.997999],[10.524157,45.99804],[10.524088,45.99807],[10.523983,45.998099],[10.523705,45.998154],[10.523152,45.998224],[10.523,45.998254],[10.522902,45.998289],[10.522837,45.998319],[10.522777,45.998365],[10.522706,45.998425],[10.522551,45.998559],[10.522502,45.998579],[10.522449,45.998587],[10.522242,45.998587],[10.521899,45.998579],[10.521805,45.998587],[10.521732,45.998607],[10.521591,45.998671],[10.520592,46.000213],[10.520409,46.000466],[10.519971,46.000932],[10.51987,46.001081],[10.519835,46.001174],[10.519799,46.001433],[10.519761,46.001615],[10.519713,46.001747],[10.519616,46.001874],[10.519481,46.001985],[10.518886,46.002435],[10.518829,46.002485],[10.518792,46.002541],[10.518778,46.002603],[10.518856,46.003052],[10.518861,46.003164],[10.518837,46.003252],[10.518485,46.003715],[10.518461,46.003778],[10.518465,46.003891],[10.518475,46.004182],[10.518453,46.004327],[10.518348,46.004488],[10.518139,46.004726],[10.517799,46.005056],[10.517577,46.005271],[10.517311,46.005629],[10.517118,46.005833],[10.516955,46.006042],[10.516924,46.006112],[10.51691,46.006169],[10.516916,46.006228],[10.517144,46.006793],[10.517296,46.0074],[10.517222,46.007731],[10.517089,46.008133],[10.516881,46.008481],[10.516356,46.008891],[10.516262,46.008938],[10.516164,46.008978],[10.516051,46.009006],[10.51587,46.009032],[10.51544,46.009079],[10.515381,46.009094],[10.515255,46.009146],[10.515041,46.009242],[10.514813,46.009345],[10.514749,46.009374],[10.514518,46.009473],[10.514323,46.009555],[10.514178,46.009624],[10.514127,46.009651],[10.514083,46.009682],[10.514045,46.009717],[10.514015,46.009756],[10.513993,46.009797],[10.51398,46.009839],[10.513912,46.010087],[10.513904,46.010115],[10.513887,46.01014],[10.513863,46.010163],[10.513832,46.010182],[10.513797,46.010195],[10.513758,46.010203],[10.513717,46.010205],[10.513677,46.010201],[10.513639,46.010191],[10.513592,46.010168],[10.512946,46.009822],[10.512904,46.009796],[10.512866,46.009767],[10.512834,46.009735],[10.512807,46.0097],[10.512786,46.009663],[10.512772,46.009625],[10.512628,46.009244],[10.5126,46.009174],[10.512504,46.008912],[10.512484,46.008875],[10.512458,46.00884],[10.512424,46.008808],[10.511783,46.008352],[10.511733,46.008333],[10.511676,46.008326],[10.511619,46.008331],[10.511567,46.00835],[10.511527,46.008378],[10.511502,46.008414],[10.511494,46.008454],[10.511505,46.008493],[10.511534,46.008528],[10.511565,46.008551],[10.511916,46.008762],[10.511966,46.008801],[10.511999,46.008849],[10.512014,46.008901],[10.512009,46.008953],[10.511977,46.009175],[10.511964,46.00925],[10.511931,46.009468],[10.511926,46.009529],[10.511933,46.00959],[10.511949,46.009649],[10.512074,46.010028],[10.512078,46.010056],[10.512074,46.010085],[10.512063,46.010112],[10.512045,46.010138],[10.512012,46.010161],[10.511973,46.010179],[10.51193,46.01019],[10.511884,46.010194],[10.511837,46.01019],[10.511797,46.010181],[10.511763,46.010164],[10.511737,46.010141],[10.511723,46.010113],[10.511722,46.010084],[10.511756,46.009827],[10.511753,46.009796],[10.511747,46.009766],[10.511738,46.009736],[10.511492,46.009249],[10.511456,46.009176],[10.511383,46.009047],[10.511362,46.009014],[10.511329,46.008986],[10.511286,46.008966],[10.511237,46.008954],[10.511185,46.008953],[10.511135,46.008961],[10.51109,46.008979],[10.511053,46.009005],[10.511028,46.009036],[10.511017,46.009071],[10.51102,46.009107],[10.51103,46.009138],[10.511046,46.009178],[10.511069,46.00924],[10.511403,46.010202],[10.511785,46.011694],[10.5118,46.011766],[10.51181,46.011826],[10.511816,46.011864],[10.511827,46.011901],[10.511842,46.011937],[10.511861,46.011972],[10.511906,46.012034],[10.511921,46.012065],[10.511926,46.012096],[10.511921,46.012127],[10.511905,46.012156],[10.51188,46.012182],[10.511846,46.012203],[10.511806,46.012219],[10.511762,46.012227],[10.511715,46.012228],[10.51167,46.012221],[10.511632,46.012202],[10.511606,46.012175],[10.511596,46.012142],[10.511493,46.011561],[10.511472,46.011504],[10.511445,46.011448],[10.511409,46.011394],[10.511367,46.011343],[10.510906,46.010923],[10.51088,46.010891],[10.51086,46.010856],[10.510846,46.010821],[10.510839,46.010784],[10.510798,46.010479],[10.510781,46.010436],[10.510748,46.010398],[10.510703,46.010368],[10.510654,46.010355],[10.510602,46.010353],[10.510554,46.010362],[10.510511,46.01038],[10.510473,46.010417],[10.510456,46.010462],[10.510462,46.010507],[10.510492,46.010548],[10.510621,46.010704],[10.51064,46.010732],[10.510654,46.010761],[10.510666,46.010791],[10.510673,46.010821],[10.510745,46.011169],[10.510937,46.012057],[10.511243,46.012847],[10.511322,46.013049],[10.511412,46.013203],[10.511854,46.01364],[10.511914,46.013742],[10.511941,46.013859],[10.511891,46.014334],[10.51189,46.01442],[10.511915,46.014507],[10.51197,46.014573],[10.512045,46.014619],[10.512135,46.014641],[10.512464,46.014662],[10.512736,46.014681],[10.512831,46.014705],[10.512895,46.014747],[10.512942,46.014824],[10.512951,46.014921],[10.512813,46.015333],[10.512888,46.015698],[10.512945,46.015994],[10.513147,46.01636],[10.51331,46.016532],[10.513509,46.016711],[10.513537,46.016855],[10.513451,46.016971],[10.513087,46.017235],[10.512992,46.017363],[10.512872,46.017614],[10.512581,46.017853],[10.512572,46.017953],[10.51272,46.018074],[10.512917,46.018284],[10.512896,46.018466],[10.512823,46.018958],[10.512791,46.019199],[10.51282,46.019339],[10.513012,46.019615],[10.513158,46.019862],[10.513209,46.020377],[10.513478,46.021205],[10.51344,46.021679],[10.513252,46.022214],[10.513172,46.022485],[10.513215,46.022913],[10.513478,46.023699],[10.513507,46.023784],[10.513653,46.024318],[10.513525,46.024786],[10.513548,46.024933],[10.514096,46.026465],[10.514093,46.026575],[10.514064,46.026655],[10.514013,46.02673],[10.513958,46.026783],[10.513759,46.02691],[10.513692,46.026975],[10.513652,46.027045],[10.513594,46.027296],[10.513577,46.027364],[10.513377,46.027898],[10.513373,46.02799],[10.513485,46.028783],[10.51348,46.028875],[10.513442,46.028951],[10.51318,46.029207],[10.513001,46.029375],[10.512802,46.029576],[10.512786,46.029621],[10.51279,46.029669],[10.512822,46.029723],[10.512879,46.029763],[10.513445,46.029882],[10.513511,46.029911],[10.513545,46.029944],[10.513559,46.029994],[10.513542,46.030041],[10.513497,46.030079],[10.513417,46.030102],[10.513324,46.0301],[10.512625,46.029944],[10.512516,46.02991],[10.512448,46.029871],[10.512399,46.029822],[10.512372,46.029772],[10.512369,46.029716],[10.512425,46.029544],[10.512429,46.029493],[10.512411,46.029454],[10.512359,46.02942],[10.512281,46.02941],[10.512216,46.029417],[10.512162,46.029441],[10.512121,46.029491],[10.512127,46.029557],[10.512235,46.029842],[10.512252,46.029942],[10.512241,46.030362],[10.512259,46.03043],[10.512311,46.030496],[10.512374,46.030538],[10.51249,46.030575],[10.513112,46.030651],[10.513177,46.030649],[10.513401,46.030615],[10.513512,46.030602],[10.51359,46.03061],[10.513674,46.030635],[10.513796,46.030732],[10.513821,46.030797],[10.513816,46.030868],[10.513686,46.03114],[10.513575,46.031566],[10.513547,46.031647],[10.513474,46.031736],[10.513285,46.031968],[10.513183,46.032072],[10.513086,46.032152],[10.512867,46.032291],[10.511624,46.033002],[10.511548,46.03308],[10.511223,46.033714],[10.511139,46.033824],[10.51084,46.034079],[10.510774,46.034174],[10.510696,46.034502],[10.510618,46.034709],[10.510215,46.035208],[10.510147,46.035307],[10.510115,46.035414],[10.510101,46.035525],[10.5101,46.035612],[10.510175,46.035953],[10.51018,46.03601],[10.510114,46.036315],[10.51002,46.03671],[10.509992,46.036789],[10.509657,46.037283],[10.509572,46.037439],[10.50945,46.037739],[10.509218,46.038509],[10.509183,46.038653],[10.509182,46.038851],[10.509235,46.039113],[10.509392,46.039534],[10.509669,46.040066],[10.509711,46.040144],[10.509798,46.040281],[10.509904,46.040379],[10.510045,46.040485],[10.510126,46.040531],[10.510205,46.040566],[10.510368,46.040611],[10.511183,46.040799],[10.511226,46.040826],[10.51124,46.040868],[10.511233,46.040925],[10.511204,46.040964],[10.51115,46.040987],[10.511097,46.040998],[10.511016,46.040991],[10.510325,46.040759],[10.510256,46.040749],[10.510184,46.040764],[10.510138,46.040796],[10.510117,46.040837],[10.51012,46.040887],[10.510155,46.040944],[10.510232,46.040984],[10.510509,46.041078],[10.510636,46.041106],[10.510723,46.041113],[10.510934,46.041111],[10.511018,46.041117],[10.511086,46.041135],[10.511343,46.041297],[10.511745,46.041617],[10.511779,46.041666],[10.511791,46.041713],[10.511778,46.041759],[10.511742,46.041789],[10.511692,46.041804],[10.511628,46.041807],[10.511567,46.041799],[10.51151,46.041774],[10.51123,46.041579],[10.511083,46.041516],[10.510493,46.041372],[10.510424,46.041375],[10.510363,46.041396],[10.510326,46.041423],[10.51031,46.041457],[10.510314,46.041498],[10.510338,46.041543],[10.510389,46.041581],[10.511215,46.041903],[10.511334,46.041982],[10.511694,46.042273],[10.511752,46.042348],[10.51177,46.042409],[10.511833,46.042683],[10.511874,46.042775],[10.512166,46.043244],[10.512187,46.043315],[10.512184,46.043398],[10.512158,46.043491],[10.512056,46.04372],[10.512037,46.043781],[10.512152,46.046064],[10.512138,46.046138],[10.512104,46.046177],[10.512044,46.046213],[10.511938,46.046223],[10.511874,46.046213],[10.511815,46.04618],[10.51179,46.046136],[10.51167,46.045486],[10.511655,46.045127],[10.51165,46.045046],[10.511613,46.044958],[10.511558,46.04489],[10.511486,46.044822],[10.510674,46.044367],[10.510554,46.044324],[10.510403,46.044286],[10.510269,46.044271],[10.509842,46.044287],[10.509713,46.044299],[10.509594,46.044321],[10.509426,46.044385],[10.508833,46.044665],[10.508744,46.044722],[10.508546,46.044907],[10.508457,46.045018],[10.508413,46.045118],[10.508393,46.045223],[10.508401,46.045326],[10.508452,46.045441],[10.508663,46.045728],[10.508786,46.045956],[10.508857,46.046142],[10.50887,46.046234],[10.508812,46.046618],[10.508815,46.04673],[10.508861,46.046837],[10.508954,46.046913],[10.509054,46.046949],[10.509227,46.046969],[10.509537,46.04697],[10.509661,46.046999],[10.509747,46.047047],[10.509795,46.047115],[10.509884,46.047319],[10.509942,46.047398],[10.510052,46.047494],[10.510653,46.047842],[10.510834,46.047947],[10.510951,46.04804],[10.511085,46.048228],[10.511155,46.048365],[10.511169,46.048458],[10.51116,46.048696],[10.511176,46.048792],[10.511248,46.048941],[10.511459,46.04933],[10.511576,46.04973],[10.511635,46.049847],[10.511716,46.049939],[10.511817,46.05001],[10.512038,46.050123],[10.512095,46.050186],[10.51212,46.050268],[10.51219,46.050532],[10.512234,46.050625],[10.512304,46.050719],[10.5127,46.051069],[10.512821,46.051183],[10.512919,46.051307],[10.513322,46.052066],[10.513475,46.052414],[10.513606,46.052869]]},"properties":{"id":"505a61a1-9074-4ce7-86b6-89cf5c762ac5","cls":"tertiary","osm":["r3253283@23","w177291728@7","w177291729@8","w228440323@11","w241093941@6","w241093951@3","w294955971@2","w294955972@3","w295246776@4","w295246777@4","w295246778@3","w295246779@3","w295246780@3","w295246781@3","w295246782@6","w295246783@4","w301129157@3","w301129158@3","w427503162@3","w427503163@3","w513589639@2","w513589640@2","w82509671@7","w82509678@9","w82509680@5","w82509681@3","w82552631@10","w82552634@6","w82552635@7","w82552636@5","w82552637@9","w82552638@8","w82970392@9","w82970397@6"],"fr":[["is_tunnel",0.164882,0.165845],["is_bridge",0.372348,0.373981],["is_bridge",0.385477,0.390364],["is_bridge",0.395802,0.396425],["is_bridge",0.415188,0.415841],["is_bridge",0.433766,0.434434],["is_bridge",0.43968,0.440231],["is_bridge",0.525666,0.527645],["is_bridge",0.612371,0.613132],["is_bridge",0.644892,0.645487],["is_bridge",0.662102,0.663905],["is_bridge",0.793816,0.794533]],"sr":[["paved",null,null]],"conn":[["c35c2393-d6f9-41e8-be93-d24ac865b53d",0.0],["71d13add-f57b-454b-9b58-36ce30a0350a",0.010311],["b0ecc55a-f1d6-45f7-a517-ba95f33436ef",0.043047],["aebde809-83c6-4ec3-8723-08e69bf25e27",0.111262],["812d88f9-9d7b-4d9f-9050-b8a28bd27477",0.117039],["570eaa19-955b-4ebe-a4f9-b81ea117d375",0.183918],["d02ec0f6-fad9-4325-9cad-f184af89a388",0.248359],["03b216c9-5b28-4485-9057-a48d7c6c71ef",0.256192],["e0a3168b-7264-41a7-9275-e3d35cfa8ddc",0.258525],["fc5ca81b-ecbe-4949-9fe0-0705459d5b58",0.283063],["35386927-371c-4a6c-b92c-9533ebea1f3b",0.37082],["308c2265-1b68-4e77-bbef-4bcdfdfeca83",0.374439],["2ac5bdbf-6d76-4d79-a360-8165f2a94d5b",0.392402],["2236dbb6-bfc6-4ebd-8a12-5953794871b1",0.485789],["cb1c0f18-5b93-4e82-a670-9ea65593f728",0.508403],["eba547cb-9f13-43a0-95ba-4d240124dbb4",0.523068],["275eb79c-c300-4985-b1e8-f3fc37c0a9bc",0.713645],["67d95a90-a079-4cd8-8084-df686ce8088a",0.717034],["00debefd-81f1-43fd-aeb0-49d6049b1d20",0.885018],["77b9025d-6b41-4ccb-afdb-5313cb2c48c2",0.904801],["ac9f996f-fefb-4f73-9cd5-7eacd5782136",0.937068],["8848b197-3817-4124-9da7-9cb44f8a3488",0.942965],["50e7c9b9-9278-4332-8ebf-c6ee2034fd93",0.951977],["2cf6386c-e6c0-43b6-b08d-c495d7691dea",0.995998],["e67e79db-920e-4051-9f0e-12a890b40146",1.0]]}},{"type":"Feature","geometry":{"type":"LineString","coordinates":[[10.644021,46.055369],[10.643782,46.055326],[10.643449,46.055386],[10.643304,46.05545],[10.643208,46.055473],[10.643131,46.055496],[10.643054,46.05552],[10.643002,46.055543],[10.642973,46.055583],[10.64292,46.05562],[10.642853,46.055646],[10.642786,46.055673],[10.642675,46.05569],[10.642627,46.05573],[10.64256,46.055763],[10.642459,46.055819],[10.642416,46.055873],[10.642363,46.05588],[10.642276,46.055909],[10.642219,46.055966],[10.642118,46.056006],[10.642027,46.056039],[10.642027,46.056079],[10.64195,46.056129],[10.64195,46.056169],[10.641931,46.056236],[10.641897,46.056283],[10.641844,46.056319],[10.641801,46.056369],[10.641729,46.056413],[10.641672,46.056499],[10.6417,46.056549],[10.6417,46.056593],[10.64171,46.056629],[10.641724,46.056699],[10.641739,46.056729],[10.641731,46.05676],[10.641711,46.05679],[10.641716,46.056829],[10.64172,46.056846],[10.641722,46.056861],[10.641746,46.056902],[10.641725,46.05696],[10.64174,46.057003],[10.641765,46.057055],[10.641857,46.057101],[10.641951,46.057116],[10.641963,46.057155],[10.641845,46.057216],[10.641854,46.057237],[10.64182,46.057257],[10.641768,46.057299],[10.64164,46.057368],[10.641517,46.057471],[10.641458,46.057513],[10.641416,46.057547],[10.641359,46.057563],[10.641297,46.057559],[10.641215,46.057558],[10.641091,46.057533],[10.641003,46.05755],[10.64098,46.05757],[10.640886,46.05761],[10.640833,46.05759],[10.640822,46.057551],[10.640782,46.057567],[10.64074,46.057574],[10.640731,46.057549],[10.640733,46.057513],[10.640642,46.05756],[10.640617,46.057525],[10.640551,46.057545],[10.640507,46.057587],[10.640468,46.057639],[10.640425,46.057731],[10.640371,46.05782],[10.640346,46.057864],[10.640329,46.057911],[10.640276,46.057971],[10.640253,46.057941],[10.640248,46.057971],[10.640112,46.058003],[10.64006,46.057981],[10.639989,46.057997],[10.640009,46.057963],[10.639984,46.05796],[10.639859,46.057985],[10.639775,46.058046],[10.639572,46.058135],[10.639429,46.058181],[10.639382,46.058211],[10.639252,46.058243],[10.639116,46.058289],[10.639065,46.058437],[10.639043,46.058718],[10.638961,46.058705],[10.638926,46.058765],[10.638857,46.058751],[10.638818,46.058813],[10.638751,46.058815],[10.638727,46.058875],[10.638688,46.058857],[10.638692,46.058933],[10.638639,46.058921],[10.638619,46.059024],[10.638729,46.059127],[10.63883,46.0592],[10.638908,46.059311],[10.639105,46.059478],[10.639218,46.059562],[10.639251,46.05964],[10.639375,46.059772],[10.639388,46.059874],[10.639435,46.059953],[10.639588,46.060104],[10.639701,46.060277],[10.639744,46.06044],[10.639779,46.060559],[10.639781,46.060699],[10.639827,46.060764],[10.639893,46.060814],[10.639954,46.06092],[10.640052,46.060961],[10.640107,46.061004],[10.640121,46.061087],[10.640072,46.061121],[10.640062,46.061208],[10.639961,46.061253],[10.639981,46.061396],[10.640044,46.061481],[10.640068,46.061599],[10.640025,46.061672],[10.639937,46.061699],[10.639969,46.061782],[10.639909,46.061969]]},"properties":{"id":"50f0d210-dd69-4d3d-8c4c-15877ade7083","cls":"path","osm":["w1318157964@1","w165298278@11"],"conn":[["02541b29-062f-4de5-bc27-70062591b358",0.0],["53ab22eb-8663-4016-a45d-86f33e23723a",0.565286],["cf46031e-9611-49d7-8f0c-fccfe19fae14",0.666906],["07a1d782-bdcd-4469-b25d-4ec1ff82915d",0.722839],["2edb1b8a-e21f-4e0a-b971-5919ce77eb54",1.0]]}},{"type":"Feature","geometry":{"type":"LineString","coordinates":[[10.582151,46.006385],[10.582206,46.006379],[10.582253,46.006362],[10.582305,46.006351],[10.582378,46.006324],[10.582397,46.006301],[10.582488,46.006286],[10.582557,46.006305],[10.582622,46.006297],[10.582725,46.006257],[10.582775,46.006221],[10.582835,46.006153],[10.582896,46.006064],[10.582935,46.00598],[10.582918,46.005923],[10.582954,46.005872],[10.582996,46.005809],[10.583047,46.005712],[10.583083,46.005654],[10.583167,46.005619],[10.583308,46.005545],[10.583471,46.00544],[10.583564,46.005339],[10.583604,46.005232],[10.583607,46.005094],[10.583564,46.004931],[10.583512,46.004698],[10.583506,46.004543],[10.583449,46.004328],[10.583419,46.004235],[10.583396,46.004091],[10.583434,46.003987],[10.583457,46.003831],[10.583448,46.003678],[10.583457,46.003473],[10.583512,46.003216],[10.583564,46.003074],[10.583564,46.002805],[10.583574,46.002697],[10.583538,46.002485],[10.583523,46.002287],[10.583521,46.002126],[10.583529,46.001968],[10.583546,46.00186],[10.583567,46.001733],[10.583517,46.001681],[10.583419,46.001617],[10.583388,46.001551],[10.583509,46.001562],[10.583573,46.001526],[10.583502,46.001471],[10.583496,46.001438],[10.583591,46.001464],[10.583746,46.001483],[10.583701,46.001428],[10.583674,46.00136],[10.583611,46.001327],[10.583673,46.001318],[10.583538,46.001226],[10.583554,46.001201],[10.583811,46.001211],[10.583834,46.001187],[10.583756,46.001137],[10.583869,46.001146],[10.583786,46.001056],[10.583838,46.000926],[10.583934,46.000793],[10.584094,46.000642],[10.584246,46.000515],[10.584353,46.000409],[10.584521,46.000329],[10.584653,46.00028],[10.584835,46.000219],[10.584945,46.000158],[10.58512,46.000113],[10.58524,46.000052],[10.585296,46.000008],[10.585546,45.999936],[10.585775,45.999854],[10.585872,45.999833],[10.586077,45.999742],[10.586277,45.999699],[10.586518,45.999599],[10.5867,45.999524],[10.586757,45.999466],[10.586934,45.999424],[10.587077,45.999359],[10.587125,45.999285],[10.587254,45.999239],[10.587287,45.999193],[10.587422,45.999152],[10.58748,45.999164],[10.587652,45.999076],[10.587839,45.999021],[10.587937,45.999031],[10.588044,45.999093],[10.588359,45.999159],[10.588452,45.999172],[10.588201,45.998985],[10.588002,45.998867],[10.587989,45.998821],[10.588062,45.998708],[10.588037,45.998602],[10.587997,45.998463],[10.587971,45.99836],[10.588017,45.9982],[10.588072,45.998099],[10.588069,45.998021],[10.587904,45.997885],[10.58777,45.997764],[10.587639,45.997531],[10.587437,45.997333],[10.587265,45.997124],[10.587124,45.996941],[10.587044,45.996857],[10.586994,45.996707],[10.58688,45.996525],[10.586654,45.996253],[10.586405,45.996008],[10.586252,45.99581],[10.58607,45.995641],[10.58589,45.995517],[10.585747,45.995335],[10.585556,45.995193],[10.585395,45.994975],[10.58521,45.994682],[10.585211,45.994402],[10.585315,45.994102],[10.585456,45.99371],[10.585527,45.99339],[10.58579,45.993197],[10.586182,45.992906],[10.586392,45.992754],[10.586649,45.992366],[10.586862,45.992254],[10.586907,45.992179],[10.586869,45.991987],[10.586979,45.991855],[10.587022,45.991599],[10.587005,45.991331],[10.587022,45.991223],[10.586849,45.990836],[10.586762,45.990731],[10.58666,45.990454],[10.586592,45.99023],[10.586623,45.990046],[10.586593,45.989773],[10.58669,45.989432],[10.586715,45.98923],[10.58674,45.989092],[10.586697,45.989041],[10.58675,45.988938],[10.586872,45.98851],[10.58692,45.988287],[10.586909,45.988168],[10.587019,45.987956],[10.58701,45.987665],[10.587072,45.987461],[10.587174,45.987287],[10.587272,45.987038],[10.58728,45.986835],[10.587262,45.986569],[10.58735,45.986472],[10.587415,45.986309],[10.587604,45.986035],[10.587661,45.985941],[10.587704,45.985777],[10.587857,45.985623],[10.588037,45.985532],[10.588192,45.985432],[10.588412,45.985439],[10.588489,45.98535],[10.588721,45.985221],[10.588888,45.985009],[10.588971,45.984931],[10.589141,45.984865],[10.589226,45.984931],[10.589311,45.984917],[10.589604,45.984803],[10.589938,45.984675],[10.59029,45.984599],[10.590673,45.984432],[10.590975,45.984273],[10.591377,45.984147],[10.591653,45.984066],[10.591758,45.98389],[10.592,45.983705],[10.592455,45.983578],[10.592885,45.98345],[10.592949,45.983374],[10.593247,45.983266],[10.593702,45.983136],[10.593991,45.9831],[10.59426,45.983077],[10.594374,45.983067],[10.594674,45.983032],[10.594856,45.983011],[10.594913,45.983023],[10.595278,45.98293],[10.595443,45.982923],[10.595698,45.982892],[10.595793,45.9828],[10.595848,45.982848],[10.596253,45.982628],[10.596678,45.982404],[10.59677,45.982374],[10.596875,45.982387],[10.59696,45.982325],[10.597108,45.982215],[10.597352,45.981856],[10.597355,45.981671],[10.597522,45.981663],[10.597704,45.981856],[10.597864,45.981522],[10.597949,45.981553],[10.597943,45.981336],[10.597956,45.981213],[10.598064,45.981059],[10.598257,45.980794],[10.598546,45.980601],[10.598722,45.980453],[10.599026,45.980353],[10.599396,45.980165],[10.599653,45.98005],[10.599938,45.97989],[10.600201,45.979713],[10.600303,45.979675],[10.600404,45.979549],[10.600546,45.979439],[10.600656,45.979254],[10.600808,45.979031],[10.600818,45.978844],[10.600773,45.978789],[10.600828,45.978623],[10.600843,45.978355],[10.601053,45.978159],[10.601223,45.977796],[10.60125,45.977535],[10.601216,45.977334],[10.601275,45.977258],[10.601265,45.97706],[10.601286,45.976851],[10.601445,45.976692],[10.60166,45.976415],[10.601922,45.976111],[10.602145,45.975867],[10.602382,45.975599],[10.602587,45.97536],[10.602722,45.975251],[10.603005,45.975096],[10.603399,45.974981],[10.603736,45.974937],[10.604471,45.974935],[10.604698,45.974918],[10.605278,45.974776],[10.605688,45.974667],[10.605958,45.974625],[10.606092,45.974633],[10.606281,45.974619],[10.606427,45.974621],[10.606554,45.97465],[10.606633,45.974638],[10.60706,45.974687],[10.607256,45.974716],[10.607454,45.974771],[10.607648,45.974843],[10.607828,45.974874],[10.60827,45.974905],[10.608473,45.974933],[10.608512,45.974981],[10.608535,45.975002],[10.608713,45.975047],[10.608798,45.975091],[10.608931,45.975137],[10.609088,45.975087],[10.609119,45.975049],[10.609172,45.975054],[10.609356,45.975014],[10.609483,45.97502],[10.609616,45.975011],[10.609729,45.975016]]},"properties":{"id":"51308618-3454-4ca8-b9f1-53807248d361","cls":"path","osm":["w1118420154@1","w1212119056@2","w1212120862@1","w514600938@3","w634098416@6"],"conn":[["13c30306-94ef-4e4f-9364-7ef1a0b98c3a",0.0],["6261df7c-d369-4aa6-bce2-7daddb52f109",0.655444],["04598cb0-cb17-4817-9318-79cec9f42630",1.0]],"access":[{"type":"denied","when":["bicycle"]}]}},{"type":"Feature","geometry":{"type":"LineString","coordinates":[[10.611377,46.049549],[10.611416,46.049576],[10.611545,46.049602],[10.611773,46.049696],[10.611921,46.049771],[10.612091,46.049878],[10.612304,46.050019]]},"properties":{"id":"5172bc1d-23e7-4ddc-93f4-815974e49a28","cls":"track","osm":["w503443967@3"],"sr":[["unpaved",null,null]],"conn":[["a7cf2ce1-f65f-4625-92a4-111c4eee492d",0.0],["9b372591-8756-4730-9179-29e5abf3af65",1.0]]}},{"type":"Feature","geometry":{"type":"LineString","coordinates":[[10.587517,46.134612],[10.58744,46.134485],[10.588277,46.132381],[10.589398,46.129803],[10.589574,46.129218],[10.589723,46.128721],[10.589829,46.128139],[10.590108,46.127797],[10.590376,46.127492],[10.590397,46.127269],[10.590902,46.126726],[10.591052,46.126674],[10.591191,46.126577],[10.591814,46.126458],[10.592254,46.126406],[10.592608,46.12628],[10.592769,46.126324],[10.593402,46.126309],[10.594592,46.127774],[10.595429,46.127901],[10.596588,46.12831],[10.596953,46.128317],[10.597865,46.128659],[10.598369,46.129098],[10.598391,46.12918],[10.598616,46.129336],[10.598659,46.129492],[10.59926,46.129752],[10.599474,46.129782],[10.599817,46.129945],[10.599839,46.130049],[10.60015,46.130273],[10.600257,46.130421],[10.600708,46.130748],[10.601384,46.131239],[10.602146,46.131827],[10.602886,46.132169],[10.603583,46.132258],[10.604521,46.131946],[10.605841,46.13157],[10.606407,46.131473],[10.606727,46.13147],[10.607741,46.132289],[10.608237,46.132624],[10.608431,46.13277],[10.608495,46.13301],[10.608327,46.1331],[10.607817,46.133248],[10.607124,46.133663],[10.606445,46.134232],[10.606308,46.134496],[10.605665,46.13515],[10.605246,46.135648],[10.605139,46.136131],[10.605075,46.136615],[10.604817,46.137009],[10.604946,46.137306],[10.605611,46.137536],[10.605708,46.13769],[10.605804,46.137841],[10.605826,46.138042],[10.606265,46.138399],[10.606598,46.138659],[10.606866,46.138726],[10.607467,46.139053],[10.6081,46.139425],[10.608658,46.139811],[10.608991,46.140034],[10.609473,46.140116],[10.610042,46.140369],[10.610975,46.140428],[10.611576,46.14054],[10.612057,46.140573],[10.612606,46.140763],[10.613132,46.140837],[10.613701,46.141105],[10.614248,46.141157],[10.614891,46.141239],[10.615246,46.141506],[10.615739,46.1417],[10.615911,46.141908],[10.616318,46.142153],[10.616833,46.142473],[10.617241,46.142688],[10.617327,46.142807],[10.617713,46.143075],[10.617831,46.143142],[10.618024,46.143431],[10.618486,46.143959],[10.619194,46.144428],[10.619548,46.144636],[10.619877,46.144672]]},"properties":{"id":"51c32aa5-ed69-4ecb-a705-7bc80086ce09","cls":"path","name":"Lares - Cavento","osm":["w1211585653@1","w444509094@11"],"sr":[["unknown",0.142582,1.0]],"conn":[["ec631f16-04b9-411e-bccc-302e2769d310",0.0],["22d2637f-e6aa-45db-a912-ff8e81828cf4",0.130754],["4f18138d-3d6a-4c3f-82a6-e122c51d7753",1.0]]}},{"type":"Feature","geometry":{"type":"LineString","coordinates":[[10.639105,46.059478],[10.639239,46.059504],[10.639328,46.059566],[10.639543,46.059591],[10.63955,46.059735],[10.639611,46.059829],[10.639776,46.059876],[10.639833,46.059963],[10.63989,46.059995],[10.639929,46.06008],[10.63999,46.060095],[10.639979,46.060167],[10.640054,46.060234],[10.640054,46.060345],[10.640126,46.060358],[10.64018,46.06039],[10.640137,46.060449],[10.640215,46.060504],[10.640251,46.060616],[10.640326,46.060643],[10.640344,46.06072],[10.640416,46.06074],[10.640501,46.060784],[10.640612,46.060859],[10.64063,46.06098],[10.640645,46.061072],[10.64063,46.061129]]},"properties":{"id":"51f24c13-0755-45b6-9613-6d028b6dbe57","cls":"path","osm":["w1416585330@1"],"conn":[["07a1d782-bdcd-4469-b25d-4ec1ff82915d",0.0],["71eb935c-0fc3-4216-be30-5325eb194382",1.0]]}},{"type":"Feature","geometry":{"type":"LineString","coordinates":[[10.46516,46.024155],[10.465352,46.024116],[10.465399,46.024034],[10.465511,46.024023],[10.465707,46.02406],[10.465884,46.024045],[10.465977,46.023981],[10.466079,46.023946],[10.466329,46.023987],[10.466627,46.023911],[10.467195,46.023997],[10.467402,46.024005],[10.467657,46.023971],[10.468049,46.023819],[10.468121,46.023741],[10.468346,46.02374],[10.468665,46.023682],[10.469007,46.02371],[10.469247,46.023678],[10.469505,46.023773],[10.469675,46.023796],[10.470413,46.023657],[10.470783,46.023701],[10.471024,46.023642],[10.471319,46.023403],[10.471512,46.02337],[10.471689,46.023396],[10.472054,46.023277],[10.472198,46.023287],[10.47231,46.023324],[10.472672,46.023182],[10.473045,46.023298],[10.473843,46.022954],[10.474205,46.022944],[10.47433,46.02286],[10.47463,46.022827],[10.474818,46.022808],[10.47516,46.022743],[10.475989,46.0224],[10.476135,46.022404],[10.476326,46.022336],[10.476543,46.02234],[10.476719,46.022315],[10.477173,46.022378],[10.477457,46.022361],[10.477636,46.022293],[10.477822,46.022269],[10.47809,46.022316],[10.478346,46.022202],[10.478782,46.022205],[10.479057,46.022093],[10.479287,46.022059],[10.479503,46.022042],[10.479748,46.022083],[10.479869,46.022036],[10.480202,46.022167],[10.480327,46.022176],[10.480749,46.022037],[10.480966,46.022073],[10.481203,46.022069],[10.481267,46.021986],[10.481481,46.021969],[10.48162,46.021886],[10.481642,46.021872],[10.481747,46.021748],[10.48167,46.021648],[10.481878,46.021511],[10.482058,46.021453],[10.482155,46.021328],[10.482261,46.021264],[10.4825,46.021313],[10.482591,46.021248],[10.48284,46.021311],[10.483105,46.021409],[10.483333,46.021551],[10.483452,46.021639]]},"properties":{"id":"53346088-10d7-4acd-a14a-27768748cb63","cls":"path","name":"Sentiero Re di Castello","osm":["w1183906181@3"],"sr":[["unknown",null,null]],"conn":[["b91c5539-4946-48a4-8d44-f1816bc35158",0.0],["54cad740-3ff6-4b51-9de6-a277bd0bd0ec",0.871126],["52af4d34-e07f-48b4-8dc4-a277324fd593",1.0]]}},{"type":"Feature","geometry":{"type":"LineString","coordinates":[[10.640916,45.962816],[10.640616,45.962686],[10.640233,45.962449],[10.639909,45.962271],[10.639691,45.962112],[10.63929,45.962002],[10.639132,45.961933],[10.639044,45.961898],[10.638882,45.961804],[10.638777,45.961735],[10.638713,45.961649]]},"properties":{"id":"53b6b2c3-dc84-4444-b528-b41e78717a0f","cls":"track","osm":["w1553683118@1"],"sr":[["unpaved",null,null]],"conn":[["b47a0a05-144f-4ef0-8754-f4157e68f234",0.0],["6b50041a-1a80-4e73-b380-c007076273da",1.0]]}},{"type":"Feature","geometry":{"type":"LineString","coordinates":[[10.619526,45.962627],[10.619574,45.962524],[10.619837,45.962402],[10.620144,45.962201],[10.620522,45.962049],[10.620839,45.961882],[10.621552,45.961694],[10.621184,45.96157],[10.620958,45.961436],[10.620823,45.961267],[10.620749,45.961104],[10.62102,45.960995],[10.621546,45.960788],[10.622089,45.96066],[10.622641,45.960556],[10.622887,45.960465],[10.622922,45.960379],[10.622589,45.96016],[10.622396,45.960008],[10.622492,45.959959],[10.622913,45.95991],[10.622992,45.959856],[10.622983,45.959764],[10.622838,45.959691],[10.622747,45.959603],[10.622722,45.959474],[10.622799,45.959438],[10.622891,45.959447],[10.622993,45.959482],[10.623067,45.959455],[10.623059,45.959386],[10.623017,45.959311],[10.622971,45.95915],[10.622822,45.959038],[10.62275,45.959006],[10.622783,45.958971],[10.623015,45.958998],[10.623374,45.959071],[10.623548,45.959144],[10.623708,45.95923],[10.623943,45.959334],[10.624169,45.959392],[10.624337,45.959461],[10.62447,45.959474],[10.624556,45.959515],[10.624426,45.959369],[10.62413,45.959125],[10.624025,45.959038],[10.623835,45.958812],[10.623611,45.958541],[10.623479,45.95837]]},"properties":{"id":"5407d127-3606-4c37-8e89-e18bb0479e13","cls":"path","osm":["w634093166@2"],"conn":[["4715c5ea-4e36-4c3f-a8f6-95374a0807ad",0.0],["efcba9c5-2d3a-4411-a773-b810bee720d0",0.277725],["19775d31-afb8-4211-9902-6fe96e07c861",1.0]],"access":[{"type":"allowed","when":["foot"]}]}},{"type":"Feature","geometry":{"type":"LineString","coordinates":[[10.483935,46.039749],[10.483907,46.03997],[10.484,46.040073],[10.484002,46.040167],[10.48395,46.040339],[10.483893,46.040412],[10.483876,46.040513],[10.483888,46.04062],[10.483828,46.041199],[10.483691,46.041642],[10.48378,46.042206],[10.483737,46.042273],[10.483793,46.042366],[10.483909,46.042463],[10.483976,46.042651],[10.484155,46.04287],[10.484244,46.042939],[10.484693,46.043155],[10.484909,46.043301],[10.485395,46.043425],[10.485609,46.043518],[10.486223,46.04377],[10.486349,46.04392],[10.486599,46.044187],[10.486565,46.044312],[10.486643,46.044517],[10.486654,46.044618],[10.486842,46.04492],[10.486962,46.045044],[10.48709,46.045305],[10.48718,46.045438],[10.487247,46.045474],[10.487256,46.045553],[10.48741,46.045765],[10.487505,46.045868],[10.487548,46.045969],[10.487749,46.046149],[10.487831,46.046311],[10.487924,46.046427],[10.48797,46.046452],[10.488007,46.046536],[10.488102,46.046639],[10.488212,46.0467],[10.488297,46.046914],[10.488264,46.046992],[10.48836,46.047218],[10.488397,46.047283],[10.488483,46.047322],[10.488655,46.047319],[10.488719,46.047351],[10.488734,46.047387],[10.488735,46.047424],[10.488663,46.047529],[10.488621,46.047607],[10.488617,46.047645],[10.488639,46.047742],[10.488608,46.047897],[10.48857,46.047938],[10.488457,46.048007],[10.488422,46.04807],[10.488415,46.048131],[10.488403,46.048146],[10.488371,46.048139],[10.48835,46.048177],[10.488317,46.048165],[10.488141,46.048304],[10.488128,46.048372],[10.488054,46.048405],[10.488013,46.048457],[10.487971,46.048474],[10.487967,46.048437],[10.487932,46.048419],[10.487916,46.048386],[10.487886,46.048371],[10.487865,46.048395],[10.487842,46.048475],[10.487805,46.048507],[10.487744,46.048483],[10.487675,46.048515],[10.487645,46.048469],[10.487524,46.04851],[10.487459,46.048566],[10.487399,46.048618],[10.487314,46.048685],[10.487231,46.048882],[10.487158,46.048983],[10.487156,46.049055],[10.486981,46.049165],[10.487062,46.04923],[10.486941,46.049325],[10.486751,46.049314],[10.48659,46.049271],[10.48645,46.049254],[10.486381,46.049275],[10.486335,46.04936],[10.486378,46.049463],[10.486497,46.049564],[10.486612,46.0497],[10.486645,46.04981],[10.486611,46.049948],[10.486546,46.050077],[10.486586,46.050142],[10.486527,46.05022],[10.486396,46.050244],[10.486342,46.050339],[10.486388,46.050423],[10.486273,46.050466],[10.486203,46.050535],[10.485945,46.050607],[10.485841,46.050576],[10.485886,46.050644],[10.485806,46.050648],[10.485832,46.050731],[10.485811,46.050758],[10.485967,46.050944],[10.485972,46.051181],[10.486101,46.051449],[10.486168,46.05146],[10.486232,46.051638],[10.486283,46.051826],[10.486447,46.052145],[10.486416,46.05235],[10.486447,46.052514],[10.486557,46.052551],[10.4867,46.052567],[10.486809,46.052547],[10.486851,46.05249],[10.487034,46.052515],[10.487257,46.052521],[10.48725,46.052563],[10.487175,46.052582],[10.48724,46.052649],[10.487571,46.052792],[10.487523,46.052841],[10.487585,46.052887],[10.487725,46.052893],[10.487678,46.052965],[10.487726,46.05303],[10.48769,46.053131],[10.487799,46.053193],[10.48747,46.053297],[10.48728,46.053472],[10.487181,46.053694],[10.487117,46.05417],[10.487022,46.054418],[10.487097,46.05469],[10.487362,46.05498],[10.487623,46.05541],[10.487668,46.055652],[10.487641,46.055762],[10.487783,46.05589],[10.487698,46.055956],[10.487612,46.056015],[10.487436,46.056032],[10.487483,46.056264],[10.48747,46.056393],[10.487376,46.056499],[10.487345,46.056774],[10.487222,46.057191],[10.487225,46.05734],[10.487145,46.057463],[10.487207,46.057877],[10.487327,46.058182],[10.487505,46.058401],[10.487724,46.058528],[10.487977,46.058543],[10.4881,46.058639],[10.488237,46.058788],[10.488289,46.058964],[10.48825,46.059135],[10.488307,46.05942],[10.488427,46.059632],[10.488602,46.059803],[10.488685,46.060074],[10.488774,46.060179],[10.488776,46.060367],[10.489009,46.060665],[10.489202,46.061123],[10.489177,46.061596],[10.489191,46.061712]]},"properties":{"id":"54e1ebef-3fff-4a39-807a-34f4da037ea1","cls":"path","osm":["w298302139@14","w442128021@1","w442128024@1","w442128026@1","w442128028@1","w442128030@3"],"sr":[["gravel",null,null]],"conn":[["feb166c5-367f-4d0d-9553-ebac9ea6d86b",0.0],["306ae15c-8eb9-426b-8ddd-03b620e0e1e4",1.0]]}},{"type":"Feature","geometry":{"type":"LineString","coordinates":[[10.447086,46.012129],[10.447022,46.012214],[10.447055,46.012356],[10.447041,46.012421],[10.447077,46.012525],[10.447109,46.012666],[10.447008,46.012898],[10.447128,46.013263],[10.447321,46.013505],[10.447527,46.013713],[10.447669,46.013866],[10.44848,46.014049],[10.448892,46.014244],[10.449004,46.014266],[10.449104,46.014337],[10.449185,46.014342]]},"properties":{"id":"5596c4c0-5d44-445a-9082-3d161975d5c6","cls":"path","osm":["w1125199179@1"],"conn":[["44515b91-90cb-4dca-8d9e-ae40638be3af",0.0],["5c8898fa-9ee5-413b-a175-60276aabaf79",1.0]]}},{"type":"Feature","geometry":{"type":"LineString","coordinates":[[10.603545,46.023714],[10.603461,46.023661],[10.603287,46.023519],[10.603134,46.023313],[10.603154,46.023194],[10.603129,46.02309],[10.60306,46.02306],[10.603024,46.023094],[10.602941,46.023003],[10.602913,46.022893]]},"properties":{"id":"55d05fe9-001a-4b6f-902d-dc6d2c2e8bca","cls":"path","osm":["w232904545@12"],"conn":[["cba2941e-4b3d-4835-9048-49233e46b8ec",0.0],["c030b729-39b9-4ed3-9e87-bfb095048c9c",1.0]],"access":[{"type":"allowed","when":["foot"]},{"type":"denied","when":["motor_vehicle"]}]}},{"type":"Feature","geometry":{"type":"LineString","coordinates":[[10.453482,45.987907],[10.453459,45.987827],[10.453401,45.987764]]},"properties":{"id":"5613052f-8ecf-4873-b242-47ff1191b394","cls":"path","osm":["w1193334028@1"],"conn":[["c7ce7764-d7c5-423c-8812-1ed48af40ac4",0.0],["e966c09e-1cb0-47d3-9fde-d84b25853829",1.0]]}},{"type":"Feature","geometry":{"type":"LineString","coordinates":[[10.558464,46.083472],[10.558478,46.083522],[10.558456,46.083545]]},"properties":{"id":"5617a32f-6641-4812-aeac-2a7f0948fa08","cls":"path","osm":["w232207661@5"],"conn":[["e5ac0b56-0d50-4c6b-be40-9f613b67fb8d",0.0],["1054a2a2-0b53-4e90-8fae-66cf023cb5ee",1.0]]}},{"type":"Feature","geometry":{"type":"LineString","coordinates":[[10.619877,46.144672],[10.619853,46.144611],[10.619912,46.144557],[10.620054,46.144472],[10.620306,46.144336],[10.620499,46.14429],[10.620681,46.144212],[10.620762,46.144067],[10.620901,46.143901],[10.620944,46.143821],[10.621124,46.143727],[10.621173,46.143662],[10.621164,46.1436],[10.621031,46.143462],[10.620999,46.143343],[10.620848,46.143231],[10.620805,46.143053],[10.62072,46.142874],[10.620706,46.142707],[10.620784,46.142604],[10.620763,46.142488],[10.620655,46.142375],[10.62072,46.142205],[10.620666,46.142116],[10.620682,46.141923],[10.620677,46.141863],[10.620691,46.141833],[10.620661,46.141813],[10.620629,46.141768],[10.62065,46.141742],[10.620586,46.141688],[10.620594,46.141667],[10.6207,46.141612],[10.620783,46.14155],[10.620822,46.141503],[10.620634,46.141425],[10.620485,46.14138],[10.620445,46.141381],[10.620201,46.141365],[10.620063,46.141312],[10.619979,46.141276],[10.619808,46.141239],[10.619694,46.141227],[10.619633,46.141196],[10.619604,46.141144],[10.619602,46.14109],[10.619622,46.141068],[10.619587,46.141041],[10.619246,46.140973],[10.619197,46.140924],[10.619163,46.140875],[10.619088,46.140866],[10.619061,46.140845],[10.619059,46.140804],[10.618973,46.140766],[10.618971,46.140748],[10.618931,46.140724],[10.618832,46.140721],[10.618654,46.140704],[10.618643,46.140686],[10.618663,46.140669],[10.618684,46.140682],[10.618758,46.140671],[10.618896,46.140669],[10.618953,46.140644],[10.619017,46.14066],[10.61926,46.140659],[10.619299,46.140637],[10.619323,46.140643],[10.619385,46.140631],[10.619441,46.140634],[10.619478,46.140591],[10.61963,46.140566],[10.619655,46.140591],[10.619893,46.140587],[10.619956,46.140555],[10.620065,46.14052],[10.620178,46.140486],[10.620254,46.140496],[10.620282,46.140482],[10.620298,46.14051],[10.620532,46.140505],[10.620609,46.140502],[10.620619,46.140475],[10.620664,46.140415],[10.620732,46.140401],[10.620928,46.140383],[10.62105,46.140387],[10.621083,46.140347],[10.621085,46.140336],[10.621129,46.140328],[10.621245,46.140349],[10.621469,46.140368],[10.621549,46.140346],[10.62175,46.140319],[10.621768,46.140283],[10.621911,46.140255],[10.621965,46.140157],[10.621997,46.140137],[10.622033,46.140077],[10.622233,46.140012],[10.622367,46.140001],[10.622442,46.139976],[10.622524,46.139983],[10.622729,46.13997],[10.622767,46.139936],[10.622878,46.13994],[10.622932,46.139907],[10.622964,46.139862],[10.623136,46.139786],[10.623158,46.139751],[10.623228,46.139707],[10.623213,46.139691],[10.623173,46.139684],[10.623063,46.139688],[10.622942,46.139685],[10.622839,46.139684],[10.622709,46.139662],[10.622522,46.139661],[10.622426,46.139646],[10.622338,46.139646],[10.622288,46.13966],[10.622244,46.139697],[10.622159,46.139699],[10.622059,46.139697],[10.62199,46.139677],[10.621934,46.139677],[10.621868,46.139693],[10.62177,46.139675],[10.621679,46.139646],[10.621588,46.13962],[10.621403,46.13953],[10.621227,46.139522],[10.621116,46.13944],[10.620901,46.13936],[10.620848,46.139349],[10.620759,46.139317],[10.620665,46.139247],[10.620551,46.139218],[10.620504,46.139143],[10.620473,46.139123],[10.620402,46.139054],[10.62039,46.139025],[10.620347,46.138951],[10.620318,46.138909],[10.620244,46.138856],[10.620183,46.138832],[10.620111,46.13876],[10.620046,46.138742],[10.619891,46.138723],[10.619822,46.138699],[10.619686,46.13868],[10.619655,46.138662],[10.619701,46.138615],[10.619646,46.138515],[10.619645,46.138456],[10.61954,46.138423],[10.619464,46.138345],[10.619445,46.13828],[10.619386,46.138201],[10.619312,46.138159],[10.619331,46.13814],[10.619217,46.138069],[10.619138,46.13805],[10.619037,46.137999],[10.618985,46.137958],[10.618927,46.137924],[10.618935,46.137872],[10.618899,46.1378],[10.618837,46.137728],[10.61879,46.137667],[10.618717,46.137622],[10.618595,46.137561],[10.618583,46.137501],[10.61863,46.137401],[10.618671,46.137385],[10.618821,46.137279],[10.61889,46.137209],[10.618937,46.137057],[10.618977,46.136962],[10.618943,46.13692],[10.619018,46.136908],[10.619092,46.136858],[10.619127,46.136864],[10.61933,46.136788],[10.619572,46.136699],[10.619599,46.136516],[10.619486,46.136368],[10.619277,46.136431],[10.619105,46.136396],[10.618844,46.136612],[10.618793,46.136594],[10.618707,46.136601],[10.618632,46.136583],[10.618577,46.136533],[10.618402,46.136431],[10.618313,46.136421],[10.618281,46.136326],[10.618222,46.136215],[10.618274,46.136145],[10.618254,46.136116],[10.618109,46.13614],[10.618021,46.136107],[10.617962,46.136057],[10.61787,46.136053],[10.617675,46.136051],[10.617508,46.135973],[10.617439,46.135915],[10.617329,46.135895],[10.617202,46.135884],[10.617154,46.135817],[10.617085,46.135754],[10.616996,46.135748],[10.616824,46.135579],[10.616776,46.135499],[10.616706,46.13535],[10.616634,46.135313],[10.616618,46.135244],[10.6165,46.135205],[10.616444,46.135111],[10.616398,46.135098],[10.616417,46.13507],[10.616331,46.135034],[10.616175,46.134926],[10.616157,46.134873],[10.616087,46.134869],[10.615976,46.134736],[10.615971,46.134666],[10.61587,46.134666],[10.61584,46.134576],[10.615843,46.13441],[10.615798,46.134293],[10.615789,46.13415],[10.615754,46.134099],[10.615746,46.134021],[10.615759,46.133956],[10.615858,46.13391],[10.615811,46.133694],[10.615784,46.133657],[10.615776,46.13356],[10.615827,46.133538],[10.615781,46.133449],[10.615808,46.133387],[10.615773,46.133319],[10.615786,46.133259],[10.615858,46.133184],[10.615864,46.133081],[10.615845,46.132787],[10.615781,46.132663],[10.615824,46.132629],[10.615829,46.132534],[10.61581,46.132399],[10.615881,46.132284],[10.615881,46.132017],[10.615786,46.131865],[10.615722,46.131724],[10.615698,46.131559],[10.615636,46.13138],[10.61563,46.13121],[10.615692,46.131066],[10.615612,46.130871],[10.615324,46.130769],[10.615212,46.130744],[10.61511,46.130677],[10.614971,46.13056],[10.614834,46.13051],[10.614809,46.130378],[10.614901,46.130208],[10.614962,46.130102],[10.614939,46.12996],[10.615009,46.129841],[10.61518,46.129774],[10.615199,46.129733],[10.615338,46.12972],[10.615356,46.129685],[10.6154,46.129664],[10.615447,46.129623],[10.615491,46.129609],[10.615569,46.12951],[10.61566,46.129452],[10.615728,46.129333],[10.615912,46.129216],[10.615912,46.129179],[10.616078,46.129066],[10.616181,46.128974],[10.616252,46.128862],[10.616396,46.128742],[10.616414,46.128703],[10.61651,46.128708],[10.616622,46.128567],[10.616682,46.128358],[10.616614,46.128327],[10.616573,46.128164],[10.616459,46.128003],[10.616472,46.127862],[10.616504,46.127719],[10.616598,46.127569],[10.616777,46.127462],[10.616992,46.127443],[10.61726,46.127361],[10.617403,46.127304],[10.617594,46.127226],[10.617809,46.127147],[10.618065,46.127043],[10.618111,46.126997],[10.618167,46.12695],[10.618238,46.12693],[10.618267,46.126892],[10.618297,46.126835],[10.618346,46.126766],[10.618418,46.126724],[10.618452,46.126676],[10.61845,46.126635],[10.618468,46.126589],[10.618564,46.126462],[10.618631,46.126408],[10.618667,46.126358],[10.618633,46.126288],[10.618651,46.126255],[10.618632,46.1262],[10.618631,46.126138],[10.618679,46.126113],[10.618679,46.126066],[10.61871,46.126016],[10.618955,46.125938],[10.618984,46.125901],[10.619024,46.12586],[10.61908,46.125865],[10.619154,46.125862],[10.61923,46.125836],[10.619301,46.1258],[10.619484,46.12583],[10.619561,46.125834],[10.619681,46.125821],[10.619671,46.125859],[10.619782,46.125892],[10.619976,46.125834],[10.620007,46.125787],[10.619995,46.125737],[10.620023,46.125696],[10.619901,46.125598],[10.619867,46.125547],[10.619822,46.125525],[10.619781,46.125467],[10.619898,46.125329],[10.619876,46.125239],[10.619957,46.125199],[10.619938,46.125141],[10.619996,46.125103],[10.620004,46.125051]]},"properties":{"id":"57577431-530a-4ea5-abd6-cb5f36ecd985","cls":"path","osm":["w1121228483@1","w396578818@7"],"sr":[["unpaved",0.0,0.045249]],"conn":[["4f18138d-3d6a-4c3f-82a6-e122c51d7753",0.0],["25378199-d45a-4e32-a259-d1a1d454efa0",1.0]]}},{"type":"Feature","geometry":{"type":"LineString","coordinates":[[10.639909,46.061969],[10.640024,46.062001],[10.640067,46.062104],[10.640166,46.062099],[10.640196,46.062317],[10.640196,46.062396],[10.640208,46.06259],[10.640258,46.062769],[10.640295,46.062927],[10.640349,46.063027],[10.640465,46.063143],[10.640528,46.063236],[10.640617,46.063379],[10.640705,46.063493],[10.640751,46.063586],[10.640937,46.063665],[10.641003,46.063648],[10.641059,46.063587],[10.641189,46.063544],[10.641285,46.063694],[10.641423,46.063806],[10.641631,46.064022],[10.641699,46.064111],[10.641843,46.064208],[10.641864,46.064338],[10.641843,46.06444],[10.641874,46.064509],[10.641955,46.064607],[10.64202,46.06476],[10.642118,46.064827],[10.642187,46.064905],[10.642281,46.064961],[10.642388,46.064966],[10.642557,46.06498],[10.642619,46.065049],[10.642705,46.065171],[10.642684,46.065271],[10.642661,46.065364],[10.642718,46.065428],[10.642694,46.065495],[10.642713,46.06574],[10.642685,46.065823],[10.642799,46.065952],[10.642749,46.065971],[10.642657,46.06595],[10.642582,46.065882],[10.642509,46.065911],[10.642383,46.065833],[10.642144,46.065823],[10.642058,46.065854],[10.642201,46.065937],[10.642175,46.066116],[10.641979,46.066136],[10.641903,46.066179],[10.64168,46.066141],[10.64163,46.066121],[10.641565,46.066163],[10.641495,46.066103],[10.641391,46.066046],[10.641324,46.066124],[10.64121,46.066105],[10.641182,46.066156],[10.641093,46.066177],[10.641055,46.066217],[10.641082,46.066345],[10.640932,46.066317],[10.640792,46.066251],[10.640724,46.066263],[10.640594,46.066229],[10.640383,46.066229],[10.640217,46.066204],[10.639946,46.066119],[10.63982,46.066133],[10.63975,46.066183],[10.639777,46.066272],[10.639921,46.066302],[10.639902,46.066344],[10.6398,46.066365],[10.639575,46.066389],[10.639447,46.066321],[10.639125,46.066311],[10.639033,46.066263],[10.638937,46.066254],[10.638834,46.066269],[10.63872,46.066252],[10.638577,46.06627],[10.638501,46.066266],[10.638499,46.066299],[10.637794,46.066338],[10.637579,46.066277],[10.637388,46.066259],[10.637272,46.066262],[10.637327,46.066345],[10.637147,46.066372],[10.636906,46.066325],[10.636753,46.066245],[10.636582,46.066192],[10.63643,46.066089],[10.636307,46.066086],[10.636201,46.06606],[10.636048,46.066118],[10.635914,46.066137],[10.635758,46.066146],[10.635552,46.066231],[10.63539,46.066307],[10.635319,46.066322],[10.635256,46.066354]]},"properties":{"id":"57f268a4-ae80-4543-9d95-2f62f46a29f4","cls":"path","osm":["w368287045@12"],"conn":[["2edb1b8a-e21f-4e0a-b971-5919ce77eb54",0.0],["5c1b8b7a-7fad-4478-890f-f370529f98d4",1.0]]}},{"type":"Feature","geometry":{"type":"LineString","coordinates":[[10.612982,46.021791],[10.613178,46.021831],[10.61341,46.021871],[10.613728,46.021916],[10.614313,46.02202],[10.614667,46.022069],[10.615152,46.022438],[10.615672,46.022636],[10.616015,46.022751],[10.616275,46.023046],[10.617138,46.023588],[10.618722,46.024179],[10.61942,46.024589],[10.620307,46.025222],[10.621312,46.026026],[10.621714,46.026239],[10.622364,46.026568],[10.622518,46.026789],[10.622849,46.026921],[10.623191,46.02729],[10.623168,46.027495],[10.623558,46.027701],[10.624019,46.027766],[10.624279,46.027955],[10.624279,46.028341],[10.624634,46.028661],[10.624882,46.028858],[10.625331,46.028965],[10.625887,46.02908],[10.626656,46.029441],[10.626857,46.029687],[10.62689,46.029801],[10.626951,46.030007],[10.627448,46.030385],[10.628157,46.030615],[10.628878,46.030935],[10.629268,46.031132],[10.62954,46.03123],[10.629777,46.031312],[10.629706,46.031427],[10.629469,46.031624],[10.629469,46.031879],[10.62941,46.032289],[10.629186,46.03233],[10.628914,46.032511],[10.628677,46.032855],[10.6285,46.033028],[10.628595,46.033126],[10.628441,46.033151],[10.628405,46.033249],[10.62824,46.033266],[10.628133,46.033446],[10.628133,46.033709],[10.628122,46.034103],[10.627956,46.034242],[10.627318,46.034218],[10.626845,46.03416],[10.62662,46.03421],[10.626384,46.034136],[10.62623,46.034087],[10.626041,46.034062],[10.625804,46.033922],[10.625792,46.033791],[10.625732,46.033841],[10.625556,46.033799],[10.625429,46.034058],[10.625328,46.034325],[10.624961,46.034511],[10.624225,46.034813],[10.624258,46.034975],[10.62384,46.035115],[10.623907,46.035347],[10.62384,46.03566],[10.623924,46.035997],[10.623656,46.03638],[10.623807,46.036705],[10.624208,46.037041],[10.624359,46.037413],[10.624342,46.037819],[10.624108,46.038307],[10.623757,46.038887],[10.623289,46.0392],[10.623038,46.039235],[10.622503,46.039038],[10.621951,46.039038],[10.621433,46.039107],[10.621182,46.03909],[10.62104,46.03917],[10.620887,46.039183],[10.620717,46.039187],[10.620337,46.039337],[10.620112,46.039516],[10.619995,46.039682],[10.619994,46.03979],[10.620038,46.039844],[10.620019,46.039921],[10.619938,46.039958],[10.619866,46.040066],[10.619836,46.04017],[10.619798,46.040406],[10.619791,46.040466],[10.619868,46.040543],[10.619912,46.04063],[10.619946,46.040714],[10.619936,46.040796],[10.619909,46.040889],[10.61982,46.040935],[10.619676,46.041038],[10.619669,46.041107],[10.619431,46.041243],[10.619346,46.041341],[10.619246,46.041371],[10.619215,46.041408],[10.619126,46.041503],[10.619051,46.04152],[10.618953,46.041534],[10.618951,46.041585],[10.61908,46.041699],[10.619107,46.041762],[10.619185,46.041797],[10.619217,46.041879],[10.619225,46.041987],[10.619198,46.042069],[10.619233,46.042195],[10.619166,46.04227],[10.61912,46.042406],[10.619131,46.042505],[10.619101,46.042585],[10.619147,46.04278],[10.619078,46.042845],[10.618963,46.042881],[10.61899,46.043124],[10.618854,46.043254],[10.618742,46.043361],[10.618686,46.043473],[10.618713,46.043572],[10.61868,46.043598],[10.618696,46.043755],[10.618533,46.043916],[10.618463,46.044098],[10.618462,46.044209],[10.618404,46.044232],[10.618351,46.044288],[10.61827,46.044365],[10.618139,46.044394],[10.617889,46.04462],[10.617888,46.044702],[10.617938,46.044852],[10.617793,46.044896],[10.61779,46.044992],[10.617707,46.045117],[10.617369,46.045113],[10.617213,46.045173],[10.616965,46.04508],[10.616947,46.045457],[10.616383,46.045746],[10.616233,46.046082],[10.616082,46.046454],[10.615514,46.046616],[10.615263,46.046732],[10.614945,46.046941],[10.614552,46.046987],[10.614354,46.047196],[10.614201,46.047331],[10.614247,46.04752],[10.614145,46.047777],[10.614059,46.047961],[10.61385,46.048197],[10.613692,46.048296],[10.613544,46.048575],[10.613456,46.048635],[10.613449,46.048678],[10.61339,46.048776],[10.613193,46.048836],[10.61302,46.048911],[10.61285,46.048925],[10.6125,46.049032],[10.612428,46.04911],[10.612356,46.049129],[10.612294,46.049136],[10.612231,46.049084],[10.612088,46.049071],[10.611978,46.049096],[10.611872,46.04907],[10.611781,46.049009],[10.611722,46.048989],[10.611489,46.049032],[10.611416,46.049072],[10.611294,46.049099],[10.611211,46.049143],[10.611098,46.049134],[10.610938,46.049136],[10.610776,46.049134],[10.610648,46.049101],[10.610553,46.04908],[10.610439,46.049101],[10.610328,46.049093],[10.610192,46.049158],[10.610084,46.049251]]},"properties":{"id":"5804d343-9264-4c33-bdda-453cf7f1988c","cls":"path","osm":["w513889420@4"],"conn":[["ac27e721-4d76-49a3-a406-b87432180700",0.0],["82cf71d4-0fb5-447d-a027-b15c28779a3d",0.00318],["48d91612-a104-47e8-a288-8eff0296fec9",0.641894],["b1acf9f9-70fc-4718-8d5e-bffc65d32895",0.65689],["23f7bb60-71da-4a8e-8fe5-0c709c1b877f",1.0]]}},{"type":"Feature","geometry":{"type":"LineString","coordinates":[[10.452661,45.988231],[10.452662,45.98831],[10.452643,45.988365],[10.452547,45.988545],[10.452469,45.988697],[10.452488,45.988713],[10.452668,45.988701],[10.452829,45.988707]]},"properties":{"id":"5827e7b3-ef85-49f9-92db-4fb73a23f042","cls":"path","osm":["w297029646@3"],"conn":[["a0205aa7-f54b-49cc-b6fb-31cdc04e2539",0.0],["adfadedf-bf75-45d5-8bbc-da89a7963d12",1.0]]}},{"type":"Feature","geometry":{"type":"LineString","coordinates":[[10.564409,46.105603],[10.564374,46.105743],[10.564388,46.105829],[10.564307,46.105953],[10.564451,46.106083],[10.564501,46.106294],[10.564607,46.106521],[10.564534,46.106887],[10.564382,46.10701],[10.564398,46.107179],[10.564397,46.107315],[10.564368,46.10745],[10.564387,46.107589],[10.564359,46.107821],[10.564289,46.108008],[10.564305,46.108096],[10.564305,46.108134],[10.564268,46.108181],[10.564287,46.108441],[10.564213,46.108793],[10.56425,46.108984],[10.564315,46.109124],[10.564312,46.109198],[10.564363,46.109221],[10.564387,46.10927],[10.564414,46.109291],[10.564401,46.109418],[10.564358,46.109459],[10.56434,46.109642],[10.56439,46.109743],[10.564364,46.109878],[10.564309,46.110085],[10.564323,46.110383],[10.564274,46.110537],[10.564309,46.110623],[10.56428,46.110732],[10.564191,46.11076],[10.564124,46.110892],[10.564159,46.110933],[10.564272,46.11101],[10.564328,46.111064],[10.564318,46.111158],[10.564329,46.111192],[10.564389,46.111227],[10.564461,46.111302],[10.564517,46.11135],[10.564558,46.111455],[10.564642,46.111514],[10.564634,46.111545],[10.564657,46.111598],[10.564659,46.111678],[10.564651,46.111724],[10.564596,46.111754],[10.564626,46.111945],[10.564753,46.112031],[10.564759,46.112229],[10.564736,46.112618],[10.564746,46.113001],[10.564655,46.113324],[10.564655,46.113782],[10.564676,46.114099],[10.564691,46.114363],[10.564665,46.114658],[10.564696,46.114776],[10.564701,46.114879],[10.564572,46.115056],[10.564594,46.11513],[10.564642,46.115156],[10.564717,46.115251],[10.564841,46.115301],[10.564867,46.115405],[10.564905,46.115478],[10.564912,46.115547],[10.564902,46.115662],[10.56494,46.115716],[10.56493,46.115805],[10.564863,46.115995],[10.564753,46.116124],[10.564669,46.116299],[10.564596,46.116411],[10.56447,46.116622],[10.564424,46.116709],[10.564442,46.116781],[10.564492,46.116853],[10.564612,46.116864],[10.564678,46.116896],[10.564709,46.11695],[10.5646,46.117162],[10.564528,46.117377],[10.56446,46.117691],[10.564411,46.117871],[10.564425,46.117964],[10.564464,46.118005],[10.564407,46.118216],[10.564464,46.118275],[10.564488,46.118489],[10.564524,46.118673],[10.564578,46.118786],[10.564591,46.118902],[10.564645,46.119038],[10.564704,46.11909],[10.56473,46.119285],[10.564862,46.119507],[10.564983,46.119587],[10.564956,46.11976],[10.564977,46.119828],[10.56498,46.120005],[10.565015,46.120081],[10.564937,46.120204],[10.564913,46.120319],[10.564908,46.120453],[10.564905,46.12052],[10.564849,46.120596],[10.564841,46.120866],[10.564702,46.121282],[10.564701,46.121444],[10.564771,46.121608],[10.564765,46.121676],[10.564773,46.12173],[10.564795,46.121754],[10.564747,46.121871],[10.564674,46.121994],[10.564722,46.12215],[10.564717,46.122381],[10.564661,46.122485],[10.564628,46.122537],[10.564578,46.122591],[10.564576,46.122739],[10.564627,46.122803],[10.564588,46.122851],[10.564548,46.12297],[10.564564,46.123083],[10.564516,46.123284],[10.564509,46.123402],[10.564521,46.123453],[10.564403,46.123564],[10.564401,46.123758],[10.564486,46.123916],[10.564492,46.124002],[10.564516,46.124049],[10.564507,46.124103],[10.564523,46.124234],[10.564498,46.124282],[10.564512,46.124332],[10.564476,46.124419],[10.564595,46.124556],[10.56461,46.124652],[10.564606,46.124688],[10.564643,46.124721],[10.564678,46.1248],[10.564665,46.12485],[10.56469,46.124883],[10.56471,46.124949],[10.564713,46.124987],[10.564694,46.125017],[10.564674,46.125062],[10.56471,46.125156],[10.564728,46.12517],[10.564725,46.125236],[10.564635,46.125278],[10.564559,46.125388],[10.564528,46.125651],[10.564553,46.125732],[10.564492,46.125849],[10.564485,46.125895],[10.56447,46.126006],[10.564486,46.126043],[10.564443,46.126146],[10.56452,46.126277],[10.564477,46.126361],[10.564511,46.126429],[10.564513,46.12647],[10.564445,46.126631],[10.564422,46.126745],[10.564426,46.12704],[10.564419,46.127147],[10.564366,46.127185],[10.564335,46.127249],[10.564343,46.127351],[10.564414,46.127403],[10.564383,46.127483],[10.564438,46.12758],[10.564481,46.12766]]},"properties":{"id":"5836663b-20a9-4464-b129-56adcf3a0074","cls":"path","osm":["w1114952459@1","w1114952460@1","w1114952461@1","w1114952463@1","w1114952465@1","w1114952466@1","w230246475@8"],"conn":[["c35677fe-7b4a-4270-adb3-e4cb3b1fa7a4",0.0],["8be20b49-6ea4-4d68-8068-6a8faa03f27e",0.031898],["80215691-ed37-4b83-a472-34dc8f86a228",0.112063],["0a3062eb-4db6-4a70-b6b8-d011335dbf9a",1.0]]}},{"type":"Feature","geometry":{"type":"LineString","coordinates":[[10.512379,46.001078],[10.51199,46.001081],[10.511548,46.001219],[10.511214,46.001393],[10.510898,46.001608],[10.510624,46.001809],[10.510441,46.001969],[10.510138,46.002155],[10.509976,46.002312],[10.509724,46.002529],[10.509598,46.002807],[10.509475,46.003034],[10.509293,46.003181],[10.509195,46.003164],[10.50908,46.003092],[10.509029,46.00304],[10.509009,46.002928],[10.508983,46.002863],[10.50887,46.00293],[10.50871,46.002951],[10.508581,46.002931],[10.508265,46.0029],[10.507902,46.002912],[10.50744,46.002888],[10.507159,46.002798],[10.506802,46.002671],[10.506665,46.002597],[10.506525,46.002501],[10.506144,46.00231],[10.505846,46.002103],[10.505513,46.001871],[10.505144,46.00175],[10.50477,46.001636],[10.504448,46.001526],[10.504103,46.001376],[10.503699,46.001242],[10.503559,46.001177],[10.50343,46.001218],[10.503308,46.001317],[10.503288,46.001335],[10.503191,46.001383],[10.503021,46.001358],[10.502719,46.001335],[10.502273,46.001243],[10.501913,46.00116],[10.501599,46.001077],[10.501363,46.00091],[10.501028,46.000787],[10.500697,46.000646],[10.500395,46.000531],[10.500164,46.000448],[10.500058,46.000377],[10.499907,46.00031],[10.499667,46.000225],[10.499498,46.000167],[10.499216,46.000147],[10.49895,46.000153],[10.498708,46.00016],[10.498609,46.000165],[10.498471,46.000102],[10.498404,46.000011],[10.498267,45.999946],[10.498027,45.999852],[10.497819,45.999812],[10.497699,45.999785],[10.497567,45.999795],[10.497442,45.999809],[10.497313,45.999852],[10.497155,45.999907],[10.496982,45.999941],[10.496807,45.999921],[10.496583,45.999851],[10.496403,45.999767],[10.496163,45.999648],[10.495935,45.999526],[10.495622,45.999455],[10.495426,45.999455],[10.494996,45.999428],[10.494607,45.999398],[10.494303,45.999314],[10.493975,45.999241],[10.493461,45.999124],[10.493034,45.999042],[10.492583,45.999006],[10.492361,45.999002],[10.492022,45.998933],[10.491682,45.998766],[10.491419,45.998648],[10.491156,45.998441],[10.490823,45.998238],[10.490612,45.998108],[10.490343,45.997961],[10.490109,45.997791],[10.489875,45.997632],[10.4897,45.997571],[10.489643,45.997547],[10.489605,45.997513],[10.489573,45.997462],[10.489471,45.997336],[10.489342,45.997263],[10.489254,45.997226],[10.488846,45.997206],[10.488713,45.997171],[10.488516,45.997077],[10.488278,45.996924],[10.48814,45.996808],[10.487982,45.996715],[10.487795,45.996595],[10.487614,45.996457],[10.487374,45.996355],[10.487198,45.99628],[10.486909,45.996197],[10.48669,45.99613],[10.486561,45.996075],[10.48638,45.995995],[10.486131,45.99597],[10.485926,45.995898],[10.485801,45.99578],[10.485622,45.995646],[10.48552,45.995514],[10.485338,45.995418],[10.485233,45.995325],[10.485119,45.995221],[10.484967,45.99512],[10.484859,45.995008],[10.484543,45.99486],[10.484242,45.994789],[10.484046,45.994665],[10.483923,45.994506],[10.483888,45.994403],[10.483707,45.994262],[10.483479,45.994092],[10.483403,45.994056],[10.483365,45.993988],[10.483249,45.993937],[10.483171,45.993876],[10.483096,45.993766],[10.483055,45.993601],[10.482993,45.993503],[10.482927,45.993414],[10.482751,45.993259],[10.482598,45.993174],[10.482455,45.993067],[10.4824,45.992904],[10.482296,45.992787],[10.482177,45.99258],[10.482022,45.992452],[10.481864,45.992263],[10.481715,45.99219],[10.481534,45.992019],[10.481364,45.991887],[10.481148,45.991761],[10.480984,45.99168],[10.480937,45.991615],[10.481113,45.991487],[10.481148,45.991365],[10.481078,45.991152],[10.480955,45.990971],[10.480803,45.99067],[10.480586,45.990459],[10.48037,45.9903],[10.480189,45.990134],[10.480066,45.990014],[10.479876,45.989919],[10.479496,45.989843],[10.479285,45.989758],[10.479159,45.989697],[10.478995,45.989604],[10.478811,45.989431],[10.478709,45.989305],[10.478589,45.989254],[10.478495,45.989112],[10.478396,45.98898],[10.478323,45.988886],[10.478153,45.988825],[10.478074,45.988787],[10.477896,45.988647],[10.477697,45.988588],[10.477595,45.98851],[10.477372,45.988244],[10.477165,45.98813],[10.476769,45.987838],[10.476644,45.987579],[10.476599,45.987171],[10.476607,45.986927],[10.476603,45.986628],[10.476706,45.986418],[10.476756,45.986194],[10.476698,45.985941],[10.476694,45.985777],[10.47676,45.985671],[10.477087,45.985344],[10.47717,45.985274],[10.477422,45.985062],[10.477641,45.984904],[10.477786,45.984846],[10.478228,45.984622],[10.478464,45.984559],[10.478468,45.984456],[10.478556,45.984426],[10.478604,45.984335],[10.478639,45.98413],[10.478663,45.983923],[10.478716,45.983783],[10.47871,45.983671],[10.478739,45.983474],[10.478751,45.983264],[10.478812,45.983112],[10.478926,45.983002],[10.47897,45.982876],[10.478991,45.98274],[10.478967,45.982632],[10.478991,45.982484],[10.479029,45.982321],[10.479096,45.982222],[10.479134,45.982051],[10.479164,45.981938],[10.479171,45.981883],[10.479169,45.981783],[10.479151,45.981653],[10.479245,45.981531],[10.479309,45.981387],[10.47933,45.981281],[10.479426,45.981175],[10.479488,45.981068],[10.479558,45.980968],[10.479654,45.980871],[10.479733,45.980785],[10.479824,45.980712],[10.479932,45.980608],[10.48007,45.980462],[10.479933,45.980412],[10.479828,45.980435],[10.479801,45.98038],[10.479857,45.980262],[10.479924,45.980183],[10.479959,45.980116],[10.479977,45.979973],[10.479962,45.979912],[10.479828,45.979874],[10.479719,45.979888],[10.47967,45.979902],[10.479664,45.979858],[10.479717,45.979801],[10.479722,45.97976],[10.479693,45.979721],[10.479597,45.979728],[10.479503,45.979748],[10.479494,45.979699],[10.479503,45.979626],[10.479497,45.979565],[10.479436,45.979559],[10.479357,45.979602],[10.479249,45.979667],[10.479143,45.979721],[10.479038,45.979776],[10.478924,45.97985],[10.478792,45.979898],[10.478655,45.979969],[10.478544,45.98001],[10.478465,45.980012],[10.478441,45.979949],[10.478447,45.979881],[10.478462,45.979829],[10.478422,45.979792],[10.478352,45.979756],[10.478278,45.979733],[10.478135,45.979701],[10.478021,45.97968],[10.477947,45.979667],[10.477901,45.979632],[10.477777,45.979569],[10.477676,45.979489],[10.477655,45.979413],[10.477587,45.979308],[10.477546,45.979229],[10.477465,45.979049],[10.477422,45.978943],[10.477384,45.978845],[10.477374,45.978729],[10.477339,45.978624],[10.477194,45.978499],[10.477123,45.978419],[10.47711,45.97836],[10.477151,45.978337],[10.477616,45.978425],[10.477598,45.978309],[10.477519,45.978202],[10.477511,45.978167],[10.477516,45.978124],[10.477468,45.978034],[10.477538,45.978022],[10.477629,45.978042],[10.477773,45.978159],[10.477834,45.978185],[10.47781,45.978133],[10.477818,45.978097],[10.477825,45.97804],[10.477808,45.977986],[10.477794,45.977804],[10.477594,45.977492],[10.477336,45.977386],[10.477188,45.977134],[10.477323,45.977061],[10.477166,45.976749],[10.476782,45.976422],[10.476402,45.976179],[10.475966,45.975961],[10.475421,45.975748],[10.474809,45.975666],[10.474561,45.975615],[10.474142,45.975445],[10.473653,45.975305],[10.47347,45.975251],[10.473055,45.975296],[10.472719,45.975284],[10.472471,45.975269],[10.472283,45.97519],[10.472169,45.975145],[10.472034,45.975251],[10.471816,45.975275],[10.471222,45.975245],[10.470773,45.975281],[10.470446,45.975272],[10.470009,45.975421],[10.469734,45.975377],[10.469435,45.975289],[10.469195,45.975119],[10.468995,45.974936],[10.468733,45.974684],[10.46858,45.974509],[10.468637,45.974337],[10.468526,45.974241],[10.46846,45.974164],[10.468519,45.974106],[10.468633,45.974064],[10.468635,45.973989],[10.46853,45.973888],[10.468342,45.973725],[10.468307,45.973583],[10.468397,45.973531],[10.468467,45.973503],[10.468484,45.973424],[10.46844,45.973278],[10.468377,45.973125],[10.468382,45.973036],[10.468486,45.973011],[10.468469,45.972898],[10.468401,45.972737],[10.468464,45.972693],[10.468639,45.972744],[10.468805,45.972803],[10.468912,45.972819],[10.468918,45.972763],[10.468829,45.972632],[10.468687,45.972491],[10.468449,45.972352],[10.468327,45.972227],[10.468144,45.972151],[10.46793,45.972094],[10.467785,45.97209],[10.467631,45.972115],[10.467482,45.972132]]},"properties":{"id":"586f6aff-1964-499b-a39a-9f1f7fa59808","cls":"path","osm":["w228119281@10","w228119283@3","w228119284@4","w228119286@3","w228119287@3","w228119289@2","w228119291@2"],"fr":[["is_bridge",0.135717,0.138316],["is_bridge",0.319513,0.32025]],"conn":[["8dfa888b-14a3-4abd-bf9d-37e5776b2701",0.0],["7e97d694-b50e-4fd1-9991-9fafd3d8e498",0.222985],["79244a0b-c110-4f2b-801d-1ef761f0664a",0.601835],["5b46c8be-e66a-45a7-98e0-8be7837092ef",0.695653],["56a4408f-cc92-4427-9522-3c3aa94837e8",1.0]]}},{"type":"Feature","geometry":{"type":"LineString","coordinates":[[10.541403,46.071049],[10.541458,46.070943],[10.541462,46.070817],[10.541442,46.070683],[10.541671,46.070442],[10.541832,46.070256],[10.542041,46.070152],[10.542128,46.070037],[10.54225,46.069947],[10.542467,46.069829],[10.542535,46.069594],[10.542455,46.069459],[10.542427,46.069284],[10.542247,46.069161],[10.542247,46.068945],[10.542313,46.068629],[10.541998,46.068352],[10.541895,46.068246],[10.541718,46.068109],[10.541572,46.067969],[10.541529,46.067794],[10.541497,46.067545],[10.541403,46.06734],[10.541363,46.067091],[10.541296,46.066725],[10.541407,46.066615],[10.541422,46.066509],[10.541521,46.066437],[10.541272,46.06615],[10.54115,46.065972],[10.541268,46.065857],[10.54143,46.065756],[10.541466,46.065674],[10.541497,46.065535],[10.541686,46.065526],[10.541852,46.065581],[10.541966,46.065568],[10.542128,46.065414],[10.542219,46.065078],[10.542392,46.064881],[10.542542,46.064687],[10.542585,46.064536],[10.542849,46.064361],[10.543003,46.064263],[10.543192,46.064085],[10.543347,46.063852],[10.543437,46.06371],[10.5435,46.063616],[10.543582,46.06357],[10.543654,46.063439],[10.543575,46.063368],[10.543598,46.063245],[10.54378,46.063212],[10.543815,46.063111],[10.54376,46.062928],[10.543736,46.062783],[10.5438,46.062654],[10.543997,46.062602],[10.544162,46.062496],[10.544245,46.062435],[10.544304,46.062269],[10.544517,46.062233],[10.544706,46.062288],[10.544911,46.062331],[10.544964,46.062335],[10.545021,46.062316],[10.545004,46.062225],[10.544904,46.062176],[10.544907,46.062094],[10.544911,46.062013],[10.544824,46.062006],[10.544759,46.061929],[10.544904,46.061883],[10.545022,46.06179],[10.545196,46.061735],[10.545247,46.061659],[10.545387,46.061589],[10.545578,46.061543]]},"properties":{"id":"587c6d95-82e3-4298-9b24-7f6f24f0dd77","cls":"path","osm":["w228990733@6"],"conn":[["5a8e19f1-49ec-4880-b367-81b101cdd768",0.0],["8f6a67f0-ce72-4de0-9e98-a5959e88b1de",1.0]]}},{"type":"Feature","geometry":{"type":"LineString","coordinates":[[10.513378,46.054633],[10.51321,46.055052],[10.513193,46.055243],[10.513218,46.055338],[10.513251,46.055404],[10.513371,46.055472],[10.513548,46.055571],[10.513702,46.055701],[10.513756,46.055777],[10.513772,46.055884],[10.513769,46.056001],[10.513732,46.056117],[10.51371,46.056213],[10.513781,46.0564],[10.513781,46.056596],[10.513849,46.056696],[10.513865,46.056815],[10.513895,46.056989],[10.513989,46.057113],[10.514118,46.057225],[10.514181,46.057432],[10.514133,46.057764],[10.514142,46.057882],[10.514148,46.057949],[10.514151,46.057996],[10.514159,46.058067],[10.514206,46.05816],[10.51432,46.058286],[10.514509,46.058506],[10.515098,46.058775],[10.515558,46.059113],[10.516025,46.059374],[10.516727,46.059494],[10.517901,46.059901],[10.518267,46.060052],[10.51863,46.060339],[10.518858,46.060427],[10.519516,46.060969],[10.519545,46.06106],[10.519838,46.061341],[10.520015,46.06139],[10.520325,46.061696],[10.521351,46.062313],[10.521598,46.062649],[10.521773,46.062708],[10.522586,46.063211],[10.52269,46.06336],[10.523024,46.063592],[10.523307,46.063877],[10.523659,46.064113],[10.523838,46.064177],[10.523874,46.064279],[10.52391,46.064382],[10.523997,46.064454],[10.524091,46.064487],[10.524454,46.064614],[10.524594,46.064733],[10.526154,46.065452],[10.526563,46.06578],[10.526689,46.065877],[10.527125,46.066268],[10.527269,46.066426],[10.527428,46.066589],[10.527547,46.066663],[10.527624,46.066753],[10.52776,46.066833],[10.527819,46.066888],[10.52788,46.06708],[10.528018,46.067192],[10.528354,46.067323],[10.52871,46.067333],[10.529031,46.067428],[10.529542,46.06768],[10.529986,46.067981],[10.530706,46.068275],[10.530988,46.068639],[10.531201,46.068762],[10.53187,46.068998],[10.532165,46.069494],[10.533374,46.070624],[10.534596,46.071078],[10.535467,46.071321],[10.535653,46.071373],[10.535893,46.071627],[10.536017,46.071757],[10.536203,46.071773],[10.536401,46.071724],[10.536567,46.071517],[10.536724,46.071337],[10.536814,46.071235],[10.537043,46.071082],[10.537569,46.070797],[10.537757,46.070776],[10.537907,46.070808],[10.538223,46.070933],[10.538489,46.070953],[10.53909,46.07068],[10.539179,46.070661],[10.53957,46.070654],[10.540158,46.070723],[10.540384,46.070678],[10.540491,46.070798]]},"properties":{"id":"590d6950-81ec-4679-9ad5-0eceba2393f0","cls":"track","osm":["w38564823@8","w511165933@1","w511165934@1","w511165935@1","w511165936@1","w511165937@1","w511165938@1","w511165939@2","w511165940@1","w511165941@2","w511165942@2"],"fr":[["is_bridge",0.122171,0.124517],["is_bridge",0.126166,0.128641]],"sr":[["gravel",0.0,0.126166],["paved",0.126166,0.128641],["gravel",0.128641,0.459021],["unknown",0.459021,0.468551],["gravel",0.468551,0.544558],["unpaved",0.544558,0.549119],["gravel",0.549119,0.683355],["unknown",0.683355,0.704552],["gravel",0.704552,1.0]],"conn":[["142c9867-821a-4269-9c59-3b8d24708ce8",0.0],["ad8be41c-f4f1-44d2-8cdd-4a00bfcff3ce",0.045853],["7a0f7c13-3e01-4dbf-a0cc-d429034397ac",0.847361],["a66b353e-fdd3-43db-9d74-c8e190f1509d",0.893623],["09be78b5-126e-47b8-b0bf-8b7d5e723e12",1.0]],"access":[{"type":"allowed","when":["motor_vehicle"]}]}},{"type":"Feature","geometry":{"type":"LineString","coordinates":[[10.647361,45.965114],[10.647439,45.965197],[10.647439,45.965295],[10.647363,45.965407],[10.647333,45.965581],[10.647213,45.965693],[10.647107,45.96583],[10.646996,45.965941],[10.646931,45.966043],[10.6468,45.966074],[10.64671,45.966095],[10.646473,45.966004],[10.646363,45.965955],[10.646301,45.965928],[10.646187,45.965947],[10.646104,45.966005],[10.646025,45.966062],[10.645898,45.966132],[10.645775,45.966172],[10.645664,45.966198],[10.64549,45.966293],[10.645401,45.966346],[10.645287,45.966397],[10.645186,45.966434],[10.645119,45.966465],[10.64509,45.966496],[10.645037,45.9665],[10.644894,45.966509],[10.644793,45.966531],[10.64465,45.966573],[10.644555,45.966573],[10.644482,45.966586],[10.644419,45.966612],[10.644292,45.966628],[10.644191,45.966674],[10.644121,45.966736],[10.643985,45.966808],[10.64388,45.966872],[10.643788,45.966952],[10.643611,45.967],[10.643503,45.967053],[10.643399,45.967081],[10.643345,45.967095],[10.643294,45.967073],[10.64325,45.967066],[10.643205,45.967039],[10.643133,45.967057],[10.643085,45.967057],[10.643031,45.967092],[10.642962,45.967123],[10.642892,45.967152],[10.642857,45.9672],[10.642749,45.967315],[10.642708,45.967343],[10.642632,45.967388],[10.642607,45.967414],[10.642572,45.967475],[10.642537,45.967513],[10.642534,45.967542],[10.642513,45.967555],[10.642494,45.967549],[10.642499,45.967526],[10.642504,45.967479],[10.642507,45.96744],[10.642512,45.967406],[10.642491,45.967403],[10.642467,45.967442],[10.642415,45.96747],[10.642322,45.967485],[10.642241,45.967508],[10.642193,45.967518],[10.642111,45.967515],[10.642049,45.967513],[10.641994,45.967533],[10.641902,45.96756],[10.641849,45.967603],[10.641773,45.967647],[10.641694,45.967679],[10.641585,45.967713],[10.641545,45.967733],[10.641487,45.967741],[10.641433,45.967779],[10.641389,45.967802],[10.641328,45.967831],[10.641301,45.967841],[10.641262,45.967844],[10.64124,45.967828],[10.641257,45.967807],[10.641295,45.967782],[10.641338,45.967754],[10.641341,45.967741],[10.641328,45.967733],[10.641305,45.967737],[10.641238,45.967741],[10.641173,45.967759],[10.641067,45.967761],[10.640963,45.967779],[10.640883,45.96779],[10.640836,45.967802],[10.640798,45.967816],[10.640728,45.967866],[10.640698,45.967878],[10.640639,45.967896],[10.640603,45.967891],[10.640563,45.967876],[10.640517,45.967872],[10.640421,45.967892],[10.6404,45.967902],[10.640315,45.967905],[10.64028,45.967911],[10.640156,45.967978],[10.640112,45.968006],[10.640028,45.968022],[10.63996,45.968027],[10.639903,45.968032],[10.639803,45.968078],[10.639703,45.968108],[10.639602,45.968128],[10.639549,45.968137],[10.639496,45.968169],[10.63945,45.968195],[10.639421,45.968215],[10.639363,45.968249],[10.639276,45.968297],[10.639148,45.968339],[10.639076,45.968339],[10.638988,45.968367],[10.638902,45.968394],[10.638761,45.968481],[10.638734,45.968525],[10.638666,45.968567],[10.638568,45.968609],[10.638505,45.968609],[10.638434,45.96864],[10.638371,45.968708],[10.638241,45.968787],[10.638075,45.968937],[10.637949,45.969049],[10.637879,45.969129],[10.637839,45.969178],[10.637813,45.969129],[10.637823,45.969039],[10.637758,45.968997],[10.637683,45.96908],[10.637557,45.969154],[10.637406,45.969185],[10.63731,45.969199],[10.637275,45.969245]]},"properties":{"id":"592e0abb-e9ee-4392-bc57-afdf508e5207","cls":"path","osm":["w1553679443@1","w1553679444@1"],"sr":[["unpaved",null,null]],"conn":[["05c80daf-159c-48cd-b9d7-54d0203f9f28",0.0],["fdc08a7d-b4d2-46d9-a83d-cd08842fa38e",1.0]],"access":[{"type":"denied","when":["bicycle"]}]}},{"type":"Feature","geometry":{"type":"LineString","coordinates":[[10.648037,46.006279],[10.64796,46.006291],[10.647875,46.006281],[10.64779,46.006232],[10.64773,46.006153],[10.647687,46.006104],[10.647638,46.006047],[10.647602,46.006173],[10.647549,46.006296],[10.647468,46.006379],[10.647266,46.006498],[10.64707,46.006583],[10.646863,46.00678],[10.646644,46.006978],[10.646249,46.007117],[10.646038,46.007224],[10.645847,46.007294],[10.645694,46.007289],[10.64569,46.007204],[10.645751,46.007002],[10.645728,46.006901],[10.6458,46.006797],[10.645879,46.006363],[10.645936,46.006179],[10.645928,46.005984],[10.64592,46.005713],[10.645969,46.005484],[10.6459,46.00527],[10.645839,46.00512],[10.645822,46.00501],[10.645741,46.004897],[10.645668,46.004852],[10.645591,46.004778],[10.645444,46.004722],[10.64533,46.004714],[10.645237,46.004634],[10.645188,46.00455],[10.645107,46.004586],[10.645058,46.004705],[10.644981,46.004798],[10.644883,46.004835],[10.644765,46.004798],[10.644769,46.004728],[10.644643,46.00473],[10.644562,46.00477],[10.644395,46.004753],[10.64429,46.004711],[10.644168,46.004671],[10.644156,46.004886],[10.644058,46.004982],[10.643936,46.005114],[10.643887,46.005247],[10.643721,46.005315],[10.643603,46.00529],[10.643538,46.005185],[10.643424,46.005058],[10.643265,46.00497],[10.642928,46.004877],[10.642781,46.004826],[10.642785,46.004699],[10.642765,46.004564],[10.642688,46.004488],[10.642594,46.004394],[10.64242,46.004377],[10.642208,46.004318],[10.641976,46.004287],[10.641659,46.004318],[10.641318,46.004403],[10.640993,46.004505],[10.640728,46.004595],[10.640513,46.004674],[10.64033,46.00475],[10.640086,46.004804],[10.639891,46.004815],[10.639627,46.004886],[10.639257,46.005016],[10.639025,46.005131],[10.638692,46.005196],[10.638435,46.005307],[10.638143,46.005338],[10.637878,46.005383],[10.637643,46.005467],[10.637325,46.005564],[10.636935,46.005572],[10.63672,46.005595],[10.636492,46.005707],[10.636333,46.005738],[10.636268,46.005772],[10.636033,46.005781],[10.635882,46.005849],[10.635781,46.005885],[10.635545,46.005931],[10.635459,46.00599],[10.635341,46.005993],[10.63515,46.006001],[10.635057,46.006035],[10.634931,46.006089],[10.63476,46.006106],[10.634683,46.00612],[10.634535,46.006159],[10.634376,46.006243],[10.634255,46.006263],[10.633991,46.006295],[10.633877,46.006282],[10.633603,46.006285],[10.633482,46.0063],[10.633372,46.006243],[10.633314,46.006175],[10.633192,46.006193],[10.633034,46.006212],[10.632841,46.006217],[10.632607,46.006219],[10.632479,46.006208],[10.632334,46.006273],[10.632259,46.006369],[10.63216,46.006464],[10.632025,46.006513],[10.631803,46.006537],[10.63172,46.006522],[10.631604,46.006548],[10.631545,46.006597],[10.631443,46.006616],[10.63136,46.006602],[10.631282,46.006688],[10.631116,46.006811],[10.630947,46.006901],[10.630794,46.006966],[10.630698,46.007005],[10.630502,46.007046],[10.630381,46.007046],[10.630223,46.007044],[10.629821,46.007148],[10.629579,46.007174],[10.629381,46.007182],[10.629225,46.007221],[10.628994,46.007227],[10.628812,46.007266],[10.628563,46.007301],[10.628407,46.007333],[10.628131,46.007402],[10.627973,46.007389],[10.627794,46.007492],[10.627682,46.00751],[10.627526,46.007528],[10.627377,46.007537],[10.627299,46.007599],[10.627179,46.007649]]},"properties":{"id":"59462b71-0005-4a4f-96fd-23b47280e2b2","cls":"path","osm":["w1106925197@3"],"conn":[["eabb727e-e328-4343-a68c-5109db609bf0",0.0],["27f78625-16dc-4ff5-852f-756e82db9a5e",0.116385],["e3a06973-a0db-40f3-9863-5e62ba17c5a7",1.0]]}},{"type":"Feature","geometry":{"type":"LineString","coordinates":[[10.513307,46.054587],[10.513354,46.054626],[10.513378,46.054633]]},"properties":{"id":"5b1cbf16-5699-4ddf-af70-5ed35a0f9832","cls":"steps","osm":["w511165944@1","w511165945@2"],"sr":[["dirt",0.0,0.738296],["unknown",0.738296,1.0]],"conn":[["f6265555-0f7d-43e2-889f-cf6a1d412fb0",0.0],["142c9867-821a-4269-9c59-3b8d24708ce8",1.0]]}},{"type":"Feature","geometry":{"type":"LineString","coordinates":[[10.460804,45.98836],[10.461109,45.988375],[10.461473,45.98836],[10.46201,45.988136],[10.462418,45.988032],[10.462976,45.988211],[10.463619,45.988226],[10.464048,45.988077],[10.464263,45.987808],[10.464671,45.987421],[10.465035,45.987242],[10.4654,45.987212],[10.466173,45.987361],[10.466881,45.987585],[10.467653,45.987883],[10.468125,45.988077],[10.468683,45.988151],[10.469284,45.987927],[10.469755,45.987732],[10.469796,45.987462],[10.470071,45.987434],[10.470455,45.987478],[10.470933,45.987384],[10.470307,45.986902],[10.470347,45.98664],[10.470758,45.986547],[10.471216,45.986378],[10.472347,45.986111],[10.473256,45.985803],[10.473876,45.98518],[10.47428,45.985012],[10.474408,45.984619],[10.47465,45.984114],[10.474266,45.982962],[10.474329,45.982927],[10.474414,45.982878],[10.474987,45.982995],[10.475755,45.98337],[10.475924,45.983521],[10.476159,45.98373],[10.476224,45.983857],[10.476313,45.984029],[10.476691,45.984577],[10.47717,45.985274]]},"properties":{"id":"5b20a55f-2499-4113-bb10-89c956ee48b6","cls":"path","osm":["w953732596@3"],"conn":[["f9e9367c-e8e3-473e-a733-87f8ab021969",0.0],["571f3b96-1c38-48f6-a763-dc57e138c6d2",0.593614],["79244a0b-c110-4f2b-801d-1ef761f0664a",1.0]]}},{"type":"Feature","geometry":{"type":"LineString","coordinates":[[10.575108,46.05632],[10.575115,46.056261],[10.575101,46.056194],[10.575069,46.056145],[10.575037,46.056038],[10.575057,46.056026],[10.574998,46.055873],[10.575015,46.055799],[10.574998,46.055771],[10.575077,46.055646],[10.575104,46.055568],[10.575095,46.055409],[10.575098,46.05531],[10.575075,46.05527],[10.575084,46.0552],[10.57512,46.055163],[10.575127,46.055082],[10.575106,46.055024],[10.575078,46.055017],[10.575027,46.054938],[10.574928,46.054821],[10.574929,46.054771],[10.574896,46.054714],[10.574805,46.054649],[10.574782,46.054554],[10.574755,46.054515],[10.574694,46.054501],[10.574614,46.05441],[10.574614,46.05437],[10.574574,46.054372],[10.574487,46.054325],[10.574485,46.054299],[10.574433,46.054299],[10.574326,46.054217],[10.574239,46.054149],[10.574174,46.054071],[10.574143,46.054068],[10.574129,46.054007],[10.574008,46.053939],[10.573917,46.05385],[10.573881,46.053853],[10.57383,46.053806],[10.573794,46.053813],[10.573605,46.053587],[10.573513,46.053504],[10.573232,46.053244],[10.573167,46.053093],[10.573157,46.053015],[10.5731,46.053011],[10.573074,46.052977],[10.573034,46.052814],[10.572929,46.052696],[10.572902,46.052595],[10.57286,46.052476],[10.572683,46.052298],[10.572683,46.052166],[10.572688,46.052043],[10.572608,46.051962],[10.572497,46.051936],[10.572464,46.05181],[10.572325,46.051716],[10.572208,46.051603],[10.572148,46.051526],[10.572083,46.051465],[10.572124,46.051377],[10.572083,46.051335],[10.572059,46.051242],[10.571873,46.051125],[10.571803,46.050938],[10.571654,46.050692],[10.57164,46.050479],[10.571561,46.050286],[10.571533,46.050192],[10.571468,46.050114],[10.571356,46.050063],[10.571259,46.049946],[10.571133,46.049769],[10.571091,46.049656],[10.571007,46.049517],[10.570886,46.04931],[10.570821,46.049232],[10.570914,46.049093],[10.570765,46.049016],[10.570756,46.048945],[10.570747,46.048777],[10.570644,46.048635],[10.570519,46.04835],[10.570486,46.048066],[10.570379,46.047888],[10.570426,46.047814],[10.570309,46.047698],[10.570104,46.047533],[10.570109,46.047252],[10.569955,46.047204],[10.569858,46.047042],[10.569741,46.046674],[10.569574,46.046335],[10.569457,46.046096],[10.569369,46.045976],[10.569425,46.045957],[10.569378,46.045827],[10.569178,46.045617],[10.569057,46.045488],[10.569141,46.045372],[10.569108,46.045217],[10.568997,46.044939],[10.568857,46.044448],[10.568717,46.043973],[10.568703,46.043689],[10.56862,46.043692],[10.56848,46.043459],[10.568322,46.043307],[10.568201,46.043194],[10.568145,46.04301],[10.568204,46.042881]]},"properties":{"id":"5ba23c5b-a651-4587-b7c8-5f8226302faa","cls":"path","osm":["w232215957@5"],"conn":[["08db69b9-9dba-4bc6-9864-032a6cffd2e2",0.0],["ed746c2c-165a-4555-89ea-d7eedd6f6681",1.0]]}},{"type":"Feature","geometry":{"type":"LineString","coordinates":[[10.512149,46.007869],[10.512124,46.007766]]},"properties":{"id":"5bc5c17f-73bc-42aa-b620-5a2eb88b62f6","cls":"service","sub":"driveway","osm":["w1424330418@1"],"sr":[["paved",null,null]],"conn":[["795b9426-4bfb-40c8-86c2-6d7f350c5c1b",0.0],["4bd29ba0-1cc3-44c6-829f-4805e7a32526",1.0]]}},{"type":"Feature","geometry":{"type":"LineString","coordinates":[[10.472347,45.986111],[10.472277,45.985743],[10.471934,45.985527],[10.471591,45.985378],[10.471398,45.98514],[10.471483,45.984931],[10.47172,45.984685],[10.471602,45.984342]]},"properties":{"id":"5be1ee69-1471-4a49-9d8d-d30d3e96287e","cls":"path","osm":["w1194699122@1"],"conn":[["571f3b96-1c38-48f6-a763-dc57e138c6d2",0.0],["9da7f26c-822e-47f8-af57-e156fe080826",1.0]]}},{"type":"Feature","geometry":{"type":"LineString","coordinates":[[10.533008,45.990106],[10.532979,45.990188],[10.533064,45.990264],[10.533389,45.990358],[10.533378,45.990442],[10.533284,45.990617],[10.533335,45.990652],[10.533518,45.990678],[10.533705,45.990732],[10.533928,45.990729],[10.534124,45.990602],[10.534333,45.990618]]},"properties":{"id":"5c37f58f-67fd-452b-a2be-0930a78a01bd","cls":"track","osm":["w696240665@1"],"conn":[["aebde809-83c6-4ec3-8723-08e69bf25e27",0.0],["759a005b-13e4-4666-a64d-549e645a89a8",1.0]]}},{"type":"Feature","geometry":{"type":"LineString","coordinates":[[10.569433,45.992543],[10.569357,45.992442],[10.569225,45.99237],[10.569107,45.992294],[10.568927,45.992148],[10.568861,45.992051],[10.56878,45.991871],[10.568738,45.99174],[10.568688,45.991572],[10.568655,45.991467],[10.568572,45.991297],[10.568463,45.991143],[10.568333,45.990986],[10.568186,45.99082],[10.567997,45.990641],[10.567762,45.990452],[10.567591,45.990284],[10.567464,45.990167],[10.567258,45.990036],[10.567124,45.989982],[10.567021,45.989959],[10.566878,45.98996],[10.566599,45.99003],[10.566412,45.990034],[10.566259,45.990005],[10.566117,45.990009],[10.565933,45.990064],[10.565814,45.990067],[10.565742,45.990035],[10.565611,45.989909],[10.565592,45.98985],[10.565535,45.989669],[10.565427,45.98957],[10.565278,45.989476],[10.56521,45.989407],[10.565192,45.98929],[10.565062,45.98921],[10.564777,45.989083],[10.564588,45.989021],[10.564486,45.989003],[10.564411,45.988986],[10.564363,45.988949],[10.564269,45.988805],[10.564167,45.988701],[10.564103,45.988625],[10.564036,45.988578],[10.563979,45.988336],[10.563915,45.988241],[10.563896,45.988168],[10.563878,45.988112],[10.563829,45.988079],[10.563773,45.988037],[10.563601,45.987913],[10.563558,45.987859],[10.56352,45.987789],[10.563492,45.987701],[10.563455,45.987634],[10.563346,45.987547],[10.563173,45.987499],[10.563046,45.987514],[10.562929,45.987558],[10.562775,45.987581],[10.562585,45.98759],[10.562548,45.987559],[10.562533,45.987468],[10.562563,45.987409],[10.562568,45.987347],[10.562568,45.987225],[10.56254,45.987181],[10.562513,45.987052],[10.562484,45.986914],[10.562416,45.98675],[10.562375,45.986626],[10.562322,45.986544],[10.562177,45.986481],[10.562054,45.986446],[10.562,45.98642],[10.561992,45.986371],[10.561976,45.986267],[10.561879,45.986166],[10.561657,45.985965],[10.561608,45.985902],[10.561493,45.985831],[10.561397,45.985816],[10.561106,45.98586],[10.561034,45.985868],[10.560973,45.985828],[10.560989,45.985551],[10.56097,45.985481],[10.560903,45.985413],[10.56082,45.985343],[10.560707,45.985264],[10.560723,45.984867],[10.560686,45.984826],[10.560514,45.984694],[10.560232,45.984495],[10.560069,45.984303],[10.559885,45.984125],[10.559757,45.983973],[10.559606,45.983837],[10.559538,45.983784],[10.55941,45.983761],[10.559186,45.983715],[10.558875,45.983622],[10.558755,45.983562],[10.558643,45.983418],[10.558575,45.983197],[10.558496,45.982953],[10.558417,45.982845],[10.558108,45.982727],[10.557994,45.982742],[10.557801,45.98274],[10.55746,45.982715],[10.557311,45.982702],[10.55722,45.982702],[10.55707,45.982682]]},"properties":{"id":"5c718533-b57e-47ce-bf93-c82a8af41486","cls":"track","osm":["w424530433@5"],"sr":[["gravel",null,null]],"conn":[["aa6a1676-644b-4879-b87b-0532bf5e6bc1",0.0],["7b6ed04e-1af2-4253-a72c-f06ee6a6269e",1.0]]}},{"type":"Feature","geometry":{"type":"LineString","coordinates":[[10.524239,45.997999],[10.524379,45.998015],[10.524517,45.997968],[10.52473,45.997934],[10.524888,45.99802],[10.525097,45.99811],[10.525294,45.998134],[10.525605,45.998053],[10.525916,45.998111],[10.526273,45.998207],[10.526567,45.99826],[10.5268,45.998373],[10.52693,45.998393],[10.527179,45.998324],[10.527384,45.998251],[10.527501,45.998043],[10.527891,45.998034],[10.528288,45.998022],[10.528569,45.997948]]},"properties":{"id":"5c8de79c-90c6-4132-97c5-08c4861222c2","cls":"path","osm":["w1508786321@1"],"conn":[["d02ec0f6-fad9-4325-9cad-f184af89a388",0.0],["10a2e935-e3af-4ec6-b941-e7cb69c386d9",1.0]]}},{"type":"Feature","geometry":{"type":"LineString","coordinates":[[10.625159,46.106913],[10.625265,46.106989],[10.625332,46.10708],[10.625356,46.107168],[10.625356,46.107264],[10.625367,46.107296],[10.625391,46.107309],[10.625445,46.107304],[10.625474,46.107289],[10.625563,46.107331],[10.625598,46.107426],[10.625716,46.10746],[10.625882,46.107474]]},"properties":{"id":"5da0ca46-f5dc-407f-9d6d-b0ce8d470f3b","cls":"path","osm":["w513143092@1"],"conn":[["b96a8935-43c5-4e69-abbc-9e70ea67eaa0",0.0],["99a012a4-45fb-4622-9a56-7263e7f6b4db",1.0]]}},{"type":"Feature","geometry":{"type":"LineString","coordinates":[[10.461472,46.044126],[10.461611,46.044121],[10.461889,46.044085],[10.462245,46.044173],[10.462878,46.044124],[10.463855,46.044321],[10.464596,46.044471],[10.465709,46.044382],[10.46764,46.044227],[10.470222,46.043628],[10.471177,46.043748],[10.471864,46.043648],[10.472973,46.043766],[10.473827,46.043664],[10.474409,46.043847],[10.475437,46.043817],[10.476904,46.043517],[10.477645,46.043418]]},"properties":{"id":"5dece784-ea68-4a37-868f-69b3773c2931","cls":"path","osm":["w40970175@5"],"conn":[["aadbedf4-3b7a-45bb-bbd7-f91181f5d08d",0.0],["3008325f-84cc-497c-9f0c-a3cbea48b976",1.0]]}},{"type":"Feature","geometry":{"type":"LineString","coordinates":[[10.496881,46.083002],[10.49703,46.08307],[10.497178,46.083055],[10.497261,46.082903],[10.497475,46.08288],[10.497534,46.082992],[10.497934,46.082929],[10.498068,46.082685],[10.498382,46.083118],[10.498867,46.083356],[10.499238,46.083732],[10.499393,46.083727],[10.499742,46.084231],[10.500096,46.08448],[10.500136,46.084614],[10.500576,46.084746],[10.500788,46.08491],[10.500909,46.085094],[10.50115,46.085237],[10.501281,46.085438],[10.501598,46.0856],[10.501799,46.085825],[10.502151,46.085901],[10.502228,46.085847],[10.502325,46.085846],[10.502344,46.085808],[10.502558,46.085769],[10.50262,46.085728],[10.502598,46.085673],[10.502706,46.085639],[10.502861,46.085753],[10.50285,46.085864],[10.503036,46.085868],[10.503497,46.085639],[10.50391,46.085585],[10.504154,46.085726],[10.504347,46.085939],[10.504886,46.086145],[10.505423,46.086268],[10.505828,46.086562],[10.506171,46.086932],[10.506788,46.087261],[10.50696,46.087421],[10.507013,46.087522],[10.50744,46.087697],[10.50759,46.087827],[10.508035,46.08797],[10.508137,46.088071],[10.508309,46.088132],[10.50848,46.088268],[10.508521,46.088353],[10.508655,46.088426],[10.508789,46.088443],[10.508869,46.088405],[10.509068,46.088411],[10.509197,46.088322],[10.509309,46.088314],[10.509492,46.088422],[10.509599,46.088536],[10.50973,46.088578],[10.509964,46.088638],[10.51017,46.08882],[10.510288,46.088932],[10.510661,46.088947],[10.510878,46.089062],[10.511168,46.089257],[10.511421,46.089382],[10.511651,46.089394],[10.5119,46.089508],[10.512081,46.089612],[10.512209,46.089734],[10.512219,46.089865],[10.512284,46.08999],[10.512323,46.09018],[10.512432,46.090302],[10.512502,46.090324],[10.512531,46.090254],[10.512567,46.090177],[10.512683,46.090185],[10.512722,46.090126],[10.512761,46.090087],[10.512794,46.09019],[10.512845,46.090162],[10.512907,46.090175],[10.512951,46.090172],[10.512989,46.090135],[10.513054,46.090121],[10.513147,46.090086],[10.513347,46.090052],[10.513619,46.090117],[10.513718,46.090169],[10.513863,46.090085],[10.514075,46.090112],[10.514065,46.090199],[10.514181,46.09021],[10.514393,46.090112],[10.514748,46.090001],[10.514875,46.089873],[10.515064,46.089806],[10.515162,46.089697],[10.515394,46.089542],[10.515584,46.08954],[10.515746,46.089424],[10.51591,46.089419],[10.516083,46.089332],[10.51625,46.089125],[10.516334,46.089028],[10.516476,46.088985],[10.516626,46.088993],[10.516645,46.088929],[10.516715,46.088884],[10.516819,46.088928],[10.516858,46.089],[10.516927,46.089042],[10.517079,46.088956],[10.517214,46.088851],[10.517219,46.088791],[10.517342,46.088811],[10.517463,46.088764],[10.517431,46.088705],[10.517521,46.08866],[10.517656,46.088612],[10.517844,46.088595],[10.517996,46.088491],[10.518162,46.088485],[10.518299,46.08848],[10.518367,46.088565],[10.518316,46.088699],[10.518377,46.088737],[10.518485,46.088692],[10.518736,46.088625],[10.518854,46.088602],[10.519057,46.08858],[10.519213,46.08853],[10.519331,46.088491],[10.519471,46.088468],[10.519597,46.088498],[10.519655,46.088458],[10.519683,46.088506],[10.519802,46.08848],[10.519954,46.088431],[10.520026,46.088488],[10.520079,46.088425],[10.520192,46.088329],[10.52032,46.088271],[10.520419,46.088123],[10.520513,46.088075],[10.520607,46.088092],[10.520708,46.088189],[10.520629,46.088187],[10.520535,46.088251],[10.520588,46.088314],[10.520627,46.088328],[10.520593,46.088352],[10.520685,46.088361],[10.520732,46.088414]]},"properties":{"id":"5e2227f6-6811-440c-9bbd-723411f51939","cls":"path","name":"Sentiero degli Alpini","osm":["w1194201132@3"],"conn":[["38169c86-86ed-4758-b776-114da69c67f1",0.0],["eb3c3f0c-458e-4afc-b0fe-a87a3d1dfcfe",0.363132],["9be09945-2336-4a57-961b-596ded1c9818",1.0]]}},{"type":"Feature","geometry":{"type":"LineString","coordinates":[[10.589875,45.952849],[10.589813,45.953059],[10.589804,45.95322],[10.589827,45.953385],[10.590099,45.953925],[10.59016,45.95419],[10.590129,45.9543],[10.589989,45.954365],[10.589893,45.954378],[10.589768,45.95437],[10.589492,45.954329],[10.589258,45.954356],[10.589071,45.95442],[10.588815,45.954585],[10.588693,45.954629],[10.588342,45.954739],[10.588016,45.954908],[10.587576,45.955138],[10.587117,45.9553],[10.586861,45.955393],[10.586684,45.9555],[10.586295,45.955833],[10.586103,45.955952],[10.585911,45.956028],[10.585643,45.956114],[10.584023,45.956577],[10.583781,45.956662],[10.583679,45.956719],[10.5836,45.956816],[10.583572,45.95693],[10.583545,45.957116],[10.583507,45.957214],[10.58342,45.957318],[10.582434,45.957984],[10.582208,45.958147],[10.581945,45.95838],[10.581413,45.959074],[10.58082,45.960071],[10.580697,45.960374],[10.580464,45.961079],[10.579975,45.961655],[10.579902,45.961754],[10.579872,45.96184],[10.579749,45.962244],[10.579688,45.962574]]},"properties":{"id":"5e675f50-d32b-40c0-8b75-ef0fdbf54022","cls":"tertiary","osm":["r3253283@23","w26171781@24","w82547126@5","w82547258@5"],"fr":[["is_tunnel",0.103339,0.132092]],"sr":[["paved",null,null]],"conn":[["78c9f074-5216-40c6-baf6-062b787fe322",0.0],["62cf9460-e150-4ad4-829f-aaac6796d2c8",1.0]]}},{"type":"Feature","geometry":{"type":"LineString","coordinates":[[10.54119,46.071066],[10.5413,46.071079],[10.541403,46.071049]]},"properties":{"id":"5edba5de-082a-46d1-a984-1ddbcfaee1c3","cls":"path","osm":["w511165925@1"],"conn":[["ff23c50d-a912-48d5-b7a2-0df2530e5027",0.0],["5a8e19f1-49ec-4880-b367-81b101cdd768",1.0]]}},{"type":"Feature","geometry":{"type":"LineString","coordinates":[[10.510096,46.014388],[10.510157,46.013897],[10.510228,46.013816],[10.510499,46.013863],[10.510638,46.013986],[10.51074,46.014129],[10.511022,46.014192],[10.511116,46.014263],[10.511279,46.014643],[10.511231,46.01481],[10.511228,46.0149],[10.511275,46.014972],[10.511368,46.015022],[10.511461,46.015047],[10.511617,46.015043],[10.511742,46.015021],[10.511816,46.01498],[10.511837,46.014924],[10.511814,46.014783],[10.511807,46.014687],[10.511819,46.014604],[10.51189,46.01442]]},"properties":{"id":"5ee90b9e-2122-460d-95a6-55a960c4f13b","cls":"track","osm":["w241114321@4"],"conn":[["722f1397-7d4f-459e-a72f-066327159e81",0.0],["eba547cb-9f13-43a0-95ba-4d240124dbb4",1.0]]}},{"type":"Feature","geometry":{"type":"LineString","coordinates":[[10.541058,46.071075],[10.541122,46.07107]]},"properties":{"id":"5f9b5e99-6563-437d-bb87-10b2b71341bc","cls":"path","osm":["w511165923@1"],"conn":[["5be90423-f431-40e2-9d51-f9bdc30052e8",0.0],["cc068bad-3327-499e-b29a-b8d5b54184ee",1.0]]}},{"type":"Feature","geometry":{"type":"LineString","coordinates":[[10.477918,46.113697],[10.47808,46.113672],[10.478753,46.113625],[10.479072,46.113504],[10.479361,46.113482]]},"properties":{"id":"5fa6488c-5f14-4ef3-b014-4e71011f0ff6","cls":"path","osm":["w1125828803@1"],"conn":[["aecd06c2-1033-4138-9e3d-5463516fa1ae",0.0],["4afc2c2b-5b78-4336-8ec0-2d86d8eedb84",1.0]]}},{"type":"Feature","geometry":{"type":"LineString","coordinates":[[10.614947,45.982529],[10.614885,45.982403],[10.614793,45.982272],[10.614659,45.981982],[10.614421,45.981539],[10.614408,45.981447],[10.614444,45.981358],[10.614764,45.981048],[10.614988,45.980923],[10.615095,45.980827],[10.615108,45.980756],[10.615086,45.980701],[10.614947,45.980611],[10.61462,45.980484],[10.614054,45.980315],[10.613708,45.980278],[10.613251,45.98027],[10.613077,45.980243],[10.612861,45.980178],[10.612548,45.980035],[10.61233,45.979869],[10.612166,45.979703],[10.612024,45.97958],[10.611985,45.979381],[10.612014,45.979155],[10.61198,45.979056],[10.611921,45.978994],[10.611811,45.978926],[10.611541,45.978836],[10.611329,45.97878],[10.611141,45.978702],[10.611003,45.978623],[10.610884,45.978478],[10.610792,45.978308],[10.610778,45.978202],[10.61084,45.978081],[10.610892,45.977966]]},"properties":{"id":"620a65fa-2e78-412e-a589-accd393d008f","cls":"track","name":"Strada forestale Avalina 1","osm":["w351918354@2"],"conn":[["36278572-70b7-4077-ba20-5d1b855a9dd1",0.0],["30785e78-34c1-4e70-bed5-bbf8b8f2ac4a",1.0]],"access":[{"type":"allowed","when":["foot","bicycle"]},{"type":"allowed","when":["motor_vehicle"]},{"type":"allowed","when":["for_forestry"]},{"type":"allowed","when":null}]}},{"type":"Feature","geometry":{"type":"LineString","coordinates":[[10.501432,46.061377],[10.501315,46.061354],[10.500923,46.061352],[10.500675,46.061333],[10.500401,46.061256],[10.500169,46.060992],[10.49987,46.060722],[10.499534,46.060684],[10.499441,46.06061],[10.499077,46.060651],[10.499129,46.060422],[10.499011,46.060359],[10.49901,46.060278],[10.498878,46.060146],[10.49848,46.060266],[10.498238,46.060093],[10.498205,46.059944],[10.498228,46.059799],[10.4981,46.059627],[10.498021,46.059568],[10.498251,46.059294],[10.49844,46.059247],[10.498423,46.059197],[10.498336,46.059115],[10.498307,46.05892],[10.498132,46.05889],[10.498099,46.058792],[10.498184,46.058604],[10.498097,46.058543],[10.498202,46.058333],[10.498039,46.058335],[10.497914,46.05817],[10.498018,46.058028],[10.497848,46.057911],[10.497635,46.057801],[10.497512,46.057764],[10.497368,46.057748],[10.496987,46.057823],[10.496785,46.05776],[10.496657,46.057814],[10.49631,46.05777],[10.496251,46.057811],[10.495997,46.057812],[10.495916,46.057773],[10.495757,46.057832],[10.495599,46.057751],[10.495442,46.057785],[10.495546,46.058089],[10.495513,46.058155],[10.49531,46.058246],[10.495175,46.058213],[10.49478,46.058313],[10.494364,46.058552],[10.493971,46.058635],[10.493765,46.05895],[10.49355,46.059111],[10.493405,46.059184],[10.493183,46.059147],[10.492757,46.059343],[10.492514,46.059721],[10.492268,46.059809],[10.492348,46.059914],[10.492441,46.059961],[10.492403,46.060121],[10.491996,46.060275],[10.491971,46.060367],[10.492026,46.060449],[10.491966,46.060585],[10.491853,46.060697],[10.491748,46.060704],[10.491701,46.060839],[10.491552,46.060987]]},"properties":{"id":"6217200f-1cf4-44f1-afeb-1e518a91f38a","cls":"path","osm":["w294972628@7"],"conn":[["7392affb-e59c-4f77-8d57-5bb0d9289c26",0.0],["a9d90cf8-dc38-4da4-8562-d53ea6ff3889",1.0]]}},{"type":"Feature","geometry":{"type":"LineString","coordinates":[[10.573921,45.965497],[10.573756,45.965707],[10.573619,45.965858],[10.572978,45.966284],[10.572924,45.966405],[10.572611,45.96659],[10.572471,45.966691],[10.57205,45.966888],[10.57168,45.966964],[10.571397,45.967021],[10.571104,45.967123],[10.570976,45.967202],[10.57051,45.967295],[10.57024,45.967387],[10.56987,45.967562],[10.569664,45.967705],[10.569271,45.967774],[10.569097,45.967882],[10.568873,45.967892],[10.56858,45.967873],[10.568334,45.967905],[10.568091,45.968022],[10.567931,45.96813],[10.567657,45.968226],[10.567401,45.968318],[10.56704,45.96854],[10.566788,45.968718],[10.566638,45.968855],[10.566377,45.969017],[10.56608,45.969119],[10.565613,45.969293],[10.565463,45.969392],[10.565262,45.969452],[10.564983,45.969516],[10.564603,45.969649],[10.56416,45.96983],[10.563844,45.970008],[10.563515,45.970199],[10.563405,45.970345]]},"properties":{"id":"630678e3-0c8b-4750-8dad-87df1d83071f","cls":"track","name":"Strada forestale Doss","osm":["w228887991@3"],"conn":[["132506ce-2fb9-470d-b6db-f3e11dea6fd3",0.0],["20eb620d-4b6e-47c5-af5e-1c52d27448f3",0.159342],["ec98ba2d-c99c-4826-a9a0-e9a5413bfd92",1.0]],"access":[{"type":"allowed","when":["foot","bicycle"]},{"type":"allowed","when":["motor_vehicle"]},{"type":"allowed","when":["for_forestry"]},{"type":"allowed","when":null}]}},{"type":"Feature","geometry":{"type":"LineString","coordinates":[[10.497787,46.080492],[10.49784,46.080377],[10.49802,46.080308],[10.498274,46.080168],[10.498343,46.079987],[10.498281,46.079845],[10.498428,46.079839],[10.498472,46.079783],[10.498548,46.079821],[10.498626,46.079752],[10.498704,46.079811],[10.498812,46.079601],[10.498955,46.079498],[10.499125,46.079473],[10.499153,46.079393],[10.499291,46.079414],[10.499339,46.079308],[10.499578,46.079324],[10.499571,46.079038],[10.49973,46.078936],[10.500004,46.078929],[10.500314,46.078945],[10.500103,46.078774],[10.500778,46.078672],[10.500641,46.07849],[10.501379,46.078531],[10.501093,46.078299],[10.501611,46.078374],[10.501757,46.078331],[10.501548,46.078231],[10.501828,46.078218],[10.501781,46.078126],[10.501988,46.078144],[10.502115,46.077937],[10.502337,46.077985],[10.502466,46.07785],[10.502702,46.077857],[10.502773,46.077743],[10.50298,46.077761],[10.503007,46.077668],[10.503585,46.077784],[10.503739,46.077703],[10.503989,46.077786],[10.504249,46.077785],[10.504601,46.077769],[10.504841,46.07774]]},"properties":{"id":"6307217f-1cb4-49d7-90e7-0ced614831c0","cls":"path","osm":["w40846475@10"],"conn":[["1b16175a-4c3a-46f3-a1b8-59ffdf87c980",0.0],["abd444fd-49ee-41d8-9048-ed150182d6c4",1.0]]}},{"type":"Feature","geometry":{"type":"LineString","coordinates":[[10.481049,46.125236],[10.481071,46.124249],[10.48155,46.123168],[10.481975,46.122724],[10.481753,46.122152],[10.481661,46.121912],[10.481772,46.121635],[10.482473,46.121376],[10.482806,46.121155],[10.482917,46.120656],[10.482196,46.12001],[10.481513,46.119197],[10.48011,46.118902],[10.478817,46.118828],[10.477653,46.11868],[10.476305,46.11868],[10.476121,46.118366],[10.476084,46.117831],[10.475881,46.117572],[10.474089,46.117166],[10.473,46.11676],[10.472205,46.11639],[10.471596,46.115781],[10.471513,46.115207],[10.471744,46.11471],[10.472354,46.114482],[10.473036,46.114377],[10.473794,46.114322],[10.474551,46.1141],[10.474791,46.113934]]},"properties":{"id":"6434f465-674e-4803-9e5c-34fe07a79497","cls":"path","osm":["w40807828@3"],"conn":[["840a9bba-e7de-4f2c-a682-d114b49389ea",0.0],["345d9400-1339-4689-803b-b8700dd568ff",1.0]]}},{"type":"Feature","geometry":{"type":"LineString","coordinates":[[10.43891,46.095219],[10.438871,46.094915],[10.438832,46.09472],[10.438703,46.09451],[10.43866,46.094283],[10.438767,46.093906],[10.438791,46.093681],[10.438765,46.093479],[10.438698,46.093154],[10.438547,46.092726],[10.438336,46.092556],[10.438103,46.092411],[10.437997,46.092255],[10.437895,46.091965],[10.437804,46.091708],[10.437667,46.091546],[10.437565,46.09142],[10.437253,46.091315],[10.437016,46.091079],[10.436991,46.09091],[10.436128,46.09048],[10.435331,46.08996],[10.435315,46.089705],[10.435453,46.089478],[10.435694,46.089293],[10.435932,46.089133],[10.436432,46.088893],[10.436568,46.08882],[10.43647,46.088779],[10.436448,46.088731],[10.436473,46.088636],[10.436655,46.088525],[10.436632,46.088476],[10.436465,46.088408],[10.436398,46.088174],[10.436453,46.088002],[10.43627,46.087729],[10.436169,46.087718],[10.436043,46.087593],[10.436131,46.087487],[10.436334,46.087407],[10.43638,46.08727],[10.436206,46.087104],[10.436158,46.087127],[10.435865,46.08674],[10.435849,46.086674],[10.435902,46.086678],[10.435753,46.086325],[10.435713,46.08632],[10.435679,46.08637],[10.435592,46.086331],[10.435436,46.086226],[10.435292,46.086074],[10.435201,46.086136],[10.435113,46.086133],[10.434923,46.085784],[10.434664,46.08557],[10.434519,46.085468],[10.434412,46.085444],[10.434366,46.085377],[10.434295,46.085389],[10.434162,46.085278],[10.434085,46.08513],[10.433808,46.085058],[10.433659,46.084878],[10.433607,46.084658],[10.433517,46.084517],[10.433584,46.084493],[10.433642,46.08458],[10.433673,46.084474],[10.433774,46.08446],[10.433883,46.084586],[10.433865,46.084712],[10.433951,46.084784],[10.434512,46.085066],[10.434892,46.085216],[10.435013,46.085234],[10.434818,46.084889],[10.434405,46.084533],[10.434496,46.084543],[10.434837,46.084788],[10.435443,46.08508],[10.435848,46.08513],[10.435988,46.085176],[10.436757,46.08553],[10.43659,46.085277],[10.436442,46.084918],[10.43632,46.0848],[10.436072,46.084641],[10.436057,46.084599],[10.435782,46.084439],[10.435573,46.084145],[10.436119,46.084497],[10.436661,46.084588],[10.436924,46.084744],[10.437348,46.084855],[10.437398,46.08496],[10.437903,46.085057],[10.438008,46.084957],[10.438003,46.084907],[10.437929,46.084862],[10.438039,46.084797],[10.438141,46.084819],[10.438078,46.084697],[10.437986,46.084659],[10.437928,46.084587],[10.43796,46.08433],[10.437848,46.084175],[10.437151,46.083924],[10.437028,46.083835],[10.437532,46.083898],[10.437575,46.083774],[10.437684,46.08376],[10.437914,46.083597],[10.437853,46.083529],[10.437652,46.083465],[10.437429,46.083434],[10.437289,46.083374],[10.437223,46.083293],[10.437095,46.083295],[10.437015,46.083201],[10.437165,46.083178],[10.437228,46.083197],[10.437451,46.083146],[10.437469,46.083104],[10.437775,46.083164],[10.438173,46.08307],[10.438974,46.083355],[10.439082,46.083428],[10.43912,46.083374],[10.439236,46.083392],[10.439236,46.083368],[10.438975,46.083204],[10.438988,46.083172],[10.43938,46.083295],[10.439424,46.083352],[10.439622,46.083371],[10.439717,46.083467],[10.439817,46.083511],[10.439856,46.083493],[10.439803,46.083446],[10.439803,46.083339],[10.439661,46.083247],[10.439311,46.082911],[10.439402,46.082901],[10.43952,46.082968],[10.439593,46.08304],[10.439841,46.083203],[10.440232,46.083367],[10.440376,46.083392],[10.44065,46.083579]]},"properties":{"id":"649a0ae9-97f9-4273-8ec1-32acf91fed1f","cls":"path","osm":["w550744278@2"],"conn":[["eade0134-e979-43db-8b8c-2847f2d7f7ac",0.0],["cf7ebae8-49cd-4aa0-a1da-4d169e40591d",0.960034],["3fa61d58-555e-464c-8c6c-0c7358d1e03f",1.0]]}},{"type":"Feature","geometry":{"type":"LineString","coordinates":[[10.541072,45.976724],[10.54121,45.976611],[10.541324,45.976493],[10.541662,45.976112],[10.541766,45.976018],[10.541718,45.975893]]},"properties":{"id":"65508814-7c5b-40f9-acab-41096b1e5866","cls":"path","osm":["w241101398@2"],"conn":[["fce610df-5c8b-4641-819d-761f6545212e",0.0],["ffbc1323-c81b-47b0-b475-df479e895edb",1.0]]}},{"type":"Feature","geometry":{"type":"LineString","coordinates":[[10.548581,45.976384],[10.548586,45.9766],[10.5486,45.976644],[10.548671,45.976681]]},"properties":{"id":"655c0b91-af74-4360-a3c2-9c4a59bc04e2","cls":"track","osm":["w82407866@1"],"conn":[["6953538f-ee81-4be6-ba0a-17ef0321c56e",0.0],["df3af452-946e-4f56-aec0-ff93223c3e30",1.0]]}},{"type":"Feature","geometry":{"type":"LineString","coordinates":[[10.513814,46.05315],[10.513721,46.053165],[10.513644,46.053152],[10.51359,46.053098],[10.51356,46.05305],[10.513537,46.052993],[10.51356,46.052919],[10.513606,46.052869]]},"properties":{"id":"665f5057-15d8-4b8d-a3e8-8c50dcbf05d5","cls":"tertiary","osm":["w293116060@4"],"sr":[["paved",null,null]],"conn":[["b1b7c863-2268-4d71-bb4c-2b20dcf1e303",0.0],["903342fe-4dd7-4f51-9291-9ae9e2bf9506",0.687701],["e67e79db-920e-4051-9f0e-12a890b40146",1.0]],"access":[{"type":"denied","when":null}]}},{"type":"Feature","geometry":{"type":"LineString","coordinates":[[10.550277,46.078134],[10.550314,46.078168]]},"properties":{"id":"66c76f17-eb01-44b4-b517-538d41d46b72","cls":"footway","osm":["w240878912@3"],"fr":[["is_bridge",null,null]],"sr":[["unpaved",null,null]],"conn":[["3920f8a9-f606-4b62-bab5-725c5413d78f",0.0],["c196f7f4-cbf6-414b-aa9a-bb6b19584aa5",1.0]]}},{"type":"Feature","geometry":{"type":"LineString","coordinates":[[10.511988,46.051758],[10.511938,46.051762],[10.511881,46.051714],[10.511819,46.05167],[10.511713,46.051576],[10.511607,46.051489],[10.51144,46.051426],[10.51134,46.051379],[10.510898,46.050975],[10.510531,46.050525]]},"properties":{"id":"674a0359-a45b-4878-8996-594bd87f3e5f","cls":"service","osm":["w511165949@1","w511165950@2","w511165951@1","w513044401@1"],"sr":[["unknown",0.0,0.321476],["gravel",0.321476,1.0]],"conn":[["15e98318-9866-44d2-9a09-638cebf7dd5e",0.0],["e759e714-d9b7-43f2-b143-8c84408397e9",1.0]]}},{"type":"Feature","geometry":{"type":"LineString","coordinates":[[10.491552,46.060987],[10.491102,46.060969],[10.490967,46.061075],[10.490843,46.0611],[10.490663,46.061241],[10.490507,46.061233],[10.490372,46.061356],[10.490237,46.061392],[10.490085,46.061405],[10.489911,46.061428],[10.489865,46.061498],[10.489907,46.061594],[10.489809,46.061627],[10.489745,46.061661],[10.48968,46.061566],[10.489548,46.06151],[10.48951,46.061666],[10.489478,46.06176],[10.489451,46.061692],[10.489372,46.061645],[10.489269,46.061755]]},"properties":{"id":"67a1d8c5-d93e-4c33-a8e3-1a84fcaa1d45","cls":"path","osm":["w1089871592@2"],"conn":[["a9d90cf8-dc38-4da4-8562-d53ea6ff3889",0.0],["fe15d472-d3ec-44de-9f23-389b5d1f3909",1.0]]}},{"type":"Feature","geometry":{"type":"LineString","coordinates":[[10.610028,46.095987],[10.610092,46.096026],[10.610178,46.095965],[10.610215,46.095965],[10.610231,46.095987],[10.610223,46.096045],[10.610252,46.096075],[10.610312,46.096081],[10.610468,46.096289],[10.610534,46.096336],[10.610608,46.096437],[10.610691,46.096498],[10.610775,46.09657],[10.610842,46.096705],[10.610928,46.096806],[10.611004,46.097017],[10.611139,46.097224],[10.611213,46.097321],[10.611176,46.097409],[10.611177,46.097453],[10.611302,46.09752],[10.61137,46.097575],[10.61144,46.097584],[10.611571,46.097689],[10.611697,46.09782],[10.611779,46.097953],[10.61186,46.097995],[10.612012,46.098046],[10.61209,46.098107],[10.612195,46.098222],[10.612361,46.098336],[10.612471,46.098447],[10.61268,46.098555],[10.61283,46.098654],[10.6129,46.098678],[10.612946,46.098734],[10.613117,46.098905],[10.613359,46.099031],[10.613437,46.09908],[10.613463,46.099171],[10.613501,46.099214],[10.61371,46.099301],[10.613873,46.099432],[10.613905,46.099479],[10.613965,46.099496],[10.614177,46.099528],[10.614247,46.099576],[10.61428,46.099629],[10.614397,46.099679],[10.614571,46.099757],[10.614652,46.09979],[10.614735,46.099857],[10.614772,46.09992],[10.614791,46.099952],[10.614751,46.099978],[10.614727,46.100012],[10.61477,46.100043],[10.614869,46.100095],[10.615014,46.100103],[10.61514,46.100235],[10.615371,46.1004],[10.615454,46.100475],[10.615481,46.100552],[10.615491,46.10061],[10.61566,46.100804],[10.615856,46.100941],[10.616186,46.101099],[10.616315,46.101215],[10.616472,46.101404],[10.616543,46.101437],[10.616746,46.101618],[10.616882,46.101742],[10.617115,46.101808],[10.617166,46.101841],[10.617307,46.101955],[10.617377,46.102005],[10.617502,46.102115],[10.617597,46.102252],[10.617727,46.102388],[10.617895,46.102476],[10.617937,46.102485],[10.618036,46.102509],[10.61827,46.102643],[10.618605,46.102976],[10.618796,46.103201],[10.618978,46.103428],[10.619179,46.103573],[10.619313,46.103752],[10.619713,46.104064],[10.61998,46.104445],[10.620005,46.104627],[10.620076,46.104787],[10.620129,46.104893],[10.620307,46.104959],[10.620321,46.105097],[10.620385,46.105134],[10.620479,46.105217],[10.620567,46.105355],[10.620629,46.105513],[10.620762,46.105615],[10.620842,46.105748],[10.620911,46.105766],[10.620952,46.105836],[10.621118,46.105966],[10.621384,46.106208],[10.621512,46.106348],[10.621628,46.106528],[10.621749,46.106567],[10.621892,46.106575],[10.622063,46.106697],[10.622446,46.106842],[10.622594,46.106906],[10.622768,46.106909],[10.622844,46.106909],[10.623168,46.10681],[10.623241,46.106786],[10.623276,46.106713],[10.623299,46.106642],[10.62339,46.106627],[10.623491,46.106649],[10.623551,46.10668],[10.623634,46.106696],[10.623716,46.106691],[10.623978,46.106707],[10.624308,46.106749],[10.624811,46.106854],[10.625057,46.106879],[10.625159,46.106913]]},"properties":{"id":"69132b76-cc9d-4086-bbd3-3df7da4ce44b","cls":"path","osm":["w510145906@4"],"conn":[["9a7f8d1b-5bed-4ffa-b5d4-af10b3313964",0.0],["b96a8935-43c5-4e69-abbc-9e70ea67eaa0",1.0]]}},{"type":"Feature","geometry":{"type":"LineString","coordinates":[[10.482763,46.031874],[10.482828,46.031608],[10.482834,46.031361],[10.482856,46.031282],[10.483033,46.030659],[10.483202,46.030242],[10.483266,46.029804],[10.483301,46.029516],[10.483296,46.029163],[10.482957,46.028551],[10.482852,46.028231],[10.482893,46.02774],[10.482893,46.027315],[10.482782,46.026868],[10.48284,46.026714],[10.482811,46.02611],[10.482824,46.025983]]},"properties":{"id":"691460b1-74a0-47d4-92b9-a8941abc1310","cls":"path","osm":["w442124181@4"],"sr":[["gravel",null,null]],"conn":[["7a12b321-6ab3-427d-b033-7bbe2008edc2",0.0],["eac2caeb-815c-48e6-8c5a-94999889c8a2",1.0]]}},{"type":"Feature","geometry":{"type":"LineString","coordinates":[[10.632317,46.040216],[10.632239,46.040326],[10.632124,46.040449],[10.631965,46.040578],[10.631653,46.040778],[10.630966,46.041044],[10.630421,46.04135],[10.630182,46.041498],[10.629873,46.041596],[10.629581,46.041764],[10.629499,46.041895],[10.629288,46.042178],[10.629027,46.04241],[10.628772,46.042584],[10.628507,46.042737],[10.62835,46.042841],[10.628327,46.0429],[10.628363,46.042953],[10.628462,46.04299],[10.628546,46.043017],[10.628571,46.043049],[10.628567,46.043082],[10.628392,46.043234],[10.628229,46.043278],[10.627981,46.043305],[10.627795,46.043343],[10.627703,46.043381],[10.627544,46.043499],[10.627316,46.043712],[10.627066,46.043864],[10.62693,46.043907],[10.626772,46.044062],[10.626555,46.044334],[10.626442,46.044484],[10.626373,46.044586],[10.626266,46.044668],[10.626145,46.044728],[10.625917,46.044798],[10.625721,46.044851],[10.625531,46.044897],[10.625263,46.044981],[10.62501,46.045026],[10.624737,46.045044],[10.624557,46.045067],[10.624493,46.045096],[10.624471,46.045149],[10.62449,46.045253],[10.624474,46.045307],[10.624423,46.045344],[10.624322,46.045373],[10.624199,46.04541],[10.624151,46.045437],[10.624131,46.045474],[10.624143,46.045515],[10.624179,46.04555],[10.62442,46.045679],[10.624509,46.045707],[10.62464,46.045722],[10.624729,46.045724],[10.624785,46.045739],[10.624788,46.045778],[10.62474,46.045834],[10.624594,46.045898],[10.624402,46.045977],[10.624149,46.04605],[10.623806,46.046144],[10.623541,46.046225],[10.623457,46.046261],[10.623393,46.046305],[10.623339,46.046345],[10.623337,46.046391],[10.623368,46.046413],[10.623466,46.046439],[10.623549,46.046478],[10.623577,46.046503],[10.62357,46.046529],[10.623535,46.046562],[10.623447,46.046586],[10.623335,46.046616],[10.623075,46.0467],[10.622751,46.046738],[10.622407,46.046892],[10.62232,46.046944],[10.622177,46.046949],[10.622014,46.046925],[10.621799,46.046939],[10.621483,46.047043],[10.621257,46.047127],[10.620985,46.047162],[10.620789,46.047151],[10.620739,46.047176],[10.620715,46.047207],[10.620714,46.047249],[10.620744,46.047326],[10.620849,46.047398],[10.620939,46.047412],[10.621135,46.047401],[10.621237,46.047411],[10.621306,46.047434],[10.621343,46.047469],[10.621332,46.047502],[10.621219,46.047522],[10.621046,46.047542],[10.620857,46.047595],[10.62064,46.047662],[10.620377,46.047742],[10.62029,46.047754],[10.620105,46.04773],[10.619743,46.047719],[10.619586,46.047721],[10.619386,46.047744],[10.619297,46.047773],[10.619268,46.047814],[10.619272,46.047868],[10.619351,46.047899],[10.619508,46.047923],[10.619607,46.047949],[10.619616,46.048008],[10.619546,46.048061],[10.619326,46.048095],[10.619089,46.048106],[10.618782,46.048132],[10.61852,46.048099],[10.618307,46.048033],[10.618138,46.04796],[10.617919,46.047931],[10.617822,46.047942],[10.617768,46.047983],[10.617779,46.048032],[10.617824,46.048081],[10.617904,46.048145],[10.61806,46.048208],[10.618086,46.048255],[10.618071,46.048302],[10.617989,46.048328],[10.617786,46.048301],[10.617518,46.048209],[10.617258,46.048203],[10.617005,46.048241],[10.616885,46.048313],[10.616845,46.048444],[10.616779,46.048566],[10.616661,46.048687],[10.616534,46.048792],[10.616465,46.048857],[10.61634,46.048898],[10.61621,46.048917],[10.615993,46.04894],[10.615647,46.049008],[10.615498,46.049027],[10.615362,46.049025],[10.615228,46.04898],[10.615129,46.048937],[10.615024,46.048935],[10.614923,46.048981],[10.614823,46.049015],[10.614688,46.049028],[10.614532,46.049009],[10.614295,46.048991],[10.614163,46.048991],[10.61406,46.049015],[10.613874,46.049107],[10.613684,46.049228],[10.613406,46.049351],[10.613186,46.049428],[10.612933,46.049476],[10.612654,46.049495],[10.612411,46.049483],[10.6122,46.049466],[10.611994,46.049442],[10.611831,46.049428],[10.611689,46.049426],[10.611523,46.049457],[10.611422,46.049496],[10.611377,46.049549]]},"properties":{"id":"691826a8-b95c-44ce-ad9e-dd68403eb597","cls":"track","osm":["w38548843@10","w503443970@2"],"sr":[["unpaved",null,null]],"conn":[["f805e6a2-d35c-4ab6-b731-4d8126aee068",0.0],["3d50d0fb-8473-4769-a548-b4ef7de2948b",0.370078],["2f8be7fd-782f-4b7c-839c-f771ad41cfbc",0.833467],["1c0a3ae6-c637-4ce7-92ca-4a9705230880",0.876303],["a7cf2ce1-f65f-4625-92a4-111c4eee492d",1.0]]}},{"type":"Feature","geometry":{"type":"LineString","coordinates":[[10.508396,46.049152],[10.508171,46.049213],[10.507965,46.049211],[10.507827,46.049289],[10.507698,46.049574],[10.507701,46.049685],[10.507783,46.049787],[10.507782,46.050024],[10.507711,46.050166],[10.507653,46.050069],[10.507613,46.0501],[10.507614,46.050297],[10.507603,46.05043],[10.507652,46.050624],[10.507645,46.05081],[10.507679,46.051017],[10.507649,46.051041],[10.507526,46.05097],[10.507438,46.050874],[10.507369,46.050863],[10.507354,46.05098],[10.507373,46.051081],[10.507369,46.051193],[10.507476,46.051341],[10.507576,46.051451],[10.507848,46.051559],[10.508196,46.051748],[10.508437,46.051889],[10.508514,46.052051],[10.508529,46.052258],[10.508479,46.052407],[10.508418,46.052582],[10.508299,46.052734],[10.508284,46.052811],[10.508246,46.052835],[10.508181,46.052811],[10.508127,46.052704],[10.508066,46.052484],[10.507955,46.05234],[10.507901,46.05225],[10.507832,46.052245],[10.507798,46.052287],[10.507771,46.052378],[10.507737,46.05263],[10.507721,46.052869],[10.50769,46.053111],[10.507701,46.053303],[10.50775,46.053514],[10.507744,46.05369],[10.507858,46.053818],[10.50801,46.054017],[10.50821,46.054201],[10.508426,46.054374],[10.508589,46.054543],[10.508789,46.054659],[10.508914,46.054772],[10.509006,46.0549],[10.509006,46.054983],[10.508887,46.05517],[10.508821,46.055256],[10.508744,46.055376],[10.508675,46.055409],[10.508576,46.055448],[10.508565,46.055488],[10.508528,46.055537],[10.508478,46.055619],[10.508357,46.055759],[10.508179,46.055861],[10.508119,46.056064],[10.508033,46.056263],[10.507583,46.056383],[10.507318,46.056432],[10.507092,46.05656],[10.50692,46.056538],[10.506847,46.056597],[10.506787,46.056658],[10.50669,46.056665],[10.506578,46.056737],[10.506483,46.056769],[10.506402,46.056884],[10.506316,46.05693],[10.506246,46.056993],[10.50624,46.057024],[10.506187,46.057171],[10.506208,46.05732],[10.505863,46.057486],[10.505821,46.057658],[10.505832,46.057863],[10.505807,46.05807],[10.505568,46.058237],[10.50547,46.058512],[10.505501,46.058649],[10.505518,46.058728],[10.505332,46.058885],[10.50535,46.059112],[10.505275,46.059422],[10.505388,46.059533],[10.5054,46.059635],[10.505588,46.059758],[10.505553,46.059865],[10.505665,46.060008],[10.506108,46.060235],[10.506182,46.060318],[10.506165,46.060387],[10.505673,46.060853],[10.505615,46.060975],[10.505642,46.061303],[10.505715,46.061488],[10.505702,46.06208],[10.50567,46.062218],[10.50566,46.062338],[10.506153,46.062687],[10.506737,46.062848],[10.506835,46.062937],[10.507177,46.06298],[10.507475,46.062865],[10.507993,46.062835],[10.508125,46.06286],[10.508307,46.062983],[10.508498,46.063272],[10.509017,46.063693],[10.509285,46.06446],[10.50922,46.064517],[10.509312,46.06453],[10.508892,46.064648],[10.508808,46.064837],[10.508845,46.06492],[10.508847,46.065097],[10.508792,46.065158],[10.508792,46.065292],[10.508688,46.06553],[10.50848,46.065735],[10.508325,46.065887],[10.508508,46.066223],[10.508473,46.066303],[10.508537,46.066353],[10.50848,46.066502],[10.508515,46.066593],[10.508428,46.0667],[10.508405,46.067032],[10.508332,46.06713]]},"properties":{"id":"6918b225-e753-4dad-b27f-e893f8bb373b","cls":"path","osm":["w1524642618@1","w229003182@6"],"conn":[["7dda5c1d-e66a-4e3c-81a4-71ddb892b47b",0.0],["6b16fc71-e879-4ffe-8184-998407f60637",0.51018],["48bb6ad1-19e1-4bf7-bcc3-f85165ba2d8f",1.0]]}},{"type":"Feature","geometry":{"type":"LineString","coordinates":[[10.467929,46.073774],[10.467842,46.073825],[10.467767,46.073844],[10.467874,46.073983],[10.46793,46.073987],[10.467911,46.074064],[10.468005,46.074087],[10.468136,46.074029],[10.468276,46.074025],[10.468304,46.074129],[10.46822,46.07421],[10.468042,46.074265],[10.467939,46.074369],[10.467851,46.074414],[10.468131,46.074469],[10.468439,46.074482],[10.46864,46.074427],[10.468724,46.074379],[10.468934,46.074418],[10.469149,46.074356],[10.469252,46.074327],[10.469336,46.074333],[10.469518,46.074528],[10.469635,46.074453],[10.469742,46.074424],[10.469887,46.074447],[10.470134,46.074453],[10.470349,46.074453],[10.470499,46.07443],[10.470601,46.07444],[10.470765,46.074495],[10.470863,46.074502],[10.470896,46.074541],[10.470896,46.074696],[10.47097,46.074738],[10.470956,46.074806],[10.471026,46.074832],[10.471237,46.074793],[10.471372,46.074742],[10.471549,46.074625],[10.471666,46.074557],[10.471732,46.074492],[10.471718,46.074414],[10.471764,46.074307],[10.47176,46.074259],[10.471825,46.074236],[10.471974,46.074213],[10.472096,46.074178],[10.472213,46.074142],[10.472362,46.074132],[10.472531,46.074165]]},"properties":{"id":"6a8a6cb0-65b8-48b1-a931-b5c432a8d3bf","cls":"path","osm":["w1340817986@1"],"conn":[["61a8a131-1259-40df-8e13-f954c0aba141",0.0],["3e71f164-8093-4923-85e7-738b1c840d79",1.0]]}},{"type":"Feature","geometry":{"type":"LineString","coordinates":[[10.451076,46.066355],[10.451105,46.066305],[10.451458,46.066026],[10.451782,46.065496],[10.451693,46.065054],[10.451716,46.064605],[10.451878,46.063994],[10.451763,46.063316]]},"properties":{"id":"6a97e058-f2c0-4fd1-9ff8-1fc0939b2c0c","cls":"path","osm":["w39906158@3"],"conn":[["31839180-c57c-42f0-a4e4-802db2cdbf33",0.0],["18bb934e-567a-4db9-8791-4703ee6f01c5",1.0]]}},{"type":"Feature","geometry":{"type":"LineString","coordinates":[[10.620888,46.077244],[10.620834,46.077248],[10.620755,46.07725],[10.62072,46.077283],[10.620739,46.077324],[10.620715,46.077348],[10.62065,46.077377],[10.620663,46.077391],[10.620726,46.077398],[10.620719,46.07742],[10.620672,46.077428],[10.620651,46.077455],[10.620674,46.077485],[10.620674,46.077506],[10.620641,46.077543],[10.62058,46.077556],[10.620553,46.077621],[10.620538,46.077671],[10.620473,46.077688],[10.620472,46.077743],[10.620422,46.077773],[10.620411,46.077802],[10.620337,46.077779],[10.620332,46.077822],[10.620314,46.077845],[10.620229,46.077812],[10.62017,46.077802],[10.620102,46.077838],[10.620131,46.077902],[10.620145,46.078072],[10.620115,46.078097],[10.620034,46.078147],[10.619972,46.078187],[10.619938,46.078198],[10.619875,46.078235],[10.619728,46.078266],[10.619608,46.078261],[10.619577,46.078131],[10.619455,46.078067],[10.619389,46.077976],[10.619332,46.077964],[10.619274,46.077899],[10.619222,46.077883],[10.619179,46.077853],[10.619085,46.077857],[10.618948,46.077853],[10.618828,46.077822],[10.618733,46.077846],[10.618612,46.077879],[10.618506,46.07786],[10.618246,46.077926],[10.618214,46.077939],[10.617816,46.078018],[10.617605,46.078014],[10.61742,46.078032],[10.61717,46.078088],[10.617016,46.07815],[10.616899,46.078159],[10.616782,46.078223],[10.616575,46.078319],[10.616533,46.078403],[10.616351,46.078463],[10.61619,46.078477],[10.616047,46.078526],[10.615843,46.078547],[10.615575,46.078679],[10.615498,46.078691],[10.61536,46.078695],[10.615194,46.078671],[10.615094,46.078654],[10.61499,46.078697],[10.614788,46.078674],[10.614484,46.078755],[10.614203,46.078833],[10.613867,46.078958],[10.6135,46.079108],[10.613295,46.07923],[10.613107,46.079245],[10.612861,46.079346],[10.612737,46.079383],[10.612661,46.079428],[10.612638,46.079464],[10.612632,46.079489],[10.612614,46.07951]]},"properties":{"id":"6aaad3cc-182e-4b0f-b4c7-69364171a99a","cls":"path","osm":["w972948473@6","w972948474@2","w972948475@2"],"conn":[["9febe344-dd4e-4ac9-aee6-d3ae033adddc",0.0],["532040ab-9d4f-452b-bb21-221342a03330",1.0]]}},{"type":"Feature","geometry":{"type":"LineString","coordinates":[[10.561575,46.084918],[10.561317,46.084952]]},"properties":{"id":"6b1791a9-15f0-4f31-950b-0a2a3ea9a07f","cls":"path","osm":["w229003185@3"],"conn":[["51b98861-dd51-4c04-ba72-3e70c3d0b294",0.0],["0f049c3c-d8d8-4b0d-8b64-300a5f2851ba",1.0]]}},{"type":"Feature","geometry":{"type":"LineString","coordinates":[[10.453228,45.988084],[10.453187,45.988095],[10.453116,45.988136],[10.453052,45.988217]]},"properties":{"id":"6b8dae61-6ee8-42ec-81e9-1ef76119f62c","cls":"path","osm":["w1123889572@1"],"conn":[["8a620b2d-ea69-447f-b8e1-36b82f8a558c",0.0],["33e80476-7ecd-4006-8fb2-d58eb889395f",1.0]]}},{"type":"Feature","geometry":{"type":"LineString","coordinates":[[10.535823,45.973504],[10.535341,45.973548],[10.53469,45.973723],[10.534159,45.973919],[10.533802,45.974085],[10.533539,45.974264],[10.533426,45.974383],[10.533311,45.974521],[10.533133,45.974618],[10.532963,45.974614],[10.532674,45.974574],[10.532369,45.974585],[10.532063,45.974668],[10.531771,45.974603],[10.531595,45.974578],[10.531256,45.9748],[10.531055,45.97479],[10.530254,45.975178],[10.529613,45.975406],[10.529365,45.975571],[10.529263,45.975674],[10.52915,45.976005],[10.529096,45.976098],[10.528854,45.97625],[10.528742,45.976442],[10.52865,45.976758],[10.528665,45.976808],[10.528754,45.976772],[10.529128,45.976526],[10.529393,45.976429],[10.529698,45.976255],[10.53008,45.976142],[10.530452,45.976126],[10.530736,45.976036],[10.5312,45.97584],[10.531501,45.975681],[10.531677,45.975631],[10.531728,45.975682],[10.531591,45.97593],[10.5312,45.976237],[10.531074,45.976431],[10.530809,45.976589],[10.530491,45.977005],[10.530159,45.977219],[10.529783,45.977418],[10.529655,45.977514],[10.52962,45.977619],[10.529602,45.977919],[10.529645,45.978274],[10.529663,45.978438],[10.529651,45.978496],[10.529618,45.978554],[10.52965,45.978651],[10.52975,45.978654],[10.529952,45.978598],[10.530197,45.978584],[10.530477,45.978629],[10.53059,45.978683]]},"properties":{"id":"6cb646b5-401b-471d-877a-e9ff04ca1f24","cls":"track","osm":["w1514010894@1","w513838841@3"],"sr":[["paved",null,null]],"conn":[["e6c480d5-1cd5-4e1c-8829-52167ea7c59f",0.0],["34d0e520-a08c-494c-9f91-64ce61e8b4c3",1.0]],"access":[{"type":"allowed","when":["motor_vehicle"]}]}},{"type":"Feature","geometry":{"type":"LineString","coordinates":[[10.494266,45.977321],[10.494277,45.977347],[10.494276,45.977371],[10.494319,45.977319],[10.494336,45.977352],[10.494372,45.977357],[10.494361,45.977393],[10.494414,45.977418],[10.494384,45.977448],[10.494376,45.977486],[10.494458,45.977479],[10.494479,45.977552]]},"properties":{"id":"6d4b68ad-3039-4a6a-b59d-e461b3b0f943","cls":"path","osm":["w1205832427@1"],"conn":[["a6d29bf3-e9c6-446b-befe-9270079897f7",0.0],["12f1a05f-d706-4ab4-af05-73eaab79f176",1.0]]}},{"type":"Feature","geometry":{"type":"LineString","coordinates":[[10.557438,45.973716],[10.557517,45.97356],[10.558099,45.972952],[10.558325,45.972857]]},"properties":{"id":"6d8c1315-e431-4ad2-b17b-f5c037cd1437","cls":"track","osm":["w82591995@1"],"conn":[["8b661d63-d97d-4701-bcfb-5ef18be5bad9",0.0],["37c8d9b3-8518-43f1-8684-fab68f915103",1.0]]}},{"type":"Feature","geometry":{"type":"LineString","coordinates":[[10.554308,46.08074],[10.554289,46.08083],[10.554317,46.080883],[10.554415,46.080979],[10.554543,46.081065],[10.554712,46.081182],[10.554774,46.081292],[10.554817,46.081335],[10.554898,46.081345],[10.55509,46.081404],[10.555259,46.081445],[10.555458,46.081528],[10.555582,46.081584],[10.555757,46.081597],[10.555838,46.08162],[10.555996,46.081646],[10.556103,46.081657],[10.55627,46.081688],[10.556436,46.081691],[10.556571,46.081701],[10.556695,46.081729],[10.556825,46.081771],[10.556889,46.081774],[10.557191,46.081761],[10.557406,46.081746],[10.55762,46.08179],[10.557732,46.081906],[10.557853,46.082014],[10.557971,46.082098],[10.558067,46.082236],[10.558075,46.082363],[10.558097,46.082504],[10.558105,46.08263],[10.558122,46.082784],[10.558133,46.082888],[10.558229,46.082931],[10.558375,46.083033],[10.558452,46.083076],[10.558544,46.083171],[10.558559,46.083263],[10.558525,46.083367]]},"properties":{"id":"6da42c3c-ae25-4f98-8020-50c1dde91862","cls":"path","osm":["w230246480@4"],"conn":[["ac2b207c-b35b-4042-a2b4-22951bba5c38",0.0],["cbe14ce3-43ec-4cb1-a299-84ef1361c2eb",1.0]]}},{"type":"Feature","geometry":{"type":"LineString","coordinates":[[10.450662,46.046794],[10.450744,46.046819],[10.450839,46.046802],[10.450946,46.046812],[10.451114,46.046879],[10.451233,46.046942],[10.451388,46.046954],[10.451788,46.046892],[10.452068,46.046935],[10.452288,46.046836],[10.452558,46.046755],[10.452792,46.046712],[10.453026,46.04666],[10.453532,46.046499],[10.454036,46.046493],[10.454384,46.046341],[10.454874,46.046237],[10.455039,46.046091],[10.455309,46.046007],[10.45591,46.045672],[10.457156,46.045633],[10.457293,46.045601],[10.457379,46.045582],[10.45805,46.045427],[10.458223,46.045292],[10.459116,46.045065],[10.459625,46.044832],[10.460107,46.044662],[10.460591,46.044564],[10.461057,46.044363],[10.461472,46.044126],[10.461563,46.043992],[10.461622,46.043905],[10.462472,46.043492],[10.462908,46.043135],[10.463323,46.042797],[10.463444,46.042621],[10.463334,46.042392],[10.462984,46.042296],[10.462586,46.041922],[10.462331,46.041783],[10.461947,46.041697],[10.46176,46.041674],[10.46165,46.041544],[10.461339,46.041443],[10.460782,46.041307],[10.460896,46.040962],[10.461288,46.040787],[10.46141,46.040657],[10.461636,46.040655],[10.461934,46.040539],[10.462024,46.040436],[10.462373,46.040359],[10.46249,46.040227],[10.462646,46.04011],[10.462706,46.039974],[10.462621,46.039694],[10.462697,46.039584],[10.462683,46.0395],[10.462791,46.039434],[10.462933,46.03926],[10.462947,46.039017],[10.463041,46.038951],[10.463021,46.03881],[10.462893,46.038608],[10.462925,46.038385],[10.462845,46.038097],[10.46276,46.037946],[10.462784,46.037839],[10.462692,46.037711],[10.462686,46.037638],[10.46238,46.037489],[10.462272,46.03734],[10.462289,46.037228],[10.462623,46.036824],[10.462788,46.036636],[10.462884,46.036528],[10.463025,46.036384],[10.463024,46.036282],[10.462943,46.036219],[10.462911,46.036115],[10.46282,46.036011],[10.462938,46.035944],[10.462997,46.035873],[10.463034,46.035799],[10.463217,46.03569],[10.463276,46.035552],[10.463979,46.035225],[10.463957,46.03505],[10.464097,46.03496],[10.464241,46.034711],[10.46442,46.034577],[10.464402,46.034201],[10.464552,46.033939],[10.464467,46.033668],[10.464585,46.033497],[10.464569,46.033344],[10.464934,46.033013],[10.465218,46.032826],[10.465443,46.0328],[10.465787,46.032666],[10.466027,46.032497],[10.466001,46.032283],[10.466091,46.032233],[10.466205,46.032171],[10.466242,46.032089],[10.466344,46.032],[10.466301,46.031731],[10.46653,46.031598],[10.466543,46.031534],[10.466446,46.031419],[10.466511,46.031352],[10.466468,46.03127],[10.466521,46.031177],[10.466532,46.030983],[10.466699,46.030896],[10.466983,46.030875],[10.466964,46.03065],[10.467058,46.03032],[10.467052,46.03011],[10.467267,46.029825],[10.467475,46.029663],[10.467878,46.02942],[10.467937,46.029036],[10.468088,46.028957],[10.468165,46.02871],[10.468308,46.028622],[10.468541,46.028561],[10.468143,46.028352],[10.468015,46.02831],[10.468018,46.028227],[10.468292,46.028227],[10.468356,46.028149],[10.468206,46.028089],[10.468188,46.027969],[10.468436,46.027959],[10.468607,46.027804]]},"properties":{"id":"6e618353-cff1-4969-b868-27508605fa6a","cls":"path","osm":["w1209730895@1","w1209730896@1","w40970173@12"],"fr":[["is_bridge",0.167249,0.169337]],"conn":[["d5c9fe08-5715-44ac-ab09-502b66fc751d",0.0],["174d8fae-7500-4ee9-8db6-7ebeba51a04e",0.034444],["aadbedf4-3b7a-45bb-bbd7-f91181f5d08d",0.276836],["2cbf3505-cef2-4549-a9f1-ddc9ef8b3b24",1.0]]}},{"type":"Feature","geometry":{"type":"LineString","coordinates":[[10.512772,46.009625],[10.512831,46.009555],[10.512837,46.009534],[10.512831,46.009515],[10.512778,46.009334],[10.512774,46.009311],[10.512773,46.009287],[10.512776,46.009263],[10.512781,46.00924],[10.512805,46.009185],[10.512837,46.009134],[10.512939,46.008994],[10.512958,46.008966],[10.512972,46.008937],[10.512983,46.008908],[10.51299,46.008877],[10.512993,46.008847],[10.512985,46.008752],[10.512977,46.008722],[10.512965,46.008693],[10.512948,46.008665],[10.512926,46.008638],[10.512901,46.008613],[10.51263,46.008358],[10.512586,46.008316],[10.512556,46.008288],[10.512393,46.008134],[10.512352,46.008106],[10.512248,46.008042],[10.512218,46.00802],[10.512195,46.007995],[10.512177,46.007968],[10.512166,46.007939],[10.512149,46.007869]]},"properties":{"id":"6f40d562-347a-4bb8-8004-763698a23993","cls":"service","sub":"driveway","osm":["w1423631183@1","w1423631184@1","w233164961@2","w295246784@2","w295246785@2","w513345203@3","w82552632@5"],"fr":[["is_bridge",0.201334,0.230058]],"sr":[["paved",null,null]],"conn":[["2ac5bdbf-6d76-4d79-a360-8165f2a94d5b",0.0],["d4bb2df9-e36b-4110-b253-072a723c0e97",0.722655],["795b9426-4bfb-40c8-86c2-6d7f350c5c1b",1.0]]}},{"type":"Feature","geometry":{"type":"LineString","coordinates":[[10.63958,46.03248],[10.639669,46.032528],[10.639647,46.032698],[10.639636,46.032916]]},"properties":{"id":"7039d2bc-e77f-4c96-a294-e63f4fe134a1","cls":"track","osm":["w507983672@1"],"conn":[["743d5f2f-579c-47c3-9a3f-9e34f98014a6",0.0],["aa37624f-0123-4633-a39f-582fe1a3150e",1.0]]}},{"type":"Feature","geometry":{"type":"LineString","coordinates":[[10.44537,45.999058],[10.445066,45.999065],[10.441937,45.999772],[10.441662,45.999788],[10.441348,45.999741],[10.441087,45.999616],[10.440533,45.999572],[10.4398,46.000376],[10.439815,46.000966],[10.439683,46.00157],[10.439622,46.002566],[10.439607,46.002807]]},"properties":{"id":"70618d11-34ea-435a-b991-475807eaafbc","cls":"path","osm":["w297029633@2"],"conn":[["6f8ef80f-eaa7-4248-9103-abff6452e737",0.0],["c5c5c871-9edd-42f8-905e-a63894bc6a5a",1.0]]}},{"type":"Feature","geometry":{"type":"LineString","coordinates":[[10.472567,45.960381],[10.472496,45.960525],[10.472443,45.960626],[10.472333,45.960774]]},"properties":{"id":"706b343c-600d-40b8-afe8-8488456ac74f","cls":"path","osm":["w504798663@1"],"conn":[["fd90cfb6-6b42-4cef-8f8b-6bae4132feaf",0.0],["bf7b5d8e-4837-495f-9649-357684b40140",1.0]]}},{"type":"Feature","geometry":{"type":"LineString","coordinates":[[10.456163,45.994841],[10.456093,45.994796],[10.456028,45.99472],[10.456013,45.994638],[10.45595,45.994582],[10.455866,45.994541],[10.455801,45.9945],[10.455772,45.994441],[10.455772,45.994401],[10.455826,45.994347],[10.4559,45.994291],[10.455969,45.99422],[10.456028,45.994134],[10.456095,45.994071],[10.456156,45.993991],[10.456187,45.993913],[10.456261,45.993822],[10.456257,45.993752],[10.456282,45.993671],[10.456313,45.993527],[10.456296,45.993469],[10.45628,45.99342]]},"properties":{"id":"70a42c9c-1bdb-4cac-9860-ccbaeaebc1d2","cls":"path","osm":["w297029644@1"],"conn":[["c9c6182b-5a40-4ad5-b098-b4cf1a68be4b",0.0],["340b82bb-ea1b-467e-9dc8-a9b91e10e103",1.0]]}},{"type":"Feature","geometry":{"type":"LineString","coordinates":[[10.511243,46.012847],[10.510776,46.012737],[10.510447,46.012197]]},"properties":{"id":"71325b9a-8abb-49ad-aa54-c2ced6c70a1c","cls":"track","osm":["w1307023595@1"],"conn":[["cb1c0f18-5b93-4e82-a670-9ea65593f728",0.0],["07a84aa6-7999-486f-a6ef-bd6073cb99cc",1.0]]}},{"type":"Feature","geometry":{"type":"LineString","coordinates":[[10.514673,46.050387],[10.514666,46.050404],[10.514666,46.050434],[10.514639,46.050465],[10.51449,46.050501],[10.514435,46.050504],[10.514391,46.05049],[10.51438,46.050473],[10.514313,46.050468],[10.514294,46.050488],[10.514281,46.050542],[10.514252,46.050596],[10.514214,46.050641],[10.514195,46.050678],[10.51419,46.050732],[10.514159,46.050746],[10.514109,46.050744],[10.514029,46.050687],[10.513942,46.050653],[10.513908,46.050666],[10.513887,46.050743],[10.513913,46.050891],[10.513948,46.051003],[10.513911,46.051051],[10.513845,46.051092],[10.513778,46.051083],[10.513717,46.05104],[10.513713,46.050984],[10.513664,46.050966],[10.513633,46.050985],[10.513584,46.05105],[10.513555,46.051132],[10.513565,46.051256],[10.513582,46.051401],[10.513561,46.051496],[10.513576,46.051588],[10.513589,46.051626],[10.513595,46.051675],[10.513645,46.05173],[10.513685,46.051848],[10.513727,46.051946],[10.513784,46.052073],[10.513801,46.052123],[10.513816,46.052142],[10.513881,46.052192],[10.513908,46.052222],[10.5139,46.052239],[10.513845,46.052279],[10.51382,46.052362],[10.513803,46.052455],[10.513768,46.052514],[10.513749,46.052546],[10.513727,46.052546],[10.513677,46.05248],[10.513629,46.052451],[10.513524,46.052446]]},"properties":{"id":"713e018d-32f0-49ce-b842-f1dc2558b0a1","cls":"path","osm":["w839560170@1"],"conn":[["c81da122-017a-4663-bb48-9e162975f330",0.0],["e573600d-d6e9-4195-8be1-7d53f8f84553",1.0]]}},{"type":"Feature","geometry":{"type":"LineString","coordinates":[[10.452068,46.046935],[10.452175,46.046927],[10.452292,46.046913],[10.452297,46.046952],[10.452216,46.047034],[10.452136,46.047109],[10.452157,46.047138],[10.452237,46.047142],[10.452424,46.047113],[10.452571,46.047112],[10.4526,46.047138],[10.452523,46.047202],[10.45238,46.047302],[10.452277,46.047351],[10.452133,46.047386],[10.452054,46.047449],[10.452091,46.047478],[10.452212,46.047492],[10.452431,46.047477],[10.452604,46.047507],[10.452629,46.047543],[10.452536,46.047601],[10.452421,46.047635],[10.4524,46.047677],[10.452492,46.047684],[10.452662,46.047675],[10.452752,46.04771]]},"properties":{"id":"71710969-d135-4b7b-be93-7f87f02d89be","cls":"path","osm":["w406148979@1"],"conn":[["174d8fae-7500-4ee9-8db6-7ebeba51a04e",0.0],["95712c5e-003e-4963-9ae6-74d08ed1d0a6",1.0]]}},{"type":"Feature","geometry":{"type":"LineString","coordinates":[[10.452605,45.986707],[10.452668,45.987135],[10.452701,45.987268],[10.45276,45.987344],[10.452808,45.987534],[10.452933,45.987682]]},"properties":{"id":"724d419d-63d5-46e6-aae6-3fa3c2543ed7","cls":"path","osm":["w297029649@2"],"conn":[["d8e2ab28-634d-4368-ba23-9ac8735fe8d1",0.0],["db4ea9c1-db04-4232-a433-5830ede99da8",1.0]]}},{"type":"Feature","geometry":{"type":"LineString","coordinates":[[10.513451,46.031256],[10.513342,46.031372]]},"properties":{"id":"726c3233-810a-4c12-8574-fe274a7f5339","cls":"service","osm":["w1330622646@2"],"conn":[["38deb194-d0d4-465a-b234-2c8838d6f6a5",0.0],["c2e8d0d2-685a-481b-a4b0-b7ad0a43c0a6",1.0]],"access":[{"type":"allowed","when":null},{"type":"allowed","when":["motor_vehicle"]}]}},{"type":"Feature","geometry":{"type":"LineString","coordinates":[[10.602865,46.022687],[10.602904,46.022571],[10.602964,46.022472],[10.603158,46.022322],[10.603442,46.022058],[10.603671,46.021802],[10.603773,46.021643],[10.60377,46.0215],[10.603609,46.021168],[10.603577,46.020986],[10.603521,46.020824],[10.603582,46.020675],[10.60358,46.020559],[10.603537,46.02044],[10.603623,46.020332],[10.603652,46.020213],[10.603577,46.020071],[10.603633,46.019939],[10.603596,46.019473],[10.603451,46.019298],[10.60329,46.019187],[10.603266,46.019134],[10.603259,46.018919],[10.603116,46.018792],[10.603011,46.018684],[10.602802,46.01854],[10.602719,46.018391],[10.602635,46.018345],[10.602582,46.018231],[10.602528,46.018024],[10.602418,46.017849],[10.60215,46.017643],[10.601933,46.01748],[10.601509,46.017264],[10.60104,46.017032],[10.600782,46.016944],[10.600484,46.016747],[10.600347,46.016706],[10.599776,46.016441],[10.599562,46.016367],[10.599336,46.016184],[10.599127,46.015966],[10.598883,46.015799],[10.598572,46.015644],[10.598558,46.015579],[10.598553,46.015482],[10.598588,46.015404],[10.598604,46.01534],[10.598432,46.015009],[10.598196,46.014725],[10.598078,46.014651],[10.597979,46.014547],[10.597926,46.01447],[10.597907,46.014247],[10.597912,46.014176],[10.597842,46.014059],[10.597652,46.013949],[10.597633,46.0139],[10.597676,46.013774],[10.597724,46.013746],[10.598003,46.013744],[10.598549,46.013761],[10.598898,46.01375],[10.599225,46.013754],[10.599628,46.013784],[10.599791,46.01383],[10.600063,46.013856],[10.600199,46.013833]]},"properties":{"id":"72b4a10c-30d8-4ade-ab29-a15c7135cb94","cls":"path","osm":["w234455819@4","w293200575@5","w325688288@3"],"fr":[["is_bridge",0.863373,0.878644]],"conn":[["cf55d6fb-081f-47fc-b396-210cf6a3135b",0.0],["22323289-6537-4cd4-9ed7-dea89a291d91",1.0]],"access":[{"type":"allowed","when":["foot"]},{"type":"allowed","when":["foot"]},{"type":"denied","when":["motor_vehicle"]},{"type":"denied","when":["motor_vehicle"]}]}},{"type":"Feature","geometry":{"type":"LineString","coordinates":[[10.438787,46.05129],[10.439273,46.051269],[10.439514,46.051312],[10.440549,46.051323],[10.440794,46.051264],[10.441999,46.051338],[10.442837,46.051266],[10.443645,46.051315],[10.444056,46.051244],[10.44561,46.051332],[10.446459,46.051351],[10.446836,46.051289],[10.447263,46.051288],[10.447606,46.051228],[10.447848,46.051247],[10.4482,46.051145],[10.448508,46.051121],[10.450155,46.050758],[10.450332,46.050696],[10.450981,46.050633],[10.451351,46.050718],[10.451887,46.050622],[10.452476,46.050635],[10.452735,46.050551],[10.453083,46.050562],[10.453859,46.050523],[10.45431,46.050307],[10.455755,46.049911],[10.456335,46.049837],[10.456603,46.049713],[10.457602,46.049425],[10.457997,46.049423],[10.458551,46.049167],[10.458839,46.049147],[10.459269,46.049028],[10.459548,46.048909],[10.460225,46.048804],[10.46054,46.048671],[10.460642,46.048592],[10.460937,46.048454],[10.461082,46.048395],[10.461221,46.048217],[10.461527,46.048134],[10.462326,46.047878],[10.462578,46.047688],[10.462771,46.047395],[10.462874,46.047371],[10.463436,46.047457],[10.463651,46.047334],[10.464939,46.047092],[10.465239,46.0471],[10.465432,46.047025],[10.465764,46.047008],[10.466308,46.04679],[10.466855,46.046635],[10.467385,46.046391],[10.467636,46.046367],[10.467751,46.046302],[10.467881,46.046146],[10.468045,46.046104],[10.468364,46.046054],[10.468549,46.045977],[10.468683,46.045835],[10.468984,46.045693],[10.469746,46.045389],[10.469969,46.045282],[10.471071,46.044985],[10.471379,46.04494],[10.472243,46.044618],[10.472877,46.04449],[10.473444,46.044479],[10.473687,46.044347],[10.473797,46.044337],[10.473976,46.044422],[10.474125,46.044419],[10.474367,46.044396],[10.474683,46.044396],[10.475062,46.044207],[10.475583,46.044131],[10.476164,46.043953],[10.476603,46.043885],[10.476769,46.043754],[10.476986,46.043722],[10.477645,46.043418],[10.477833,46.043385],[10.478255,46.043178],[10.478412,46.043155],[10.478553,46.043039],[10.478798,46.043008],[10.47899,46.042962],[10.479541,46.04283],[10.479745,46.042747],[10.479902,46.042702],[10.480378,46.042428],[10.480454,46.042534],[10.480619,46.042338],[10.480727,46.041968],[10.480992,46.041581],[10.481022,46.041325],[10.480955,46.041175],[10.480947,46.040974],[10.480992,46.040773],[10.481106,46.040512],[10.481278,46.040246],[10.481541,46.040039],[10.481789,46.039951],[10.482019,46.039821],[10.48224,46.039768],[10.482523,46.039772],[10.482776,46.039762],[10.483026,46.039689],[10.483279,46.03962],[10.483387,46.039632],[10.483635,46.039685],[10.483798,46.039728],[10.483935,46.039749]]},"properties":{"id":"72bae441-0e4a-43be-ac11-7b3438a6484b","cls":"path","osm":["w38536712@10"],"conn":[["647228e2-7a36-4956-9e1d-021ab24944c0",0.0],["bba25413-4390-48c8-b95d-639a9b377381",0.268396],["3008325f-84cc-497c-9f0c-a3cbea48b976",0.812188],["5c447063-34fe-4004-b9cf-42baea431cb8",0.841844],["36766a78-53a2-43d4-b6d5-aef761d46d3b",0.882315],["feb166c5-367f-4d0d-9553-ebac9ea6d86b",1.0]]}},{"type":"Feature","geometry":{"type":"LineString","coordinates":[[10.452901,45.961584],[10.452974,45.961713],[10.453044,45.961789],[10.453067,45.961815],[10.453074,45.961855],[10.453053,45.961936],[10.453055,45.96202],[10.453159,45.962205],[10.453166,45.962367],[10.453219,45.962521]]},"properties":{"id":"72d7b871-fb5a-4808-8791-ee8324541fa1","cls":"path","osm":["w1431902822@1"],"sr":[["gravel",null,null]],"conn":[["815e8547-09c6-4cb5-855d-38cfbe104fd7",0.0],["48fe7ac4-d5ae-4283-9aa5-e0f247e08030",1.0]]}},{"type":"Feature","geometry":{"type":"LineString","coordinates":[[10.562698,46.084449],[10.562947,46.084483],[10.563139,46.084547],[10.563261,46.084599]]},"properties":{"id":"7388c856-c369-4a20-a636-ff813b298d64","cls":"path","osm":["w511165929@1"],"conn":[["30558efa-49ea-4dd9-8a91-ac65c1297edb",0.0],["03721071-e6c1-4f57-90e3-c3089eb595cf",1.0]]}},{"type":"Feature","geometry":{"type":"LineString","coordinates":[[10.615024,46.048935],[10.61496,46.048701]]},"properties":{"id":"73e4dddd-ef7a-432c-bac2-bcee8b53e4d2","cls":"path","osm":["w503443966@1"],"conn":[["1c0a3ae6-c637-4ce7-92ca-4a9705230880",0.0],["c46d7e3a-d08f-4f3c-891c-82e518ee7e01",1.0]]}},{"type":"Feature","geometry":{"type":"LineString","coordinates":[[10.508396,46.049152],[10.508118,46.04892],[10.508026,46.048708],[10.507901,46.048631],[10.50787,46.048515],[10.507789,46.048397],[10.507725,46.048281],[10.507678,46.048134],[10.507716,46.048061],[10.50762,46.047822],[10.50745,46.047624],[10.507109,46.047308]]},"properties":{"id":"7460a629-0679-4964-983f-f71e2779a029","cls":"path","osm":["w513343015@1"],"conn":[["7dda5c1d-e66a-4e3c-81a4-71ddb892b47b",0.0],["9ef68c93-a42a-4b2d-ba49-2847910e31b0",1.0]]}},{"type":"Feature","geometry":{"type":"LineString","coordinates":[[10.45914,46.023428],[10.457692,46.02402],[10.457287,46.024051],[10.457052,46.024144],[10.457037,46.024266],[10.456917,46.024426],[10.456727,46.02462],[10.456537,46.02479],[10.456332,46.02494],[10.456137,46.025033],[10.455822,46.025033],[10.455647,46.025089],[10.455457,46.025106],[10.455167,46.025047],[10.454972,46.025078],[10.454782,46.025089],[10.454522,46.025023],[10.454322,46.024967],[10.454027,46.024936],[10.453732,46.024981],[10.453582,46.025082],[10.453232,46.025134],[10.452992,46.025207],[10.452817,46.025207],[10.452582,46.025193],[10.452517,46.025033],[10.452447,46.02494],[10.452287,46.024978],[10.451897,46.025058],[10.451642,46.025169],[10.451852,46.025394],[10.451877,46.025474],[10.451812,46.025561],[10.451492,46.025429],[10.451197,46.025394],[10.451107,46.025558],[10.450732,46.025554],[10.450447,46.025707],[10.450222,46.0257],[10.450187,46.025603],[10.450322,46.025464],[10.450357,46.025276],[10.450232,46.025203],[10.449772,46.025113],[10.449527,46.024936],[10.449402,46.024731],[10.449192,46.024551],[10.448822,46.024346]]},"properties":{"id":"74aa6274-d1a2-4bdf-95db-b3b286b85fb5","cls":"path","osm":["w342331424@3"],"conn":[["57637f7e-cce1-4eaa-b3f8-a721ad1f3171",0.0],["bb99e70b-87da-4fc1-bc54-23348d75f14c",1.0]]}},{"type":"Feature","geometry":{"type":"LineString","coordinates":[[10.631735,45.962726],[10.631791,45.962414],[10.631665,45.962256],[10.631468,45.962258],[10.630851,45.962378],[10.630098,45.962393],[10.629778,45.962151],[10.628614,45.962124],[10.627871,45.962466],[10.627059,45.962682],[10.626724,45.962905],[10.626487,45.963195],[10.626043,45.96323],[10.625585,45.963003],[10.624804,45.962914],[10.624255,45.962804],[10.62364,45.962959],[10.622495,45.962964],[10.621438,45.962917],[10.62074,45.962621],[10.619526,45.962627],[10.618735,45.963042],[10.618209,45.963098],[10.617791,45.962969],[10.617575,45.962502],[10.617684,45.962188],[10.617464,45.96168],[10.617447,45.961143],[10.617234,45.960591],[10.617298,45.960159],[10.617338,45.959503],[10.617356,45.958855],[10.617489,45.958258],[10.617599,45.95769],[10.61772,45.957369],[10.617302,45.957011],[10.616774,45.956423],[10.616495,45.956148],[10.61606,45.956267],[10.61555,45.956313],[10.614498,45.956296],[10.613524,45.956353],[10.612588,45.956382],[10.611429,45.956832],[10.610392,45.956913],[10.609618,45.956879],[10.608978,45.956884],[10.608767,45.957223],[10.608838,45.957739],[10.608774,45.957972],[10.608474,45.958232],[10.608356,45.958345]]},"properties":{"id":"74d70bc4-560a-4659-9279-bc3ba59588db","cls":"path","osm":["w148363699@4"],"conn":[["870258dd-13d6-4d67-a0b8-fa8db42daf7c",0.0],["4715c5ea-4e36-4c3f-a8f6-95374a0807ad",0.383729],["7ec5f4c8-d295-4f31-ade3-ac410082e4ab",1.0]]}},{"type":"Feature","geometry":{"type":"LineString","coordinates":[[10.452348,45.961283],[10.452328,45.961254],[10.4523,45.961246],[10.452263,45.961252],[10.452215,45.961231],[10.452194,45.961184],[10.452213,45.961144],[10.452204,45.961082],[10.452219,45.961042],[10.452216,45.961012],[10.452235,45.960961],[10.452221,45.960936],[10.45213,45.96088],[10.452146,45.960859],[10.452093,45.960778],[10.452041,45.96076],[10.452014,45.960708],[10.451967,45.960657],[10.451863,45.960612],[10.451793,45.960555],[10.451785,45.96054],[10.451786,45.960529],[10.451811,45.960508],[10.451813,45.960488],[10.451788,45.960479],[10.451716,45.960484],[10.451642,45.960483],[10.451567,45.96047],[10.451513,45.960443],[10.45147,45.960379],[10.451405,45.960296],[10.451332,45.960263],[10.45132,45.96021],[10.451334,45.960153],[10.45136,45.960118],[10.451445,45.960076],[10.451567,45.96002],[10.451653,45.959955],[10.451681,45.959918],[10.451793,45.959885],[10.451827,45.959837],[10.451893,45.959802],[10.452017,45.959764],[10.452163,45.959647],[10.452226,45.959583]]},"properties":{"id":"74f427fd-2bde-4973-8abc-5350880a6bae","cls":"path","osm":["w230719910@9"],"sr":[["gravel",null,null]],"conn":[["e70724f4-3688-4b70-9a72-a6713ff365e5",0.0],["1437bc70-7d16-4a80-b9d7-91313ffcd89e",1.0]]}},{"type":"Feature","geometry":{"type":"LineString","coordinates":[[10.511995,46.035495],[10.51204,46.035565],[10.512122,46.035669],[10.512347,46.035797],[10.512764,46.03588],[10.512823,46.035796]]},"properties":{"id":"75089f60-33a7-4cf6-bb36-db5959a34f35","cls":"path","osm":["w362848614@1"],"conn":[["d8c93e33-6ce5-44dc-a920-b8c226c34ae2",0.0],["43c0126b-fe7b-41d0-b3a5-97f7d7798523",0.096805],["3bbc487d-56c1-48f8-9964-de8b11ff36ef",0.882314],["f0564fac-0145-4d38-94d2-266281b9a9d9",1.0]]}},{"type":"Feature","geometry":{"type":"LineString","coordinates":[[10.471931,46.111832],[10.47191,46.1118],[10.471927,46.111624],[10.471927,46.111552],[10.471914,46.11148],[10.471916,46.111461],[10.471937,46.11141],[10.471961,46.111345],[10.471928,46.111339]]},"properties":{"id":"763e7ffb-920a-4a5b-ba61-34b0db4849ea","cls":"path","osm":["w1537773615@1"],"sr":[["unpaved",null,null]],"conn":[["2ae9bd39-5cd5-4495-9d60-f5d02e5648ef",0.0],["fcf3ee44-49c7-41d5-bd9f-c05b5ab3cf93",1.0]]}},{"type":"Feature","geometry":{"type":"LineString","coordinates":[[10.549786,46.027685],[10.549723,46.0277]]},"properties":{"id":"76723fa2-212e-4a6a-8bd3-bb9f7e3772b4","cls":"footway","osm":["w231868028@5"],"fr":[["is_bridge",null,null]],"sr":[["unpaved",null,null]],"conn":[["a6920751-b7f0-4ada-a62c-881a81d2bc16",0.0],["7be269c9-8f12-4625-8eaa-443f650ab7ac",1.0]]}},{"type":"Feature","geometry":{"type":"LineString","coordinates":[[10.445917,46.007004],[10.446424,46.006929],[10.446611,46.007144],[10.446707,46.0075],[10.446609,46.007709],[10.446533,46.007784],[10.446454,46.007855],[10.446449,46.007909]]},"properties":{"id":"76a64fe5-87ef-486f-b0d5-243c0802a83d","cls":"path","osm":["w1123889576@1"],"conn":[["8656fc2d-b70c-4f9e-852b-12f5f8835739",0.0],["7c3e5a55-8a38-4ebd-8b56-9d00108f0b06",1.0]]}},{"type":"Feature","geometry":{"type":"LineString","coordinates":[[10.558456,46.083545],[10.5585,46.083565],[10.558646,46.083588],[10.558856,46.083657],[10.558973,46.083771],[10.559006,46.083817],[10.559054,46.08387],[10.559109,46.083925],[10.559247,46.084078],[10.559326,46.084256],[10.559434,46.084432],[10.559574,46.084617],[10.559679,46.084688],[10.559783,46.084791],[10.559846,46.084858],[10.559995,46.084894],[10.56012,46.084905],[10.560275,46.084898],[10.56043,46.084899],[10.560723,46.084915],[10.560901,46.084921],[10.56101,46.08491],[10.561317,46.084952]]},"properties":{"id":"76a77cc6-9e0c-4f33-be76-e41297c06680","cls":"path","osm":["w229003181@7"],"conn":[["1054a2a2-0b53-4e90-8fae-66cf023cb5ee",0.0],["0f049c3c-d8d8-4b0d-8b64-300a5f2851ba",1.0]]}},{"type":"Feature","geometry":{"type":"LineString","coordinates":[[10.521763,45.999829],[10.521977,45.999969],[10.522169,46.000202],[10.522484,46.000428],[10.522576,46.000615]]},"properties":{"id":"777bff22-763e-471a-b719-78c5bc4bc738","cls":"path","osm":["w1105343574@1"],"conn":[["529589d9-3f54-44b3-8baa-8979108f4c1f",0.0],["886c8d84-7251-4c45-97f6-be5eacb5b1a0",1.0]]}},{"type":"Feature","geometry":{"type":"LineString","coordinates":[[10.526659,45.994729],[10.52662,45.994686],[10.526576,45.994684],[10.526531,45.994705],[10.526445,45.994779],[10.526406,45.994867],[10.52605,45.995188],[10.525991,45.99521],[10.525939,45.995204],[10.525925,45.995182],[10.52597,45.995128],[10.526098,45.995018],[10.52614,45.99496],[10.52615,45.994861],[10.52615,45.994656],[10.526138,45.99454],[10.526079,45.994393],[10.526146,45.994326],[10.526255,45.994221],[10.526328,45.994128],[10.52641,45.993996],[10.526564,45.993837],[10.526723,45.993685],[10.526811,45.993584],[10.526907,45.993424],[10.527067,45.993191],[10.527197,45.992961],[10.52733,45.992706],[10.527388,45.992532],[10.527444,45.992434],[10.527533,45.992376],[10.527775,45.992182],[10.527977,45.992022],[10.528102,45.991919],[10.528154,45.991856],[10.528159,45.991726],[10.528187,45.991612],[10.528254,45.991503],[10.528318,45.991451],[10.528361,45.991425],[10.528546,45.991388],[10.52867,45.991319],[10.528727,45.991261],[10.528833,45.990854],[10.528937,45.990441],[10.529077,45.990124],[10.529259,45.989806],[10.529311,45.989671],[10.529342,45.989539],[10.529452,45.989399],[10.529676,45.989278],[10.529762,45.989245],[10.530022,45.989235],[10.530308,45.989305],[10.530597,45.989433],[10.531057,45.989638],[10.531254,45.989693],[10.531357,45.989777],[10.531523,45.989727],[10.531652,45.989709],[10.531886,45.989662],[10.532016,45.989653],[10.532143,45.989653],[10.532272,45.989676],[10.532507,45.989762],[10.532604,45.98977],[10.532662,45.989764],[10.532706,45.989745],[10.53278,45.989651],[10.532846,45.989576],[10.533061,45.989472],[10.533334,45.98932],[10.533433,45.989199],[10.533708,45.989002],[10.533985,45.988853],[10.534312,45.988693],[10.534425,45.988619],[10.534516,45.98853],[10.53463,45.988382],[10.534748,45.988216],[10.534858,45.988013],[10.534957,45.987816],[10.535032,45.987615],[10.535043,45.987447],[10.534989,45.987306],[10.534925,45.987193],[10.534896,45.9871],[10.534906,45.987042],[10.534946,45.986962],[10.535011,45.98684],[10.535022,45.986781],[10.535027,45.986665],[10.535022,45.986465],[10.535032,45.986382],[10.535079,45.98633],[10.535173,45.986241],[10.535216,45.986173],[10.535229,45.986043],[10.535223,45.98596],[10.535259,45.985898],[10.535365,45.985825],[10.53551,45.985695],[10.535526,45.985632],[10.535523,45.985522],[10.535687,45.984616],[10.535693,45.984487]]},"properties":{"id":"782c5f35-6bde-4899-a262-bb20ad4eb592","cls":"track","osm":["w427250446@1","w427250447@2","w82509675@4"],"sr":[["unpaved",0.224528,1.0]],"conn":[["570eaa19-955b-4ebe-a4f9-b81ea117d375",0.0],["bc42fbee-4959-4434-9da6-8b4dec3c132d",0.518226],["f7d3f251-09b0-47c2-a876-a7c1458bdbe6",0.572062],["f7d31a75-1c01-4db8-88f0-821016e4f2f6",1.0]],"access":[{"type":"allowed","when":["motor_vehicle"]}]}},{"type":"Feature","geometry":{"type":"LineString","coordinates":[[10.571211,46.017971],[10.570901,46.017991],[10.570706,46.018025],[10.570446,46.018093],[10.570137,46.018183],[10.569877,46.018375],[10.569665,46.018544],[10.569405,46.018578],[10.569178,46.018556],[10.568982,46.018499],[10.568608,46.018477],[10.568397,46.018499],[10.568169,46.018612],[10.567877,46.018816],[10.567681,46.019177],[10.567437,46.019369],[10.567275,46.019617],[10.567047,46.019708],[10.566803,46.019832],[10.566446,46.020058],[10.565925,46.020261],[10.565746,46.020476],[10.565584,46.020803],[10.56534,46.020961],[10.564803,46.020995],[10.564234,46.021097],[10.563714,46.021164],[10.563183,46.021348]]},"properties":{"id":"783a814f-0284-44a2-8113-1af1a6adea86","cls":"path","osm":["w1324964141@1"],"conn":[["d756a61b-07d6-4fa3-9590-07a26e84ea6e",0.0],["274bb539-0e23-4b1c-b132-95c148b6c368",1.0]]}},{"type":"Feature","geometry":{"type":"LineString","coordinates":[[10.48007,45.980462],[10.480168,45.980376],[10.480233,45.980227],[10.480297,45.980059],[10.480447,45.979839],[10.480512,45.979746],[10.4807,45.979567],[10.480844,45.97938],[10.481209,45.979235],[10.481392,45.97891],[10.48151,45.978717]]},"properties":{"id":"786220d8-b9c1-4a8a-bd15-f857cfa023ea","cls":"path","osm":["w1195022548@1"],"conn":[["5b46c8be-e66a-45a7-98e0-8be7837092ef",0.0],["498d8d0e-3e64-477c-89c9-78e4093c0b67",1.0]]}},{"type":"Feature","geometry":{"type":"LineString","coordinates":[[10.500389,46.040947],[10.500547,46.04099],[10.500684,46.040988],[10.50076,46.041029],[10.500778,46.041105],[10.500736,46.041146],[10.500703,46.041205],[10.500668,46.041275],[10.500642,46.041325],[10.500623,46.041362],[10.500547,46.041396],[10.500472,46.041429],[10.500382,46.041478],[10.500333,46.041529],[10.500304,46.04158],[10.500278,46.041642],[10.500245,46.041778],[10.500179,46.041851],[10.499976,46.041956],[10.4997,46.042084],[10.499528,46.042163],[10.499346,46.042233],[10.499193,46.042274],[10.498976,46.042353],[10.498811,46.042394],[10.498622,46.042444],[10.498506,46.042446],[10.498414,46.042469]]},"properties":{"id":"78a19b8a-e70d-4153-96d9-3cd69e982396","cls":"path","osm":["w1428519115@1"],"conn":[["24bc0a39-9e1c-4fd9-94c5-1f8da363b7a1",0.0],["a9b6bc62-ec6d-4d42-92a7-e59b366070a4",0.226792],["9acde8f3-3156-4b04-8609-b2e2317da50d",1.0]]}},{"type":"Feature","geometry":{"type":"LineString","coordinates":[[10.532105,45.990025],[10.532099,45.989968],[10.532139,45.989913],[10.532161,45.989862],[10.531946,45.989786],[10.531731,45.989731],[10.531652,45.989709]]},"properties":{"id":"79739127-b0c1-4f97-b9e1-0aa5bd2813e7","cls":"path","osm":["w241101057@1"],"conn":[["812d88f9-9d7b-4d9f-9050-b8a28bd27477",0.0],["f7d3f251-09b0-47c2-a876-a7c1458bdbe6",1.0]]}},{"type":"Feature","geometry":{"type":"LineString","coordinates":[[10.554263,46.080689],[10.554308,46.08074]]},"properties":{"id":"7b26e0a9-1298-4ff8-aa13-c1523be6b2d7","cls":"footway","osm":["w230246479@3"],"fr":[["is_bridge",null,null]],"sr":[["unpaved",null,null]],"conn":[["2cd697c2-ba28-4d33-bd67-d984c91cec32",0.0],["ac2b207c-b35b-4042-a2b4-22951bba5c38",1.0]]}},{"type":"Feature","geometry":{"type":"LineString","coordinates":[[10.561317,46.084952],[10.561354,46.085225],[10.561341,46.085397],[10.561352,46.085542],[10.561417,46.085652],[10.561394,46.085709],[10.561427,46.085966],[10.56144,46.086177],[10.561398,46.086256],[10.561433,46.086439],[10.561536,46.086588],[10.561668,46.086656],[10.56188,46.086754],[10.562028,46.086832],[10.562158,46.086862],[10.562277,46.086891],[10.562589,46.0871],[10.56288,46.087483],[10.562989,46.087639],[10.563239,46.08791],[10.563427,46.088094],[10.56357,46.088438],[10.563899,46.088755],[10.564068,46.088893],[10.564162,46.089245],[10.564333,46.089323],[10.564508,46.089536],[10.564718,46.089835],[10.564805,46.09008],[10.564827,46.090243],[10.564895,46.090394],[10.564918,46.090522],[10.564931,46.09075],[10.564936,46.090966],[10.56495,46.091245],[10.565029,46.091431],[10.565036,46.091643],[10.56507,46.091752],[10.565025,46.091836],[10.564974,46.091968],[10.565021,46.092073],[10.565025,46.092282],[10.564994,46.092545],[10.565031,46.092742],[10.565044,46.092856],[10.565026,46.093007],[10.565035,46.093099],[10.565019,46.093133],[10.564936,46.093178],[10.564855,46.093238],[10.564783,46.093286],[10.564683,46.093325],[10.564692,46.09342],[10.564701,46.093528],[10.564715,46.093603],[10.564661,46.093754],[10.5647,46.094096],[10.564725,46.094215],[10.564759,46.094279],[10.564772,46.094391],[10.564796,46.094453],[10.564852,46.094504],[10.564865,46.094607],[10.564781,46.094788],[10.564716,46.094868],[10.564725,46.095039],[10.564753,46.095205],[10.564804,46.095338],[10.564832,46.095425],[10.564819,46.095503],[10.56485,46.095606],[10.564867,46.095754],[10.565131,46.095987],[10.56513,46.096049],[10.564988,46.096163],[10.564964,46.096258],[10.565017,46.096363],[10.565044,46.096628],[10.564958,46.096755],[10.565044,46.096911],[10.565121,46.09709],[10.565165,46.097235],[10.565259,46.097341],[10.565368,46.097427],[10.565445,46.097546],[10.565556,46.097657],[10.565655,46.097763],[10.565711,46.09788],[10.565724,46.098004],[10.565706,46.098122],[10.56568,46.098199],[10.565682,46.098336],[10.565652,46.09841]]},"properties":{"id":"7b2b8e0c-ee4e-482e-bf8f-22b5b6528914","cls":"path","osm":["w230246474@6","w376734325@4"],"conn":[["0f049c3c-d8d8-4b0d-8b64-300a5f2851ba",0.0],["9501f90e-8d8a-4b45-99f7-e13e32ee1e23",0.827212],["b9974e9e-e71c-4690-8f20-8a19769b547d",1.0]]}},{"type":"Feature","geometry":{"type":"LineString","coordinates":[[10.614562,46.123809],[10.614114,46.12396],[10.613715,46.124014],[10.613598,46.124043],[10.613421,46.124119],[10.613239,46.124192],[10.61298,46.124084],[10.612688,46.124036],[10.612402,46.123847],[10.612245,46.123636],[10.612018,46.123463],[10.611716,46.123371],[10.611467,46.123361],[10.611246,46.123085],[10.610949,46.122972],[10.610598,46.122793],[10.61043,46.122664],[10.610074,46.122645],[10.609766,46.122709],[10.609474,46.122442],[10.609328,46.122496],[10.608872,46.122558],[10.608777,46.122431],[10.608536,46.122427],[10.608099,46.122411],[10.607509,46.122243]]},"properties":{"id":"7b5094f3-8ed8-417e-a7a5-7ddb165ff5cb","cls":"path","osm":["w1211585652@2","w371754829@2"],"sr":[["unknown",0.435793,1.0]],"conn":[["100e55e2-6e7b-4ea7-82db-40c9061fe5ac",0.0],["fba2451a-35eb-4b4d-8ee3-018ec99ea015",1.0]]}},{"type":"Feature","geometry":{"type":"LineString","coordinates":[[10.519135,46.10287],[10.51924,46.10282],[10.519355,46.102874],[10.519456,46.102933],[10.519492,46.102925],[10.519534,46.102886],[10.519573,46.102879],[10.519611,46.102888],[10.519651,46.102911],[10.519672,46.102943],[10.519965,46.102951],[10.520087,46.102838],[10.520239,46.102716],[10.520283,46.102685],[10.520429,46.102655],[10.520538,46.102628],[10.520709,46.102607],[10.520953,46.102606],[10.521093,46.102617],[10.521332,46.102724],[10.521376,46.102757],[10.521461,46.102821],[10.521523,46.102912],[10.521534,46.102981],[10.521633,46.103154],[10.521668,46.10324],[10.521706,46.103297],[10.521957,46.103597],[10.52202,46.103642],[10.522064,46.103694],[10.522128,46.103984],[10.522178,46.104158],[10.522201,46.10419],[10.522199,46.104221],[10.522214,46.10425],[10.52233,46.104356],[10.522401,46.104475],[10.522591,46.104608],[10.522661,46.104683],[10.522737,46.104821],[10.522863,46.104963],[10.522918,46.105041],[10.523026,46.105133],[10.523092,46.105254],[10.523115,46.105316],[10.523155,46.105402],[10.523183,46.105437],[10.523262,46.105512],[10.523406,46.105579],[10.523616,46.105641],[10.523693,46.105673],[10.523808,46.105766],[10.523946,46.105845],[10.524119,46.10599],[10.524187,46.106093],[10.524229,46.106148],[10.524266,46.106277],[10.524319,46.106377],[10.524368,46.106432],[10.52441,46.106511],[10.524505,46.106602],[10.524601,46.106771],[10.524655,46.106822],[10.524767,46.106869],[10.524798,46.106895],[10.524878,46.107001],[10.524982,46.107099],[10.525003,46.107183],[10.525111,46.107249],[10.525213,46.107349],[10.525302,46.107455],[10.525417,46.107548],[10.525475,46.107624],[10.52555,46.107796],[10.52559,46.10785],[10.525625,46.107874],[10.525742,46.107914],[10.525775,46.107937],[10.525816,46.107998],[10.525951,46.108069],[10.526157,46.108256],[10.526213,46.10842],[10.526242,46.108619],[10.526296,46.108809],[10.526438,46.10897],[10.526669,46.109307],[10.526824,46.109575],[10.52694,46.10988],[10.526953,46.110086],[10.526988,46.110214],[10.52713,46.110326],[10.527201,46.110379],[10.527264,46.11048],[10.527391,46.110539],[10.527562,46.110546],[10.52766,46.110586],[10.527752,46.110674],[10.527873,46.110871],[10.527853,46.110946],[10.527868,46.11102],[10.527936,46.111114],[10.52793,46.111193],[10.527779,46.111431],[10.527763,46.111602],[10.527857,46.111717],[10.527857,46.111843],[10.527901,46.112017],[10.52797,46.112145],[10.528077,46.112308],[10.52831,46.112505],[10.528428,46.11268],[10.528485,46.112913],[10.528592,46.113026],[10.52866,46.113205],[10.528788,46.113353],[10.528856,46.113473],[10.528882,46.113601],[10.528936,46.113654],[10.529014,46.113676],[10.529094,46.113679],[10.529207,46.113661],[10.529426,46.113576],[10.529732,46.113671],[10.530008,46.113857],[10.530276,46.114071],[10.530421,46.114233],[10.530902,46.114496],[10.531163,46.114618],[10.531243,46.114658],[10.531328,46.114735],[10.531375,46.114857],[10.531389,46.114962],[10.531408,46.115136],[10.531415,46.115283],[10.531436,46.115337],[10.53154,46.115408],[10.531828,46.115503],[10.532026,46.115614],[10.532179,46.115767],[10.532269,46.115873],[10.532531,46.116047],[10.532629,46.116189],[10.532758,46.116374],[10.532806,46.116568],[10.533036,46.116769],[10.533342,46.117014],[10.53359,46.11716],[10.533626,46.117297],[10.533739,46.117492],[10.534133,46.117721],[10.53429,46.117882],[10.534394,46.118134],[10.534434,46.118345],[10.534627,46.118561],[10.534755,46.118861],[10.534841,46.118944],[10.534835,46.118996],[10.534789,46.119087],[10.534788,46.119164],[10.534898,46.11929],[10.535122,46.119445],[10.535152,46.119577],[10.535383,46.119679],[10.53549,46.119703],[10.535562,46.119737],[10.53569,46.119871],[10.535804,46.119913],[10.535828,46.119983],[10.535807,46.120074],[10.535868,46.120161],[10.535885,46.12033],[10.535949,46.120404],[10.535979,46.120643],[10.536064,46.120705],[10.536105,46.120908],[10.536158,46.121027],[10.536324,46.121157],[10.536366,46.121303],[10.536496,46.121544],[10.536601,46.12171],[10.536769,46.121825],[10.536853,46.121856],[10.53717,46.121989],[10.537387,46.122062],[10.537768,46.122244],[10.537845,46.122289],[10.538104,46.122333],[10.538307,46.122387],[10.538498,46.122449],[10.538648,46.122542],[10.538792,46.122564],[10.538963,46.1228],[10.539052,46.122876],[10.539084,46.122924],[10.539177,46.122972],[10.53926,46.123126],[10.539407,46.123322],[10.539511,46.123377],[10.539572,46.123483],[10.53968,46.123571],[10.53972,46.123711],[10.539904,46.123991],[10.540008,46.124069],[10.540039,46.124206],[10.540057,46.124255],[10.540216,46.124316],[10.540286,46.124468],[10.540385,46.12456],[10.54039,46.12467],[10.540489,46.124755],[10.540573,46.124871],[10.540563,46.124984],[10.540493,46.125237],[10.540494,46.125367],[10.540381,46.125526],[10.540363,46.125668],[10.540386,46.125719],[10.540387,46.125824],[10.540396,46.12597],[10.540381,46.126047],[10.540309,46.126081],[10.540243,46.126124],[10.540319,46.126291],[10.540258,46.126391],[10.540265,46.126879],[10.540164,46.127105],[10.540223,46.127229],[10.540206,46.127431],[10.540261,46.127623],[10.540336,46.127724],[10.540313,46.127862],[10.540357,46.128084],[10.540477,46.128225],[10.540534,46.128257],[10.540553,46.128387],[10.540689,46.128418],[10.540749,46.12845],[10.540742,46.1285],[10.540701,46.128605],[10.540573,46.128807],[10.540455,46.129321],[10.540474,46.129416],[10.54067,46.129622],[10.540835,46.129763],[10.540914,46.129892],[10.541118,46.130082],[10.541288,46.130202],[10.54133,46.13037],[10.541417,46.130506],[10.541408,46.130593],[10.54155,46.130697],[10.541689,46.130755],[10.541814,46.130772],[10.541916,46.130742],[10.542031,46.130742],[10.542177,46.130816],[10.542278,46.130789],[10.542368,46.130695],[10.542505,46.130403],[10.54253,46.130283],[10.542621,46.130203],[10.542719,46.130206],[10.542854,46.13022],[10.542948,46.130222],[10.542991,46.130146],[10.543052,46.130119],[10.543136,46.13015],[10.543262,46.130125],[10.543342,46.130062],[10.543396,46.129992],[10.543575,46.130013],[10.543748,46.130027],[10.543847,46.130057],[10.544017,46.130033],[10.544075,46.130006],[10.544112,46.129927],[10.544137,46.129856],[10.544224,46.129769],[10.544311,46.129742],[10.544589,46.129829],[10.544889,46.129883],[10.545046,46.129921],[10.545217,46.129904],[10.545391,46.129905],[10.545661,46.129795],[10.546013,46.129563],[10.546127,46.129527],[10.546458,46.129176],[10.546614,46.129139],[10.546819,46.129045],[10.546964,46.129034],[10.547199,46.128949],[10.547405,46.128914],[10.547601,46.128879],[10.547944,46.128726],[10.54805,46.128659],[10.548094,46.128513],[10.548061,46.128404],[10.548105,46.128329],[10.547988,46.128121],[10.547982,46.127983],[10.548028,46.12796],[10.548165,46.127954],[10.548331,46.127962],[10.548457,46.127988],[10.548608,46.128017],[10.548712,46.128042],[10.548779,46.128017],[10.548916,46.127986],[10.548983,46.128006],[10.549061,46.128023],[10.549123,46.128043],[10.549209,46.12804],[10.549289,46.128012],[10.549385,46.128036],[10.549458,46.128073],[10.549512,46.128101],[10.549622,46.128136],[10.549699,46.128172],[10.549799,46.12825],[10.549858,46.128304],[10.549876,46.128371],[10.549855,46.128411],[10.549855,46.12846],[10.54989,46.128475],[10.549976,46.12849],[10.550027,46.128471],[10.550059,46.12846],[10.550103,46.12844],[10.550165,46.128432],[10.550214,46.12842],[10.550362,46.128304],[10.550619,46.128148],[10.550888,46.128125],[10.551435,46.127947],[10.551885,46.127828],[10.552336,46.127791],[10.552647,46.127776],[10.552969,46.127806],[10.553226,46.127746],[10.553623,46.127501],[10.554074,46.127709],[10.554385,46.12791],[10.554439,46.128192],[10.554696,46.128437],[10.554782,46.128698],[10.554975,46.128988],[10.555201,46.1293],[10.555362,46.129598],[10.555544,46.129887],[10.555619,46.1302],[10.555737,46.130401],[10.555844,46.130542],[10.555941,46.130691],[10.555919,46.130847],[10.556037,46.130943],[10.556273,46.13101],[10.556531,46.131159],[10.556617,46.131352],[10.556595,46.13156],[10.55652,46.131791],[10.556499,46.131947],[10.556552,46.132177],[10.556767,46.132371],[10.556692,46.132571],[10.556713,46.132765],[10.556745,46.13304],[10.556788,46.133308],[10.556906,46.133568],[10.5571,46.133679],[10.557142,46.133832],[10.557288,46.133979],[10.557277,46.134163],[10.557432,46.134378],[10.55739,46.134584],[10.557514,46.134782],[10.557491,46.134883],[10.557456,46.135005],[10.557476,46.135064],[10.557612,46.13505],[10.557666,46.135216],[10.557691,46.135369],[10.557716,46.135556],[10.557759,46.135696],[10.557793,46.135825],[10.55779,46.135956],[10.557808,46.136091],[10.557776,46.136278],[10.557893,46.136392],[10.558022,46.136601],[10.558122,46.136681],[10.558206,46.136813],[10.558404,46.136892],[10.558613,46.136948],[10.55888,46.137026],[10.559136,46.137112],[10.559219,46.13719],[10.559192,46.137314],[10.559067,46.137409],[10.558972,46.137498],[10.55885,46.13761],[10.558654,46.137677],[10.558597,46.137776],[10.558434,46.137884],[10.558417,46.137999],[10.558268,46.138093],[10.558284,46.138173],[10.558219,46.138234],[10.558251,46.138291],[10.55824,46.138405],[10.558272,46.138489],[10.55828,46.138497],[10.558398,46.138661],[10.558644,46.138854],[10.558902,46.139159],[10.559052,46.139218],[10.559331,46.139352],[10.559422,46.13951],[10.559515,46.139741],[10.559558,46.139837],[10.559487,46.140004],[10.559465,46.140223],[10.559694,46.140293],[10.559867,46.1405],[10.560107,46.140647],[10.560317,46.140767],[10.560314,46.140951],[10.560445,46.140998],[10.560521,46.141026],[10.560764,46.141029],[10.561007,46.14109],[10.561145,46.141162],[10.561428,46.1413],[10.561707,46.141528],[10.562055,46.141701],[10.562466,46.141846],[10.562836,46.142029],[10.563138,46.142083],[10.563381,46.142224],[10.563562,46.142471],[10.563934,46.142397],[10.564089,46.142416],[10.564285,46.142461],[10.564497,46.142452],[10.564805,46.142447],[10.564946,46.142348],[10.565189,46.142311],[10.565404,46.14237],[10.565715,46.142385],[10.565748,46.142391],[10.565794,46.142395],[10.565821,46.142404],[10.565872,46.142413],[10.565895,46.142415],[10.565968,46.142414],[10.566001,46.142413]]},"properties":{"id":"7c8a47e7-8eeb-4464-8e66-c683883746b6","cls":"path","name":"Sentiero 30","osm":["w1124682208@1","w1307520308@9","w1316918241@2","w356858437@1","w356941816@2","w40824169@5","w475639461@1","w475639462@3","w475639464@2"],"fr":[["is_bridge",0.012231,0.014617]],"conn":[["cc2b41fc-3a2f-4361-86fc-7f728babac1f",0.0],["f2285c3e-176e-4c7b-998a-254175cdf3e7",0.010129],["6cd99a19-937d-4981-8d18-4cde0fb32030",0.028692],["d744aa6e-554a-4d42-ba4a-23286bb9afa2",0.508808],["f6a8da0c-a546-4343-935a-b0a43684e954",1.0]]}},{"type":"Feature","geometry":{"type":"LineString","coordinates":[[10.522706,45.998425],[10.522856,45.998484],[10.522872,45.99857],[10.522923,45.998618],[10.522998,45.998627],[10.523129,45.998646],[10.523285,45.998631],[10.523433,45.99857],[10.523588,45.998489],[10.523685,45.998503],[10.52395,45.998473],[10.524194,45.998426]]},"properties":{"id":"7caa9f1f-67c7-4e30-9787-d68b8afcdfea","cls":"path","osm":["w696236662@2"],"conn":[["e0a3168b-7264-41a7-9275-e3d35cfa8ddc",0.0],["8d123f61-0157-4ed2-a56f-a3297a54bdc7",1.0]]}},{"type":"Feature","geometry":{"type":"LineString","coordinates":[[10.644581,45.962856],[10.644407,45.962685],[10.644455,45.962522],[10.644676,45.962344],[10.644658,45.962307],[10.644598,45.962309],[10.644307,45.962486],[10.644078,45.962696],[10.64403,45.962808],[10.644099,45.96293],[10.6443,45.963178],[10.644465,45.963455],[10.644666,45.963718],[10.644804,45.963962],[10.644933,45.964072],[10.644931,45.964105],[10.644882,45.964109],[10.644807,45.964053],[10.644699,45.963979],[10.644491,45.963845],[10.644234,45.963681],[10.644001,45.963502],[10.643793,45.963448],[10.64353,45.963457],[10.643393,45.96344],[10.643092,45.963398],[10.642777,45.963336],[10.642459,45.96327],[10.642228,45.963161],[10.642029,45.963054],[10.641943,45.962944],[10.641766,45.962794],[10.641644,45.962651],[10.641414,45.962454],[10.641307,45.962371],[10.640959,45.962204],[10.640725,45.961944],[10.640678,45.961899],[10.640595,45.961889],[10.640586,45.961947],[10.640691,45.962058],[10.640752,45.962255],[10.640896,45.962491],[10.640935,45.962686],[10.640916,45.962816],[10.640895,45.962956],[10.640847,45.96309],[10.640927,45.963312],[10.641043,45.963584],[10.64107,45.963886],[10.641059,45.964014],[10.641156,45.964182],[10.641472,45.964348],[10.641762,45.964677],[10.642019,45.965052],[10.642084,45.965526],[10.642115,45.965703],[10.642081,45.96582],[10.641985,45.965807],[10.641981,45.965697],[10.641945,45.965606],[10.641805,45.965444],[10.641649,45.965329],[10.641505,45.965186],[10.641426,45.965097],[10.641258,45.965004],[10.641032,45.964904],[10.640837,45.964871],[10.640633,45.964891],[10.640422,45.964869],[10.640199,45.964847],[10.639946,45.964792],[10.639648,45.964594],[10.639518,45.964223],[10.639383,45.963923],[10.639075,45.963628],[10.638668,45.963331],[10.638472,45.963244],[10.638299,45.963136],[10.637907,45.963025],[10.637461,45.963014],[10.637139,45.962972],[10.636895,45.962877],[10.636591,45.962845],[10.636268,45.962764],[10.636076,45.96268],[10.636015,45.9626],[10.635848,45.962527],[10.635643,45.962509],[10.635473,45.962425],[10.635294,45.962356],[10.635286,45.962201],[10.635387,45.961957],[10.635318,45.961968],[10.635253,45.962116],[10.635163,45.962226],[10.635131,45.962311],[10.63526,45.962408],[10.635296,45.962623],[10.635435,45.962786],[10.635635,45.962835],[10.635781,45.963006],[10.63583,45.963168],[10.636103,45.963348],[10.636374,45.963591],[10.636577,45.963718],[10.636924,45.96379],[10.637156,45.963863],[10.637303,45.96395],[10.637323,45.964124],[10.637118,45.964304],[10.636954,45.964501],[10.636964,45.964593],[10.636839,45.964766],[10.636736,45.964914],[10.636668,45.965253],[10.636528,45.965488],[10.636481,45.965637],[10.63654,45.965823],[10.636506,45.965948],[10.636533,45.966025],[10.636665,45.966093],[10.636865,45.966302],[10.63676,45.966596],[10.636678,45.966736]]},"properties":{"id":"7d5fdabc-2ffd-46b5-8a81-256ff78ddecc","cls":"track","name":"Strada forestale Spinale","osm":["w1250900514@1","w1250900517@1","w144005001@6"],"sr":[["gravel",0.183894,1.0]],"conn":[["1d36aa09-c655-483d-96f9-61d3c4c51c5f",0.0],["b47a0a05-144f-4ef0-8754-f4157e68f234",0.326771],["50e0c496-a1b2-43c3-a350-a9da2cdcdb0e",1.0]],"access":[{"type":"allowed","when":["foot","bicycle"]},{"type":"allowed","when":["motor_vehicle"]},{"type":"allowed","when":["for_forestry"]}]}},{"type":"Feature","geometry":{"type":"LineString","coordinates":[[10.600016,46.053701],[10.599961,46.053618],[10.599894,46.053532],[10.599571,46.053492],[10.59945,46.053452],[10.59944,46.053342],[10.599428,46.053252],[10.599636,46.053268]]},"properties":{"id":"7d700139-eada-4fa5-a5a2-6ea99f3e83b8","cls":"path","osm":["w38548845@2","w38564598@4","w406213616@2"],"fr":[["is_bridge",0.595388,0.724305]],"conn":[["5b9bd662-8b96-416f-8499-f5c05a244dfe",0.0],["85196573-e466-4567-a149-80f9c6ac1aa8",0.830273],["cfa04b97-6381-4c73-b787-d2064898d2b8",1.0]]}},{"type":"Feature","geometry":{"type":"LineString","coordinates":[[10.475843,45.961168],[10.475778,45.961183],[10.475657,45.961277],[10.475537,45.961366],[10.47544,45.961436],[10.475333,45.961476],[10.475199,45.961455],[10.475145,45.961434],[10.475111,45.961394],[10.475114,45.961257]]},"properties":{"id":"80547d2a-7062-4c5b-8b8c-598b95ee64f6","cls":"path","osm":["w1125189282@1"],"conn":[["abeb9f83-f9dd-4a2c-ba88-a4e693c6f14f",0.0],["0a5ad117-0e6e-4b4f-b4c4-987a9c7ca303",1.0]]}},{"type":"Feature","geometry":{"type":"LineString","coordinates":[[10.591382,46.067621],[10.591313,46.067582],[10.591316,46.067546],[10.591279,46.067489],[10.591289,46.067476],[10.591265,46.067442],[10.591275,46.067415],[10.591253,46.067373],[10.591321,46.067392],[10.591338,46.067361],[10.591334,46.067302],[10.591298,46.067281],[10.59128,46.067219],[10.591338,46.067199],[10.591367,46.067197],[10.591377,46.067175],[10.591363,46.067152],[10.591401,46.067146],[10.591439,46.06709],[10.591532,46.067126],[10.591573,46.067098],[10.591601,46.067033],[10.59159,46.067019],[10.59154,46.067022],[10.591551,46.066988],[10.591623,46.066973],[10.591657,46.066953],[10.591657,46.066926],[10.591698,46.066898],[10.591776,46.066823],[10.591738,46.066809],[10.591764,46.066787],[10.591795,46.066764],[10.591803,46.06674],[10.591859,46.066723],[10.591884,46.066688],[10.591863,46.066646],[10.591909,46.066586],[10.591945,46.066586],[10.591927,46.066557],[10.591943,46.066545],[10.591911,46.066539],[10.591888,46.066522],[10.591931,46.066516],[10.591916,46.066476],[10.59197,46.066471],[10.591992,46.066445],[10.591988,46.066403],[10.592107,46.066368],[10.592149,46.066337],[10.592172,46.06633],[10.592185,46.06628],[10.592261,46.066265],[10.592294,46.066277],[10.592308,46.066298],[10.592363,46.066315],[10.592445,46.066272],[10.59247,46.066297],[10.592526,46.066293],[10.592603,46.06626],[10.592608,46.066211],[10.592687,46.066175],[10.592699,46.066124],[10.59268,46.066116],[10.592658,46.066102],[10.592672,46.066084],[10.59279,46.06609],[10.592829,46.066051],[10.592886,46.066092],[10.592952,46.066075],[10.592956,46.066091],[10.593043,46.066081],[10.593078,46.066081],[10.593099,46.066078],[10.593087,46.066055],[10.593116,46.066046],[10.593124,46.066015],[10.593194,46.066009],[10.593208,46.065985],[10.593306,46.065984],[10.593349,46.066012],[10.593386,46.066001],[10.593387,46.065976],[10.59344,46.065971],[10.593464,46.066006],[10.593566,46.065931],[10.593637,46.065969],[10.593684,46.065962],[10.593693,46.065942],[10.593842,46.06595],[10.593854,46.065929],[10.593978,46.065893],[10.594015,46.065887],[10.594079,46.065843],[10.594136,46.065818],[10.594215,46.065732],[10.594284,46.06574],[10.594333,46.06575],[10.594364,46.065765],[10.594396,46.065751],[10.594403,46.065714],[10.594437,46.065694],[10.594491,46.06561],[10.59452,46.065583],[10.594508,46.065531],[10.594436,46.065507],[10.594472,46.065456],[10.594457,46.065438],[10.594488,46.065425],[10.594475,46.065403],[10.594569,46.065293],[10.594635,46.065279],[10.594727,46.06532],[10.594816,46.06531],[10.594855,46.065291],[10.594905,46.065296],[10.594994,46.065274],[10.595076,46.065171],[10.595114,46.06516],[10.595284,46.065091],[10.595257,46.065062],[10.59532,46.065022],[10.59528,46.064998],[10.595295,46.064865],[10.595275,46.064862],[10.595318,46.064712],[10.595314,46.064688],[10.595329,46.064684],[10.595373,46.064698],[10.595448,46.064669],[10.595513,46.064659],[10.595544,46.064644],[10.595619,46.064537],[10.595609,46.064518],[10.595571,46.064515],[10.595606,46.064466],[10.595633,46.064443],[10.595604,46.064415],[10.59567,46.064414],[10.595725,46.064383],[10.595782,46.064398],[10.595789,46.064361],[10.595817,46.064343],[10.595806,46.064318],[10.595767,46.064315],[10.595642,46.064261],[10.595562,46.064174],[10.59556,46.064149],[10.595586,46.064123],[10.595693,46.06411],[10.595703,46.064062],[10.595733,46.064074],[10.595762,46.064067],[10.595752,46.064036],[10.595883,46.064081],[10.595898,46.064069],[10.595835,46.064041],[10.595845,46.064022],[10.59598,46.064082],[10.596028,46.064086],[10.596026,46.06404],[10.596086,46.064051],[10.596082,46.064022],[10.596122,46.06404],[10.596139,46.064012],[10.596168,46.064014],[10.596201,46.063998],[10.596166,46.06396],[10.596233,46.063947],[10.59625,46.063931],[10.596294,46.063931],[10.596334,46.063888],[10.596301,46.063868],[10.59642,46.063858],[10.596437,46.063846],[10.596401,46.06384],[10.596406,46.06383],[10.596442,46.063829],[10.596459,46.063814],[10.596494,46.063819],[10.596495,46.063803],[10.596578,46.063804],[10.596627,46.063777],[10.596656,46.063773],[10.596655,46.063755],[10.596616,46.063734],[10.596657,46.063723],[10.596624,46.063713],[10.596605,46.063693],[10.596666,46.063685],[10.596706,46.063655],[10.596663,46.063571],[10.596707,46.063536],[10.596685,46.063506],[10.596766,46.063463],[10.596791,46.063425],[10.596834,46.063412],[10.596765,46.06336],[10.596726,46.063366],[10.596634,46.063335],[10.596607,46.063312],[10.596607,46.063289],[10.596586,46.063279],[10.596621,46.063168],[10.596637,46.063125],[10.596662,46.063079],[10.596626,46.06305],[10.596639,46.063024],[10.596609,46.062995],[10.596537,46.062979],[10.596568,46.062945],[10.596532,46.062921],[10.596533,46.062895],[10.596408,46.062858],[10.596295,46.062831],[10.596303,46.0628],[10.596287,46.062771],[10.596255,46.062776],[10.596216,46.062745],[10.596246,46.06271],[10.596293,46.062688],[10.596293,46.062672],[10.596326,46.062662],[10.596319,46.062644],[10.596269,46.062622],[10.596334,46.062612],[10.596353,46.062584],[10.596348,46.062558],[10.59633,46.062534],[10.596303,46.062517],[10.596313,46.062493],[10.596291,46.062483],[10.59631,46.062471],[10.596307,46.062453],[10.596333,46.06239],[10.596291,46.062379],[10.59638,46.062384],[10.596421,46.062346],[10.596403,46.062329],[10.596421,46.062318],[10.59644,46.062228],[10.596458,46.062101],[10.596426,46.062084],[10.596443,46.062024],[10.596431,46.061958],[10.596417,46.061945],[10.596411,46.061903],[10.596381,46.061898],[10.596369,46.061868],[10.596413,46.061825],[10.59637,46.061808],[10.596344,46.061782],[10.596275,46.061804],[10.596196,46.061812],[10.596064,46.061736],[10.595997,46.061674],[10.595951,46.061665],[10.595933,46.061641],[10.595832,46.06159],[10.595756,46.061549],[10.59582,46.061501],[10.595839,46.061489],[10.595859,46.061433],[10.595825,46.061361],[10.595709,46.06125],[10.595747,46.061209],[10.595778,46.061188],[10.595755,46.061151],[10.595681,46.061117],[10.595648,46.061087],[10.595697,46.061064],[10.595757,46.061033],[10.595817,46.061037],[10.595845,46.061002],[10.595839,46.06095],[10.595861,46.060927],[10.595874,46.06088],[10.59589,46.060842],[10.595874,46.060803],[10.595687,46.060665],[10.595617,46.060577],[10.595544,46.060476],[10.59538,46.060418],[10.595317,46.060348],[10.59527,46.060277],[10.595318,46.060173],[10.595353,46.060142],[10.595328,46.060093],[10.595384,46.06004],[10.595376,46.05997],[10.595441,46.059916],[10.595494,46.05993],[10.595549,46.059905],[10.595681,46.059929],[10.595918,46.060023],[10.596032,46.060042],[10.596099,46.060009],[10.596182,46.060021],[10.59625,46.060008],[10.596306,46.06002],[10.596395,46.059972],[10.596428,46.059909],[10.59636,46.059821],[10.59637,46.059762],[10.596261,46.059711],[10.596278,46.059649],[10.596281,46.059598],[10.596247,46.059568],[10.596287,46.059512],[10.596221,46.059441],[10.596188,46.059337],[10.596253,46.059316],[10.596211,46.059252],[10.596225,46.059088],[10.596173,46.059058],[10.596338,46.058967],[10.596371,46.058942],[10.596374,46.058885]]},"properties":{"id":"80582118-9f20-418a-a445-6900b69f4aef","cls":"path","osm":["w1535747855@1","w1535747856@1","w513872219@6"],"sr":[["unknown",0.0,0.843194],["unpaved",0.843194,1.0]],"conn":[["c404cbb1-c94e-44f6-983c-4bd058a3838e",0.0],["1b32cca7-6c3d-4173-8558-7ca95ff01ec7",1.0]]}},{"type":"Feature","geometry":{"type":"LineString","coordinates":[[10.511762,46.077962],[10.511906,46.077951],[10.51209,46.077937],[10.512444,46.078006],[10.512574,46.078078]]},"properties":{"id":"81e302f3-c31f-4093-9d3e-020bbea484be","cls":"path","osm":["w1419251923@1"],"conn":[["e8ac235d-cde4-4695-bbeb-2681e7bda29f",0.0],["185e6a47-24c9-4aaa-ba92-ff5b3ae11360",0.167377],["a3b9ec28-11c3-41e3-bbe4-962aa1af4a89",1.0]],"access":[{"type":"denied","when":["bicycle"]}]}},{"type":"Feature","geometry":{"type":"LineString","coordinates":[[10.450656,46.063423],[10.451763,46.063316],[10.452524,46.063336],[10.452787,46.06328],[10.453297,46.06305],[10.454164,46.062646],[10.454598,46.062502],[10.454802,46.062331],[10.455189,46.062204],[10.455486,46.062142],[10.455754,46.062027],[10.456073,46.062092],[10.45649,46.062115],[10.456766,46.062109],[10.456923,46.062059],[10.457064,46.061994],[10.457365,46.06195],[10.457467,46.061968],[10.457459,46.062103],[10.457536,46.062319],[10.457722,46.062499],[10.457859,46.062729],[10.45819,46.063027],[10.458318,46.063112],[10.458577,46.063481],[10.458866,46.063658],[10.459151,46.063941],[10.459508,46.064053],[10.459805,46.064189],[10.460005,46.064236],[10.460167,46.064322],[10.460613,46.064404],[10.461004,46.064425],[10.461213,46.064478],[10.461514,46.064437],[10.461829,46.064324],[10.461905,46.064236],[10.462037,46.064198],[10.46242,46.064233],[10.462637,46.06408],[10.46279,46.064109],[10.463159,46.063953],[10.463278,46.063982],[10.463449,46.063979],[10.463525,46.064044],[10.463708,46.064074],[10.463882,46.064],[10.464052,46.064003],[10.464273,46.064095],[10.464418,46.064127],[10.464567,46.064242],[10.464771,46.064395],[10.465043,46.064496],[10.465463,46.064578],[10.465701,46.064552],[10.465965,46.064681],[10.466241,46.06474],[10.466658,46.06474],[10.466938,46.064864],[10.467206,46.064953],[10.467217,46.065077],[10.467144,46.065263],[10.467043,46.0654],[10.467037,46.065505],[10.467144,46.065641],[10.467402,46.065917],[10.467419,46.066116],[10.467542,46.06633]]},"properties":{"id":"833f18b8-8a40-44fc-8313-6589eec9fb70","cls":"path","osm":["w593844188@1"],"conn":[["35604e0f-de63-446e-a81c-b691a6e3269c",0.0],["18bb934e-567a-4db9-8791-4703ee6f01c5",0.050811],["2d5c8d73-3121-431b-b72f-ca71f1a356c9",0.950417],["6a5acbc7-2561-4665-a4ba-c30523d87174",1.0]]}},{"type":"Feature","geometry":{"type":"LineString","coordinates":[[10.603147,46.118084],[10.60321,46.118103],[10.60541,46.118793],[10.606812,46.119102],[10.607208,46.119129],[10.607568,46.119026],[10.607753,46.119096],[10.607889,46.119148],[10.608641,46.119026],[10.60937,46.118992],[10.609464,46.118896],[10.6094,46.118805],[10.609452,46.118629],[10.609638,46.118553],[10.60965,46.118484],[10.609741,46.118443],[10.609771,46.118351],[10.609701,46.118282],[10.609746,46.118145],[10.609803,46.11808],[10.61002,46.118046],[10.610025,46.117962],[10.610227,46.117889],[10.610234,46.117802],[10.610415,46.117783],[10.610641,46.117626],[10.610719,46.117432],[10.610787,46.117416],[10.610831,46.117096],[10.610974,46.116856],[10.611151,46.116707],[10.611262,46.116459],[10.611373,46.116398],[10.611364,46.116329],[10.611701,46.116138],[10.611579,46.115993],[10.611645,46.115826],[10.611827,46.115791],[10.612102,46.115608],[10.612163,46.115498],[10.612475,46.115387],[10.612498,46.115288],[10.612642,46.115219],[10.612693,46.11525],[10.612882,46.115078],[10.612941,46.115101],[10.6132,46.115002],[10.613427,46.115025],[10.613549,46.114971],[10.613459,46.11488],[10.613504,46.11459],[10.6137,46.114613],[10.613733,46.114479],[10.61389,46.114471],[10.61403,46.114384],[10.614246,46.114353],[10.614265,46.1143],[10.614434,46.114315],[10.614687,46.114208],[10.615049,46.114204],[10.615264,46.114098],[10.615563,46.11412],[10.615718,46.11412],[10.616215,46.114059],[10.616651,46.113873],[10.616825,46.113813],[10.617207,46.113669],[10.617475,46.11366],[10.617818,46.113647],[10.617857,46.113682],[10.61801,46.11359],[10.618046,46.113625],[10.618201,46.113506],[10.618519,46.113464],[10.618595,46.113503],[10.61871,46.113503],[10.618859,46.113464],[10.6192,46.113465],[10.619519,46.113482],[10.620014,46.113509],[10.6202,46.113547],[10.620315,46.113588],[10.620474,46.113605],[10.620631,46.113644],[10.620887,46.113735],[10.621128,46.11378],[10.621298,46.113807],[10.621529,46.113808],[10.621654,46.113772],[10.622034,46.113812],[10.622168,46.113777],[10.622189,46.113774]]},"properties":{"id":"84ad6acc-f2a6-4ad7-8be1-3e930257d556","cls":"path","osm":["w294969504@4"],"conn":[["37e7a603-32aa-4594-8c49-a657535985fd",0.0],["845233a6-5052-406c-a56b-a66567025054",1.0]]}},{"type":"Feature","geometry":{"type":"LineString","coordinates":[[10.556868,45.97373],[10.557077,45.973911]]},"properties":{"id":"8536b739-0fbe-4f0b-8688-c85f6df3a994","cls":"track","osm":["w82591994@1"],"conn":[["979762af-12d1-4d04-bb0f-5c10454efd02",0.0],["52039a24-6877-4df4-82f5-89f0cd0c3bc4",1.0]]}},{"type":"Feature","geometry":{"type":"LineString","coordinates":[[10.564158,46.076452],[10.564019,46.076658],[10.563909,46.076845],[10.563791,46.07703],[10.563674,46.077136],[10.563611,46.077255],[10.563263,46.077526],[10.563108,46.077637],[10.56297,46.077804],[10.562772,46.077942],[10.562623,46.078132],[10.562562,46.078301],[10.562412,46.078457],[10.562324,46.078702],[10.562266,46.078747],[10.562222,46.078856],[10.562129,46.078853],[10.56189,46.079071],[10.561858,46.07907],[10.561815,46.07911],[10.561875,46.079173],[10.561885,46.079268],[10.561812,46.079316],[10.56171,46.079267],[10.561614,46.079283],[10.561654,46.079427],[10.561692,46.079484],[10.561705,46.079557],[10.561671,46.079616],[10.561365,46.079686],[10.561292,46.079732],[10.561176,46.079761],[10.561062,46.07994],[10.560864,46.08008],[10.560624,46.080154],[10.560314,46.080211],[10.560192,46.080357],[10.560237,46.080412],[10.560216,46.080506],[10.560252,46.080572],[10.560205,46.080765],[10.560137,46.08088],[10.560134,46.080937],[10.560076,46.081067],[10.560094,46.081204],[10.560059,46.081507],[10.560198,46.081823],[10.560191,46.081913],[10.560349,46.082175],[10.560473,46.082274],[10.560487,46.082525],[10.560509,46.082682],[10.560635,46.082811],[10.560736,46.082888]]},"properties":{"id":"85988f4f-03db-411a-8473-9a625fb00218","cls":"path","osm":["w231869482@6"],"conn":[["bd73a6f8-0e4d-47b9-970f-482b8d037929",0.0],["79c789df-eed3-41f7-ba04-5916b578810d",1.0]]}},{"type":"Feature","geometry":{"type":"LineString","coordinates":[[10.623972,46.045105],[10.62408,46.045196]]},"properties":{"id":"865e6f88-4a6d-406b-9227-85987966510f","cls":"footway","osm":["w503445878@2"],"fr":[["is_bridge",null,null]],"sr":[["unpaved",null,null]],"conn":[["7c66a98a-cb93-4916-a244-cd89f104537b",0.0],["5c9c0e04-911e-4500-8831-b1c5119e03d6",1.0]]}},{"type":"Feature","geometry":{"type":"LineString","coordinates":[[10.452177,45.981629],[10.4522,45.981754],[10.45219,45.981843],[10.452207,45.98187],[10.452252,45.981743],[10.452292,45.98166],[10.452346,45.981587],[10.452396,45.981498],[10.452435,45.981507],[10.452469,45.981534],[10.45249,45.981572],[10.452526,45.981602],[10.452555,45.981603],[10.452615,45.981621],[10.452665,45.981645],[10.452695,45.981686],[10.452699,45.981709],[10.452692,45.981728],[10.452632,45.981815],[10.452626,45.981833],[10.452624,45.981855],[10.452629,45.981873],[10.452639,45.981879],[10.452643,45.981888],[10.45264,45.981897],[10.45263,45.981903],[10.452617,45.981905],[10.452604,45.981902],[10.452584,45.981927],[10.45258,45.981935],[10.452584,45.981985],[10.452582,45.982022],[10.452567,45.982046],[10.452568,45.982079],[10.452608,45.982139],[10.452632,45.982186]]},"properties":{"id":"86dda79f-dbf7-4274-8d03-5f24a063ee7a","cls":"path","osm":["w363478460@1"],"conn":[["c6144244-43cd-4dcc-9dfa-46b1e818f392",0.0],["b8c51ec7-52d9-4cfe-8d76-d821811ab8da",0.429819],["08d0db46-ff23-4952-8d28-2e99e5d5275a",1.0]]}},{"type":"Feature","geometry":{"type":"LineString","coordinates":[[10.493405,45.977661],[10.493364,45.977694],[10.493211,45.977691],[10.493136,45.977704],[10.493081,45.977729],[10.493019,45.977765]]},"properties":{"id":"8716d580-a76b-479f-b68d-5ef007e6a40b","cls":"path","osm":["w1205832428@1"],"conn":[["47090aa8-2433-4f4a-ac2d-601b5021d061",0.0],["1b3d130e-c1aa-4123-99b9-761cca867bd0",1.0]]}},{"type":"Feature","geometry":{"type":"LineString","coordinates":[[10.520409,46.000466],[10.520556,46.000494],[10.520787,46.000326],[10.521019,45.999883],[10.521261,45.999995],[10.521232,45.99984],[10.521465,45.999857],[10.521643,45.999903],[10.521763,45.999829],[10.521902,45.999658],[10.521587,45.999358],[10.521662,45.99928],[10.521691,45.999174],[10.521794,45.999092],[10.522007,45.999074],[10.522177,45.999121]]},"properties":{"id":"8813bfbf-82ad-4da9-add5-f9b89f22469f","cls":"path","osm":["w696236661@2"],"conn":[["fc5ca81b-ecbe-4949-9fe0-0705459d5b58",0.0],["529589d9-3f54-44b3-8baa-8979108f4c1f",0.576908],["4805b7d1-97dd-4e2b-ae71-38c5ca515029",1.0]]}},{"type":"Feature","geometry":{"type":"LineString","coordinates":[[10.538402,45.968037],[10.538415,45.968166],[10.538383,45.968285],[10.538281,45.968419],[10.538124,45.968532],[10.537925,45.968833],[10.538,45.968955],[10.538185,45.969132],[10.538279,45.969416],[10.538088,45.96992],[10.538049,45.970067],[10.538023,45.970115],[10.538028,45.970181],[10.538066,45.970453],[10.537913,45.970799],[10.537724,45.970955],[10.537575,45.971112],[10.537135,45.971398],[10.536918,45.97167],[10.536537,45.972098],[10.536291,45.972222],[10.536093,45.972306],[10.535771,45.972357],[10.535556,45.972297],[10.53539,45.972293],[10.535214,45.972313],[10.535166,45.972403],[10.535256,45.972487],[10.535502,45.972516],[10.536237,45.972523],[10.536815,45.972442],[10.537377,45.972321],[10.537881,45.972227],[10.538109,45.972222],[10.538356,45.972276],[10.538419,45.972341],[10.538366,45.972414],[10.538235,45.97245],[10.537874,45.972499],[10.537712,45.972566],[10.537884,45.972685],[10.537959,45.972767],[10.537927,45.972845],[10.537852,45.972905],[10.537723,45.97289],[10.53756,45.972862],[10.53746,45.972886],[10.537414,45.97294],[10.537329,45.973106],[10.537247,45.973154],[10.537061,45.973156],[10.536736,45.973119],[10.536541,45.973162],[10.536434,45.9732],[10.536423,45.973256],[10.536554,45.973309],[10.5366,45.973401],[10.536552,45.973538],[10.536485,45.973646],[10.536388,45.973693],[10.536176,45.973514],[10.536017,45.973486],[10.535823,45.973504]]},"properties":{"id":"8893f96b-672c-4f83-b17c-6821caa19317","cls":"track","osm":["w82509668@11"],"sr":[["paved",null,null]],"conn":[["f346f743-50a3-49c2-aa6c-6cb1854e72ec",0.0],["00f58bf9-a558-4dae-99d9-519127e8fc7d",0.501421],["e6c480d5-1cd5-4e1c-8829-52167ea7c59f",1.0]],"access":[{"type":"allowed","when":["motor_vehicle"]}]}},{"type":"Feature","geometry":{"type":"LineString","coordinates":[[10.444669,46.00749],[10.444574,46.007485],[10.44408,46.007292],[10.443698,46.007013],[10.443319,46.006479],[10.443183,46.006342],[10.442915,46.006222],[10.442665,46.005925],[10.442274,46.005666],[10.442148,46.005602],[10.441999,46.005546],[10.44195,46.005518],[10.441916,46.005491],[10.441886,46.005432],[10.441807,46.005335],[10.441745,46.00523],[10.441731,46.005179],[10.44153,46.004955],[10.441431,46.004837],[10.441369,46.004738],[10.441317,46.004674],[10.441259,46.004648],[10.441219,46.004605],[10.441003,46.004469],[10.440365,46.00405],[10.440314,46.003908],[10.440212,46.00381],[10.440097,46.003722],[10.439846,46.003547],[10.439815,46.003464],[10.439773,46.003394],[10.439684,46.003337],[10.439663,46.003272],[10.439607,46.002807],[10.439488,46.002687],[10.439387,46.002461],[10.439033,46.00217],[10.438577,46.001853],[10.438478,46.001819],[10.43826,46.001839],[10.43787,46.001669],[10.437802,46.001598],[10.437576,46.001483],[10.43747,46.001374],[10.437214,46.001298],[10.437078,46.001066],[10.437066,46.000848],[10.436967,46.000738],[10.436887,46.000501],[10.436555,46.000233],[10.436461,46.00013],[10.436388,46.000031],[10.43592,45.999753],[10.435818,45.99975],[10.435419,45.99975],[10.435043,45.999671],[10.434775,45.999504],[10.434328,45.999336],[10.433671,45.999339],[10.433268,45.999163],[10.432893,45.998694],[10.432616,45.998561],[10.432484,45.998534],[10.431965,45.998277],[10.431769,45.998123],[10.431696,45.998094],[10.431569,45.99812],[10.431445,45.998108],[10.431266,45.997996],[10.431245,45.997904],[10.430934,45.997676],[10.430789,45.99744],[10.430717,45.997384],[10.430598,45.99733],[10.430542,45.997255]]},"properties":{"id":"889467f8-1563-4a7c-8202-8894e75c1997","cls":"path","osm":["w1123889568@2","w421692663@5"],"sr":[["unpaved",0.227796,1.0]],"conn":[["3a53d9d7-7b35-486e-805e-90a0c94418cf",0.0],["c5c5c871-9edd-42f8-905e-a63894bc6a5a",0.401809],["fde45cf1-1cb1-4213-aa9d-4d551b1ca7d5",1.0]]}},{"type":"Feature","geometry":{"type":"LineString","coordinates":[[10.496817,46.084475],[10.496954,46.084619],[10.497015,46.084699],[10.497034,46.084727],[10.497042,46.084759],[10.497038,46.084784],[10.496989,46.084885],[10.496984,46.084916],[10.496986,46.08499],[10.497019,46.085123],[10.497008,46.085241],[10.496968,46.085326],[10.496985,46.08546],[10.497042,46.085574],[10.49709,46.085617],[10.497149,46.085643],[10.497185,46.085676],[10.497228,46.085752],[10.497247,46.0858],[10.497246,46.085822],[10.497239,46.085879],[10.497243,46.085909],[10.497254,46.085939],[10.497286,46.08598],[10.497302,46.086051],[10.497369,46.086117],[10.497376,46.08615],[10.497392,46.086319],[10.497413,46.086502],[10.49742,46.086599],[10.497436,46.086637],[10.497466,46.086684],[10.497517,46.086737],[10.497537,46.086775],[10.497541,46.086836],[10.497535,46.08688],[10.497538,46.086909],[10.497557,46.086939],[10.497799,46.087148],[10.497905,46.087265],[10.497948,46.087301],[10.497979,46.087344],[10.498111,46.087429],[10.498139,46.087454],[10.498302,46.087678],[10.498333,46.087751],[10.498353,46.087778],[10.498487,46.087837],[10.498559,46.087877],[10.498693,46.087984],[10.498804,46.088035],[10.499026,46.088168],[10.49907,46.088198],[10.49913,46.088238],[10.499246,46.088358],[10.499338,46.088432],[10.499461,46.088575],[10.499782,46.088791],[10.499944,46.088874],[10.499991,46.088907],[10.500023,46.088948],[10.50002,46.088993],[10.500045,46.089036],[10.500103,46.089082],[10.500142,46.089098],[10.50018,46.089104],[10.500215,46.089128],[10.500354,46.089318],[10.500455,46.089381],[10.500485,46.089407],[10.500498,46.089436],[10.5005,46.089467],[10.500546,46.089587],[10.500671,46.089782],[10.50069,46.089828],[10.500713,46.089973],[10.500709,46.090017],[10.500739,46.090117],[10.500735,46.090175],[10.500749,46.090314],[10.500826,46.090488],[10.500846,46.090553],[10.50091,46.090667],[10.500974,46.090711],[10.501065,46.090761],[10.501092,46.090787],[10.501119,46.090829],[10.501133,46.090889],[10.501182,46.090955],[10.501209,46.091012],[10.501247,46.09105],[10.501269,46.091114],[10.501336,46.091195],[10.501447,46.091293],[10.501541,46.091341],[10.501605,46.091362],[10.501737,46.091387],[10.501841,46.091425],[10.501935,46.091477],[10.501985,46.091512],[10.502217,46.091614],[10.502459,46.091784],[10.502493,46.091839],[10.502555,46.091886],[10.502688,46.091952],[10.502728,46.09199],[10.502774,46.092055],[10.50277,46.09217],[10.502746,46.092343],[10.502734,46.092362],[10.502692,46.092527],[10.502639,46.092634],[10.502636,46.092698],[10.502651,46.092739],[10.502598,46.092816],[10.502589,46.092884],[10.502595,46.092982],[10.502646,46.093096],[10.502667,46.093177],[10.502698,46.093238],[10.502689,46.093325],[10.502705,46.093347],[10.502738,46.093361],[10.502748,46.093427],[10.502738,46.093476],[10.502783,46.09365],[10.502798,46.09374],[10.50288,46.093937],[10.502963,46.094079],[10.50309,46.094238],[10.50313,46.09431],[10.503179,46.094378],[10.503272,46.094535],[10.503344,46.094678],[10.503385,46.094782],[10.503463,46.094873],[10.503575,46.094922],[10.50363,46.094966],[10.503733,46.095026],[10.503763,46.095067],[10.503772,46.095143],[10.50379,46.095174],[10.503955,46.095302],[10.504089,46.095408],[10.504103,46.095426],[10.504098,46.095459],[10.504117,46.095476],[10.504141,46.095477],[10.504183,46.095476],[10.504213,46.09548],[10.504318,46.095548],[10.504391,46.095579],[10.504452,46.095588],[10.50457,46.095653],[10.504964,46.0958],[10.505296,46.095951],[10.505424,46.096033],[10.505468,46.096049],[10.505507,46.09605],[10.505546,46.096045],[10.5057,46.095969],[10.505727,46.095954],[10.505764,46.095918],[10.505831,46.095905],[10.505888,46.095902],[10.505995,46.095939],[10.50605,46.095925],[10.506125,46.095926],[10.506194,46.095961],[10.506264,46.096016],[10.506344,46.096052],[10.506456,46.096135],[10.506597,46.0962],[10.506671,46.09627],[10.506732,46.096307],[10.506833,46.096346],[10.506903,46.096362],[10.506952,46.096409],[10.507023,46.09652],[10.507073,46.096547],[10.507189,46.09659],[10.507263,46.096639],[10.50737,46.096748],[10.507464,46.096868],[10.507668,46.097156],[10.507901,46.097384],[10.508056,46.097489],[10.508176,46.097525],[10.508228,46.097567],[10.508401,46.097752],[10.508494,46.097911],[10.508569,46.097945],[10.508895,46.098052],[10.509347,46.098242],[10.509587,46.098381],[10.509859,46.098516],[10.50997,46.098581],[10.510091,46.098599],[10.510259,46.098663],[10.510399,46.098769],[10.510453,46.098799],[10.510576,46.098823],[10.510626,46.098854],[10.510698,46.098914],[10.510817,46.098955],[10.510844,46.098991],[10.510901,46.099055],[10.511028,46.099131],[10.511127,46.099157],[10.511186,46.099193],[10.51127,46.099254],[10.511314,46.099263],[10.511347,46.099259],[10.511357,46.099249],[10.511374,46.099231],[10.511518,46.099267],[10.511684,46.099304],[10.511923,46.099443],[10.512016,46.099459],[10.512083,46.099481],[10.512304,46.09961],[10.512507,46.099748],[10.512781,46.09989],[10.512994,46.100028],[10.51312,46.100173],[10.5132,46.100284],[10.51325,46.100325],[10.513338,46.100352],[10.513444,46.100363],[10.513604,46.100353],[10.513725,46.100367],[10.513913,46.100415],[10.514318,46.100577],[10.514582,46.1007],[10.514741,46.10078],[10.514908,46.100938],[10.515066,46.101034],[10.51531,46.101199],[10.515413,46.10129],[10.515468,46.101366],[10.515537,46.10142],[10.515633,46.101455],[10.515749,46.101473],[10.515871,46.101467],[10.516012,46.101449],[10.516094,46.101451],[10.516551,46.101515],[10.516738,46.101534],[10.516955,46.101545],[10.51709,46.101586],[10.517205,46.101635],[10.517308,46.101687],[10.517398,46.10176],[10.517449,46.101847],[10.517499,46.10187],[10.517582,46.101877],[10.517623,46.101896],[10.517779,46.10203],[10.517849,46.102075],[10.517973,46.102096],[10.518045,46.102138],[10.51835,46.10238],[10.518484,46.102451],[10.518651,46.102513],[10.518863,46.102626],[10.518904,46.102682],[10.519135,46.10287],[10.519545,46.103095],[10.519568,46.103167],[10.519634,46.103221],[10.519713,46.103246],[10.51978,46.103324],[10.519971,46.103411],[10.520056,46.103518],[10.520191,46.103602],[10.520342,46.103702],[10.520461,46.103831],[10.520596,46.103916],[10.520777,46.103984],[10.520917,46.104173],[10.521218,46.104315],[10.521515,46.104501],[10.52155,46.10459],[10.521579,46.104655],[10.521612,46.104699],[10.521616,46.10473],[10.521591,46.10478],[10.521571,46.104807],[10.521599,46.104837],[10.521663,46.104858],[10.521725,46.104884],[10.521752,46.104912],[10.521762,46.104954],[10.52176,46.104991],[10.521859,46.105052],[10.522014,46.105142],[10.522075,46.105208],[10.522101,46.10526],[10.52217,46.105413],[10.522254,46.105491],[10.522267,46.10561],[10.522299,46.105688],[10.52237,46.105768],[10.522497,46.105852],[10.522775,46.106037],[10.522804,46.106073],[10.522857,46.106184],[10.5229,46.106251],[10.522968,46.106322],[10.523039,46.106348],[10.523072,46.106406],[10.523115,46.106432],[10.523469,46.106767],[10.52359,46.106825],[10.523683,46.106848],[10.524743,46.107988],[10.524859,46.108323],[10.524979,46.108598]]},"properties":{"id":"88d8e231-8859-44d9-a978-1d4479703f74","cls":"path","osm":["w40824292@6"],"conn":[["111d4ebd-0272-4b58-9b9b-544db572b017",0.0],["cc2b41fc-3a2f-4361-86fc-7f728babac1f",0.783984],["b508a16a-725e-4a55-9b5a-f6b6c7970690",0.798985],["90751c16-77b0-4d4e-ad17-97886a83c471",1.0]]}},{"type":"Feature","geometry":{"type":"LineString","coordinates":[[10.52966,45.98894],[10.529772,45.989053],[10.529811,45.98906],[10.529943,45.989108],[10.530261,45.989201],[10.530467,45.989276],[10.530597,45.989433]]},"properties":{"id":"89aa2cf8-08c3-4a7f-803e-21ffba4fd18e","cls":"path","osm":["w241101044@5","w241101054@1"],"fr":[["is_bridge",0.0,0.160707]],"conn":[["c348ffbf-d119-4f73-844d-7a7c18b5d4e0",0.0],["bc42fbee-4959-4434-9da6-8b4dec3c132d",1.0]],"access":[{"type":"denied","when":null},{"type":"allowed","when":["foot"]},{"type":"denied","when":["bicycle"]}]}},{"type":"Feature","geometry":{"type":"LineString","coordinates":[[10.609919,46.04915],[10.609698,46.049227],[10.609538,46.049335],[10.609358,46.049364],[10.609252,46.049307],[10.609007,46.049408],[10.608731,46.04956],[10.608514,46.04977],[10.60833,46.049843],[10.608166,46.050046]]},"properties":{"id":"89e17274-7f90-4196-b62f-8c50405cf208","cls":"path","osm":["w972950753@1"],"conn":[["60b1af8a-a151-4dc2-92dc-b59f6c6222ba",0.0],["ce63c6c8-9fae-48be-a750-a7629d2fb024",1.0]]}},{"type":"Feature","geometry":{"type":"LineString","coordinates":[[10.612614,46.07951],[10.612546,46.079466],[10.61242,46.07942],[10.612251,46.079389],[10.61204,46.079377],[10.611919,46.079386],[10.611847,46.079397],[10.611768,46.079402],[10.611636,46.079395],[10.61159,46.079388],[10.611557,46.079367],[10.611405,46.079341],[10.611301,46.0793],[10.611227,46.079242],[10.611147,46.07921],[10.610896,46.079168],[10.610744,46.079082],[10.610566,46.078975],[10.610494,46.078932],[10.610369,46.078939],[10.610242,46.078945],[10.610156,46.078944],[10.610119,46.078923],[10.61007,46.078866],[10.610001,46.07884],[10.609981,46.078836],[10.609916,46.078771],[10.60987,46.078765],[10.609788,46.078775],[10.60972,46.078758],[10.609703,46.078728],[10.609675,46.078658],[10.60959,46.078648],[10.609523,46.078631],[10.609422,46.07855],[10.609313,46.078478],[10.609234,46.078452],[10.609177,46.078449],[10.609119,46.078458],[10.609034,46.078454],[10.608854,46.078413],[10.608703,46.078348],[10.60864,46.078324],[10.608545,46.078318],[10.608417,46.078268],[10.608368,46.078233],[10.608248,46.07822],[10.608179,46.078193],[10.607851,46.078007],[10.607658,46.077908],[10.60752,46.077891],[10.607415,46.077889],[10.607342,46.077856],[10.607224,46.077862],[10.607145,46.077828],[10.606937,46.077825],[10.60678,46.077783],[10.606687,46.07778],[10.606576,46.077693],[10.606513,46.077678],[10.606462,46.077628],[10.606395,46.077642],[10.606251,46.077686],[10.606162,46.077634],[10.605909,46.077536],[10.605838,46.077483],[10.605627,46.077468],[10.605534,46.077498],[10.605363,46.077483],[10.60527,46.077488],[10.605153,46.077458],[10.605047,46.077471],[10.604992,46.077467],[10.60493,46.077481],[10.60481,46.077417],[10.604741,46.077405],[10.60468,46.07734],[10.604605,46.077273],[10.604398,46.07717],[10.604358,46.077093],[10.604293,46.077031],[10.604238,46.076984],[10.60423,46.076946],[10.604165,46.076939],[10.604119,46.076924],[10.604023,46.076863],[10.603936,46.076797],[10.603845,46.076702],[10.603667,46.076648],[10.603531,46.07656],[10.603521,46.076512],[10.6032,46.076378],[10.602979,46.076312],[10.602902,46.076243],[10.602803,46.07624],[10.602529,46.076102],[10.602363,46.07599],[10.602083,46.075901],[10.601931,46.075852],[10.601826,46.075793],[10.60171,46.075742],[10.60157,46.075667],[10.601384,46.075592],[10.601023,46.07544],[10.600731,46.07529],[10.600482,46.075195],[10.600257,46.075103],[10.600028,46.075001],[10.599936,46.074956],[10.599728,46.07489],[10.599565,46.074818],[10.599464,46.074733],[10.599275,46.074705],[10.599201,46.074714],[10.598982,46.074644],[10.598799,46.074609],[10.59869,46.074615],[10.598558,46.074564],[10.598479,46.074565],[10.598341,46.074511],[10.59825,46.07445],[10.598154,46.074387],[10.598088,46.074366],[10.59809,46.074342],[10.598268,46.074335],[10.598296,46.074322],[10.598361,46.074333],[10.598335,46.07429],[10.598201,46.074247],[10.598152,46.074229],[10.598049,46.074159],[10.598008,46.074153],[10.59799,46.074201],[10.597887,46.074066],[10.597735,46.073973],[10.597627,46.073927],[10.597494,46.073906],[10.597404,46.073873],[10.597347,46.073878],[10.597187,46.073862],[10.597153,46.073834],[10.596808,46.073833],[10.596786,46.073824],[10.596697,46.073793],[10.59666,46.073792],[10.596675,46.073768],[10.596715,46.073774],[10.596802,46.0737],[10.596806,46.073657],[10.596754,46.073625],[10.596666,46.073619],[10.596654,46.073571],[10.596604,46.07354],[10.596551,46.073574],[10.596403,46.073596],[10.59633,46.073581],[10.596287,46.073609],[10.596139,46.07366],[10.595947,46.073651],[10.595687,46.073727],[10.595645,46.073729],[10.595606,46.073702],[10.59543,46.073776],[10.595353,46.073781],[10.595347,46.073731],[10.595395,46.073636],[10.595371,46.073577],[10.595588,46.073474],[10.595693,46.073439],[10.595744,46.073442],[10.595778,46.073406],[10.59591,46.073385],[10.595971,46.073349],[10.595924,46.073298],[10.595908,46.073274],[10.59587,46.073301],[10.595726,46.073283],[10.595712,46.073242],[10.59577,46.073225],[10.595793,46.073177],[10.595748,46.073172],[10.595622,46.07317],[10.595584,46.073163],[10.595578,46.073135],[10.595643,46.073131],[10.595707,46.0731],[10.595716,46.07306],[10.595628,46.073062],[10.595529,46.073044],[10.595584,46.073021],[10.59545,46.07298],[10.59533,46.072961],[10.594929,46.072934],[10.594876,46.072917],[10.594779,46.072931],[10.594716,46.072914],[10.594635,46.072893],[10.59458,46.072893],[10.594629,46.072871],[10.59444,46.072868],[10.594333,46.072834],[10.594187,46.072783],[10.594009,46.072791],[10.593875,46.072848],[10.593733,46.072947],[10.593522,46.073042],[10.593465,46.073056],[10.593427,46.073037],[10.593362,46.073044],[10.593238,46.072965],[10.592965,46.073018],[10.592849,46.073021],[10.592792,46.072987],[10.592772,46.072902],[10.592729,46.072859],[10.592744,46.0728],[10.592634,46.072871],[10.592606,46.0729],[10.592537,46.072878],[10.592448,46.072955],[10.592368,46.072962],[10.592291,46.072885],[10.592257,46.072945],[10.59218,46.072961],[10.592164,46.073035],[10.592133,46.073076],[10.592107,46.07306],[10.592024,46.073142],[10.591967,46.073132],[10.591929,46.073114],[10.591878,46.073152],[10.591823,46.073211],[10.591785,46.073361],[10.591685,46.073422],[10.591647,46.073512],[10.591641,46.073594],[10.591596,46.07362],[10.591325,46.073522],[10.591164,46.073675],[10.591138,46.073556],[10.591049,46.073643],[10.591029,46.073693],[10.590889,46.073608],[10.590868,46.073705],[10.590862,46.07382],[10.590818,46.07381],[10.590728,46.07376],[10.590641,46.073703],[10.590542,46.073675],[10.590524,46.07373],[10.590477,46.07374],[10.590404,46.073736],[10.590276,46.0737],[10.590191,46.073685],[10.590128,46.07365],[10.590065,46.07366],[10.589942,46.073568],[10.589842,46.073592],[10.589745,46.073644],[10.589636,46.073585],[10.589536,46.073571],[10.589472,46.073622],[10.589445,46.073717],[10.589303,46.073717],[10.589293,46.073758],[10.589232,46.073762],[10.589157,46.073785],[10.589074,46.07376],[10.588908,46.07376],[10.588843,46.07373],[10.588847,46.073766],[10.588754,46.073764],[10.588715,46.073757],[10.588673,46.07372],[10.588539,46.073688],[10.588452,46.073679],[10.588348,46.073639],[10.588255,46.073665],[10.588036,46.073675],[10.587973,46.073637],[10.58786,46.073599],[10.587811,46.073592],[10.58773,46.073508],[10.587667,46.073506],[10.58757,46.073482],[10.587402,46.073508],[10.587278,46.07348],[10.58711,46.073506],[10.58699,46.073541],[10.586937,46.073585],[10.586795,46.073571],[10.586763,46.073586],[10.586587,46.073535],[10.586514,46.07353],[10.5865,46.073564],[10.586443,46.073546],[10.586384,46.073551],[10.58625,46.073495],[10.586143,46.073447],[10.586116,46.073468],[10.586027,46.073392],[10.585916,46.073405],[10.585857,46.073397],[10.585691,46.073201],[10.585603,46.073103],[10.585565,46.073082],[10.585532,46.072986],[10.585417,46.073177],[10.585277,46.073052],[10.585255,46.073122],[10.585211,46.073115],[10.585159,46.073053],[10.585097,46.073134],[10.585111,46.073156],[10.585085,46.073166],[10.58504,46.073107],[10.584967,46.073104],[10.584967,46.072963],[10.584878,46.072972],[10.584874,46.072952],[10.584916,46.072865],[10.584943,46.072876],[10.584877,46.072781],[10.584881,46.072688],[10.584902,46.072623],[10.584907,46.072389],[10.584736,46.072434],[10.58474,46.072352],[10.584683,46.072263],[10.584612,46.072207],[10.584608,46.07213],[10.584485,46.072068],[10.584418,46.072082],[10.584353,46.072047],[10.584297,46.071936],[10.584305,46.071885],[10.584239,46.071798],[10.584271,46.071745],[10.584274,46.0717],[10.584256,46.071672],[10.584309,46.071596],[10.584324,46.071582],[10.584306,46.071561],[10.584361,46.071526]]},"properties":{"id":"8b7ed89b-104a-40f2-8808-872582bd4dc9","cls":"path","osm":["w513564738@6"],"conn":[["532040ab-9d4f-452b-bb21-221342a03330",0.0],["0a372d18-9705-4c77-89df-dbda2da4023e",1.0]]}},{"type":"Feature","geometry":{"type":"LineString","coordinates":[[10.53059,45.978683],[10.530645,45.97867],[10.531129,45.978569],[10.531248,45.978573],[10.53138,45.978606],[10.531577,45.978604],[10.531689,45.978595],[10.531835,45.97855],[10.532095,45.978385],[10.532372,45.978274],[10.532578,45.978113],[10.533554,45.977323],[10.533675,45.977245]]},"properties":{"id":"8c389073-c168-4af8-8c2f-5c144a42a667","cls":"path","osm":["w513838844@3"],"conn":[["34d0e520-a08c-494c-9f91-64ce61e8b4c3",0.0],["8c8f7770-10d3-4c7b-a9ce-eaa0da7a6555",1.0]]}},{"type":"Feature","geometry":{"type":"LineString","coordinates":[[10.603545,46.023714],[10.602712,46.023669],[10.602228,46.023668],[10.601793,46.023764],[10.601602,46.02384],[10.601425,46.023837],[10.600939,46.023829],[10.600293,46.023896],[10.600029,46.023807]]},"properties":{"id":"8c674068-a38a-458a-a278-c53017ea021a","cls":"track","osm":["w59700856@6"],"conn":[["cba2941e-4b3d-4835-9048-49233e46b8ec",0.0],["469ec159-4f54-4658-862c-6971dfdc93e1",0.602571],["618fc207-4183-4d37-9c3c-e5e139209d8e",1.0]],"access":[{"type":"allowed","when":["foot"]},{"type":"denied","when":["motor_vehicle"]}]}},{"type":"Feature","geometry":{"type":"LineString","coordinates":[[10.564935,46.128798],[10.564948,46.12888],[10.564924,46.128968],[10.564865,46.129007],[10.56481,46.129026],[10.564788,46.12906],[10.564808,46.129188],[10.564803,46.129355],[10.564775,46.129425],[10.564835,46.129457],[10.564885,46.129557],[10.56489,46.129699],[10.564899,46.129726],[10.564928,46.129822],[10.564834,46.129918],[10.564926,46.130063],[10.565029,46.130247],[10.565089,46.130432],[10.565148,46.13055],[10.56516,46.130669],[10.565197,46.130719],[10.565197,46.130778],[10.565136,46.130838],[10.565156,46.130888],[10.565136,46.130942],[10.565141,46.130983],[10.565118,46.131037],[10.56518,46.131108],[10.56515,46.13122],[10.565153,46.131286],[10.565224,46.131302],[10.56525,46.131383],[10.565248,46.13157],[10.565281,46.131657],[10.565293,46.131728],[10.565304,46.131793],[10.565259,46.131873],[10.565235,46.13194],[10.565259,46.13209],[10.565259,46.132133],[10.565186,46.132272],[10.565192,46.132367],[10.565237,46.132408],[10.565186,46.13246],[10.565165,46.132627],[10.565219,46.132685],[10.565224,46.132713],[10.565304,46.132759],[10.565321,46.1328],[10.565454,46.132929],[10.565506,46.133038],[10.565514,46.133133],[10.565479,46.133233],[10.565518,46.133505],[10.565519,46.133514],[10.565514,46.133848],[10.565503,46.134005],[10.565437,46.134102],[10.565417,46.134191],[10.565409,46.134276],[10.56543,46.134386],[10.565371,46.134492],[10.565398,46.134624],[10.565335,46.13466],[10.565361,46.134839],[10.565366,46.134988],[10.56539,46.135064],[10.565353,46.135142],[10.565371,46.135185],[10.565361,46.135269],[10.56548,46.135552],[10.565503,46.135722],[10.565473,46.135813],[10.565447,46.135878],[10.565444,46.13593],[10.565449,46.136055],[10.5655,46.136122],[10.56557,46.136179],[10.565613,46.136233],[10.565677,46.136278],[10.565699,46.136363],[10.565683,46.136399],[10.565634,46.136441],[10.565364,46.136553],[10.565337,46.136609],[10.565283,46.136713],[10.565275,46.136817],[10.565245,46.136923],[10.565229,46.136992],[10.565233,46.137064],[10.565235,46.137099],[10.565224,46.137231],[10.565326,46.1374],[10.565219,46.137473],[10.56509,46.137696],[10.565093,46.137763],[10.565192,46.137867],[10.565205,46.137904],[10.565235,46.137986],[10.565227,46.138129],[10.56531,46.138263],[10.565247,46.138385],[10.565299,46.138508],[10.565272,46.138575],[10.565294,46.138621],[10.56531,46.138694],[10.565353,46.13872],[10.565369,46.138779],[10.565412,46.13883],[10.565417,46.138872],[10.565334,46.139029],[10.565315,46.139114],[10.565369,46.139168],[10.565401,46.139224],[10.565361,46.139259],[10.565353,46.139365],[10.565366,46.139486],[10.565321,46.139545],[10.565278,46.139623],[10.565224,46.139681],[10.565224,46.139725],[10.565259,46.139796],[10.565264,46.139878],[10.56539,46.140026],[10.565471,46.14007],[10.565648,46.140186],[10.565656,46.140233],[10.565651,46.140298],[10.565691,46.140428],[10.565651,46.140519],[10.565621,46.140605],[10.565637,46.140677],[10.565747,46.140818],[10.565827,46.140852],[10.565825,46.140915],[10.565878,46.140946],[10.565865,46.140974],[10.565992,46.141038],[10.565974,46.141065],[10.565862,46.141097],[10.565968,46.141147],[10.565868,46.141165],[10.565838,46.141191],[10.565895,46.141208],[10.565928,46.141232],[10.566108,46.141241],[10.566278,46.141262],[10.566361,46.141285],[10.566432,46.141356],[10.566522,46.14139],[10.566574,46.141441],[10.566542,46.141461],[10.566533,46.141475],[10.56655,46.141507],[10.566459,46.141526],[10.56641,46.141576],[10.566483,46.141611],[10.566581,46.141639],[10.566741,46.141657],[10.566816,46.141641],[10.566867,46.141643],[10.566975,46.141615],[10.567063,46.141655],[10.566962,46.141708],[10.566911,46.14175],[10.566733,46.141795],[10.566648,46.141827],[10.566493,46.141843],[10.56624,46.141896],[10.566235,46.141923],[10.56621,46.141986],[10.566144,46.142004],[10.56609,46.142038],[10.565997,46.142051],[10.565928,46.142063],[10.565874,46.142099],[10.565948,46.142138],[10.565917,46.142181],[10.56592,46.142227],[10.566002,46.142244],[10.566015,46.142268],[10.566003,46.14229],[10.565983,46.142319],[10.565987,46.14234],[10.566,46.142402],[10.566001,46.142413],[10.566002,46.142473],[10.565964,46.142522],[10.565908,46.142528],[10.565841,46.142562],[10.565685,46.142621],[10.565673,46.14264],[10.565653,46.142688],[10.565648,46.142731],[10.565599,46.142753],[10.565617,46.142825],[10.565608,46.142878],[10.565638,46.14291],[10.565696,46.14293],[10.565693,46.142972],[10.565614,46.143079],[10.565618,46.143117],[10.56561,46.143164],[10.565579,46.143273],[10.565616,46.14328],[10.565596,46.143367],[10.565605,46.143435],[10.565571,46.143479],[10.565528,46.14349],[10.565479,46.143565],[10.565605,46.143662],[10.565624,46.143732],[10.565663,46.143745],[10.565701,46.143796],[10.565779,46.143832],[10.565844,46.143857],[10.565857,46.143953],[10.56583,46.143973],[10.56579,46.143991],[10.565748,46.14401],[10.565716,46.144041],[10.565645,46.14405],[10.565557,46.144061],[10.565565,46.144138],[10.565531,46.144179],[10.565597,46.144216],[10.565577,46.144244],[10.565531,46.144254],[10.565457,46.144329],[10.565459,46.144374],[10.565575,46.144414],[10.565549,46.144459],[10.565601,46.144484],[10.56568,46.144462],[10.56577,46.144472],[10.565916,46.144499],[10.565943,46.144526],[10.565936,46.144549],[10.565865,46.144573],[10.565732,46.144671],[10.565651,46.1447],[10.565573,46.144756],[10.56553,46.144769],[10.565465,46.144804],[10.56542,46.144849],[10.56535,46.144869],[10.565339,46.144916],[10.565259,46.144949],[10.565221,46.145068],[10.565286,46.145076],[10.565331,46.145131],[10.56527,46.145172],[10.56516,46.145212],[10.565201,46.145232],[10.565185,46.145251],[10.565229,46.145273],[10.565279,46.14538],[10.565274,46.145425],[10.565349,46.145445],[10.565335,46.145489],[10.565426,46.145543],[10.565507,46.145531],[10.565582,46.14553],[10.565587,46.145585],[10.565592,46.145629],[10.565634,46.145685],[10.565704,46.14572],[10.565775,46.145762],[10.565912,46.145808],[10.566057,46.145811],[10.566176,46.145798],[10.566282,46.145834],[10.566325,46.145892],[10.566481,46.145981],[10.566655,46.146031],[10.566723,46.146092],[10.566837,46.146101],[10.566891,46.146175],[10.567025,46.146217],[10.568467,46.147046],[10.568678,46.147133],[10.570215,46.148376],[10.571824,46.149304],[10.573087,46.150353],[10.573838,46.151232],[10.57431,46.151891],[10.573588,46.153213],[10.572741,46.156547],[10.570389,46.159153],[10.570618,46.161496],[10.571012,46.161902],[10.570249,46.162478],[10.569053,46.164118],[10.568801,46.164708],[10.567174,46.165543],[10.566949,46.166083],[10.566958,46.166423],[10.566944,46.166534],[10.56696,46.166595],[10.566932,46.166637],[10.566855,46.166656],[10.566648,46.16674],[10.566544,46.166825],[10.566487,46.166909],[10.566433,46.16692]]},"properties":{"id":"8e2efcb0-ec45-44d9-b216-c805c6216c30","cls":"path","osm":["w1114952450@2","w1114952453@1","w1114952454@3","w1114952457@2","w1211195352@1","w376734326@9","w513044396@7"],"sr":[["unknown",0.505237,1.0]],"conn":[["cb53ef0f-7c2a-4ed4-948f-d771349bd6ed",0.0],["f6a8da0c-a546-4343-935a-b0a43684e954",0.347592],["0f135689-86e7-43ef-b98b-8ce183032f8a",1.0]]}},{"type":"Feature","geometry":{"type":"LineString","coordinates":[[10.552238,45.975036],[10.552203,45.975134],[10.552104,45.975247],[10.551951,45.975377],[10.551936,45.97546],[10.55198,45.975575],[10.552071,45.975696],[10.552283,45.975828],[10.552503,45.975916],[10.552782,45.975967],[10.553098,45.975991],[10.553597,45.976003],[10.553954,45.976024],[10.554073,45.976031],[10.554124,45.976056],[10.554132,45.976098],[10.554092,45.976166],[10.553981,45.976269],[10.55392,45.976357],[10.553939,45.976419],[10.554052,45.976445],[10.554679,45.976456],[10.554921,45.97648],[10.554987,45.976509],[10.555025,45.976569],[10.555019,45.976699]]},"properties":{"id":"8f0eedce-a815-4db7-aef2-fd417804f2f3","cls":"track","osm":["w82783955@1"],"conn":[["5ed4bab8-ea5e-45cc-b092-7944a530d4b8",0.0],["4aa34069-3600-426d-bb0f-d03f6ef5bd37",1.0]]}},{"type":"Feature","geometry":{"type":"LineString","coordinates":[[10.630762,45.969786],[10.630609,45.969804],[10.630489,45.969819],[10.630319,45.969787],[10.630209,45.969785],[10.630253,45.969874],[10.630214,45.969933],[10.630282,45.970126],[10.630247,45.970393],[10.630297,45.970714],[10.630381,45.970942],[10.630404,45.971204],[10.630382,45.971339],[10.630399,45.971484],[10.63032,45.971692],[10.63027,45.97195],[10.630188,45.972129],[10.630278,45.972267],[10.630332,45.972319],[10.630365,45.972406],[10.630342,45.97249],[10.630177,45.9726],[10.629939,45.97289],[10.629805,45.972999],[10.629749,45.973096],[10.629618,45.973219],[10.629424,45.97348],[10.629306,45.973583],[10.629226,45.973738],[10.629075,45.973888],[10.628974,45.974116],[10.628701,45.974277],[10.628439,45.974409],[10.628233,45.97454],[10.628153,45.974624]]},"properties":{"id":"8f34129b-84a4-4b72-ac86-f4bef321350e","cls":"path","osm":["w351914476@2"],"conn":[["222154e8-de8a-4089-8de8-731632c7a118",0.0],["d086bc81-8729-46b4-94a0-ae1e1c88b4bf",1.0]]}},{"type":"Feature","geometry":{"type":"LineString","coordinates":[[10.549723,46.0277],[10.549816,46.027821],[10.54986,46.027926],[10.549941,46.028007],[10.549986,46.028071],[10.550017,46.028205],[10.55004,46.028292],[10.550206,46.028354],[10.550395,46.028399],[10.550565,46.028406],[10.5507,46.028461],[10.550857,46.028552],[10.550969,46.028647],[10.551052,46.028681],[10.551152,46.028733],[10.551102,46.02884],[10.551067,46.028981],[10.551092,46.029021],[10.551087,46.02912],[10.551175,46.029264],[10.551237,46.029309],[10.551398,46.029301],[10.551642,46.029295],[10.551865,46.029344],[10.552043,46.029324],[10.552184,46.029366],[10.552287,46.029491],[10.552381,46.029611],[10.552513,46.029743],[10.552701,46.029816],[10.552812,46.029953],[10.552803,46.030067],[10.552836,46.030191],[10.552941,46.030326],[10.55307,46.030399],[10.553243,46.03045],[10.553437,46.030444],[10.553592,46.030423],[10.553783,46.030487],[10.553894,46.030592],[10.553871,46.030704],[10.553847,46.030831],[10.554111,46.030871],[10.554258,46.030967],[10.554378,46.031045],[10.554505,46.031089],[10.554604,46.031095],[10.554736,46.031179],[10.554854,46.031311],[10.554974,46.031421],[10.554986,46.031521],[10.555071,46.031641],[10.555053,46.031778],[10.555115,46.031849],[10.555217,46.031985],[10.555317,46.032112],[10.555431,46.032234],[10.555543,46.032328],[10.555559,46.032558],[10.555604,46.032655],[10.555781,46.032744],[10.555905,46.032862],[10.556013,46.032991],[10.556154,46.033124],[10.556353,46.033242],[10.556461,46.033276],[10.556623,46.033285],[10.556806,46.03338],[10.556897,46.03349],[10.557059,46.033553],[10.557241,46.033668],[10.557324,46.033795],[10.557424,46.033916],[10.55761,46.034002],[10.557847,46.034132],[10.557901,46.034166],[10.557859,46.034224],[10.557934,46.034331],[10.558087,46.034397],[10.558216,46.034503],[10.558232,46.034602],[10.558301,46.03469],[10.558782,46.035324],[10.559368,46.035735],[10.559753,46.036112],[10.560147,46.036425],[10.561167,46.03733],[10.561796,46.037684],[10.5623,46.037988],[10.562941,46.038241],[10.563065,46.038727],[10.563529,46.03892],[10.564635,46.039895],[10.565009,46.040029],[10.565339,46.040496],[10.565907,46.040869],[10.566361,46.04084],[10.56675,46.041187],[10.566967,46.041452],[10.567108,46.041529],[10.567441,46.041659]]},"properties":{"id":"8fd06401-3cfa-4ac9-a789-2d1feac926ee","cls":"path","osm":["w228420331@3","w229281219@5","w231868027@3"],"conn":[["7be269c9-8f12-4625-8eaa-443f650ab7ac",0.0],["98513ce5-6a76-4390-a575-92e927ac2777",1.0]]}},{"type":"Feature","geometry":{"type":"LineString","coordinates":[[10.562526,46.084338],[10.562587,46.084353],[10.562654,46.084377],[10.562674,46.084414],[10.562698,46.084449],[10.562719,46.084521],[10.562832,46.084572],[10.56295,46.084734],[10.56302,46.084848],[10.563073,46.084914],[10.563105,46.08507],[10.563103,46.08519],[10.563224,46.085299],[10.563257,46.085377],[10.563233,46.085473],[10.56329,46.085533],[10.563298,46.085595],[10.563365,46.085651],[10.563397,46.085676],[10.563419,46.085712],[10.563405,46.08587],[10.563432,46.086004],[10.563546,46.086092],[10.563524,46.08611],[10.563584,46.086164],[10.563631,46.086193],[10.563797,46.086267],[10.563928,46.086365],[10.564114,46.086416],[10.564186,46.086453],[10.564301,46.086518],[10.564355,46.086621],[10.564438,46.086669],[10.564567,46.086751],[10.564578,46.086799],[10.56468,46.08687],[10.564767,46.086934],[10.564846,46.087064],[10.56494,46.087149],[10.564935,46.08721],[10.565,46.087272],[10.565127,46.087325],[10.565263,46.087435],[10.565344,46.087497],[10.56539,46.087589],[10.565444,46.087741],[10.565495,46.087776],[10.5655,46.087845],[10.565546,46.087877],[10.565712,46.088049],[10.565787,46.088163],[10.565854,46.088355],[10.565934,46.088402],[10.565947,46.088474],[10.56597,46.088543],[10.566026,46.088626],[10.566069,46.088684],[10.56608,46.088765],[10.566196,46.088849],[10.566264,46.088964],[10.566366,46.089043],[10.5664,46.089116],[10.566388,46.08918],[10.566345,46.089264],[10.566302,46.089311],[10.5663,46.089404],[10.566322,46.089503],[10.566404,46.089884],[10.56647,46.090079],[10.566483,46.090191],[10.566509,46.090356],[10.56655,46.090402],[10.566589,46.09054]]},"properties":{"id":"903d8819-a2ea-4c06-87a7-4388ff8cdc5c","cls":"path","osm":["w229003180@11","w972952539@3","w972952540@1"],"fr":[["is_bridge",0.279681,0.289063]],"conn":[["a85cf3b5-9941-446a-b990-143fc540a581",0.0],["30558efa-49ea-4dd9-8a91-ac65c1297edb",0.024208],["2d1e400a-2d48-421c-985b-16271a2d984a",1.0]]}},{"type":"Feature","geometry":{"type":"LineString","coordinates":[[10.486869,46.083628],[10.486976,46.083657],[10.487134,46.083744],[10.487259,46.083736],[10.487322,46.083675],[10.487412,46.08362],[10.487563,46.083575],[10.487922,46.083495],[10.488124,46.083448],[10.488189,46.083497],[10.488416,46.083409],[10.488615,46.083362],[10.488875,46.083256]]},"properties":{"id":"9138a60b-924c-4f4a-bc96-1c2ff9481b64","cls":"path","osm":["w1124221764@1","w1124221765@1","w40824150@9"],"fr":[["is_bridge",0.192507,0.240027]],"sr":[["unpaved",null,null]],"conn":[["f916efdf-43fb-4fc6-861c-95565f67ec50",0.0],["2789b60f-9ca0-4e9d-b001-fdc5d20f73e5",1.0]]}},{"type":"Feature","geometry":{"type":"LineString","coordinates":[[10.452523,45.986624],[10.452605,45.986707]]},"properties":{"id":"92a2f1a0-5f14-4c90-ac6e-12f0975a101c","cls":"path","osm":["w1124673812@1"],"conn":[["120563a1-89ce-481b-902f-5302a7fa5aaf",0.0],["d8e2ab28-634d-4368-ba23-9ac8735fe8d1",1.0]]}},{"type":"Feature","geometry":{"type":"LineString","coordinates":[[10.521461,46.102821],[10.521546,46.102857],[10.521574,46.102866],[10.52162,46.102884],[10.521679,46.102909],[10.521705,46.102918],[10.521756,46.102917],[10.521804,46.102924],[10.521818,46.102953],[10.521856,46.10295],[10.521911,46.10295],[10.521957,46.102941],[10.52199,46.102941],[10.522094,46.102958],[10.522158,46.102957],[10.522197,46.102947],[10.522237,46.102983],[10.522354,46.102999],[10.522431,46.102998],[10.522471,46.103016],[10.522535,46.103015],[10.522665,46.103031],[10.522679,46.103058],[10.522743,46.103039],[10.522834,46.103038],[10.522899,46.103046],[10.52295,46.103045],[10.523015,46.103035],[10.523117,46.10298],[10.523143,46.10298],[10.523234,46.103015],[10.523313,46.103049],[10.52343,46.103093],[10.523482,46.103083],[10.523508,46.103092],[10.523547,46.103091],[10.523598,46.103064],[10.523611,46.103073],[10.52365,46.103081],[10.523701,46.103071],[10.523714,46.103053],[10.523804,46.103025],[10.523855,46.103015],[10.523906,46.102997],[10.523971,46.102987],[10.524021,46.10295],[10.52406,46.102941],[10.524138,46.102948],[10.524202,46.102921],[10.524254,46.10292],[10.524279,46.102911],[10.524408,46.102882],[10.52446,46.102881],[10.524485,46.102863],[10.524496,46.102809],[10.524521,46.102763],[10.524572,46.102736],[10.524623,46.102726],[10.52461,46.102708],[10.524648,46.102672],[10.52466,46.102644],[10.524711,46.102608],[10.524762,46.10258],[10.52478,46.102573],[10.524826,46.10257],[10.524866,46.102588],[10.524956,46.102587],[10.524981,46.102568],[10.524981,46.10255],[10.525006,46.102523],[10.525109,46.102513],[10.525134,46.102485],[10.525231,46.10249],[10.525217,46.102437],[10.525203,46.102384],[10.525214,46.10236],[10.525249,46.102349],[10.525261,46.102313],[10.525312,46.102285],[10.525283,46.102249],[10.525321,46.102231],[10.525372,46.102185],[10.525462,46.102184],[10.525475,46.102157],[10.525505,46.10211],[10.525488,46.102074],[10.525491,46.102055],[10.525464,46.101992],[10.52545,46.101974],[10.52545,46.101935],[10.525436,46.101911],[10.525448,46.101893],[10.525465,46.101824],[10.525517,46.101832],[10.525555,46.101805],[10.525594,46.101804],[10.525583,46.101751],[10.52566,46.101739],[10.525634,46.101722],[10.525607,46.101686],[10.525749,46.101666],[10.525722,46.101639],[10.525706,46.101593],[10.525739,46.101591],[10.52577,46.101584],[10.525811,46.101602],[10.525798,46.101576],[10.525785,46.101567],[10.525758,46.101531],[10.525757,46.101504],[10.525704,46.101466],[10.525708,46.101404],[10.525765,46.101403],[10.525857,46.101417],[10.52592,46.101422],[10.525907,46.10135],[10.52588,46.101303],[10.525867,46.101265],[10.52589,46.101238],[10.525905,46.101213],[10.525967,46.10125],[10.526123,46.1013],[10.526181,46.101304],[10.526175,46.101267],[10.526148,46.101219],[10.526147,46.101172],[10.526121,46.101154],[10.526106,46.101091],[10.526171,46.10109],[10.526239,46.101119],[10.526278,46.101118],[10.526291,46.101127],[10.526339,46.101135],[10.52638,46.101139],[10.526379,46.101112],[10.526339,46.101067],[10.526357,46.101027],[10.526332,46.101013],[10.526334,46.100952],[10.526381,46.100965],[10.526414,46.100967],[10.526454,46.100968],[10.526466,46.100926],[10.526456,46.100867],[10.526515,46.100885],[10.526542,46.10088],[10.52654,46.100826],[10.52657,46.100837],[10.526589,46.100819],[10.526614,46.100841],[10.526623,46.100823],[10.52664,46.100824],[10.526653,46.100832],[10.526744,46.10084],[10.526753,46.100833],[10.526765,46.100769],[10.526779,46.100731],[10.526855,46.100685],[10.526854,46.10065],[10.526897,46.100647],[10.526895,46.100599],[10.526977,46.100588],[10.526993,46.100575],[10.526984,46.10052],[10.526952,46.100468],[10.526937,46.100399],[10.526964,46.100382],[10.526963,46.100352],[10.527005,46.100356],[10.527019,46.100333],[10.527025,46.100307],[10.527013,46.100282],[10.526981,46.100275],[10.52698,46.100257],[10.526941,46.10023],[10.526901,46.100186],[10.526896,46.100024],[10.526918,46.100011],[10.526936,46.099964],[10.52694,46.09991],[10.526948,46.099877],[10.526974,46.09985],[10.526978,46.099885],[10.527002,46.09991],[10.527017,46.09994],[10.527026,46.099986],[10.527053,46.1],[10.527049,46.09997],[10.527042,46.099935],[10.52706,46.099958],[10.527083,46.099966],[10.527117,46.099943],[10.527081,46.099921],[10.527094,46.099866],[10.527166,46.099836],[10.527178,46.099818],[10.527205,46.099854],[10.527256,46.099817],[10.527293,46.099763],[10.527307,46.099798],[10.527331,46.099775],[10.52736,46.099816],[10.527378,46.099841],[10.5274,46.099906],[10.527421,46.09989],[10.527469,46.099871],[10.527519,46.099834],[10.52757,46.099806],[10.527596,46.099788],[10.527609,46.099788],[10.527634,46.099779],[10.527662,46.099815],[10.527645,46.099837],[10.527656,46.099883],[10.527677,46.099904],[10.527691,46.09994],[10.527782,46.099975],[10.527833,46.099938],[10.527858,46.099935],[10.52789,46.099944],[10.527981,46.09997],[10.52802,46.099987],[10.528058,46.10001],[10.528111,46.100073],[10.528125,46.100072],[10.528165,46.100117],[10.52819,46.100116],[10.528217,46.100143],[10.528282,46.100151],[10.528309,46.100187],[10.528348,46.100204],[10.528362,46.100231],[10.528415,46.100284],[10.528494,46.100337],[10.528548,46.1004],[10.528588,46.100462],[10.528667,46.100506],[10.528758,46.100541],[10.528772,46.10055],[10.528823,46.100549],[10.52885,46.100567],[10.528863,46.100584],[10.528969,46.100655],[10.528994,46.100637],[10.529124,46.10068],[10.529138,46.100698],[10.529218,46.100769],[10.529244,46.100804],[10.529288,46.100816],[10.529335,46.100803],[10.529412,46.100793],[10.529476,46.100774],[10.529516,46.100783],[10.529581,46.100818],[10.529607,46.100826],[10.529621,46.100853],[10.529725,46.100879],[10.529739,46.100897],[10.529842,46.100895],[10.529907,46.100903],[10.529974,46.100983],[10.530053,46.101036],[10.530131,46.101044],[10.530132,46.101071],[10.530235,46.101052],[10.530287,46.101078],[10.530365,46.101104],[10.530391,46.101095],[10.530456,46.101121],[10.530484,46.101166],[10.530524,46.10121],[10.530549,46.10121],[10.530576,46.101236],[10.53059,46.101263],[10.530616,46.101281],[10.530745,46.101312],[10.530827,46.101385],[10.530861,46.101456],[10.531009,46.101613],[10.531049,46.101631],[10.531102,46.101666],[10.531114,46.101666],[10.531141,46.101693],[10.531142,46.10172],[10.531194,46.101737],[10.531207,46.101746],[10.531259,46.101745],[10.531363,46.10178],[10.531416,46.101815],[10.531417,46.101851],[10.531431,46.101887],[10.53147,46.101904],[10.531522,46.101904],[10.531574,46.101921],[10.531588,46.101939],[10.531627,46.101956],[10.531667,46.101983],[10.531719,46.102009],[10.531784,46.102017],[10.531836,46.102034],[10.531862,46.102034],[10.531888,46.102043],[10.53194,46.102042],[10.532031,46.102059],[10.532122,46.102085],[10.532187,46.102084],[10.532252,46.10211],[10.532291,46.102109],[10.532382,46.102126],[10.532435,46.102143],[10.532474,46.102152],[10.532538,46.10216],[10.532564,46.102151],[10.53259,46.10215],[10.532616,46.102168],[10.532694,46.102185],[10.53272,46.102176],[10.532772,46.102193],[10.532837,46.102201],[10.532903,46.102245],[10.532955,46.102244],[10.532994,46.102253],[10.5331,46.102342],[10.533165,46.102359],[10.533217,46.102367],[10.533309,46.102411],[10.533335,46.102428],[10.533336,46.102455],[10.533388,46.102482],[10.53344,46.10249],[10.533467,46.102508],[10.53361,46.102551],[10.533715,46.102603],[10.533845,46.102629],[10.534043,46.102761],[10.534135,46.102796],[10.534277,46.102795],[10.534462,46.102797],[10.534566,46.102813],[10.534657,46.102839],[10.534736,46.102865],[10.534775,46.1029],[10.534892,46.102899],[10.534918,46.102908],[10.534957,46.102934],[10.535047,46.102906],[10.535125,46.102914],[10.535177,46.10294],[10.535268,46.10293],[10.535307,46.102956],[10.535424,46.102973],[10.535568,46.103007],[10.535632,46.103006],[10.535646,46.103024],[10.535711,46.10305],[10.535751,46.103076],[10.535802,46.103067],[10.535815,46.103076],[10.535881,46.103102],[10.535895,46.103137],[10.535974,46.103181],[10.536001,46.103235],[10.536094,46.103324],[10.53616,46.103359],[10.536213,46.103403],[10.536264,46.103411],[10.536318,46.103465],[10.536396,46.1035],[10.536475,46.103544],[10.536502,46.103579],[10.536541,46.10357],[10.536606,46.103578],[10.536672,46.103622],[10.536762,46.103603],[10.53684,46.103629],[10.536959,46.103726],[10.537076,46.103752],[10.53718,46.103759],[10.537258,46.103785],[10.537364,46.103856],[10.537416,46.103882],[10.537534,46.103916],[10.537573,46.103934],[10.537626,46.103987],[10.537665,46.104005],[10.537704,46.103995],[10.537757,46.10403],[10.537823,46.104084],[10.537849,46.104092],[10.537916,46.104163],[10.537968,46.104171],[10.53793,46.104199],[10.537945,46.104271],[10.537958,46.104271],[10.537998,46.104324],[10.538051,46.104359],[10.538077,46.104395],[10.538078,46.104413],[10.538117,46.104422],[10.538092,46.104467],[10.538134,46.104547],[10.538134,46.104574],[10.538173,46.104583],[10.5382,46.104609],[10.538252,46.104627],[10.538331,46.104671],[10.538408,46.104756],[10.538474,46.104791],[10.5385,46.104818],[10.538604,46.104834],[10.53863,46.104834],[10.538696,46.104878],[10.538813,46.104912],[10.538879,46.104956],[10.53897,46.104982],[10.53901,46.105009],[10.53905,46.105044],[10.539115,46.105061],[10.539128,46.105079],[10.539168,46.105106],[10.539181,46.105123],[10.539234,46.105168],[10.539339,46.105193],[10.539442,46.105192],[10.539481,46.1052],[10.53961,46.105181],[10.539688,46.105188],[10.539715,46.105215],[10.539727,46.105197],[10.539895,46.105204],[10.539897,46.105249],[10.539923,46.105257],[10.539936,46.105275],[10.539962,46.105284],[10.540014,46.105292],[10.540027,46.105283],[10.540054,46.105319],[10.540028,46.105328],[10.540029,46.105373],[10.540044,46.105418],[10.540078,46.105426],[10.540083,46.105457],[10.540122,46.105466],[10.540185,46.10548],[10.54023,46.105492],[10.540288,46.105496],[10.540341,46.105491],[10.540365,46.105485],[10.54042,46.105479],[10.540498,46.105469],[10.540541,46.105507],[10.540597,46.10551],[10.540654,46.105499],[10.540706,46.105516],[10.540823,46.105532],[10.540863,46.105568],[10.540915,46.105567],[10.540947,46.105584],[10.540945,46.105619],[10.540959,46.105655],[10.540972,46.105673],[10.541064,46.105716],[10.541065,46.105761],[10.541118,46.105788],[10.541158,46.105859],[10.541183,46.10588],[10.541222,46.105923],[10.541287,46.105922],[10.541326,46.10594],[10.541474,46.105935],[10.541508,46.105964],[10.541521,46.105973],[10.541535,46.106009],[10.541536,46.106045],[10.541562,46.106044],[10.541642,46.106124],[10.541721,46.106177],[10.541683,46.106214],[10.541723,46.106258],[10.541815,46.106302],[10.541841,46.10632],[10.541867,46.10631],[10.541907,46.106337],[10.541945,46.106309],[10.541957,46.106291],[10.541996,46.1063],[10.542049,46.106335],[10.542088,46.106352],[10.542116,46.106406],[10.542129,46.106406],[10.542158,46.1064],[10.542193,46.106396],[10.542219,46.106396],[10.542233,46.106406],[10.542236,46.10642],[10.542275,46.106437],[10.54229,46.106429],[10.542313,46.106442],[10.542327,46.106437],[10.54234,46.106456]]},"properties":{"id":"9624b352-61c2-4407-9b74-d79bdf3d6484","cls":"path","osm":["w1125192288@3"],"conn":[["6cd99a19-937d-4981-8d18-4cde0fb32030",0.0],["f51db2a7-86e7-4f31-9a97-d25732589483",1.0]]}},{"type":"Feature","geometry":{"type":"LineString","coordinates":[[10.501941,46.123855],[10.501931,46.123813],[10.501931,46.123717],[10.501948,46.123652],[10.501941,46.123604],[10.501819,46.123505],[10.501769,46.123519],[10.501736,46.123523]]},"properties":{"id":"96e88221-46da-4fc9-8e9c-75069e518739","cls":"path","osm":["w836216114@2","w836547740@2"],"sr":[["unpaved",null,null]],"conn":[["4e0d13b6-036b-4ab2-a099-484b31d38b1b",0.0],["05669e13-5d50-4668-961b-a813c2ee6a84",1.0]]}},{"type":"Feature","geometry":{"type":"LineString","coordinates":[[10.600225,46.057559],[10.600192,46.057602],[10.600099,46.05761],[10.600055,46.057653],[10.600014,46.057678],[10.600012,46.057741],[10.599951,46.057752],[10.599892,46.057853],[10.599807,46.057901],[10.599802,46.057929],[10.599714,46.057973],[10.59965,46.057995],[10.599617,46.058048],[10.599571,46.058067],[10.599574,46.058097],[10.599533,46.058155],[10.599548,46.058178],[10.599509,46.058194],[10.599523,46.058211],[10.599492,46.05825],[10.599458,46.058255],[10.599436,46.058248],[10.599426,46.058265],[10.599438,46.058284],[10.599436,46.058394],[10.59939,46.05867],[10.599285,46.058713],[10.599223,46.058778],[10.599174,46.05879],[10.599126,46.058778],[10.5989,46.058647],[10.598721,46.058511],[10.598624,46.058501],[10.598474,46.058566],[10.598443,46.058599],[10.598385,46.058633],[10.598385,46.058675],[10.59836,46.058729],[10.598277,46.058825],[10.598202,46.058916],[10.597893,46.059054],[10.597657,46.059029],[10.597486,46.058962],[10.597397,46.058948],[10.597297,46.058983],[10.596702,46.058988],[10.596374,46.058885],[10.596032,46.058851],[10.595823,46.058722],[10.595568,46.058573],[10.595456,46.058551],[10.595189,46.058678],[10.595109,46.058683],[10.594769,46.058531],[10.594691,46.058443],[10.594508,46.058408],[10.594196,46.058311],[10.593768,46.058244],[10.593633,46.058266],[10.593551,46.058359],[10.593352,46.058395],[10.593319,46.058378],[10.593291,46.058363],[10.593148,46.058406],[10.59298,46.058395],[10.59291,46.058421],[10.592861,46.058478],[10.592731,46.058491],[10.59254,46.058389],[10.592446,46.05832],[10.592271,46.058238],[10.592253,46.058201],[10.592126,46.05816],[10.592036,46.058158],[10.591861,46.058294],[10.591831,46.058357],[10.591652,46.058469],[10.591585,46.058611],[10.59151,46.058682],[10.591373,46.058726],[10.591247,46.058692],[10.591207,46.058758],[10.591056,46.058815],[10.590909,46.058802],[10.590629,46.058923],[10.590469,46.05892],[10.590346,46.058907],[10.590163,46.058847],[10.589973,46.058892],[10.589739,46.058836],[10.58964,46.058882],[10.589538,46.058909],[10.589388,46.058894],[10.589302,46.058927],[10.589214,46.058927],[10.589085,46.058959],[10.588819,46.059042],[10.588438,46.059224],[10.588283,46.059279],[10.588125,46.059165],[10.588048,46.059201],[10.58791,46.059171],[10.587773,46.059206],[10.587789,46.059249],[10.587674,46.059238],[10.587567,46.059271],[10.587532,46.05932],[10.587441,46.059342],[10.587454,46.059379],[10.587352,46.059376],[10.587296,46.059407],[10.587304,46.059446],[10.587266,46.059485],[10.587138,46.059474],[10.587041,46.059517],[10.58688,46.059543],[10.586851,46.059666],[10.586813,46.059683],[10.586821,46.059848],[10.586687,46.059886],[10.586668,46.059953],[10.586564,46.059982],[10.586548,46.060023],[10.586427,46.060016],[10.586387,46.060074],[10.586328,46.060088],[10.586269,46.060146],[10.586172,46.060176],[10.585837,46.060083],[10.585569,46.060042],[10.585451,46.059973],[10.585225,46.059886],[10.585123,46.059832],[10.585018,46.059727],[10.584772,46.059677],[10.584587,46.059556],[10.584493,46.059556],[10.584281,46.059526],[10.584107,46.0595],[10.583887,46.059497],[10.583728,46.059441],[10.583661,46.059368],[10.583509,46.059355],[10.583267,46.059229],[10.583222,46.059165],[10.582988,46.059199],[10.582859,46.0591],[10.582696,46.059052],[10.582618,46.059091],[10.582567,46.0591],[10.582524,46.059135],[10.582396,46.059165],[10.582194,46.059251],[10.582149,46.059309],[10.581993,46.059361],[10.581822,46.059364],[10.581728,46.059415],[10.581674,46.059426],[10.581561,46.059413],[10.5815,46.059433],[10.58125,46.059398],[10.581164,46.059329],[10.581081,46.059294],[10.580891,46.059271],[10.580668,46.05942],[10.58051,46.059407],[10.580432,46.059364],[10.580279,46.059377],[10.580231,46.059366],[10.580169,46.0594],[10.580054,46.059404],[10.579912,46.059344],[10.579737,46.059245],[10.579335,46.059208],[10.579249,46.05924],[10.579147,46.059204],[10.579013,46.059206],[10.578882,46.059325],[10.578777,46.059464],[10.578683,46.059428],[10.578506,46.059216],[10.578461,46.05921],[10.578367,46.059134],[10.578219,46.059113],[10.578128,46.059002],[10.578139,46.05892],[10.578005,46.058866],[10.577883,46.058767],[10.57772,46.058895],[10.577621,46.05892],[10.577538,46.058972],[10.577338,46.058978],[10.577112,46.058968],[10.576787,46.058827],[10.576689,46.058833],[10.576615,46.058895],[10.576524,46.058903],[10.576379,46.058873],[10.57627,46.058815],[10.575931,46.058678],[10.575961,46.058447],[10.575913,46.058372],[10.575754,46.058357],[10.575754,46.058263],[10.575521,46.058123],[10.575471,46.058003],[10.5754,46.057916],[10.575124,46.057791]]},"properties":{"id":"9704ab9e-90c3-4479-8dc3-acca28a2b06c","cls":"path","osm":["w367464098@10","w972950755@2","w972950756@2"],"sr":[["unpaved",0.073171,1.0]],"conn":[["37700704-0ab6-4ba2-acc3-69fed17c565a",0.0],["1b32cca7-6c3d-4173-8558-7ca95ff01ec7",0.176651],["0a142cb3-eab9-4872-bb90-f92d518246ee",1.0]]}},{"type":"Feature","geometry":{"type":"LineString","coordinates":[[10.610096,46.020566],[10.609848,46.020583],[10.609183,46.020569],[10.608799,46.020548],[10.60805,46.020629],[10.607461,46.020726],[10.607116,46.020713],[10.607027,46.020762]]},"properties":{"id":"977f65d1-d876-42b8-9db0-d7b741142a32","cls":"track","osm":["w1212116531@1"],"sr":[["unpaved",null,null]],"conn":[["091014ae-1e45-4eba-ab37-fb5bec84e413",0.0],["d2eccdae-7899-45c4-b9dc-3f2e43391c22",1.0]]}},{"type":"Feature","geometry":{"type":"LineString","coordinates":[[10.478985,46.043455],[10.479122,46.043462],[10.47919,46.043498],[10.479268,46.043516],[10.479359,46.043532],[10.479522,46.043552],[10.479571,46.04352],[10.479623,46.043505],[10.479684,46.043498],[10.479753,46.043455],[10.479834,46.043441],[10.479906,46.043444],[10.479964,46.043457],[10.479994,46.043484],[10.480081,46.043464],[10.48015,46.043466],[10.480254,46.04345],[10.480325,46.043396],[10.480358,46.043356],[10.480436,46.043304],[10.480459,46.043231],[10.48052,46.043152],[10.480559,46.043107],[10.480696,46.043026],[10.480761,46.042983],[10.480868,46.042947],[10.480992,46.042929],[10.481125,46.042904],[10.481225,46.042945],[10.481184,46.043009],[10.481012,46.043084],[10.48098,46.043106],[10.480971,46.043188],[10.480984,46.043205],[10.481009,46.043208],[10.481046,46.043198],[10.481097,46.04317],[10.481226,46.043154],[10.481286,46.043135],[10.481359,46.043098],[10.48159,46.043086],[10.481741,46.043185],[10.481725,46.043309],[10.481741,46.043383],[10.481879,46.043424],[10.482013,46.043428],[10.482045,46.043441],[10.482011,46.043533],[10.481969,46.04371],[10.481964,46.043845]]},"properties":{"id":"97bf2a6b-8175-477a-8602-8b56d6a1061b","cls":"path","osm":["w1425311733@2"],"conn":[["dca02179-b276-4b3f-ba6e-b346e8048edc",0.0],["93e9afe8-48d9-4fa1-a5b0-005de74d07f7",1.0]]}},{"type":"Feature","geometry":{"type":"LineString","coordinates":[[10.560736,46.082888],[10.560938,46.083016],[10.561032,46.083097],[10.561169,46.083111],[10.561683,46.083395],[10.561721,46.083464],[10.561853,46.083503],[10.561936,46.083557],[10.562062,46.083574],[10.562173,46.083704],[10.562164,46.083856],[10.562274,46.083895],[10.562335,46.084104],[10.562398,46.084182],[10.562408,46.084281],[10.562458,46.084317],[10.562497,46.084339]]},"properties":{"id":"9805f991-eaf1-4133-b371-ddff3ac2c53f","cls":"path","osm":["w972951047@2"],"conn":[["79c789df-eed3-41f7-ba04-5916b578810d",0.0],["1052d448-f1b6-409e-9c9d-7039e88bd955",1.0]]}},{"type":"Feature","geometry":{"type":"LineString","coordinates":[[10.500087,46.041185],[10.499998,46.041188],[10.499988,46.041047],[10.500012,46.040817],[10.499964,46.040662],[10.49993,46.040622],[10.500001,46.04058],[10.500112,46.040534],[10.500143,46.040486],[10.500122,46.040456],[10.500043,46.040436],[10.499938,46.040359],[10.499891,46.040178],[10.499819,46.039837],[10.499612,46.039652],[10.499367,46.039535],[10.499254,46.03927],[10.499146,46.039075],[10.498935,46.03896],[10.498483,46.038781],[10.498138,46.038673],[10.497746,46.038527],[10.497478,46.038291],[10.497252,46.038102],[10.496773,46.037921]]},"properties":{"id":"982a6648-7f9a-4f41-b316-0a1da9f7f3fa","cls":"path","osm":["w1176912802@1","w1176912803@1","w1176912804@1"],"conn":[["2e961a43-beba-4114-a8f1-72b6ff7ce845",0.0],["b18e0fff-7ff8-46ef-bc8b-0a8f882c7373",0.140385],["a9f0e80a-db27-4eda-b39d-063dc2658496",0.345877],["658d6777-c523-410f-9d0e-d90ce8ee58f2",1.0]]}},{"type":"Feature","geometry":{"type":"LineString","coordinates":[[10.474791,46.113934],[10.474213,46.113222],[10.47421,46.113014]]},"properties":{"id":"983470f7-46cc-464c-93e0-0841ee2ddb77","cls":"path","osm":["w38533063@2"],"conn":[["345d9400-1339-4689-803b-b8700dd568ff",0.0],["37572f25-1d23-4d54-b501-578c2f6017a8",1.0]]}},{"type":"Feature","geometry":{"type":"LineString","coordinates":[[10.44065,46.083579],[10.441575,46.083442],[10.441849,46.083243],[10.441869,46.083081],[10.441839,46.082854],[10.441454,46.082388],[10.441329,46.082097],[10.440995,46.080915],[10.440647,46.080092],[10.440121,46.079579],[10.440167,46.079562],[10.439874,46.079094],[10.439076,46.078877],[10.437958,46.077999],[10.437524,46.077533],[10.43742,46.077128],[10.437054,46.076499],[10.436862,46.076307],[10.435714,46.076142],[10.435723,46.076078],[10.435734,46.075996],[10.436452,46.07572],[10.436519,46.075694],[10.436514,46.075499],[10.434384,46.074675]]},"properties":{"id":"99bd85a8-9dbb-4098-b90c-eabf3c2ebf4f","cls":"path","osm":["w40824149@9"],"conn":[["3fa61d58-555e-464c-8c6c-0c7358d1e03f",0.0],["7a3b0c42-6510-4c66-9efe-64586dc3af5f",0.792751],["aab1b4fe-55f8-4155-a7fd-5fc56adfea37",0.844851],["fb9ba6ee-a203-46f2-9f14-a46caaa663a2",1.0]]}},{"type":"Feature","geometry":{"type":"LineString","coordinates":[[10.602865,46.022687],[10.602913,46.022893]]},"properties":{"id":"9a5b3b61-42fb-4ca5-99ac-ca13ea424382","cls":"path","osm":["w234456180@2"],"fr":[["is_bridge",null,null]],"conn":[["cf55d6fb-081f-47fc-b396-210cf6a3135b",0.0],["c030b729-39b9-4ed3-9e87-bfb095048c9c",1.0]]}},{"type":"Feature","geometry":{"type":"LineString","coordinates":[[10.565121,46.099819],[10.565128,46.099876],[10.565041,46.100138],[10.565114,46.10021],[10.564956,46.100396],[10.564893,46.100422],[10.564862,46.100437],[10.564863,46.100472],[10.564897,46.100488],[10.564982,46.100563],[10.565079,46.100872],[10.565036,46.101007],[10.56511,46.101145],[10.565109,46.101266],[10.565071,46.101406],[10.565116,46.101568],[10.565151,46.101691],[10.565133,46.101912],[10.565127,46.102056],[10.564999,46.102276],[10.564804,46.102446],[10.564717,46.102592],[10.564732,46.102904],[10.564713,46.103093],[10.564582,46.103456],[10.564386,46.103732],[10.56419,46.104037],[10.564334,46.104236],[10.564349,46.104362],[10.564425,46.104384],[10.564437,46.104459],[10.564429,46.104534],[10.564437,46.10465],[10.56455,46.104853]]},"properties":{"id":"9a805e48-944a-49b2-92cc-be0418d0f1e3","cls":"path","osm":["w1114952475@1"],"conn":[["476d4dc6-f0f9-4ded-b895-9f6dce714ae6",0.0],["7f0d1822-7b8f-4a57-b14c-a7b307e6d8f2",1.0]]}},{"type":"Feature","geometry":{"type":"LineString","coordinates":[[10.511988,46.051758],[10.512024,46.051786],[10.512056,46.051824],[10.512252,46.052073],[10.512514,46.052288],[10.512665,46.052743],[10.512836,46.052944],[10.512878,46.053146],[10.513067,46.053332],[10.513073,46.053435],[10.513062,46.053556],[10.513161,46.053708],[10.513098,46.054001],[10.513031,46.054065],[10.513014,46.054176],[10.513043,46.054228],[10.51312,46.054298],[10.513136,46.054368],[10.513088,46.054419]]},"properties":{"id":"9a973b5c-bcbf-4674-ab16-7753cce3a920","cls":"path","osm":["w305613190@3","w511165947@1"],"conn":[["15e98318-9866-44d2-9a09-638cebf7dd5e",0.0],["6cb8cd14-1b67-46f8-ab18-0e60163380c0",1.0]]}},{"type":"Feature","geometry":{"type":"LineString","coordinates":[[10.642613,46.029649],[10.642418,46.029855],[10.642119,46.030124],[10.641875,46.030335],[10.641611,46.03058],[10.641219,46.030849],[10.640978,46.030956],[10.640561,46.031128],[10.640293,46.031182],[10.640194,46.031175],[10.639863,46.031155],[10.639641,46.031214],[10.63962,46.031419],[10.639548,46.031542],[10.639425,46.031635],[10.639298,46.031718],[10.639256,46.031835],[10.639196,46.032257],[10.639083,46.032413],[10.638639,46.0328],[10.638071,46.033351],[10.637447,46.034252],[10.637153,46.034643],[10.636754,46.034965],[10.636459,46.035471],[10.636063,46.036316],[10.635737,46.036642],[10.635406,46.036999],[10.63542,46.037322],[10.634939,46.037575],[10.634346,46.037724],[10.634072,46.037851],[10.633456,46.038002],[10.63321,46.038278],[10.632913,46.038409],[10.632581,46.038889],[10.632336,46.039139],[10.632104,46.039395],[10.631901,46.03967],[10.631878,46.039745],[10.631885,46.039828],[10.63197,46.039928]]},"properties":{"id":"9b374b40-830e-4eeb-9585-fd2425d65818","cls":"unclassified","osm":["w225908931@4","w247077717@5","w247077718@2"],"fr":[["is_bridge",0.168662,0.190942]],"sr":[["paved",null,null]],"conn":[["5f62d478-e0c2-4b1c-9d4a-17f03b30e48e",0.0],["e045bba3-f341-454c-985f-0b4f569c7500",0.299865],["c85ff371-fd6c-4fb1-ae79-add90ee715a0",1.0]]}},{"type":"Feature","geometry":{"type":"LineString","coordinates":[[10.453222,45.96052],[10.453181,45.960549],[10.453105,45.960576],[10.453017,45.960589],[10.452955,45.960626],[10.45289,45.960641],[10.452825,45.960648],[10.452693,45.96065],[10.452592,45.960662],[10.452561,45.960695],[10.452559,45.960738],[10.452595,45.960783],[10.452609,45.960854],[10.452621,45.96093],[10.452638,45.960997],[10.452607,45.961075],[10.452569,45.961129],[10.452526,45.961153],[10.452488,45.961185],[10.452434,45.961214],[10.452377,45.961244],[10.452348,45.961283]]},"properties":{"id":"9c79c992-e726-42a6-951c-b4ed25b130c1","cls":"path","osm":["w1486529297@1"],"conn":[["14456586-b758-4f66-83e6-a3e04387ea9f",0.0],["e70724f4-3688-4b70-9a72-a6713ff365e5",1.0]]}},{"type":"Feature","geometry":{"type":"LineString","coordinates":[[10.502391,46.124378],[10.502387,46.124224],[10.50234,46.124186],[10.502166,46.12407],[10.502064,46.124004],[10.502006,46.123963],[10.501946,46.123903],[10.501941,46.123855]]},"properties":{"id":"9cb64e2d-8f07-4f50-96a9-918d439100ba","cls":"path","osm":["w298302141@3"],"sr":[["unpaved",null,null]],"conn":[["17dd780e-d1da-47c7-ae12-218d9abf5906",0.0],["4e0d13b6-036b-4ab2-a099-484b31d38b1b",1.0]]}},{"type":"Feature","geometry":{"type":"LineString","coordinates":[[10.560736,46.082888],[10.560495,46.083031],[10.560474,46.083332],[10.560574,46.083426],[10.560689,46.083588]]},"properties":{"id":"9d4df1ed-5ac9-4b32-adaf-4cad9736dfd9","cls":"path","osm":["w1116896886@1"],"conn":[["79c789df-eed3-41f7-ba04-5916b578810d",0.0],["17af7657-30b7-4f9e-9fb1-03f817bb125d",1.0]]}},{"type":"Feature","geometry":{"type":"LineString","coordinates":[[10.478777,46.043455],[10.478872,46.043466],[10.478985,46.043455],[10.47908,46.043493],[10.479109,46.043557],[10.479106,46.043624],[10.479067,46.043681],[10.479021,46.043708],[10.478943,46.043751],[10.478917,46.043776],[10.478875,46.043782],[10.478813,46.043825],[10.478758,46.04385]]},"properties":{"id":"9d771b19-ed26-49c4-9234-f2c51a08b63d","cls":"path","osm":["w1425311732@1"],"conn":[["16af6ac2-9ae2-4953-a39b-f325052ca54e",0.0],["dca02179-b276-4b3f-ba6e-b346e8048edc",0.210078],["793946ae-a406-45ba-b69d-a3886c218b65",1.0]]}},{"type":"Feature","geometry":{"type":"LineString","coordinates":[[10.621286,46.076005],[10.621366,46.075947],[10.62142,46.075935],[10.621449,46.075923],[10.621458,46.075907],[10.621455,46.075871],[10.621447,46.075822],[10.621468,46.075787],[10.621516,46.075779]]},"properties":{"id":"9db56d1a-1d27-4abc-8904-6e49d909a9dc","cls":"path","osm":["w972948483@2"],"conn":[["200c6c44-fc63-4f74-ac3f-ec3ca2159747",0.0],["59ac3cf2-20a1-4a12-9b70-d9c6c18167b5",1.0]]}},{"type":"Feature","geometry":{"type":"LineString","coordinates":[[10.524979,46.108598],[10.524902,46.108608],[10.524797,46.108635],[10.524771,46.108655],[10.52478,46.108684],[10.524872,46.108716],[10.524886,46.108747],[10.524884,46.108781],[10.524866,46.108808],[10.524788,46.108837],[10.524682,46.108899],[10.524633,46.108965],[10.524453,46.109039],[10.524348,46.109067],[10.524271,46.10918],[10.524281,46.109214],[10.524256,46.109238],[10.524212,46.109242],[10.524189,46.109278],[10.524158,46.109293],[10.524109,46.109295],[10.524051,46.10932],[10.52401,46.109385],[10.524005,46.109411],[10.523989,46.109415],[10.523897,46.109377],[10.523595,46.109237],[10.523534,46.109231],[10.523424,46.109179],[10.523296,46.109051],[10.523245,46.109018],[10.523183,46.109004],[10.523049,46.108957],[10.523019,46.108939],[10.522986,46.108932],[10.522969,46.108901],[10.522946,46.108895],[10.522841,46.108982],[10.522813,46.108967],[10.522789,46.108917],[10.522761,46.108894],[10.522702,46.108936],[10.522611,46.108941],[10.522552,46.108916],[10.522491,46.108955],[10.522464,46.108954],[10.522424,46.108984],[10.522448,46.109121],[10.522436,46.109139],[10.522347,46.109129],[10.522305,46.109137],[10.522272,46.109115],[10.522157,46.109131],[10.522083,46.109127],[10.522111,46.109244],[10.52198,46.109224],[10.521981,46.109266],[10.521924,46.109292],[10.521945,46.109406],[10.521784,46.109377],[10.521827,46.109496],[10.521725,46.109507],[10.521529,46.1096],[10.521522,46.109642],[10.52145,46.109661],[10.521436,46.109704],[10.521382,46.109704],[10.521397,46.109759],[10.52132,46.109775],[10.521337,46.109808],[10.520991,46.109909],[10.520805,46.109852],[10.520762,46.109853],[10.520727,46.109906],[10.520596,46.109865],[10.520467,46.109969],[10.520363,46.109975],[10.520292,46.110028],[10.520202,46.110024],[10.52022,46.110164],[10.520136,46.110171],[10.520097,46.110232],[10.520118,46.110256],[10.519936,46.110233],[10.519787,46.11028],[10.519594,46.110132],[10.51956,46.110168],[10.519458,46.110172],[10.519377,46.110275],[10.519259,46.110321],[10.519236,46.110379],[10.519149,46.110411],[10.519132,46.110455],[10.518853,46.110446],[10.518932,46.110526],[10.518905,46.110711],[10.518736,46.110912],[10.518635,46.110935],[10.518634,46.111006],[10.518571,46.111008],[10.518511,46.111052],[10.518657,46.111115],[10.518655,46.11119],[10.518477,46.111162],[10.518436,46.11123],[10.518325,46.111295],[10.518317,46.11133],[10.518337,46.111369],[10.518294,46.111374],[10.518316,46.111401],[10.518263,46.111398],[10.518286,46.111447],[10.518208,46.111465],[10.518243,46.111483],[10.51827,46.111512],[10.518279,46.111554],[10.51816,46.111595],[10.518054,46.111609],[10.518053,46.11164],[10.518094,46.111717],[10.51818,46.111764],[10.518268,46.111791],[10.518345,46.111825],[10.518277,46.111869],[10.518298,46.111902],[10.518249,46.111937],[10.5184,46.112009],[10.518413,46.112052],[10.518398,46.112091],[10.518285,46.112094],[10.518349,46.112138],[10.518263,46.112139],[10.518301,46.112165],[10.518187,46.112169],[10.518183,46.112182],[10.518241,46.11222],[10.518183,46.112249],[10.518187,46.112272],[10.518131,46.112332],[10.518114,46.112363],[10.518114,46.112398],[10.518089,46.112407],[10.518002,46.112386],[10.517973,46.112399],[10.517817,46.112519],[10.517771,46.112516],[10.517682,46.112588],[10.517566,46.112647],[10.517479,46.112673],[10.517413,46.112673],[10.517356,46.112652],[10.517317,46.112608],[10.517321,46.112552],[10.517288,46.112531],[10.517292,46.11246],[10.517232,46.112386],[10.517207,46.112347],[10.517205,46.112302],[10.517041,46.112244],[10.517029,46.112204],[10.517025,46.112158],[10.516858,46.112138],[10.516863,46.112175],[10.51689,46.112214],[10.516867,46.112249],[10.516866,46.11228],[10.51686,46.112334],[10.516792,46.112279],[10.516525,46.11247],[10.516058,46.112739],[10.515986,46.112906],[10.51604,46.112941],[10.515956,46.112977],[10.516115,46.11299],[10.515897,46.113081],[10.515715,46.113201],[10.515535,46.113338],[10.515423,46.113356],[10.515366,46.113425],[10.515297,46.113431],[10.515265,46.113468],[10.51534,46.113551],[10.515361,46.1136],[10.515281,46.113667],[10.515134,46.113901],[10.515008,46.113979],[10.514981,46.114133],[10.514916,46.114239],[10.51478,46.114258],[10.514707,46.114323],[10.514632,46.114581],[10.514805,46.115033],[10.514969,46.115242],[10.514835,46.115282],[10.514842,46.115373],[10.514658,46.115404],[10.514725,46.115483],[10.51455,46.115478],[10.514617,46.115575],[10.51435,46.115584],[10.514272,46.115666],[10.514342,46.115739],[10.514465,46.115784],[10.514434,46.115831],[10.514364,46.115841],[10.514326,46.115898],[10.514321,46.11595],[10.514273,46.116022],[10.514214,46.116037],[10.51427,46.116119],[10.514216,46.116145],[10.514122,46.11611],[10.514125,46.116249],[10.514106,46.11647],[10.514072,46.116635],[10.514044,46.116707],[10.51397,46.116798],[10.51403,46.116982],[10.513927,46.116976],[10.513919,46.117042],[10.513838,46.11701],[10.513723,46.117027],[10.513609,46.116996],[10.513533,46.116959],[10.513421,46.116925],[10.513275,46.116857],[10.513079,46.116865],[10.512942,46.116858],[10.512818,46.116816],[10.512748,46.116883],[10.512684,46.116873],[10.512618,46.116935],[10.512599,46.117023],[10.512484,46.117095],[10.512449,46.117213],[10.512382,46.117238],[10.512264,46.117343],[10.5123,46.1174],[10.512174,46.117564],[10.512233,46.117693],[10.512204,46.11777],[10.512134,46.117749],[10.512088,46.117782],[10.512061,46.118046],[10.512061,46.118113],[10.512118,46.118228],[10.512139,46.118311],[10.512138,46.11839],[10.512112,46.118475],[10.512084,46.118556],[10.512017,46.118653],[10.511913,46.118638],[10.511871,46.118699],[10.511777,46.118733],[10.511603,46.118749],[10.511572,46.118833],[10.511474,46.118912],[10.511465,46.11901],[10.511491,46.119115],[10.511306,46.119192],[10.511278,46.119244],[10.511378,46.119337],[10.511281,46.119462],[10.511282,46.119514],[10.511116,46.119656],[10.511095,46.119702],[10.511125,46.11974],[10.511054,46.119825],[10.51104,46.1199],[10.510931,46.120025],[10.51088,46.120206],[10.510912,46.12031],[10.51088,46.120464],[10.510864,46.120552],[10.510673,46.120615],[10.510652,46.1207],[10.51054,46.120892],[10.51055,46.121059],[10.51062,46.121107],[10.510502,46.121453],[10.510368,46.121699],[10.5104,46.121888],[10.510288,46.122256],[10.510411,46.122532],[10.510604,46.122684],[10.510717,46.123141],[10.51042,46.123303],[10.510223,46.123509],[10.509982,46.123992],[10.509815,46.124127],[10.509746,46.124483],[10.509536,46.12474],[10.508028,46.125447],[10.507599,46.125328],[10.506913,46.124993],[10.506226,46.124607],[10.505494,46.124193],[10.505124,46.124063],[10.504899,46.124141],[10.504326,46.123977],[10.504087,46.123932],[10.503856,46.12387],[10.50359,46.1238],[10.503431,46.123769],[10.503311,46.123765],[10.503187,46.123778],[10.503058,46.123804],[10.502927,46.123851],[10.502817,46.123915],[10.50271,46.123943],[10.5026,46.123956],[10.502482,46.123953],[10.502388,46.123929],[10.50229,46.123865],[10.502179,46.12381],[10.502149,46.123798],[10.50203,46.123843],[10.501941,46.123855]]},"properties":{"id":"9e3fe237-2f87-4658-8702-33e4a3ab3c5f","cls":"path","osm":["w356858436@4","w356858439@2","w356941818@1","w356941819@1","w356955126@3","w836216113@1","w836216115@2","w836216116@2"],"fr":[["is_bridge",0.995402,0.998158]],"sr":[["unpaved",0.0,0.213125],["gravel",0.342341,0.947381],["unpaved",0.947381,0.995402],["gravel",0.995402,1.0]],"conn":[["90751c16-77b0-4d4e-ad17-97886a83c471",0.0],["c38c0a52-3bde-4377-84d8-d023706c97e0",0.376745],["7d992cbd-33d4-4b48-b55d-308cb4fd8efc",0.994693],["4e0d13b6-036b-4ab2-a099-484b31d38b1b",1.0]]}},{"type":"Feature","geometry":{"type":"LineString","coordinates":[[10.515255,46.009146],[10.515324,46.009141],[10.515432,46.009164],[10.51535,46.009211],[10.515286,46.009251],[10.515261,46.009285],[10.515265,46.009342],[10.515304,46.009392],[10.515387,46.009489],[10.515489,46.00951],[10.515619,46.009458],[10.515739,46.009466],[10.515764,46.009498],[10.515906,46.009577],[10.515887,46.00969],[10.51602,46.009685],[10.516122,46.009713],[10.516084,46.009814],[10.516131,46.009905],[10.51617,46.010021],[10.516143,46.010125],[10.516152,46.01022],[10.516205,46.010254],[10.516255,46.010227],[10.516394,46.010076],[10.516582,46.010015],[10.516699,46.009964],[10.516781,46.00988],[10.516822,46.009852],[10.516828,46.009968],[10.516875,46.010015],[10.516998,46.010007],[10.517072,46.009909],[10.517139,46.009923],[10.517145,46.010094],[10.517136,46.010302],[10.517139,46.010493],[10.517198,46.01054],[10.51733,46.010495],[10.517564,46.010377],[10.517805,46.01021],[10.517952,46.010044],[10.518098,46.00984],[10.51821,46.009783],[10.518251,46.009868],[10.518251,46.009991],[10.518356,46.009986],[10.518462,46.009913],[10.518562,46.010031],[10.518486,46.010207],[10.518503,46.010272],[10.518609,46.010284],[10.518726,46.010247],[10.518779,46.010321],[10.518732,46.010402],[10.518767,46.010524],[10.518808,46.010606],[10.51889,46.010581],[10.518908,46.010471],[10.518978,46.010459],[10.51906,46.010553],[10.519008,46.010712],[10.519008,46.010838],[10.519008,46.011013],[10.51906,46.011156],[10.519166,46.011115],[10.519289,46.011054],[10.519389,46.011095],[10.519401,46.011209],[10.519412,46.011319],[10.519553,46.01147],[10.519764,46.011572],[10.520052,46.011796],[10.520298,46.012003],[10.520562,46.012309],[10.520721,46.012631],[10.520797,46.012822],[10.520932,46.013059],[10.5212,46.013069],[10.52153,46.013083],[10.5221,46.013255],[10.522428,46.013459],[10.522703,46.013669],[10.522766,46.013713],[10.522837,46.013726],[10.522905,46.013714],[10.52295,46.013718],[10.523005,46.013737],[10.523052,46.013751],[10.523115,46.013782],[10.523171,46.013959],[10.523593,46.014273],[10.523827,46.014467],[10.524112,46.014546],[10.524616,46.014717],[10.524784,46.014686],[10.525262,46.014794],[10.525661,46.014913],[10.526101,46.015132],[10.526453,46.015259],[10.526887,46.015344],[10.527141,46.015354],[10.527327,46.01574],[10.527597,46.015943],[10.52781,46.016098],[10.528164,46.01614],[10.528529,46.016416],[10.528923,46.016554],[10.529322,46.016774],[10.529744,46.016864],[10.5298,46.016891],[10.530114,46.016947],[10.530524,46.01703],[10.530762,46.017099],[10.5308,46.01713],[10.530809,46.017217],[10.530957,46.01735],[10.531109,46.017468],[10.531156,46.017668],[10.531268,46.017868],[10.531367,46.01802],[10.531488,46.018104],[10.531837,46.018212],[10.532077,46.01831],[10.532297,46.018432],[10.532488,46.018587],[10.532731,46.018674],[10.533063,46.018837],[10.533289,46.018925],[10.533438,46.018984],[10.533559,46.019179],[10.533652,46.019314],[10.533776,46.019501],[10.53401,46.019721],[10.534183,46.019825],[10.53438,46.019846],[10.534559,46.019929],[10.534662,46.02001],[10.534723,46.02009],[10.534931,46.020206],[10.535178,46.020334],[10.535498,46.020381],[10.535762,46.0204],[10.536023,46.020487],[10.536474,46.02064],[10.536686,46.02076],[10.536722,46.020984],[10.536755,46.020992],[10.536863,46.020994],[10.536926,46.021031],[10.537131,46.021103],[10.537357,46.021181],[10.537498,46.02124],[10.537739,46.021305],[10.537903,46.021398],[10.53795,46.021485],[10.538106,46.021524],[10.538249,46.021596],[10.538315,46.021661],[10.538591,46.02174],[10.538807,46.021828],[10.538927,46.021939],[10.539074,46.022051],[10.539338,46.022237],[10.539473,46.022326],[10.53961,46.02244],[10.539651,46.022474],[10.539765,46.022428],[10.539925,46.022387],[10.540014,46.022436],[10.540155,46.022557],[10.540286,46.022528],[10.540423,46.022456],[10.540522,46.022347],[10.540451,46.022206],[10.540522,46.022131],[10.540733,46.022125],[10.540907,46.022168],[10.541011,46.022321],[10.54109,46.022537],[10.54099,46.022655],[10.541069,46.022768],[10.541235,46.022843],[10.541393,46.022946],[10.54155,46.023053],[10.541725,46.023136],[10.541982,46.023289],[10.542222,46.02337],[10.542384,46.023465],[10.542554,46.023586],[10.54282,46.02362],[10.542986,46.023684],[10.54316,46.023784],[10.543401,46.02381],[10.543674,46.02381],[10.544093,46.023839],[10.544392,46.023926],[10.544583,46.024081],[10.544749,46.024196],[10.54484,46.024289],[10.544931,46.024467],[10.545048,46.024597],[10.545193,46.0246],[10.545292,46.024605],[10.545355,46.02468],[10.545437,46.024755],[10.545583,46.024715],[10.54569,46.024741],[10.54572,46.024793],[10.545848,46.024778],[10.545956,46.02483],[10.546007,46.02489],[10.546126,46.024905],[10.546255,46.024873],[10.546338,46.024919],[10.546499,46.025089],[10.54662,46.025184],[10.546748,46.025242],[10.546836,46.025366],[10.547026,46.025556],[10.547308,46.025671],[10.54757,46.025766],[10.547657,46.025824],[10.547723,46.02606],[10.547831,46.026149],[10.548014,46.026302],[10.548238,46.026414],[10.548428,46.026463],[10.548557,46.026412],[10.548769,46.026509],[10.548984,46.026648],[10.549096,46.026743],[10.549121,46.026887],[10.549316,46.027028],[10.54949,46.027218],[10.549553,46.027339],[10.549681,46.027566],[10.549773,46.027644],[10.5498,46.027667],[10.549786,46.027685]]},"properties":{"id":"9edabf05-6753-4239-b467-d7c18588fd0e","cls":"path","osm":["w177352104@9","w228435859@3","w228435862@6","w233165933@2","w233165935@2"],"fr":[["is_bridge",0.482422,0.484786],["is_bridge",0.646205,0.64824]],"sr":[["unpaved",0.0,0.482422],["unpaved",0.484786,0.646205]],"conn":[["35386927-371c-4a6c-b92c-9533ebea1f3b",0.0],["26de682c-270e-4789-8777-5e8f08d8a7d6",0.301655],["a6920751-b7f0-4ada-a62c-881a81d2bc16",1.0]]}},{"type":"Feature","geometry":{"type":"LineString","coordinates":[[10.512231,46.006174],[10.512205,46.006074],[10.512203,46.006059],[10.512165,46.006031],[10.51216,46.006028],[10.512097,46.005922],[10.512049,46.005815],[10.511956,46.005711],[10.511886,46.005596],[10.511834,46.005494],[10.511706,46.005329],[10.511686,46.005148],[10.511628,46.004932],[10.5115,46.004786],[10.511508,46.004705],[10.511599,46.004608],[10.511628,46.004527],[10.511595,46.004435],[10.511599,46.0043],[10.511591,46.004117],[10.511603,46.003904],[10.511571,46.003851],[10.511565,46.003804],[10.511588,46.003699],[10.511547,46.003589],[10.511503,46.003504],[10.511509,46.003437],[10.511517,46.003239],[10.51158,46.003152],[10.511634,46.003102],[10.511658,46.003032],[10.511807,46.002965],[10.511936,46.002835],[10.512017,46.00274],[10.512232,46.002537],[10.512385,46.002451],[10.512573,46.00239],[10.512859,46.002417],[10.513011,46.002436],[10.513211,46.002433]]},"properties":{"id":"9ee5a1f4-4a14-493e-be67-ee66b9965545","cls":"track","osm":["w228119292@4","w228119295@2","w228119296@2"],"fr":[["is_bridge",0.61582,0.657922]],"sr":[["gravel",0.0,0.61582]],"conn":[["a94fc466-ef33-4cde-8ed1-d7e22a2f965f",0.0],["7300fd94-2544-49eb-ace8-c71c2c015e64",1.0]]}},{"type":"Feature","geometry":{"type":"LineString","coordinates":[[10.596692,45.986611],[10.597044,45.986638],[10.597333,45.986683],[10.597491,45.986702],[10.59765,45.986688],[10.59773,45.986647],[10.597759,45.98658],[10.597746,45.986506],[10.597572,45.986217],[10.59731,45.985946],[10.597298,45.985911],[10.597299,45.985853],[10.597345,45.98581],[10.597476,45.985757],[10.597625,45.985736],[10.597751,45.985721],[10.597874,45.985738],[10.597988,45.98578],[10.598087,45.985831],[10.598163,45.98586],[10.598269,45.985867],[10.598359,45.985831],[10.598431,45.985779],[10.598482,45.985728],[10.598494,45.985636],[10.598517,45.985555],[10.598576,45.985494],[10.598773,45.985403],[10.59884,45.98535],[10.598897,45.985286],[10.598974,45.985162],[10.599003,45.985059],[10.599,45.984923],[10.598957,45.984698],[10.598996,45.984624],[10.599379,45.984533],[10.59956,45.984486],[10.59968,45.984435],[10.599859,45.984328],[10.599977,45.984194],[10.600095,45.984058],[10.600168,45.983916],[10.600177,45.98383],[10.600159,45.98374],[10.600121,45.983549],[10.600188,45.983098],[10.600216,45.982687],[10.600324,45.982327],[10.600385,45.982193],[10.60058,45.981895],[10.600627,45.981773],[10.600677,45.981542],[10.600754,45.981446],[10.600889,45.981321],[10.600974,45.981279],[10.601072,45.981256],[10.601369,45.981239],[10.601508,45.98122],[10.60165,45.981167],[10.60178,45.981087],[10.602256,45.98069],[10.602438,45.980576],[10.602536,45.980523],[10.602656,45.980484],[10.602806,45.980415],[10.60294,45.980352],[10.603083,45.980269],[10.603275,45.980174],[10.603421,45.980116],[10.603538,45.980047],[10.603594,45.979981],[10.603635,45.979906],[10.603676,45.979801],[10.603724,45.979636],[10.603792,45.979499],[10.603863,45.979413],[10.603912,45.979373],[10.603954,45.979352],[10.604022,45.979349],[10.604069,45.979369],[10.604111,45.979405],[10.604216,45.979549],[10.604333,45.979797],[10.604451,45.980222],[10.604524,45.980422],[10.604656,45.980538],[10.604802,45.980601],[10.605145,45.980697],[10.606227,45.980997],[10.606527,45.981062],[10.606592,45.981064],[10.606636,45.981057],[10.606668,45.981029],[10.606675,45.98099],[10.606667,45.980914],[10.606683,45.980829],[10.607035,45.98039],[10.607141,45.979926],[10.607144,45.979798],[10.607187,45.979689],[10.607241,45.97965],[10.607327,45.979615],[10.607451,45.9796],[10.607635,45.979595],[10.607835,45.97957],[10.608531,45.979328],[10.608612,45.979281],[10.608665,45.9792],[10.608754,45.979104],[10.608986,45.978927],[10.609255,45.978677],[10.609373,45.978638],[10.609515,45.97864],[10.609683,45.97865],[10.610038,45.978384],[10.610289,45.978171],[10.610892,45.977966]]},"properties":{"id":"9f22aa22-2f96-4371-84da-9a67a86f72bb","cls":"track","name":"Strada forestale Stabol Fres","osm":["w58974111@7"],"conn":[["f804d350-7643-4808-8d56-06ac7cdf79d0",0.0],["71e5595e-87ab-4728-84e0-2e1f05533ce7",0.271869],["30785e78-34c1-4e70-bed5-bbf8b8f2ac4a",1.0]],"access":[{"type":"allowed","when":["foot","bicycle"]},{"type":"allowed","when":["motor_vehicle"]},{"type":"allowed","when":["for_forestry"]},{"type":"allowed","when":null}]}},{"type":"Feature","geometry":{"type":"LineString","coordinates":[[10.544288,45.976779],[10.544351,45.976799]]},"properties":{"id":"9f4de101-22fa-4125-8c14-68d6c28cc3fd","cls":"path","osm":["w82199156@3"],"sr":[["paved",null,null]],"conn":[["42565404-3d8a-48cc-946e-9566b3d1adac",0.0],["163d5f28-f7ec-40a3-a4f9-faf6511e0675",1.0]],"access":[{"type":"allowed","when":["foot"]}]}},{"type":"Feature","geometry":{"type":"LineString","coordinates":[[10.576468,45.962909],[10.576407,45.962898],[10.576282,45.962914],[10.576163,45.962925],[10.576067,45.962911],[10.576013,45.962874],[10.575926,45.962876],[10.575821,45.962918],[10.575772,45.962976],[10.575619,45.963208],[10.575609,45.963304],[10.575609,45.963415],[10.57557,45.963564],[10.575183,45.964204],[10.575141,45.96432],[10.575144,45.964442],[10.575167,45.964513],[10.575154,45.964582],[10.575112,45.964656],[10.574891,45.964765],[10.574667,45.964852],[10.574503,45.964966],[10.574189,45.965302],[10.574112,45.965342],[10.574045,45.965385],[10.574,45.965431],[10.573921,45.965497]]},"properties":{"id":"9f99bcc6-973e-4da2-89bf-90773b846adc","cls":"unclassified","osm":["w334845241@2"],"conn":[["7ff12594-d283-4621-b0ae-6b3165579579",0.0],["23da94c4-2b05-460c-8831-56a1f50acbce",0.228501],["132506ce-2fb9-470d-b6db-f3e11dea6fd3",1.0]]}},{"type":"Feature","geometry":{"type":"LineString","coordinates":[[10.477918,46.113697],[10.47802,46.113753],[10.478177,46.113842],[10.478293,46.113904],[10.47848,46.114074],[10.47852,46.114103],[10.478583,46.114123],[10.478651,46.114136]]},"properties":{"id":"a0dd3a21-dbe8-43b4-be83-a7c44c1ccc12","cls":"track","osm":["w231824052@2"],"conn":[["aecd06c2-1033-4138-9e3d-5463516fa1ae",0.0],["0d363fc7-f1ae-4827-be18-c2ee847a5ec8",1.0]]}},{"type":"Feature","geometry":{"type":"LineString","coordinates":[[10.544351,45.976799],[10.544361,45.976731],[10.544339,45.976625],[10.544243,45.976595],[10.544116,45.976597],[10.544036,45.976668],[10.543935,45.976708],[10.54392,45.976754],[10.543955,45.976802],[10.544162,45.976786],[10.544288,45.976779]]},"properties":{"id":"a11147d6-d86c-4960-99bd-eb3d49418c72","cls":"path","osm":["w82199156@3"],"sr":[["paved",null,null]],"conn":[["163d5f28-f7ec-40a3-a4f9-faf6511e0675",0.0],["42565404-3d8a-48cc-946e-9566b3d1adac",1.0]],"access":[{"type":"allowed","when":["foot"]}]}},{"type":"Feature","geometry":{"type":"LineString","coordinates":[[10.512149,46.007869],[10.512181,46.007843],[10.512207,46.007814],[10.512226,46.007782],[10.512236,46.007748],[10.512337,46.007283],[10.512378,46.006811],[10.512425,46.006431],[10.512422,46.006409],[10.512412,46.006389],[10.512396,46.00637],[10.512341,46.006327],[10.512295,46.006279],[10.512258,46.006228],[10.512231,46.006174]]},"properties":{"id":"a2d5593c-47ac-48d0-baf2-81c919394fee","cls":"service","sub":"driveway","osm":["w233164962@3"],"sr":[["paved",null,null]],"conn":[["795b9426-4bfb-40c8-86c2-6d7f350c5c1b",0.0],["a94fc466-ef33-4cde-8ed1-d7e22a2f965f",1.0]]}},{"type":"Feature","geometry":{"type":"LineString","coordinates":[[10.501368,45.950613],[10.501086,45.950874],[10.500936,45.95109],[10.500946,45.951249],[10.500792,45.9516],[10.500666,45.951757],[10.500465,45.951936],[10.500259,45.95214],[10.500151,45.952248],[10.499807,45.952459],[10.499599,45.952631],[10.49939,45.95282],[10.499343,45.953036],[10.499292,45.953244],[10.499177,45.953316],[10.498992,45.953252],[10.498821,45.953298],[10.498678,45.953323],[10.498416,45.953264],[10.498138,45.953151],[10.497829,45.953105],[10.497272,45.953016],[10.496997,45.95297],[10.496649,45.952906],[10.496462,45.952768],[10.49604,45.95266],[10.495669,45.952572],[10.495471,45.95239],[10.495203,45.952172],[10.494894,45.952037],[10.494715,45.95186],[10.494231,45.95175],[10.493765,45.951637],[10.493603,45.951598],[10.493473,45.951588],[10.493375,45.951679],[10.493156,45.951831],[10.49297,45.95188],[10.492746,45.952047],[10.492624,45.951953],[10.492425,45.952007],[10.492147,45.952182],[10.492059,45.952314],[10.49177,45.952395],[10.491492,45.952513],[10.491475,45.95271],[10.491674,45.952852],[10.492178,45.952892],[10.492387,45.952985],[10.492601,45.953011],[10.492605,45.953151],[10.492783,45.953211],[10.492838,45.953326],[10.492983,45.953457],[10.493049,45.953504],[10.493035,45.953542],[10.493133,45.953584],[10.493164,45.953652],[10.493221,45.95364],[10.493354,45.95374],[10.493371,45.953833],[10.493466,45.953935],[10.493592,45.953941],[10.493618,45.953984],[10.493567,45.954084],[10.493675,45.954185],[10.49385,45.954286],[10.49408,45.954317],[10.494187,45.954295],[10.494298,45.954348],[10.494543,45.954346],[10.494587,45.954293],[10.494754,45.954292],[10.495009,45.954151],[10.495028,45.954214],[10.495174,45.954292],[10.495371,45.954349],[10.495428,45.954423],[10.495383,45.954478],[10.495353,45.954564],[10.495584,45.954702],[10.49575,45.954822],[10.495872,45.954897],[10.496004,45.954961],[10.496076,45.955047],[10.496222,45.955074],[10.496377,45.95515],[10.496553,45.95517],[10.496657,45.955139],[10.496829,45.955175],[10.497003,45.955207],[10.497087,45.955182],[10.497229,45.95526],[10.497379,45.955336],[10.497533,45.955355],[10.497585,45.955394],[10.497752,45.955357],[10.497915,45.955382],[10.498123,45.955407],[10.49825,45.95544],[10.49842,45.955484],[10.498687,45.955552],[10.498785,45.955641],[10.498913,45.955659],[10.499036,45.955738],[10.499167,45.955873],[10.499347,45.955961],[10.499407,45.956039],[10.49949,45.956077],[10.499648,45.956167],[10.499875,45.956238],[10.500075,45.956338],[10.500155,45.956372],[10.500263,45.956403],[10.500488,45.956536],[10.500509,45.956564],[10.500516,45.956623],[10.500571,45.956677],[10.500652,45.956724],[10.500736,45.956771],[10.500761,45.956877],[10.500844,45.956972],[10.500897,45.957033],[10.500981,45.957076],[10.501006,45.957143],[10.501087,45.957242],[10.501193,45.957299],[10.501373,45.957381],[10.501426,45.957495],[10.501538,45.957526],[10.501647,45.957597],[10.501765,45.957603],[10.501883,45.957653],[10.50207,45.95772],[10.502141,45.957707],[10.502272,45.957737],[10.502387,45.95775],[10.502505,45.957809],[10.502604,45.957794],[10.502664,45.957861],[10.502719,45.957863],[10.502797,45.957923],[10.502782,45.958024],[10.502837,45.958091],[10.502948,45.958101],[10.503046,45.958087],[10.503163,45.958096],[10.503205,45.958124],[10.503304,45.958237],[10.503363,45.95828],[10.503453,45.958286],[10.50348,45.958346],[10.503453,45.958438],[10.503494,45.95849],[10.50355,45.958544],[10.50363,45.958511],[10.503718,45.958487],[10.503746,45.958513],[10.503811,45.958537],[10.503917,45.958552],[10.503939,45.958585],[10.503931,45.95864],[10.503976,45.958738],[10.503951,45.958788],[10.503857,45.95884],[10.503915,45.958903],[10.503985,45.95892],[10.5041,45.958952],[10.504181,45.958952],[10.504302,45.958892],[10.50442,45.958883],[10.504557,45.95884],[10.504622,45.958777],[10.504737,45.958797],[10.504772,45.958846],[10.50475,45.958924],[10.504638,45.959019],[10.504557,45.959155],[10.504607,45.959188],[10.504666,45.959188],[10.504812,45.959142],[10.505021,45.959119],[10.505067,45.959207],[10.505027,45.959263],[10.504933,45.959363],[10.505011,45.959391],[10.505114,45.959391],[10.505216,45.959389],[10.505232,45.959428],[10.505185,45.959536],[10.505104,45.959594],[10.504981,45.95974],[10.504968,45.959795],[10.504941,45.959927],[10.504962,45.959982],[10.505,45.960022],[10.505077,45.960037],[10.505163,45.960023],[10.50523,45.959985],[10.505278,45.959992],[10.505256,45.96004],[10.505386,45.960105],[10.505429,45.960115],[10.505494,45.960192],[10.505496,45.960236],[10.505541,45.960256],[10.505572,45.960334],[10.505599,45.960386],[10.505542,45.960512],[10.50553,45.960599],[10.505412,45.960796],[10.505337,45.960945],[10.505383,45.961046],[10.505489,45.961119],[10.505672,45.961236],[10.505792,45.961295],[10.505966,45.961317],[10.506111,45.961384],[10.506171,45.961481],[10.506277,45.961615],[10.506367,45.961701],[10.506571,45.961726],[10.50664,45.96183],[10.506789,45.961863],[10.506896,45.962002],[10.506846,45.962133],[10.506839,45.96235],[10.506725,45.962434],[10.506589,45.962575],[10.506612,45.96263],[10.50649,45.962757],[10.506381,45.962764],[10.506335,45.962818],[10.506273,45.962771],[10.506177,45.96283],[10.506053,45.962779],[10.505929,45.962858],[10.505877,45.962794],[10.505759,45.962821],[10.505698,45.962862],[10.505593,45.962928],[10.505501,45.962938],[10.505298,45.962943],[10.505154,45.962974],[10.505072,45.963035],[10.504906,45.963216],[10.504845,45.963314],[10.504737,45.963386],[10.504699,45.963453],[10.504654,45.963567],[10.504501,45.963798],[10.504418,45.963971],[10.50442,45.964057],[10.504442,45.964319],[10.504535,45.964442],[10.504531,45.964529],[10.504554,45.964577],[10.504632,45.964661],[10.505036,45.964799],[10.505136,45.964897],[10.505456,45.964907],[10.505573,45.964993],[10.505773,45.965021],[10.506046,45.965157],[10.506303,45.96545],[10.506402,45.965524],[10.506456,45.965648],[10.506592,45.965661],[10.506698,45.965776],[10.506897,45.965864],[10.507062,45.96589],[10.507186,45.965912],[10.507633,45.96612],[10.507839,45.966144],[10.508041,45.966261],[10.508117,45.966382],[10.508682,45.966609],[10.508814,45.966635],[10.508939,45.966624],[10.509101,45.966568],[10.50948,45.966533],[10.50983,45.966538],[10.510019,45.966513],[10.510158,45.966462],[10.510294,45.966426],[10.510473,45.966439],[10.51059,45.966458],[10.510731,45.966532],[10.510925,45.966592],[10.511077,45.966616],[10.511194,45.966596],[10.511291,45.966547],[10.511401,45.966534],[10.511616,45.966573],[10.511817,45.96659],[10.512239,45.966499],[10.512376,45.966461],[10.512667,45.966471],[10.5129,45.966413],[10.513248,45.966448],[10.513624,45.966439],[10.514177,45.9665],[10.514478,45.96657],[10.514761,45.966605],[10.515082,45.966745],[10.515275,45.966801],[10.515473,45.966807],[10.515587,45.966858],[10.515773,45.96689],[10.515885,45.966944],[10.516144,45.967005],[10.516331,45.967139],[10.516747,45.967312],[10.517179,45.967445],[10.517397,45.967556],[10.51752,45.96759],[10.517705,45.967586],[10.517788,45.96756],[10.517891,45.967555],[10.518008,45.967445],[10.518083,45.96744],[10.518132,45.967444],[10.518194,45.967477],[10.518539,45.96747],[10.518778,45.967426],[10.519329,45.96721],[10.519469,45.967123],[10.51968,45.966816],[10.520031,45.966469],[10.520128,45.96632],[10.520203,45.966083],[10.520281,45.965981],[10.520587,45.965897],[10.520638,45.965831],[10.520638,45.965733],[10.520534,45.965668],[10.520536,45.965629],[10.520801,45.965428],[10.520989,45.965189],[10.521137,45.965055],[10.521444,45.964805],[10.521642,45.964686],[10.521866,45.964482],[10.521898,45.964437],[10.521997,45.964411],[10.522481,45.964215],[10.522813,45.964054],[10.522914,45.963977],[10.523366,45.963777],[10.523497,45.963716],[10.523576,45.963654]]},"properties":{"id":"a3bac1bf-46db-4fbf-b536-5cbceed4cc92","cls":"path","osm":["w361373435@4","w506336474@4","w513851361@2","w71218870@9"],"sr":[["unpaved",0.378827,1.0]],"conn":[["046dd2cd-a6d3-4daf-8c04-d7b53b1f4910",0.0],["05f5c9ad-01f5-466e-a64e-e3138e803556",0.370852],["04eb526d-1eeb-4d1e-83b8-d8ba4c7fb4dd",1.0]],"access":[{"type":"denied","when":["bicycle"]}]}},{"type":"Feature","geometry":{"type":"LineString","coordinates":[[10.649884,46.106561],[10.649805,46.106608],[10.649781,46.106625],[10.649727,46.106632],[10.649678,46.106677],[10.649507,46.106733],[10.649349,46.106817],[10.649243,46.106865],[10.649098,46.106875],[10.649019,46.106854],[10.648936,46.106838],[10.648845,46.106823],[10.648803,46.10686],[10.648718,46.106872],[10.648708,46.106909],[10.648541,46.106926],[10.648442,46.106922],[10.648379,46.106983],[10.648257,46.107014],[10.648175,46.107051],[10.648155,46.10709],[10.648163,46.107146],[10.648146,46.107191],[10.648083,46.10723],[10.647999,46.107266],[10.647924,46.107297],[10.647832,46.107314],[10.64777,46.107328],[10.647739,46.107384],[10.64769,46.1074],[10.647609,46.107429],[10.647553,46.107433],[10.647412,46.107496],[10.647324,46.107488],[10.647204,46.107542],[10.647132,46.107602],[10.64707,46.107648],[10.64715,46.107688],[10.647182,46.107711],[10.647219,46.107734],[10.647185,46.107753],[10.647087,46.107755],[10.646999,46.107756],[10.646887,46.107823],[10.646803,46.10787],[10.646679,46.107896],[10.646596,46.10795],[10.646548,46.107984],[10.646536,46.108056],[10.646465,46.108118],[10.646525,46.108162],[10.646589,46.108179],[10.646549,46.108245],[10.646605,46.108227],[10.646657,46.108244],[10.646665,46.108286],[10.646668,46.108332],[10.646605,46.108382],[10.646534,46.108399],[10.646453,46.108442],[10.646345,46.108487],[10.646286,46.108531],[10.646351,46.108547],[10.646294,46.108582],[10.646205,46.108562],[10.646196,46.108582],[10.646111,46.108553],[10.646024,46.108547],[10.645969,46.108578],[10.64598,46.108638],[10.645975,46.108714],[10.645985,46.108792],[10.646055,46.108847],[10.646189,46.108895],[10.646314,46.108956],[10.646338,46.109001],[10.646323,46.109068],[10.646271,46.109094],[10.646254,46.109143],[10.646082,46.10919],[10.645995,46.109221],[10.64589,46.109237],[10.645827,46.109216],[10.64575,46.109172],[10.645605,46.109108],[10.645467,46.109053],[10.645292,46.109001],[10.645139,46.108958],[10.644996,46.108902],[10.644848,46.108842],[10.644686,46.108827],[10.644537,46.108771],[10.64446,46.108763],[10.644348,46.108757],[10.644222,46.108764],[10.644168,46.108764],[10.644118,46.108746],[10.644053,46.108726],[10.643979,46.108676],[10.643907,46.108608],[10.64384,46.108544],[10.643796,46.10849],[10.643781,46.108433],[10.643718,46.108366],[10.643652,46.108348],[10.643537,46.108355],[10.643398,46.108377],[10.643306,46.108368],[10.643247,46.10836],[10.643184,46.108387],[10.64312,46.108398],[10.643081,46.108365],[10.643042,46.108429],[10.642989,46.108454],[10.642898,46.108498],[10.642879,46.108566],[10.642895,46.108604],[10.642767,46.108655],[10.642696,46.10867],[10.642636,46.108668],[10.642567,46.108705],[10.642527,46.108728],[10.642508,46.108744],[10.642468,46.108809],[10.642402,46.108839],[10.64236,46.108812],[10.642233,46.108882],[10.642115,46.108874],[10.64208,46.108929],[10.642046,46.108947],[10.642015,46.10899],[10.64197,46.109023],[10.641933,46.109075],[10.641886,46.109097],[10.641769,46.109097],[10.641725,46.109151],[10.64153,46.109184],[10.641392,46.109194],[10.641364,46.109268],[10.641285,46.109275],[10.641192,46.10927],[10.640972,46.109312],[10.640897,46.109372],[10.640806,46.109308],[10.64075,46.109272],[10.640671,46.109308],[10.640603,46.109295],[10.640518,46.109318],[10.640469,46.109356],[10.640488,46.109424],[10.640446,46.109491],[10.640328,46.109482],[10.640259,46.109441],[10.640149,46.109416],[10.640063,46.109363],[10.639938,46.109369],[10.639826,46.109496],[10.639799,46.109552],[10.639747,46.109587],[10.639652,46.109572],[10.639556,46.109514],[10.639413,46.10954],[10.639301,46.109506],[10.639171,46.109457],[10.639057,46.109439],[10.638929,46.109455],[10.6389,46.1095],[10.638815,46.109524],[10.638782,46.109572],[10.638667,46.109561],[10.638614,46.109581],[10.638566,46.109625],[10.63853,46.109633],[10.638489,46.109656],[10.638431,46.109677],[10.638371,46.109649],[10.638307,46.109654],[10.638238,46.109669],[10.638205,46.109654],[10.638154,46.109662],[10.638094,46.10966],[10.638057,46.109622],[10.638015,46.109619],[10.637983,46.109641],[10.637932,46.109687],[10.637898,46.109723],[10.637829,46.1097],[10.637754,46.109729],[10.637727,46.109688],[10.637688,46.10964],[10.63763,46.109637],[10.637562,46.109652],[10.637502,46.109674],[10.637451,46.10969],[10.637394,46.109708],[10.637366,46.109692],[10.637317,46.109677],[10.637275,46.109704],[10.637217,46.109727],[10.637208,46.109686],[10.637184,46.10962],[10.637107,46.109656],[10.637023,46.109674],[10.636997,46.109627],[10.636946,46.109639],[10.6369,46.109587],[10.636794,46.109609],[10.636758,46.109553],[10.636682,46.109598],[10.636615,46.109558],[10.636514,46.109543],[10.636475,46.109484],[10.636426,46.109469],[10.636325,46.109457],[10.636246,46.109465],[10.636155,46.109453],[10.636087,46.10945],[10.636161,46.109413],[10.636156,46.109386],[10.636085,46.109398],[10.636003,46.109351],[10.635941,46.109343],[10.6359,46.10934],[10.635883,46.109319],[10.635906,46.109296],[10.635949,46.10928],[10.635931,46.109248],[10.635865,46.109229],[10.635829,46.10923],[10.635837,46.109212],[10.635883,46.109184],[10.635933,46.109189],[10.636064,46.109175],[10.636114,46.109099],[10.636189,46.108983],[10.636354,46.108901],[10.636349,46.108771],[10.636392,46.108728],[10.636493,46.108655],[10.636582,46.108527],[10.636597,46.108412],[10.636572,46.108254],[10.636477,46.108137],[10.63634,46.108066],[10.63624,46.107965],[10.636114,46.107801],[10.636016,46.107677],[10.635787,46.107554],[10.635719,46.107463],[10.635654,46.107433],[10.635564,46.107336],[10.635521,46.107279],[10.635439,46.107263],[10.635297,46.107191],[10.63516,46.107053],[10.635089,46.106801],[10.635049,46.106725],[10.635032,46.10663],[10.634982,46.106552],[10.634928,46.106377],[10.63482,46.106196],[10.634844,46.106131],[10.634816,46.106116],[10.634751,46.106107],[10.634725,46.106057],[10.634648,46.106031],[10.634558,46.105944],[10.634535,46.105841],[10.634472,46.105826],[10.63447,46.105769],[10.634306,46.105695],[10.634287,46.105664],[10.63423,46.105591],[10.63422,46.105493],[10.634295,46.105428],[10.634294,46.105382],[10.634249,46.10536],[10.634082,46.105318],[10.63401,46.105307],[10.633929,46.105284],[10.633793,46.105365],[10.633823,46.105234],[10.633821,46.105178],[10.633797,46.105144],[10.63378,46.105111],[10.633811,46.105072],[10.633788,46.105037],[10.633738,46.105027],[10.63366,46.105018],[10.633628,46.104972],[10.633642,46.104888],[10.633581,46.104867],[10.63343,46.104948],[10.633283,46.105007],[10.633002,46.105082],[10.632899,46.105159],[10.632862,46.105254],[10.632808,46.105302],[10.63272,46.105205],[10.632645,46.105319],[10.632577,46.105316],[10.632563,46.10528],[10.63251,46.105196],[10.632359,46.105138],[10.632271,46.105197],[10.632221,46.105293],[10.632165,46.105459],[10.632163,46.105523],[10.632103,46.10557],[10.632081,46.105639],[10.632072,46.105722],[10.632131,46.105761],[10.632128,46.10588],[10.632035,46.105924],[10.632014,46.105995],[10.631933,46.10604],[10.631827,46.106002],[10.631753,46.106069],[10.631663,46.106066],[10.631649,46.106008],[10.631597,46.105988],[10.631536,46.105974],[10.631514,46.105935],[10.63147,46.105908],[10.631387,46.105882],[10.631377,46.105919],[10.631415,46.105952],[10.631449,46.105997],[10.631427,46.10605],[10.63139,46.106097],[10.631331,46.106139],[10.631338,46.106194],[10.631372,46.106214],[10.631387,46.106247],[10.631329,46.106305],[10.631253,46.106356],[10.631197,46.106356],[10.631126,46.106315],[10.63107,46.106331],[10.631087,46.106375],[10.631138,46.10641],[10.631139,46.106456],[10.631104,46.106503],[10.630961,46.106481],[10.630776,46.106423],[10.630731,46.106442],[10.630767,46.106488],[10.630766,46.106528],[10.630698,46.106552],[10.630715,46.106576],[10.630782,46.106599],[10.630778,46.106643],[10.630728,46.106689],[10.63071,46.106767],[10.630517,46.106812],[10.630532,46.106915],[10.630592,46.106991],[10.630511,46.107095],[10.630411,46.107147],[10.630297,46.107214],[10.6302,46.107363],[10.629909,46.107498],[10.629645,46.10758],[10.62953,46.10756],[10.629512,46.107458],[10.629581,46.107334],[10.629496,46.107337],[10.629474,46.107289],[10.629414,46.107305],[10.629376,46.107289],[10.629366,46.107223],[10.629317,46.107243],[10.629284,46.10722],[10.629186,46.107235],[10.62911,46.107264],[10.629071,46.107258],[10.629004,46.107203],[10.628946,46.107213],[10.628917,46.107249],[10.628797,46.107198],[10.628754,46.107285],[10.628759,46.107378],[10.628696,46.107385],[10.628633,46.107354],[10.628479,46.107425],[10.628406,46.107456],[10.628346,46.107491],[10.628337,46.107457],[10.628313,46.107428],[10.628261,46.107433],[10.628256,46.107485],[10.628224,46.10754],[10.62817,46.107491],[10.628134,46.107472],[10.628096,46.107479],[10.628089,46.107499],[10.628087,46.107577],[10.627963,46.107591],[10.627866,46.10763],[10.627869,46.107686],[10.627785,46.107713],[10.627682,46.107727],[10.627582,46.107724],[10.627487,46.107674],[10.62745,46.107604],[10.627418,46.107633],[10.627384,46.1077],[10.627296,46.107756],[10.627242,46.107849],[10.627175,46.107825],[10.627164,46.107853],[10.627133,46.107881],[10.627082,46.107874],[10.627002,46.107827],[10.626841,46.107853],[10.626773,46.107892],[10.626716,46.107841],[10.626672,46.107698],[10.626608,46.107624],[10.626412,46.107483],[10.626344,46.107429],[10.626247,46.107316],[10.626066,46.107254]]},"properties":{"id":"a3db2e07-bd05-4970-8497-919b6284cd2d","cls":"path","name":"Ponte Zucal","osm":["w371751411@7","w62070034@8","w62070035@4"],"fr":[["is_bridge",0.226206,0.231635]],"conn":[["db3cec7c-05a9-49e2-9711-25c42a451be1",0.0],["4b4312c3-9ee1-432f-b95b-e16dc18b3a73",0.22218],["e9e88a20-9f84-4023-9fd2-70fe1f1d5ee7",1.0]]}},{"type":"Feature","geometry":{"type":"LineString","coordinates":[[10.55707,45.982682],[10.556802,45.982714],[10.556455,45.982688],[10.555998,45.982669],[10.555376,45.982676],[10.554837,45.982707],[10.554507,45.982841],[10.554041,45.982955],[10.55373,45.982958],[10.553593,45.983008],[10.553519,45.983063],[10.553483,45.983214],[10.553445,45.983277],[10.553342,45.983298],[10.55309,45.983319],[10.552734,45.983425],[10.552532,45.983489],[10.552413,45.983584],[10.55215,45.983691],[10.552064,45.983747],[10.551748,45.983846],[10.551495,45.983908],[10.551353,45.983921],[10.551101,45.983905],[10.550951,45.983959],[10.5508,45.984038],[10.550603,45.984143],[10.550461,45.984261],[10.550386,45.984347]]},"properties":{"id":"a40d86e3-a316-4597-9022-9a13f087f7e7","cls":"track","osm":["w1408654333@1"],"conn":[["7b6ed04e-1af2-4253-a72c-f06ee6a6269e",0.0],["3079f23d-365d-4f85-adc9-ddc0e2fceff9",1.0]],"access":[{"type":"allowed","when":["for_forestry"]}]}},{"type":"Feature","geometry":{"type":"LineString","coordinates":[[10.563841,45.961481],[10.563602,45.961432],[10.563385,45.961413],[10.563369,45.961292],[10.563602,45.961241],[10.56373,45.961176],[10.563714,45.961062],[10.563524,45.961068],[10.563222,45.96106],[10.563067,45.960982],[10.563082,45.960898],[10.563373,45.960858],[10.563583,45.960806],[10.563552,45.96075],[10.563327,45.960612],[10.563129,45.960426],[10.56302,45.960308]]},"properties":{"id":"a4bd5980-0a9d-4335-b16b-9216ff631557","cls":"track","osm":["w228300965@1"],"sr":[["unpaved",null,null]],"conn":[["499cc477-dea5-4b85-9ad9-0ddc81ab6ac5",0.0],["4e7cb996-0b03-4f76-8342-b9996de02acb",1.0]],"access":[{"type":"allowed","when":["for_forestry"]}]}},{"type":"Feature","geometry":{"type":"LineString","coordinates":[[10.610084,46.049251],[10.610227,46.049343]]},"properties":{"id":"a507364d-7db9-49e4-aded-3bee728493f2","cls":"footway","osm":["w503443969@2"],"fr":[["is_bridge",null,null]],"sr":[["unpaved",null,null]],"conn":[["23f7bb60-71da-4a8e-8fe5-0c709c1b877f",0.0],["d8dfce41-927d-4415-85ae-6b6cc8cce40a",1.0]]}},{"type":"Feature","geometry":{"type":"LineString","coordinates":[[10.561621,46.084727],[10.561575,46.084918]]},"properties":{"id":"a535b5ac-6e44-42fb-8750-8119d9bcc97b","cls":"footway","osm":["w229003184@4"],"fr":[["is_bridge",null,null]],"sr":[["unpaved",null,null]],"conn":[["ffedf075-9c7a-4f30-a76c-209564099d31",0.0],["51b98861-dd51-4c04-ba72-3e70c3d0b294",1.0]]}},{"type":"Feature","geometry":{"type":"LineString","coordinates":[[10.56221,46.084289],[10.562107,46.084232],[10.562022,46.084146],[10.561957,46.084023],[10.561868,46.083922],[10.561709,46.083842],[10.561434,46.083771],[10.561203,46.08375],[10.561115,46.083715],[10.56108,46.083666],[10.560931,46.083634],[10.56081,46.083629],[10.560689,46.083588],[10.560379,46.08355],[10.560092,46.083558],[10.559972,46.083553],[10.559736,46.083509],[10.559599,46.083441],[10.559084,46.083318],[10.558628,46.083339],[10.558525,46.083367]]},"properties":{"id":"a58c18bb-e3cd-4852-80df-95fb121403e0","cls":"path","osm":["w82967457@10"],"conn":[["6d96979b-2906-477e-ad1b-7398ff497d0d",0.0],["17af7657-30b7-4f9e-9fb1-03f817bb125d",0.465363],["cbe14ce3-43ec-4cb1-a299-84ef1361c2eb",1.0]]}},{"type":"Feature","geometry":{"type":"LineString","coordinates":[[10.541122,46.07107],[10.54119,46.071066]]},"properties":{"id":"a60a226b-2b3e-43e7-afe8-fe6999a11854","cls":"footway","osm":["w232207658@5"],"fr":[["is_bridge",null,null]],"sr":[["unpaved",null,null]],"conn":[["cc068bad-3327-499e-b29a-b8d5b54184ee",0.0],["ff23c50d-a912-48d5-b7a2-0df2530e5027",1.0]]}},{"type":"Feature","geometry":{"type":"LineString","coordinates":[[10.614565,46.123791],[10.61444,46.123762],[10.614383,46.123718],[10.614337,46.123685],[10.614317,46.123638],[10.613883,46.123283],[10.613851,46.123208],[10.613693,46.123137],[10.613513,46.123041],[10.613402,46.122981],[10.613256,46.122959],[10.61301,46.122829],[10.612907,46.122665],[10.612538,46.122437],[10.612241,46.122345],[10.612077,46.122254],[10.611567,46.121971],[10.611377,46.121919],[10.610376,46.121643],[10.609915,46.12146],[10.609583,46.121258],[10.609245,46.12133],[10.60908,46.121296],[10.608774,46.121202],[10.608412,46.12109],[10.608186,46.120956],[10.607824,46.12084],[10.607333,46.120682],[10.606279,46.120068],[10.604742,46.119301],[10.603366,46.118313],[10.603147,46.118084],[10.601543,46.116871],[10.601178,46.116669],[10.600541,46.116226],[10.600121,46.115925],[10.599925,46.115707],[10.599698,46.11557],[10.599523,46.115314],[10.599307,46.115143],[10.599114,46.114896],[10.598599,46.114616],[10.597945,46.114005],[10.597901,46.113945],[10.597795,46.113731],[10.597662,46.113625],[10.597145,46.112568],[10.596847,46.112103],[10.596777,46.111835],[10.596303,46.110786],[10.596264,46.110416],[10.59613,46.110062],[10.59614,46.109753],[10.596216,46.109539],[10.596348,46.109459],[10.596471,46.1092],[10.596425,46.108994],[10.596996,46.108536],[10.59691,46.108322],[10.596198,46.108155],[10.596199,46.108038],[10.596177,46.107936],[10.596167,46.107854],[10.59612,46.107621],[10.596138,46.107441],[10.596183,46.107327],[10.596271,46.107247],[10.596412,46.107136],[10.596474,46.106971],[10.59665,46.106776],[10.596812,46.106569],[10.596802,46.106351],[10.596775,46.106173],[10.596678,46.105958],[10.596795,46.105838],[10.596861,46.105796],[10.597186,46.10573],[10.59728,46.105601],[10.597262,46.105448],[10.597448,46.105264],[10.597617,46.105111],[10.597413,46.105025],[10.597225,46.104835],[10.596917,46.104865],[10.596802,46.104675],[10.596625,46.104571],[10.596246,46.104449],[10.59612,46.10438],[10.595883,46.10427],[10.595961,46.104135],[10.595704,46.103969],[10.595447,46.103834],[10.595368,46.103724],[10.595536,46.103644],[10.595669,46.10357],[10.595624,46.103478],[10.595332,46.103318],[10.595155,46.103171],[10.595084,46.103024],[10.594934,46.102766],[10.594881,46.10257],[10.594836,46.102312],[10.594739,46.102091],[10.594535,46.101956],[10.594376,46.101882],[10.594675,46.101708],[10.594539,46.101576],[10.594659,46.101483],[10.594695,46.101366],[10.594691,46.101222],[10.594695,46.101066],[10.594801,46.10107],[10.594749,46.100853],[10.594562,46.100691],[10.594574,46.100562],[10.594476,46.100507],[10.594312,46.1003],[10.594377,46.100063],[10.594376,46.09985],[10.594367,46.099623],[10.59444,46.099568],[10.594599,46.099384],[10.594564,46.099249],[10.594511,46.099089],[10.594475,46.09895],[10.5944,46.098856],[10.594529,46.098685],[10.594444,46.098484],[10.59452,46.098061],[10.59452,46.097932],[10.594658,46.097762],[10.594484,46.09764],[10.594435,46.097478],[10.5944,46.097343],[10.594329,46.097161],[10.594329,46.096944],[10.594378,46.096722],[10.594378,46.096551],[10.594378,46.096419],[10.594223,46.096351],[10.59384,46.096167]]},"properties":{"id":"a66257a3-355e-4fa3-934b-f352cb9a6892","cls":"path","osm":["w294969501@6","w294969505@7","w510145917@3"],"sr":[["unknown",0.0,0.61885]],"conn":[["62825d6d-e2b1-459d-8a15-35471eb844f5",0.0],["37e7a603-32aa-4594-8c49-a657535985fd",0.273817],["21daef2b-0506-46ee-a25e-461d3a15f060",0.423246],["9ec8d6b4-4a19-4600-b04e-9e7bd680322c",0.590011],["c27e43c2-4ec6-4a29-be0d-178d2d1c144c",0.607414],["05d5361d-3505-491a-ba98-5d91dddb3ca9",1.0]]}},{"type":"Feature","geometry":{"type":"LineString","coordinates":[[10.50062,46.122127],[10.500508,46.122097],[10.500384,46.122068],[10.500294,46.122044],[10.500223,46.12201],[10.50014,46.121944],[10.499931,46.121762],[10.499666,46.121568],[10.499521,46.12144],[10.499386,46.121279],[10.499302,46.121224],[10.499234,46.12115],[10.499109,46.121011],[10.499061,46.120973],[10.498966,46.120923],[10.498778,46.120832],[10.49857,46.12079],[10.49844,46.120781],[10.497999,46.120778],[10.497778,46.120795],[10.497749,46.12079],[10.497731,46.120774],[10.497723,46.120735],[10.497693,46.120679],[10.497663,46.120676],[10.497629,46.120688],[10.497609,46.120691],[10.497589,46.120689],[10.49758,46.12068],[10.497573,46.120638],[10.497585,46.120599],[10.497611,46.120535],[10.497615,46.120522],[10.497611,46.120511],[10.497597,46.120505],[10.497577,46.120506],[10.497531,46.120514],[10.497488,46.120514],[10.497477,46.12051],[10.497474,46.1205],[10.497514,46.120461],[10.49752,46.120446],[10.49751,46.120441],[10.497463,46.120441],[10.497428,46.12044],[10.497367,46.120426],[10.497355,46.120416],[10.497351,46.120402],[10.497355,46.120337],[10.49735,46.120311],[10.497335,46.120275],[10.497292,46.120222],[10.497253,46.120184],[10.497238,46.120174],[10.497218,46.12017],[10.497201,46.120172],[10.49717,46.120177],[10.497129,46.120179],[10.497109,46.120175],[10.497094,46.120166],[10.497082,46.120155],[10.497078,46.120142],[10.497072,46.120073],[10.497048,46.120038],[10.497023,46.12001],[10.497002,46.119996],[10.496973,46.119982],[10.496936,46.119976],[10.496897,46.119971],[10.496864,46.119959],[10.496838,46.11994],[10.496828,46.119918],[10.496812,46.119878],[10.496808,46.11982],[10.496818,46.119782],[10.49683,46.119753],[10.496829,46.119727],[10.496823,46.119704],[10.496745,46.119556],[10.496708,46.119444],[10.496673,46.119372],[10.496634,46.119318],[10.496615,46.119273],[10.496605,46.11922],[10.496568,46.119168],[10.496534,46.119139],[10.496482,46.119124],[10.496415,46.119087],[10.496321,46.119024],[10.496236,46.118986],[10.49592,46.118876],[10.495826,46.11885],[10.495753,46.118818],[10.495664,46.118791],[10.495606,46.118767],[10.495548,46.11873],[10.495503,46.118693],[10.495432,46.11866],[10.495353,46.118634],[10.495073,46.118548],[10.494625,46.118349],[10.494527,46.118288],[10.494458,46.11825],[10.494376,46.118221],[10.494329,46.118193],[10.494243,46.118169],[10.49418,46.11815],[10.494117,46.118125],[10.49407,46.118121],[10.494027,46.118121],[10.493977,46.118108],[10.493921,46.118072],[10.493755,46.118001],[10.493676,46.117977],[10.493628,46.117948],[10.493551,46.117878],[10.493479,46.117822],[10.493401,46.11777],[10.49296,46.117538],[10.492825,46.11746],[10.49267,46.117354],[10.492516,46.117229],[10.492413,46.117149],[10.492097,46.117003],[10.491761,46.11683],[10.491634,46.116743],[10.491529,46.116701],[10.491407,46.116655],[10.491333,46.116615],[10.491246,46.116557],[10.491074,46.116412],[10.490994,46.116323],[10.490907,46.116201],[10.490852,46.116161],[10.490801,46.116142],[10.490724,46.116131],[10.490472,46.116134],[10.490336,46.116146],[10.490246,46.116174],[10.490162,46.116196],[10.490068,46.116205],[10.489993,46.116204],[10.48989,46.116192],[10.489633,46.116194],[10.489559,46.116191],[10.489489,46.11618],[10.489425,46.116175],[10.489356,46.116181],[10.489292,46.1162],[10.488883,46.116337],[10.488813,46.116367],[10.488743,46.116408],[10.48865,46.116465],[10.488583,46.11649],[10.488505,46.116515],[10.488304,46.116572],[10.4882,46.11659],[10.48811,46.116602],[10.488026,46.116607],[10.487949,46.116603],[10.487774,46.116589],[10.487671,46.11657],[10.487583,46.116544],[10.487504,46.116518],[10.487448,46.116494],[10.487414,46.116472],[10.487358,46.116432],[10.487315,46.116417],[10.487236,46.116405],[10.487184,46.116394],[10.487119,46.11638],[10.487071,46.11638],[10.486869,46.116393],[10.486779,46.116397],[10.486661,46.116391],[10.486603,46.116383],[10.486547,46.116367],[10.48647,46.116337],[10.486435,46.116331],[10.486392,46.116335],[10.486352,46.116347],[10.486252,46.116383],[10.486124,46.116436],[10.486031,46.116459],[10.485969,46.116466],[10.485899,46.116465],[10.485624,46.116438],[10.485537,46.116438],[10.485446,46.116442],[10.485349,46.116453],[10.484932,46.116528],[10.484834,46.116553],[10.484664,46.116608],[10.484535,46.116633],[10.484429,46.116648],[10.484357,46.116651],[10.484257,46.116648],[10.484203,46.116639],[10.48413,46.116617],[10.483929,46.116545],[10.483886,46.11652],[10.483852,46.116491],[10.483667,46.116301],[10.483611,46.116255],[10.483541,46.116217],[10.483481,46.116194],[10.483425,46.116183],[10.48335,46.11618],[10.482822,46.116175],[10.482738,46.116168],[10.48264,46.116152],[10.482432,46.116132],[10.48233,46.11613],[10.482206,46.116139],[10.482092,46.116144],[10.482004,46.116139],[10.48173,46.116123],[10.481676,46.116115],[10.48162,46.116097],[10.481548,46.116063],[10.48146,46.115997],[10.481304,46.115844],[10.481267,46.115815],[10.481227,46.115794],[10.481174,46.115778],[10.481121,46.11577],[10.481043,46.115756],[10.480956,46.115725],[10.480819,46.115661],[10.480649,46.1156],[10.480607,46.115589],[10.480493,46.115583],[10.480445,46.115587],[10.480388,46.1156],[10.48031,46.115605],[10.480198,46.1156],[10.480132,46.115598],[10.480024,46.115603],[10.479983,46.1156],[10.479939,46.115585],[10.479817,46.115538],[10.479737,46.115518],[10.479668,46.115509],[10.479552,46.115511],[10.479503,46.11551],[10.47946,46.1155],[10.479409,46.11547],[10.479266,46.115401],[10.479052,46.115328],[10.478987,46.115302],[10.478945,46.115281],[10.478898,46.11524],[10.47887,46.115221],[10.47876,46.115192],[10.478699,46.115164],[10.478632,46.115151],[10.478466,46.115109],[10.478405,46.115083],[10.478364,46.115049],[10.47832,46.115027],[10.47826,46.115006],[10.478019,46.114944],[10.47793,46.114927],[10.477891,46.114911],[10.477847,46.114879],[10.477728,46.114807],[10.477589,46.11474],[10.477525,46.1147],[10.477462,46.114653],[10.477395,46.114605],[10.477331,46.114572],[10.47704,46.114439],[10.476712,46.114261],[10.476165,46.113794],[10.475779,46.113499]]},"properties":{"id":"a72352e9-6f32-4b7a-8350-99101cae94b8","cls":"track","osm":["w836547737@2"],"sr":[["unpaved",null,null]],"conn":[["61445503-1f06-43ef-9f84-73739e8d2b57",0.0],["6ba24433-a870-43bc-b266-27f19f431d0e",0.371045],["edf66caa-5729-475a-81bb-1466080f7042",1.0]]}},{"type":"Feature","geometry":{"type":"LineString","coordinates":[[10.478447,45.965126],[10.47839,45.965158],[10.478382,45.965225],[10.478307,45.965255],[10.47821,45.965291],[10.477993,45.965384],[10.477883,45.965429],[10.477805,45.965473],[10.477816,45.965544],[10.477816,45.965656],[10.477794,45.965747],[10.477733,45.965816],[10.47758,45.965919],[10.477454,45.965988],[10.477416,45.966031],[10.477478,45.966051],[10.477556,45.966051],[10.477639,45.966066],[10.477711,45.966087],[10.477802,45.966059],[10.477899,45.966055],[10.478012,45.966049],[10.478098,45.966031],[10.478202,45.966003],[10.478301,45.966023],[10.478358,45.966066],[10.478245,45.966116],[10.478339,45.966172],[10.478428,45.966223],[10.478672,45.966372],[10.478886,45.966462],[10.479112,45.966678],[10.479316,45.966894],[10.479508,45.967016]]},"properties":{"id":"a726ea4a-61a4-4a72-af71-04fe23f3ac8e","cls":"path","osm":["w1190881912@2"],"sr":[["unpaved",null,null]],"conn":[["414c918d-5f67-4fad-aeba-1d97e9ed4bb0",0.0],["3bc74662-f835-4a15-b26c-9add7013bae9",0.378206],["c2a364ef-44be-4945-bca1-ba0664135cf9",1.0]]}},{"type":"Feature","geometry":{"type":"LineString","coordinates":[[10.575619,45.963208],[10.575603,45.963109],[10.575549,45.963002],[10.575513,45.962885],[10.575536,45.962806],[10.575621,45.962635],[10.575631,45.962585],[10.575601,45.962453],[10.575603,45.96233],[10.575641,45.962252]]},"properties":{"id":"a7409767-cbc4-42de-aa34-9d27736b740a","cls":"track","osm":["w82549473@1"],"conn":[["23da94c4-2b05-460c-8831-56a1f50acbce",0.0],["2feca92f-a8cf-42b8-ac20-3c5dc74bc6ec",1.0]]}},{"type":"Feature","geometry":{"type":"LineString","coordinates":[[10.62104,46.03917],[10.620832,46.039463],[10.621006,46.039646],[10.621042,46.039721],[10.621184,46.039791],[10.621243,46.039878],[10.621365,46.039907],[10.621548,46.040172],[10.621386,46.04038],[10.621264,46.04043],[10.621137,46.040458],[10.621078,46.040743],[10.621135,46.040933],[10.621228,46.040998],[10.621379,46.041008],[10.621408,46.041132],[10.621566,46.041132],[10.621752,46.041192],[10.621856,46.041207],[10.622001,46.041316],[10.622154,46.041471],[10.622146,46.041625],[10.622154,46.041839],[10.622233,46.042033],[10.62229,46.042208],[10.62229,46.042322],[10.622397,46.042362],[10.622462,46.042461],[10.622562,46.042437],[10.622641,46.042516],[10.622534,46.042641],[10.622677,46.04272],[10.622692,46.0428],[10.622928,46.042735],[10.622892,46.04286],[10.623072,46.042845],[10.623201,46.042999],[10.623416,46.043084],[10.623509,46.043203],[10.623681,46.043467],[10.623839,46.043542],[10.623738,46.043566],[10.623975,46.043666],[10.624226,46.043776],[10.624312,46.043915],[10.624406,46.044007],[10.624552,46.044069],[10.624721,46.044074],[10.624886,46.044054],[10.624915,46.044253],[10.624742,46.044353],[10.624635,46.044383],[10.62452,46.044421],[10.624434,46.044444],[10.624432,46.044505]]},"properties":{"id":"a78325be-5b8f-41ab-bf63-662a3676b272","cls":"path","osm":["w513890672@2"],"conn":[["b1acf9f9-70fc-4718-8d5e-bffc65d32895",0.0],["68153c77-372a-45e1-8038-9236324f5b86",1.0]]}},{"type":"Feature","geometry":{"type":"LineString","coordinates":[[10.513211,46.002433],[10.513329,46.002458],[10.513541,46.00255],[10.513715,46.002561],[10.513801,46.002535],[10.51387,46.002468],[10.514107,46.002397],[10.51425,46.002347],[10.514328,46.002285],[10.514501,46.002236],[10.514796,46.001945],[10.514907,46.001789],[10.515037,46.001668]]},"properties":{"id":"a7ba0174-53b3-4c6a-aeec-03a0e6ae3319","cls":"track","osm":["w228435857@3"],"conn":[["7300fd94-2544-49eb-ace8-c71c2c015e64",0.0],["3c132191-b58f-4469-bbfc-c772b40bf86c",1.0]]}},{"type":"Feature","geometry":{"type":"LineString","coordinates":[[10.607027,46.020762],[10.60702,46.020891],[10.607014,46.020935],[10.606979,46.021005],[10.606906,46.021045],[10.60682,46.021042]]},"properties":{"id":"a876cce4-fe7d-4565-a751-c5d6e1fb5448","cls":"footway","osm":["w1212116532@1","w1212116533@1","w1212116534@1"],"fr":[["is_bridge",0.467309,0.664962]],"conn":[["d2eccdae-7899-45c4-b9dc-3f2e43391c22",0.0],["9ac705b8-31ae-4880-8a07-78c23afe35af",1.0]]}},{"type":"Feature","geometry":{"type":"LineString","coordinates":[[10.467144,46.065641],[10.467322,46.065488],[10.467603,46.065544],[10.467747,46.065557],[10.467885,46.065536],[10.468181,46.065587],[10.468272,46.06567],[10.468311,46.065767],[10.468451,46.065755],[10.468608,46.065833],[10.468904,46.065869],[10.469072,46.065945],[10.469229,46.065962],[10.469344,46.065903],[10.469637,46.065889],[10.469798,46.065942],[10.469952,46.065925],[10.469949,46.065875],[10.469854,46.065833],[10.469898,46.065749],[10.469983,46.065708],[10.470005,46.065552],[10.469941,46.065466],[10.470017,46.065474],[10.470217,46.065285],[10.470345,46.065314],[10.470477,46.065303],[10.470532,46.065117],[10.470646,46.064984],[10.470772,46.065007],[10.470942,46.064971],[10.471035,46.065007],[10.471193,46.064981],[10.471421,46.065051],[10.471557,46.065048],[10.47179,46.064999],[10.47182,46.064945],[10.47193,46.064929],[10.47198,46.064827],[10.472111,46.064758],[10.472209,46.064778],[10.472468,46.06479],[10.47269,46.064898],[10.47276,46.064821],[10.472852,46.064799],[10.472956,46.064865],[10.473164,46.064906],[10.473259,46.064951],[10.473405,46.064945],[10.473489,46.065002],[10.473573,46.064998],[10.473638,46.064926],[10.473885,46.064815],[10.473963,46.064815],[10.474249,46.064996],[10.474347,46.064809],[10.474364,46.064647],[10.474485,46.064511],[10.474675,46.064451],[10.474759,46.06442],[10.474903,46.064317],[10.474967,46.064122],[10.474984,46.063992],[10.475239,46.063798]]},"properties":{"id":"a9182471-15b5-4f6c-930a-b1fcfbe5118c","cls":"path","osm":["w593849561@2"],"conn":[["2d5c8d73-3121-431b-b72f-ca71f1a356c9",0.0],["a57ba0eb-8eb8-4c31-ae7c-2ea387b77875",1.0]]}},{"type":"Feature","geometry":{"type":"LineString","coordinates":[[10.455243,46.070341],[10.455156,46.070318],[10.455049,46.070296],[10.454802,46.070257],[10.454526,46.070274],[10.453934,46.070312]]},"properties":{"id":"a9374bc7-756b-42cf-8921-df4472e5952f","cls":"service","osm":["w1112686046@2","w1112686047@1","w436883852@5"],"fr":[["is_bridge",0.06972,0.15422]],"conn":[["ea45a6d2-d035-49ca-ad85-ae13df6cf41c",0.0],["42231157-965a-4e04-a973-0252939b35f3",1.0]]}},{"type":"Feature","geometry":{"type":"LineString","coordinates":[[10.610028,46.095987],[10.610092,46.095923],[10.610129,46.095802],[10.610113,46.095684],[10.609975,46.095591],[10.609887,46.095357],[10.609765,46.095373],[10.609707,46.095365],[10.609716,46.095314],[10.609576,46.095333],[10.609529,46.095298],[10.60948,46.095231],[10.609439,46.09524],[10.609417,46.095199],[10.609265,46.095158],[10.609225,46.095128],[10.609165,46.095117],[10.609153,46.095],[10.609102,46.094987],[10.609046,46.095022],[10.609018,46.09508],[10.608967,46.095146],[10.608894,46.095152],[10.608827,46.095045],[10.608775,46.095019],[10.608806,46.094978],[10.608752,46.094952],[10.608711,46.094948],[10.60867,46.094863],[10.608609,46.09483],[10.608412,46.094762],[10.608405,46.094724],[10.608291,46.094701],[10.608273,46.094668],[10.608263,46.094626],[10.608121,46.0946],[10.608,46.094587],[10.607952,46.094606],[10.607883,46.094594],[10.607831,46.094595],[10.607705,46.09458],[10.607679,46.094562],[10.607666,46.094534],[10.607494,46.094451],[10.607373,46.094406],[10.607282,46.094357],[10.607211,46.094349],[10.60717,46.094249],[10.607142,46.094242],[10.607166,46.094151],[10.607147,46.0941],[10.606974,46.094187],[10.606907,46.094317],[10.60686,46.094421],[10.606875,46.094474],[10.606786,46.094549],[10.606614,46.094739],[10.606424,46.094807],[10.606206,46.094869],[10.606066,46.094941],[10.605995,46.095024],[10.605952,46.095047],[10.605932,46.095084],[10.605886,46.095087],[10.605821,46.095044],[10.605695,46.095007],[10.605508,46.095061],[10.605355,46.095092],[10.605261,46.095156],[10.605042,46.09521],[10.604898,46.095212],[10.604794,46.095257],[10.604696,46.095311],[10.604642,46.095361],[10.60458,46.095389],[10.604498,46.095365],[10.604398,46.095424],[10.604405,46.095437],[10.604189,46.095563],[10.604092,46.095591],[10.603945,46.095621],[10.60381,46.095744],[10.603855,46.095779],[10.603852,46.095823],[10.60385,46.095867],[10.60379,46.095959],[10.60369,46.096035],[10.603652,46.096031],[10.603641,46.096069],[10.603617,46.096076],[10.603578,46.096071],[10.603557,46.09605],[10.603363,46.096229],[10.603173,46.09628],[10.602892,46.096315],[10.602716,46.096348],[10.602658,46.096378],[10.602527,46.096398],[10.602158,46.096382],[10.602177,46.096326],[10.602145,46.096327],[10.602006,46.096364],[10.601773,46.096423],[10.601663,46.096417],[10.601524,46.096435],[10.601475,46.096465],[10.601412,46.096482],[10.601306,46.096487]]},"properties":{"id":"a9729b01-7926-4f82-b662-181852f88b25","cls":"path","osm":["w294969498@6"],"conn":[["9a7f8d1b-5bed-4ffa-b5d4-af10b3313964",0.0],["e693280b-c055-4185-98ca-4c2d3c6dd159",1.0]]}},{"type":"Feature","geometry":{"type":"LineString","coordinates":[[10.533675,45.977245],[10.533489,45.977023],[10.533431,45.97691],[10.53325,45.976787],[10.533255,45.976648],[10.533191,45.976505],[10.532854,45.976447],[10.532684,45.976414],[10.532489,45.976372],[10.53244,45.976292],[10.532486,45.976219],[10.532808,45.976073],[10.532946,45.975988],[10.532997,45.975919],[10.532979,45.975872],[10.532863,45.975808],[10.532581,45.975784],[10.532428,45.975772],[10.532753,45.975627],[10.532816,45.975497],[10.532948,45.975394],[10.532433,45.975256],[10.533115,45.975101],[10.533485,45.975102],[10.533834,45.974792],[10.533927,45.974723],[10.534225,45.974566],[10.534726,45.974198],[10.535134,45.974011],[10.535657,45.973827],[10.535794,45.97372],[10.535823,45.973504]]},"properties":{"id":"aa6937c6-5977-4f12-9431-f71a5d479627","cls":"path","osm":["w513838842@3"],"conn":[["8c8f7770-10d3-4c7b-a9ce-eaa0da7a6555",0.0],["e6c480d5-1cd5-4e1c-8829-52167ea7c59f",1.0]]}},{"type":"Feature","geometry":{"type":"LineString","coordinates":[[10.496807,45.999921],[10.497045,46.00007],[10.497071,46.000138],[10.497163,46.000217],[10.497282,46.000267],[10.497538,46.000309]]},"properties":{"id":"aac05fcf-2006-41e8-9fad-7218d7a572b7","cls":"path","osm":["w364630813@1"],"conn":[["7e97d694-b50e-4fd1-9991-9fafd3d8e498",0.0],["b4faa69b-447e-4602-9c00-b4a71d0bd4e1",1.0]]}},{"type":"Feature","geometry":{"type":"LineString","coordinates":[[10.428509,46.020599],[10.428533,46.020598],[10.428556,46.02061],[10.428566,46.020629],[10.428573,46.02075],[10.428581,46.020767],[10.428591,46.020787],[10.428625,46.020821],[10.428707,46.020892],[10.428716,46.020908],[10.428716,46.020993],[10.428721,46.021031],[10.428734,46.021086],[10.428752,46.021141],[10.428784,46.021206],[10.428825,46.021286],[10.428831,46.02131],[10.428835,46.021342],[10.428827,46.02142],[10.428834,46.021454],[10.428847,46.021491],[10.428863,46.021518],[10.428891,46.021557],[10.428911,46.021602],[10.428927,46.021645],[10.428944,46.021707],[10.42895,46.021778],[10.428968,46.021829],[10.428989,46.021873],[10.429064,46.021952],[10.429098,46.021985],[10.429131,46.022018],[10.429143,46.022034],[10.42915,46.022058],[10.429152,46.022087],[10.429154,46.022205],[10.429165,46.022281],[10.429161,46.022304],[10.42915,46.022323],[10.429129,46.022348],[10.429113,46.022382],[10.429105,46.022411],[10.429098,46.022456],[10.42911,46.022555],[10.429117,46.022563],[10.42913,46.022566],[10.429143,46.022562],[10.429156,46.02253],[10.429215,46.022463],[10.429233,46.022449],[10.429251,46.022453],[10.429256,46.022475],[10.429255,46.022522],[10.429274,46.022571],[10.429306,46.022622],[10.42932,46.022669],[10.429339,46.022663],[10.429356,46.022646],[10.429378,46.022621],[10.429401,46.022609],[10.429542,46.02255],[10.429595,46.022521],[10.429682,46.022451],[10.429741,46.022391],[10.429797,46.022321],[10.429808,46.022316],[10.429815,46.022325],[10.429814,46.022457],[10.429807,46.02248],[10.429797,46.022505],[10.429755,46.022556],[10.42975,46.02258],[10.429755,46.022618],[10.429778,46.022715],[10.429776,46.022841],[10.429763,46.022925],[10.429768,46.022936],[10.429784,46.022932],[10.430008,46.022663],[10.430025,46.022661],[10.430035,46.022671],[10.430038,46.022749],[10.43005,46.022923],[10.430204,46.022783],[10.430218,46.02278],[10.430232,46.022783],[10.430237,46.022793],[10.430226,46.022933],[10.43023,46.022942],[10.430245,46.022942],[10.430426,46.0228],[10.430609,46.022653],[10.430692,46.0226],[10.43075,46.022571],[10.430825,46.02254],[10.4309,46.022498],[10.430975,46.022471],[10.431034,46.022443],[10.431069,46.022428],[10.431095,46.022418],[10.431123,46.022406],[10.431153,46.022394],[10.431216,46.022368],[10.43127,46.022355],[10.431316,46.022358],[10.431313,46.022407],[10.431281,46.022461],[10.431226,46.022511],[10.431204,46.022538],[10.431189,46.022574],[10.431122,46.022655],[10.431118,46.022663],[10.431116,46.022671],[10.431115,46.02269],[10.431118,46.022698],[10.431124,46.022703],[10.431132,46.022704],[10.431165,46.022698],[10.431314,46.022623],[10.431409,46.022584],[10.431476,46.022548],[10.431527,46.022508],[10.431548,46.022498],[10.431564,46.022494],[10.431553,46.022518],[10.431459,46.022624],[10.431374,46.022745],[10.431368,46.02276],[10.431372,46.022771],[10.431381,46.022778],[10.431397,46.022784],[10.431414,46.022783],[10.431437,46.022776],[10.431481,46.022749],[10.431569,46.022687],[10.431606,46.02267],[10.431657,46.02264],[10.431672,46.022637],[10.431669,46.02265],[10.431633,46.022712],[10.431627,46.022737],[10.431618,46.022783],[10.43162,46.022795],[10.431628,46.022802],[10.431639,46.022804],[10.431656,46.022803],[10.43168,46.022795],[10.431705,46.022781],[10.43173,46.022763],[10.431771,46.022723],[10.431814,46.022696],[10.431822,46.022696],[10.431824,46.022702],[10.431819,46.022727],[10.431828,46.022727],[10.431867,46.022703],[10.431885,46.022702],[10.4319,46.022697],[10.431907,46.022693],[10.431917,46.022683],[10.431951,46.022631],[10.43196,46.02261],[10.431964,46.022593],[10.431961,46.022569],[10.431967,46.022556],[10.431977,46.022547],[10.431989,46.022545],[10.431999,46.022548],[10.432004,46.022554],[10.432019,46.022631],[10.432029,46.02265],[10.432042,46.022658],[10.432056,46.022655],[10.432072,46.022628],[10.43209,46.022583],[10.432117,46.022553],[10.432136,46.022506],[10.43217,46.022459],[10.432211,46.022391],[10.432227,46.022355],[10.432246,46.022323],[10.432264,46.022304],[10.432284,46.022289],[10.43231,46.022276],[10.432349,46.022267],[10.432392,46.022265],[10.432626,46.022294],[10.432626,46.022312],[10.432572,46.022366],[10.432569,46.022403],[10.432619,46.022405],[10.432688,46.022393],[10.432805,46.022383],[10.432956,46.02234],[10.43309,46.022311],[10.433106,46.022316],[10.433071,46.022345],[10.433017,46.02238],[10.432985,46.02241],[10.432979,46.022422],[10.432992,46.022426],[10.433008,46.022424],[10.433187,46.022364],[10.433265,46.022345],[10.433266,46.022363],[10.433308,46.022351],[10.433342,46.022351],[10.433382,46.022361],[10.43341,46.02236],[10.433429,46.022354],[10.433437,46.022342],[10.433446,46.022321],[10.433472,46.022297],[10.433515,46.022268],[10.433558,46.022251],[10.433575,46.022252],[10.433551,46.022278],[10.43356,46.022288],[10.433585,46.022287],[10.433664,46.022256],[10.433691,46.022254],[10.433721,46.022245],[10.433751,46.022248],[10.433774,46.022245],[10.433806,46.022251],[10.433836,46.022266],[10.433837,46.022281],[10.433832,46.022293],[10.433767,46.022308],[10.433746,46.02233],[10.43375,46.022345],[10.433772,46.022349],[10.433916,46.02232],[10.43393,46.022323],[10.433932,46.022336],[10.433889,46.022399],[10.433894,46.022415],[10.433919,46.022428],[10.433965,46.022436],[10.434028,46.022433],[10.434088,46.022427],[10.434185,46.022398],[10.434324,46.022397],[10.434339,46.022411],[10.434372,46.022413],[10.434426,46.022382],[10.434458,46.022372],[10.434473,46.022379],[10.43448,46.022438],[10.434487,46.022461],[10.434521,46.022438],[10.434565,46.022421],[10.434615,46.022429],[10.434692,46.022486],[10.434698,46.022512],[10.434669,46.022533],[10.434614,46.022557],[10.434548,46.022577],[10.434504,46.022579],[10.434352,46.022646],[10.434316,46.022689],[10.434316,46.022714],[10.434335,46.022735],[10.434403,46.022734],[10.434435,46.022739],[10.434447,46.022748],[10.434442,46.02276],[10.434405,46.022789],[10.434418,46.022796],[10.43452,46.022783],[10.434571,46.022789],[10.434551,46.022817],[10.434555,46.02284],[10.434571,46.022843],[10.434627,46.022844],[10.434749,46.022875],[10.434868,46.022869],[10.434954,46.022888],[10.435001,46.022877],[10.43506,46.022895],[10.435133,46.022886],[10.43519,46.022886],[10.435244,46.022857],[10.435294,46.022846],[10.435315,46.022825],[10.435337,46.022817],[10.435318,46.022848],[10.435314,46.022874],[10.435335,46.022886],[10.435369,46.022881],[10.435405,46.022864],[10.435445,46.022843],[10.435463,46.022844],[10.435468,46.022855],[10.435464,46.022891],[10.435484,46.02291],[10.435502,46.022912],[10.435591,46.022882],[10.435748,46.022839],[10.435912,46.022764],[10.435983,46.022701],[10.436058,46.022641],[10.4361,46.022612],[10.436176,46.022562],[10.436224,46.022524],[10.436259,46.022518],[10.4363,46.022532],[10.43631,46.022551],[10.43634,46.022567],[10.436372,46.022559],[10.43642,46.022535],[10.436497,46.02248],[10.436517,46.022447],[10.436517,46.022373],[10.436499,46.02225],[10.436502,46.022116],[10.436502,46.022007],[10.436545,46.021945],[10.436587,46.021904],[10.436678,46.021998],[10.436697,46.022001],[10.436733,46.021914],[10.436754,46.021902],[10.436793,46.0219],[10.436901,46.021879],[10.436947,46.021857],[10.436977,46.021835],[10.437003,46.021803],[10.437006,46.021773],[10.436996,46.021742],[10.436984,46.021712],[10.436956,46.021668],[10.436946,46.021642],[10.436954,46.021613],[10.436978,46.021577],[10.437009,46.021547],[10.437071,46.021509],[10.43712,46.021487],[10.437188,46.021462],[10.437337,46.021419],[10.437361,46.021369],[10.437369,46.021304],[10.437398,46.021255],[10.43743,46.02122],[10.437494,46.021229],[10.437577,46.021236],[10.437617,46.021239],[10.43768,46.021208],[10.43773,46.021181],[10.437744,46.021138],[10.437795,46.021111],[10.437869,46.02108],[10.437933,46.021063],[10.437978,46.021074],[10.437985,46.021114],[10.438004,46.021134],[10.438054,46.021137],[10.438091,46.021104],[10.438173,46.02115],[10.438185,46.021172],[10.438231,46.021152],[10.438296,46.021142],[10.438319,46.021098],[10.438402,46.021079],[10.438488,46.021074],[10.438552,46.020974],[10.438681,46.020936],[10.438716,46.020862],[10.438797,46.020873],[10.438864,46.0208],[10.43895,46.020784],[10.438992,46.0206],[10.438978,46.020485],[10.439037,46.020254],[10.438948,46.020166],[10.438967,46.020055],[10.438946,46.019987],[10.438849,46.019948],[10.438811,46.019896],[10.438798,46.019842],[10.438871,46.019753],[10.438954,46.019749],[10.438991,46.019682],[10.439072,46.019667],[10.43923,46.019682],[10.439239,46.019634],[10.439292,46.019663],[10.439316,46.019625],[10.439377,46.019631],[10.439544,46.019619],[10.439788,46.019637],[10.439869,46.019689],[10.440332,46.019793],[10.440817,46.019833],[10.44108,46.019714],[10.441197,46.019588],[10.441522,46.019516],[10.4416,46.019444],[10.441853,46.019394],[10.442126,46.019445],[10.442568,46.019297],[10.442973,46.019226],[10.443154,46.019195],[10.443273,46.019239],[10.44335,46.019335],[10.443446,46.019359],[10.443525,46.019313],[10.443639,46.01923],[10.443799,46.019134],[10.444245,46.01902],[10.444561,46.019053],[10.444693,46.019031],[10.444821,46.018988],[10.445001,46.018894],[10.445087,46.018799],[10.445201,46.018654],[10.445306,46.018549],[10.445387,46.018478],[10.445498,46.018473],[10.445572,46.018506],[10.445691,46.018494],[10.445828,46.018509],[10.44601,46.018585],[10.446158,46.01864],[10.446317,46.01866],[10.446528,46.018677],[10.446596,46.018636],[10.446741,46.018581],[10.447026,46.018519],[10.44722,46.01845],[10.447463,46.018374],[10.447595,46.018386],[10.447738,46.018416],[10.447901,46.018385],[10.448216,46.018285],[10.448355,46.018296],[10.448589,46.01824],[10.448727,46.018275],[10.448949,46.018278],[10.449138,46.018257],[10.449364,46.018285],[10.44957,46.018304],[10.449941,46.018389],[10.450303,46.018552],[10.450559,46.018737],[10.45088,46.018874],[10.451155,46.018994],[10.451182,46.019135],[10.451318,46.019301],[10.451403,46.019462],[10.451668,46.019514],[10.451959,46.01967],[10.452177,46.019717],[10.452308,46.019825],[10.452805,46.019973],[10.453247,46.020075],[10.453427,46.020192],[10.453478,46.020308],[10.453521,46.020436],[10.453636,46.020539],[10.453754,46.020612],[10.453915,46.020742],[10.454068,46.020854],[10.454162,46.020997],[10.454218,46.021206],[10.454378,46.021274],[10.454551,46.021327],[10.454795,46.021356],[10.454934,46.021425],[10.455036,46.021504],[10.455146,46.021656],[10.455272,46.02169],[10.455329,46.021753],[10.45546,46.021815],[10.455605,46.02188],[10.45568,46.021956],[10.455735,46.022109],[10.45579,46.022176],[10.455948,46.022262],[10.455988,46.022349],[10.456002,46.022498],[10.456137,46.02262],[10.45627,46.022699],[10.456468,46.022709],[10.456592,46.022777],[10.456707,46.022805],[10.457191,46.022797],[10.457504,46.022744],[10.45767,46.022733],[10.458017,46.022776],[10.458459,46.023038],[10.458652,46.023102],[10.458998,46.023337],[10.45914,46.023428],[10.459521,46.023671],[10.459615,46.023824],[10.459866,46.023937],[10.459939,46.023975],[10.460001,46.024053],[10.4601,46.024118],[10.460253,46.024184],[10.460529,46.024215],[10.460759,46.024256],[10.460942,46.024288],[10.461217,46.024291],[10.46149,46.024299],[10.461636,46.02434],[10.461783,46.024333],[10.461927,46.024312],[10.462117,46.024389],[10.462395,46.024439],[10.462941,46.024548],[10.463179,46.024569],[10.463512,46.024679],[10.46378,46.024745],[10.464052,46.024777],[10.464328,46.024747],[10.464512,46.024651],[10.46461,46.024586],[10.4647,46.024524],[10.464794,46.024395],[10.464939,46.024326],[10.465032,46.024218],[10.46516,46.024155]]},"properties":{"id":"ab905ce4-7982-4f04-b40d-bb4f902eb072","cls":"path","osm":["w198371333@3","w422068219@4","w744201031@2"],"conn":[["bc2da420-878f-494c-b6e1-9f8c4ec94171",0.0],["ee0dcecb-d2c9-4cc3-b17d-32eed4f7abcc",0.366566],["8c3fcab8-b1f2-49bc-90f7-effef0e0ba4c",0.377949],["57637f7e-cce1-4eaa-b3f8-a721ad1f3171",0.877696],["b91c5539-4946-48a4-8d44-f1816bc35158",1.0]]}},{"type":"Feature","geometry":{"type":"LineString","coordinates":[[10.450762,46.089957],[10.45077,46.089983],[10.450773,46.089998],[10.450775,46.090071],[10.450724,46.090182],[10.450632,46.090336],[10.450608,46.090419],[10.450593,46.090488],[10.450577,46.090576],[10.450565,46.09067],[10.450571,46.090719],[10.450623,46.090766],[10.450665,46.090821],[10.450672,46.090916],[10.450671,46.090987],[10.450689,46.091034],[10.450713,46.091049],[10.45074,46.091047],[10.450778,46.091032],[10.450798,46.091004],[10.450824,46.090987],[10.450858,46.090986],[10.450884,46.091],[10.450964,46.091042],[10.451038,46.091055],[10.451095,46.091036],[10.451317,46.091025],[10.451385,46.091034],[10.451478,46.091079],[10.451735,46.091052],[10.451932,46.091005],[10.452134,46.090993],[10.452217,46.090962],[10.452375,46.090933],[10.452578,46.09086],[10.452775,46.090839],[10.452917,46.090788],[10.452983,46.090709],[10.453109,46.090669],[10.453268,46.090682],[10.453334,46.090699],[10.453361,46.090723],[10.453385,46.090737],[10.453418,46.090726],[10.453447,46.090731],[10.453446,46.090773],[10.453465,46.090819],[10.453495,46.090895],[10.453559,46.090939],[10.453749,46.090995],[10.4538,46.091042],[10.453804,46.091097],[10.453842,46.091095],[10.453906,46.091135],[10.454021,46.091151],[10.454137,46.091129],[10.454206,46.091134],[10.454472,46.091206],[10.454547,46.091304],[10.454621,46.091346],[10.454679,46.091414],[10.454777,46.09148],[10.45483,46.091559],[10.454814,46.091617],[10.454829,46.091647],[10.455063,46.091766],[10.455143,46.091843],[10.455187,46.091915],[10.455291,46.091931],[10.455299,46.092005],[10.455488,46.092058],[10.455655,46.092188],[10.455714,46.092217],[10.455876,46.092266],[10.456042,46.0923],[10.456165,46.092314],[10.456185,46.092309],[10.456195,46.092293],[10.45622,46.09228],[10.456243,46.092276],[10.45644,46.092359],[10.456668,46.092451],[10.456689,46.092534],[10.456776,46.092574],[10.456858,46.09255],[10.456957,46.092467],[10.457032,46.092389],[10.457159,46.092309],[10.457221,46.092297],[10.457279,46.09232],[10.457334,46.092381],[10.457337,46.092441],[10.45735,46.092534],[10.457369,46.09268],[10.457363,46.092848],[10.457342,46.092972],[10.457344,46.093061],[10.457416,46.093228],[10.45743,46.093343],[10.457474,46.093478],[10.457549,46.093678],[10.457596,46.093743],[10.457656,46.093764],[10.457723,46.093752],[10.457783,46.093804],[10.457812,46.093832],[10.457878,46.093909],[10.457898,46.093986],[10.457947,46.094102],[10.457969,46.094168],[10.457987,46.094216],[10.458016,46.094282],[10.458106,46.094343],[10.458193,46.094358],[10.458336,46.094349],[10.458459,46.094366],[10.458582,46.094456],[10.458664,46.094534],[10.458727,46.094601],[10.458785,46.094668],[10.45879,46.094729],[10.458772,46.094756],[10.458749,46.09477],[10.458741,46.094787],[10.458745,46.0948],[10.458782,46.094826],[10.458814,46.094855],[10.458954,46.094944]]},"properties":{"id":"ab9189e8-0873-4e79-bf5a-c5cf36d010ac","cls":"path","osm":["w383533726@1","w40824271@7"],"sr":[["unpaved",0.002587,1.0]],"conn":[["b492ab39-f246-48b2-b2c8-30323ed6e605",0.0],["f515f2f6-ede7-42b5-a952-a56c24f9313b",1.0]]}},{"type":"Feature","geometry":{"type":"LineString","coordinates":[[10.550386,45.984347],[10.55015,45.98435],[10.549678,45.984481],[10.549582,45.984533],[10.549201,45.984623],[10.548841,45.984518],[10.548443,45.984784],[10.548151,45.985083],[10.547843,45.98525],[10.547471,45.985603],[10.547149,45.985869],[10.546829,45.986313],[10.546438,45.986609],[10.546164,45.986714],[10.545966,45.986952]]},"properties":{"id":"ac25eb0b-ac71-45e4-9c69-6192710107c6","cls":"path","osm":["w1408654334@1"],"conn":[["3079f23d-365d-4f85-adc9-ddc0e2fceff9",0.0],["610c8181-34e6-4374-95b5-17ec7af636ff",1.0]]}},{"type":"Feature","geometry":{"type":"LineString","coordinates":[[10.564481,46.12766],[10.564587,46.127725],[10.564671,46.127735],[10.56481,46.1279],[10.564929,46.127968],[10.565031,46.128042],[10.565084,46.128123],[10.565225,46.128196],[10.565173,46.128249],[10.565152,46.128298],[10.56517,46.128376],[10.565204,46.128489],[10.565143,46.128551],[10.565127,46.128621],[10.56517,46.128674],[10.565086,46.128734],[10.564935,46.128798]]},"properties":{"id":"ad32cdf2-95f8-4ffa-ae9d-a8dd7bb08787","cls":"path","osm":["w1114952456@1"],"conn":[["0a3062eb-4db6-4a70-b6b8-d011335dbf9a",0.0],["cb53ef0f-7c2a-4ed4-948f-d771349bd6ed",1.0]]}},{"type":"Feature","geometry":{"type":"LineString","coordinates":[[10.644873,46.084965],[10.64482,46.085031],[10.644774,46.085117],[10.644763,46.085262],[10.644739,46.085324],[10.644714,46.085422],[10.644682,46.085476],[10.64464,46.085522],[10.644587,46.085544],[10.644526,46.085594],[10.644484,46.085603],[10.644426,46.085583],[10.644392,46.085571],[10.644339,46.085517],[10.644335,46.085459],[10.644293,46.08538],[10.644226,46.085324],[10.644102,46.085206],[10.644059,46.085144],[10.643946,46.085078],[10.643896,46.085073],[10.643804,46.085095],[10.643766,46.085078],[10.643702,46.085083],[10.643624,46.085078],[10.643539,46.085083],[10.643373,46.08509],[10.643245,46.085053],[10.643128,46.085034],[10.642994,46.085012],[10.642895,46.08497],[10.64275,46.084967],[10.642509,46.084936],[10.642346,46.08495],[10.642127,46.085007],[10.642028,46.085004],[10.641971,46.084958],[10.641861,46.084948],[10.641745,46.08497],[10.641568,46.085051],[10.641472,46.085156],[10.641362,46.085316],[10.641267,46.085412],[10.641175,46.085461],[10.641076,46.085498],[10.641038,46.085506],[10.640987,46.085517],[10.640909,46.085483],[10.640867,46.085427],[10.640789,46.085392],[10.64069,46.085373],[10.640594,46.085338],[10.64057,46.085294],[10.640534,46.08524],[10.640467,46.085176],[10.640407,46.085176],[10.640315,46.085252],[10.640201,46.085309],[10.639773,46.085559],[10.639632,46.085562],[10.639511,46.085586],[10.639456,46.08558],[10.639409,46.085574],[10.639356,46.085522],[10.639207,46.085434],[10.639097,46.085429],[10.63892,46.085409],[10.6388,46.085382],[10.638662,46.085317]]},"properties":{"id":"ad899d06-b18c-4431-a594-fe848a569d3d","cls":"path","name":"Sinter dal Quatordas","osm":["w845809511@2"],"sr":[["unpaved",null,null]],"conn":[["10ec2fb6-813a-4ceb-9eb1-4fa858bf23e6",0.0],["806afb32-a60f-44c8-97e9-b2f2ea43df51",1.0]],"access":[{"type":"denied","when":["foot"]}]}},{"type":"Feature","geometry":{"type":"LineString","coordinates":[[10.446557,45.963011],[10.447484,45.963211],[10.447849,45.963445],[10.448038,45.963644],[10.448222,45.963801],[10.448508,45.963877],[10.448871,45.96408],[10.449759,45.964194],[10.450262,45.964362],[10.450725,45.964607],[10.451335,45.96494],[10.451427,45.965088],[10.451505,45.965246],[10.451484,45.96536]]},"properties":{"id":"ade5e983-e192-44e3-bdfa-98e1dd6da473","cls":"path","osm":["w368271117@2"],"conn":[["1e4251c5-62c5-4af0-bd81-ec3a03e51b80",0.0],["756b3075-98f6-4517-8b67-ff46fd587ba5",1.0]]}},{"type":"Feature","geometry":{"type":"LineString","coordinates":[[10.59426,45.983077],[10.594224,45.983116],[10.594307,45.983152],[10.594177,45.983228],[10.594134,45.983263],[10.594315,45.983232],[10.594452,45.983229],[10.594594,45.983234],[10.595149,45.983278],[10.595434,45.983335],[10.596048,45.983377],[10.595712,45.983468],[10.596046,45.983491],[10.596225,45.983501],[10.59659,45.983546],[10.596809,45.98357],[10.597012,45.983554],[10.597288,45.98358],[10.597472,45.983588],[10.597241,45.983634],[10.597071,45.983653],[10.596947,45.983694],[10.596837,45.983691],[10.596809,45.983728],[10.596685,45.983744],[10.596312,45.98388],[10.59616,45.98397],[10.596046,45.984028],[10.595931,45.984114],[10.595859,45.984257],[10.595836,45.98437],[10.595908,45.984479],[10.595894,45.984565],[10.595885,45.984698],[10.595867,45.984765],[10.595772,45.984775],[10.595729,45.984937],[10.595849,45.985126],[10.595857,45.98521],[10.596118,45.985512],[10.596164,45.985689],[10.59623,45.985894],[10.596281,45.98611],[10.596309,45.986221],[10.596273,45.986366],[10.596286,45.986521],[10.596371,45.986612]]},"properties":{"id":"ae9ef906-f250-424a-a292-27ecc85b0f7c","cls":"path","osm":["w1106931890@1"],"conn":[["6261df7c-d369-4aa6-bce2-7daddb52f109",0.0],["719f28d3-2e38-4daa-ba4b-781ea9ce4e40",0.443097],["a65cfe93-5b4c-45a8-82b8-7a12115618fa",1.0]]}},{"type":"Feature","geometry":{"type":"LineString","coordinates":[[10.59384,46.096167],[10.59371,46.096216],[10.593655,46.09612],[10.59359,46.096123],[10.593592,46.096084],[10.59349,46.096122],[10.593423,46.096071],[10.59335,46.096093],[10.593303,46.09615],[10.593295,46.096205],[10.593338,46.096277],[10.593338,46.09638],[10.593368,46.096456],[10.593322,46.096468],[10.593268,46.096454],[10.593219,46.096461],[10.593191,46.096389],[10.593141,46.096375],[10.593106,46.096399],[10.593074,46.096382],[10.593043,46.096398],[10.593045,46.096415],[10.59301,46.096431],[10.592971,46.096426],[10.593003,46.096476],[10.593014,46.096516],[10.592967,46.096533],[10.592923,46.096588],[10.592908,46.096654],[10.592886,46.096672],[10.592833,46.096668],[10.592794,46.096662],[10.592721,46.096671],[10.59271,46.096692],[10.592676,46.096698],[10.592664,46.096671],[10.59264,46.096693],[10.592652,46.096718],[10.592624,46.09672],[10.592605,46.096745],[10.592541,46.096708],[10.592511,46.096739],[10.592485,46.096722],[10.592472,46.096697],[10.592435,46.096689],[10.592412,46.096662],[10.59241,46.096631],[10.592355,46.096603],[10.592346,46.096539],[10.592282,46.096531],[10.592287,46.096465],[10.592249,46.096481],[10.59221,46.096458],[10.592085,46.096437],[10.592045,46.096442],[10.592029,46.096424],[10.591891,46.096401],[10.591836,46.096369],[10.591774,46.096377],[10.591597,46.096344],[10.59153,46.096268],[10.59147,46.096231],[10.591324,46.096191],[10.591275,46.096152],[10.591211,46.096173],[10.591172,46.096213],[10.591134,46.096203],[10.59108,46.096123],[10.590962,46.096062],[10.590952,46.096032],[10.59092,46.096003],[10.59088,46.096015],[10.590845,46.095965],[10.590724,46.095986],[10.59063,46.095982],[10.590586,46.095915],[10.590504,46.095897],[10.590356,46.095919],[10.590288,46.095928],[10.590205,46.095872],[10.590043,46.095831],[10.590043,46.095722],[10.589939,46.095613],[10.589838,46.095574],[10.589847,46.095551],[10.589818,46.095523],[10.589681,46.095547],[10.589497,46.095479],[10.589465,46.095445],[10.589322,46.095431],[10.589237,46.095395],[10.589165,46.095408],[10.588859,46.095348],[10.588672,46.095348],[10.58853,46.095388],[10.58841,46.095416],[10.588298,46.095397],[10.588151,46.095348],[10.588011,46.095357],[10.58793,46.095324],[10.587819,46.095333],[10.587692,46.095367],[10.587573,46.095369],[10.587515,46.095363],[10.587411,46.095371],[10.587252,46.095339],[10.58716,46.095371],[10.587032,46.095438],[10.586844,46.095422],[10.586814,46.095412],[10.586767,46.095372],[10.586731,46.095375],[10.586727,46.095354],[10.586707,46.095343],[10.586606,46.095422],[10.586611,46.095452],[10.58651,46.095463],[10.586412,46.0954],[10.586414,46.095347],[10.586318,46.095307],[10.58627,46.095245],[10.586199,46.095227],[10.586085,46.09528],[10.585979,46.095259],[10.585917,46.095282],[10.585831,46.095289],[10.585754,46.095274],[10.585649,46.095261],[10.585598,46.095231],[10.585523,46.095252],[10.585472,46.095228],[10.585402,46.09522],[10.585231,46.095189],[10.585005,46.095285],[10.584791,46.095365],[10.584732,46.095362],[10.584691,46.095406],[10.584536,46.095453],[10.58449,46.095544],[10.584407,46.095613],[10.5843,46.095765],[10.584243,46.095814],[10.584199,46.095912],[10.584113,46.095912],[10.584064,46.095874],[10.584019,46.095872],[10.583956,46.095859],[10.583896,46.095813],[10.583865,46.095811],[10.583808,46.095828],[10.583755,46.095826],[10.583706,46.095786],[10.583639,46.095783],[10.583572,46.095739],[10.583357,46.095698],[10.583307,46.095714],[10.583279,46.09566],[10.583193,46.095642],[10.583163,46.095661],[10.583113,46.095668],[10.583023,46.095637],[10.582999,46.095604],[10.582842,46.095587],[10.582751,46.095599],[10.582689,46.095582],[10.582571,46.095595],[10.582559,46.095566],[10.582524,46.095554],[10.582429,46.095561],[10.582291,46.095532],[10.582098,46.095424],[10.582096,46.095372],[10.582052,46.095362],[10.582007,46.09537],[10.581883,46.09533],[10.581854,46.095273],[10.581737,46.095243],[10.581641,46.095241],[10.581548,46.095219],[10.58152,46.095231],[10.581474,46.095204],[10.581412,46.095187],[10.5813,46.095147],[10.581251,46.095163],[10.581162,46.095137],[10.581072,46.095085],[10.581008,46.095087],[10.58091,46.095146],[10.580826,46.0951],[10.58072,46.095082],[10.580667,46.095083],[10.580581,46.095019],[10.58049,46.094996],[10.580429,46.094996],[10.580396,46.094974],[10.580356,46.094973],[10.580318,46.094991],[10.58027,46.094966],[10.580222,46.094966],[10.580225,46.094935],[10.580193,46.094921],[10.580159,46.094883],[10.580097,46.094883],[10.580067,46.094859],[10.580051,46.094827],[10.579786,46.094849],[10.579597,46.094916],[10.579532,46.094927],[10.579442,46.09488],[10.579369,46.094866],[10.579315,46.094899],[10.579179,46.094879],[10.579116,46.094915],[10.57906,46.094901],[10.579006,46.09491],[10.578834,46.094808],[10.578794,46.094819],[10.578741,46.094774],[10.578679,46.094776],[10.578565,46.094853],[10.578441,46.094853],[10.578361,46.09488],[10.57827,46.094795],[10.578224,46.094721]]},"properties":{"id":"af0f4f00-8598-4244-8f6d-8ec17f2b1efe","cls":"path","osm":["w294969503@10"],"conn":[["05d5361d-3505-491a-ba98-5d91dddb3ca9",0.0],["ebc1bc82-d0ef-495c-a27c-fb0fd0bd7704",1.0]]}},{"type":"Feature","geometry":{"type":"LineString","coordinates":[[10.444203,45.99295],[10.445185,45.992729],[10.445727,45.992519],[10.44624,45.992176],[10.446245,45.992115],[10.446155,45.992054],[10.446398,45.991913],[10.446723,45.991955],[10.446867,45.991901],[10.447228,45.991909],[10.447335,45.991955],[10.447875,45.991898],[10.447998,45.991951],[10.4482,45.991817],[10.448715,45.991627],[10.449087,45.991721]]},"properties":{"id":"af10369f-6e6f-4687-91d3-5a9647293559","cls":"path","osm":["w1123889575@1"],"conn":[["130075f6-ff63-4f7d-82ac-048c8a140513",0.0],["8724ebdd-cb26-4dec-8e18-c685a875af39",1.0]]}},{"type":"Feature","geometry":{"type":"LineString","coordinates":[[10.620888,46.077244],[10.620916,46.077221],[10.62095,46.077198],[10.62098,46.077173],[10.621003,46.077182],[10.621033,46.077192],[10.621053,46.077183],[10.621036,46.07716],[10.621029,46.077145],[10.621033,46.077123],[10.620993,46.077119],[10.62097,46.077126],[10.620954,46.077122],[10.620955,46.077112],[10.62098,46.077098],[10.620983,46.077088],[10.62097,46.077087],[10.620949,46.077099],[10.620938,46.077116]]},"properties":{"id":"afb32d8e-e8e3-44d4-bbdf-ba2c4129f2c1","cls":"path","osm":["w972948477@3"],"conn":[["9febe344-dd4e-4ac9-aee6-d3ae033adddc",0.0],["bd2fd702-8753-475d-8ea0-b1c0d364e40e",1.0]]}},{"type":"Feature","geometry":{"type":"LineString","coordinates":[[10.450762,46.089957],[10.450788,46.089934],[10.450847,46.089895],[10.4509,46.089831],[10.450939,46.089769],[10.450983,46.089681],[10.450987,46.089649],[10.451057,46.089581],[10.451098,46.0895],[10.451123,46.089426],[10.45114,46.089366],[10.451164,46.089277],[10.451194,46.089218],[10.451226,46.089142],[10.451249,46.089098],[10.451271,46.089036],[10.451307,46.088985],[10.451358,46.088939],[10.451429,46.088899],[10.451494,46.08887],[10.451533,46.088821],[10.451552,46.088731],[10.451551,46.088661],[10.451577,46.088581],[10.451627,46.088544],[10.451693,46.088504],[10.451762,46.088484],[10.451897,46.088475],[10.452031,46.088483],[10.452118,46.088498],[10.452201,46.088471],[10.452296,46.088429],[10.452449,46.088371],[10.452534,46.088333],[10.452629,46.088249],[10.452695,46.088207],[10.452742,46.088196],[10.452852,46.088169],[10.452943,46.088158],[10.452991,46.088195],[10.453107,46.088287],[10.45318,46.088259],[10.453265,46.088219],[10.453425,46.088133],[10.453486,46.088103],[10.453542,46.088108],[10.453651,46.088147],[10.453758,46.088173],[10.453801,46.088169],[10.453865,46.08815],[10.453946,46.088163],[10.453994,46.088162],[10.454014,46.088156],[10.454054,46.088153],[10.454144,46.088105],[10.454133,46.088068]]},"properties":{"id":"afdb017b-944d-48d5-abc0-cecf34251ba9","cls":"path","osm":["w383533709@3"],"sr":[["gravel",null,null]],"conn":[["b492ab39-f246-48b2-b2c8-30323ed6e605",0.0],["16331013-16aa-41b8-82c8-698da4d0bf10",1.0]]}},{"type":"Feature","geometry":{"type":"LineString","coordinates":[[10.453401,45.987764],[10.453346,45.987792],[10.453275,45.987826],[10.453221,45.987846],[10.453197,45.987891],[10.453194,45.987927],[10.453153,45.987951],[10.453058,45.987991]]},"properties":{"id":"afe8c7f8-7da0-44ff-9246-a43f61af6950","cls":"path","osm":["w1123889573@1"],"conn":[["e966c09e-1cb0-47d3-9fde-d84b25853829",0.0],["8eebb098-180a-476d-8137-4a49e04292c1",1.0]]}},{"type":"Feature","geometry":{"type":"LineString","coordinates":[[10.521972,45.995258],[10.522618,45.995549],[10.523368,45.995863],[10.523533,45.996091],[10.523278,45.99652],[10.523091,45.996765],[10.523012,45.996763],[10.522982,45.997146],[10.522934,45.9972],[10.522729,45.99743],[10.522695,45.997494],[10.522701,45.997702],[10.522744,45.997786],[10.523124,45.99814],[10.522997,45.998219],[10.523,45.998254]]},"properties":{"id":"b0191085-c1c8-4631-aea9-cdabbcfeabab","cls":"service","osm":["w256517463@3","w260998324@2"],"conn":[["45e9e01d-3221-4681-86ec-ed85468f5ca7",0.0],["5b509d3b-20e7-4519-8ae2-f88ea515097b",0.682333],["03b216c9-5b28-4485-9057-a48d7c6c71ef",1.0]],"access":[{"type":"allowed","when":null}]}},{"type":"Feature","geometry":{"type":"LineString","coordinates":[[10.49993,46.040622],[10.499861,46.040766],[10.499716,46.04103],[10.499561,46.041241],[10.499268,46.041434],[10.498971,46.041566],[10.498399,46.041566],[10.497973,46.04144],[10.497715,46.041412],[10.497107,46.041436],[10.496879,46.041416],[10.496382,46.041367],[10.496069,46.041153],[10.495913,46.0409],[10.495956,46.040665],[10.495918,46.040626],[10.49569,46.040613],[10.495462,46.040556],[10.495248,46.04041],[10.494915,46.04038],[10.494521,46.040187],[10.494298,46.040021],[10.493837,46.039766],[10.493338,46.039356],[10.493059,46.039118]]},"properties":{"id":"b0520b6c-660f-459f-a9d6-49b91f110d05","cls":"path","osm":["w1176912800@1"],"conn":[["b18e0fff-7ff8-46ef-bc8b-0a8f882c7373",0.0],["274ece3e-ecc0-4296-a251-523f4861ef7b",1.0]]}},{"type":"Feature","geometry":{"type":"LineString","coordinates":[[10.589871,46.13477],[10.589715,46.134527],[10.589694,46.13385],[10.589608,46.130847],[10.589565,46.129731],[10.589574,46.129218]]},"properties":{"id":"b05ea490-17b6-482b-a649-73fb076231d8","cls":"path","osm":["w836927767@1"],"conn":[["c507d633-2aeb-4f85-aab8-643748899783",0.0],["22d2637f-e6aa-45db-a912-ff8e81828cf4",1.0]]}},{"type":"Feature","geometry":{"type":"LineString","coordinates":[[10.61816,46.118348],[10.618152,46.118434],[10.618182,46.118492],[10.618168,46.118554],[10.618185,46.118621],[10.618218,46.118661],[10.618216,46.118704],[10.618147,46.118757],[10.618074,46.118772],[10.61805,46.1188],[10.618063,46.11893],[10.618104,46.119003],[10.618115,46.119033],[10.618173,46.119062],[10.618149,46.119126],[10.61812,46.119222],[10.618061,46.119263],[10.618072,46.119334],[10.618007,46.119423],[10.617986,46.119527],[10.617913,46.119613],[10.617835,46.119693],[10.617388,46.119909],[10.617245,46.120014],[10.617238,46.120039],[10.61722,46.120055],[10.617243,46.120096],[10.617205,46.120198],[10.617162,46.120232],[10.617146,46.120271],[10.617103,46.120438],[10.616999,46.120509],[10.616907,46.120604],[10.616655,46.120762],[10.616631,46.120817],[10.61663,46.120901],[10.61661,46.120977],[10.616579,46.12105],[10.616481,46.121144],[10.616378,46.121204],[10.616339,46.121318],[10.616347,46.121405],[10.616426,46.121464],[10.616502,46.121546],[10.616551,46.121606],[10.61654,46.121723],[10.61654,46.121871],[10.616481,46.121929],[10.616486,46.121985],[10.616494,46.12202],[10.616392,46.122171],[10.616264,46.122216],[10.616216,46.122253],[10.616264,46.122325],[10.616444,46.122485],[10.616475,46.122577],[10.6164,46.122675],[10.616324,46.122961],[10.616266,46.123],[10.616234,46.123134],[10.616178,46.123191],[10.616116,46.123206],[10.616038,46.12321],[10.615971,46.123214],[10.615883,46.123223],[10.615794,46.123273],[10.615692,46.123303],[10.615478,46.123284],[10.615239,46.123311],[10.615062,46.123383],[10.615019,46.123413],[10.614983,46.123481],[10.61499,46.123593],[10.614947,46.123658],[10.614841,46.123706],[10.614776,46.123728],[10.614703,46.123731],[10.614634,46.123743],[10.614586,46.123771],[10.614565,46.123791]]},"properties":{"id":"b1431664-2994-439a-b783-34fa67c66829","cls":"path","osm":["w173665539@8"],"conn":[["93bc93ad-640b-4818-b971-11030f3809f6",0.0],["62825d6d-e2b1-459d-8a15-35471eb844f5",1.0]]}},{"type":"Feature","geometry":{"type":"LineString","coordinates":[[10.599705,46.054977],[10.599751,46.055015]]},"properties":{"id":"b1971aa7-3cf0-41e0-9537-9f32b42c2f88","cls":"steps","osm":["w1206684653@3"],"conn":[["bff9340b-2127-47c7-b7df-e9644835826c",0.0],["aef42198-53f9-4b0a-b809-ee626b4a91f1",1.0]]}},{"type":"Feature","geometry":{"type":"LineString","coordinates":[[10.562379,46.084354],[10.562251,46.084307]]},"properties":{"id":"b1b011ea-ca3b-4971-a56c-8e97712f1249","cls":"steps","osm":["w511165926@2"],"sr":[["dirt",null,null]],"conn":[["c7fb70f0-5366-4d66-82f8-ea78c0a82e48",0.0],["51dcfaa5-3f94-4add-b912-5385e7cd519a",1.0]]}},{"type":"Feature","geometry":{"type":"LineString","coordinates":[[10.599636,46.053268],[10.599739,46.053272],[10.599884,46.053251],[10.600025,46.053245],[10.600086,46.053202],[10.600215,46.053201],[10.60018,46.053132],[10.600298,46.053144],[10.600349,46.053036],[10.600437,46.052979],[10.600512,46.052863],[10.60059,46.052825],[10.600675,46.052854],[10.600831,46.052826],[10.601073,46.052625],[10.601217,46.052362],[10.601311,46.052228],[10.601282,46.052125],[10.601361,46.052076],[10.601623,46.052039],[10.601831,46.052071],[10.601968,46.051974],[10.602186,46.051949],[10.602315,46.051859],[10.602492,46.051877],[10.60255,46.051818],[10.602657,46.051801],[10.602607,46.051681],[10.602762,46.05168],[10.602809,46.051629],[10.602794,46.051487],[10.602788,46.051405],[10.60284,46.051365],[10.602935,46.051361],[10.603097,46.051402],[10.60324,46.051392],[10.603348,46.051273],[10.60344,46.051189],[10.603403,46.05106],[10.603446,46.051034],[10.603611,46.05093],[10.603726,46.050823],[10.603704,46.050778],[10.603734,46.050716],[10.603827,46.050622],[10.604021,46.050386],[10.604018,46.050284],[10.604082,46.050121],[10.60423,46.049952],[10.604412,46.049808],[10.604648,46.049628],[10.60495,46.049314],[10.605091,46.049087],[10.605059,46.048979],[10.605074,46.048829],[10.605125,46.048725],[10.605256,46.048658],[10.605372,46.048716],[10.605529,46.04868],[10.605602,46.048582],[10.605756,46.048492],[10.606039,46.048407],[10.606143,46.048304],[10.606198,46.04822],[10.606202,46.048135],[10.606506,46.048097],[10.606723,46.048084],[10.606944,46.048089],[10.607044,46.048068],[10.60712,46.048131],[10.607146,46.048139],[10.607166,46.048103],[10.607193,46.048101],[10.607213,46.048125],[10.607214,46.048189],[10.607256,46.048205],[10.607389,46.04813],[10.607379,46.048043],[10.607467,46.047986],[10.607746,46.047918],[10.608,46.047857],[10.60816,46.047822],[10.608264,46.047866],[10.608298,46.047931],[10.608503,46.047892],[10.608572,46.047846],[10.608616,46.047835],[10.608696,46.047765],[10.608826,46.047752],[10.608923,46.047753],[10.608984,46.047763],[10.609055,46.047773],[10.609111,46.047798],[10.609083,46.047852],[10.609045,46.047909],[10.609066,46.047933],[10.609173,46.047947],[10.609238,46.047955],[10.609159,46.04803],[10.609294,46.048045],[10.609362,46.048067],[10.609202,46.04815],[10.609174,46.048226],[10.609116,46.048301],[10.609196,46.04831],[10.609349,46.048326],[10.609539,46.048358],[10.609646,46.048316],[10.609782,46.048294],[10.609879,46.04828],[10.609856,46.04833],[10.609698,46.048431],[10.609674,46.048465],[10.609704,46.048477],[10.60988,46.048454],[10.61002,46.048386],[10.610069,46.048417],[10.610083,46.048446],[10.610029,46.048596],[10.610025,46.048706],[10.609845,46.04872],[10.609844,46.048842],[10.609868,46.048994],[10.609895,46.049124],[10.609919,46.04915],[10.609967,46.049201],[10.610084,46.049251]]},"properties":{"id":"b25a376e-8252-4b90-baa1-3b28ae5684ae","cls":"path","name":"Sentiero delle Taiade","osm":["w38548844@5"],"conn":[["cfa04b97-6381-4c73-b787-d2064898d2b8",0.0],["fbd87338-c5c3-4386-a0ad-9edea4b4d47d",0.378169],["60b1af8a-a151-4dc2-92dc-b59f6c6222ba",0.988369],["23f7bb60-71da-4a8e-8fe5-0c709c1b877f",1.0]]}},{"type":"Feature","geometry":{"type":"LineString","coordinates":[[10.632386,46.040068],[10.632317,46.040216]]},"properties":{"id":"b33397ff-2b0b-42f5-98f0-e1d3da645949","cls":"unclassified","osm":["w225908929@1"],"conn":[["d43c842d-be8f-409c-9ca1-ff045abaa2c1",0.0],["f805e6a2-d35c-4ab6-b731-4d8126aee068",1.0]]}},{"type":"Feature","geometry":{"type":"LineString","coordinates":[[10.475779,46.113499],[10.476148,46.113544],[10.477045,46.113583],[10.477502,46.113615],[10.477918,46.113697]]},"properties":{"id":"b37c7076-4bb0-481b-9263-d08ec24eea27","cls":"track","osm":["w38533057@4"],"conn":[["edf66caa-5729-475a-81bb-1466080f7042",0.0],["aecd06c2-1033-4138-9e3d-5463516fa1ae",1.0]]}},{"type":"Feature","geometry":{"type":"LineString","coordinates":[[10.5764,45.96361],[10.576508,45.963548],[10.576577,45.963475],[10.576648,45.963433],[10.576711,45.96342],[10.576768,45.963386],[10.576876,45.963316],[10.577044,45.963183],[10.577173,45.963038],[10.57726,45.962933],[10.577354,45.96279],[10.5774,45.962679],[10.577486,45.962511],[10.57752,45.96248],[10.577564,45.962463],[10.577639,45.962436],[10.577699,45.96239],[10.577746,45.96234]]},"properties":{"id":"b5cba3ec-a8cf-43a7-aac3-5829d0cc6172","cls":"track","osm":["w1080047474@2"],"conn":[["a43b76dc-91aa-4086-b773-bd5cb830f4a5",0.0],["36055a56-5421-4ffb-b89a-082d727cba29",1.0]],"access":[{"type":"allowed","when":null}]}},{"type":"Feature","geometry":{"type":"LineString","coordinates":[[10.515059,46.050303],[10.514934,46.050321],[10.514772,46.050353],[10.514673,46.050387]]},"properties":{"id":"b75e23d7-2a55-4a6b-b2ea-6c6cf4b01d79","cls":"steps","osm":["w839560169@1"],"conn":[["73980080-817b-4f7f-ac28-507d472814a4",0.0],["c81da122-017a-4663-bb48-9e162975f330",1.0]]}},{"type":"Feature","geometry":{"type":"LineString","coordinates":[[10.522934,45.9972],[10.523005,45.997234]]},"properties":{"id":"b786b26a-a93b-418a-8870-0a0456f9b7ff","cls":"service","sub":"driveway","osm":["w256517462@3"],"fr":[["is_bridge",null,null]],"sr":[["paved",null,null]],"conn":[["5b509d3b-20e7-4519-8ae2-f88ea515097b",0.0],["89eaf4e0-1563-4e99-8b7e-f782526fad12",1.0]],"access":[{"type":"allowed","when":null}]}},{"type":"Feature","geometry":{"type":"LineString","coordinates":[[10.49741,46.078945],[10.497508,46.078968],[10.497607,46.078965],[10.497741,46.078908],[10.497988,46.078798],[10.498105,46.078811],[10.498204,46.078822],[10.498233,46.07898],[10.498297,46.079037],[10.498245,46.079136],[10.498176,46.079199],[10.498036,46.079325],[10.497811,46.07947],[10.497709,46.079641],[10.497561,46.079731],[10.49743,46.079856],[10.49753,46.079927],[10.497793,46.080047]]},"properties":{"id":"b7c26ec8-5845-4b5f-8cf4-26e7391d12d4","cls":"path","osm":["w1201142573@3"],"conn":[["3185bc65-8faa-4eae-af83-86e2bd91df58",0.0],["762f3e87-cb02-4862-b9f9-56ec8659bc1e",1.0]]}},{"type":"Feature","geometry":{"type":"LineString","coordinates":[[10.458954,46.094944],[10.458713,46.095132],[10.458671,46.095201],[10.458627,46.095277],[10.458544,46.095354],[10.458403,46.095408],[10.458216,46.095544],[10.457903,46.095739],[10.457837,46.095765],[10.457762,46.095775],[10.4576,46.095879],[10.457548,46.095924],[10.457532,46.095976],[10.457507,46.096013],[10.457259,46.096197],[10.457217,46.096207],[10.457203,46.096207],[10.457139,46.096209],[10.457082,46.096216],[10.456891,46.096354],[10.456772,46.096396],[10.456513,46.096479],[10.456443,46.096508],[10.456409,46.096566],[10.456372,46.096592],[10.456335,46.0966],[10.456228,46.096606],[10.456142,46.096628],[10.456064,46.096691],[10.455963,46.096737],[10.455762,46.096785],[10.455495,46.096809],[10.455096,46.096955],[10.455024,46.097005],[10.454866,46.097089],[10.45472,46.097206],[10.454656,46.097225],[10.454439,46.097373],[10.454228,46.097507],[10.454213,46.097512],[10.454203,46.097505],[10.454207,46.097489],[10.454228,46.097452],[10.454227,46.097421],[10.454216,46.097414],[10.454199,46.097418],[10.454193,46.09743],[10.454188,46.097451],[10.454179,46.097465],[10.453785,46.097662],[10.453513,46.097823],[10.453472,46.097872],[10.453437,46.097887],[10.453406,46.097884],[10.453374,46.097866],[10.453356,46.097809],[10.453357,46.097774],[10.453391,46.097747],[10.453421,46.097663],[10.453446,46.097628],[10.453456,46.097588],[10.453554,46.097514],[10.453687,46.09744],[10.453716,46.097378],[10.45377,46.097327],[10.453732,46.097253],[10.453448,46.097437],[10.453405,46.097437],[10.453416,46.097369],[10.453361,46.097395],[10.45325,46.097492],[10.453043,46.097521],[10.453026,46.09751],[10.453049,46.097406],[10.453033,46.097378],[10.452952,46.097434],[10.452901,46.09737],[10.452862,46.097353],[10.452772,46.097352],[10.452625,46.097398],[10.452558,46.097443],[10.452416,46.097609],[10.452082,46.09793],[10.451915,46.098064],[10.45189,46.098092],[10.451875,46.098137],[10.451849,46.098181],[10.451797,46.098234],[10.451691,46.098305],[10.451563,46.098408],[10.451488,46.098555],[10.451462,46.098567],[10.451439,46.098551],[10.451468,46.098448],[10.451437,46.098454],[10.451398,46.098518],[10.451382,46.098628],[10.451197,46.098789],[10.45118,46.098832],[10.451151,46.098841],[10.451164,46.098757],[10.451132,46.098755],[10.451078,46.098907],[10.45106,46.098846],[10.451037,46.098863],[10.450979,46.099011],[10.451074,46.09911],[10.45099,46.099281],[10.450937,46.09929],[10.450868,46.099243],[10.45079,46.09912],[10.450759,46.099111],[10.450746,46.099203],[10.450719,46.099217],[10.450681,46.099179],[10.450571,46.099452],[10.450571,46.099496],[10.450632,46.099573],[10.450591,46.099632],[10.450526,46.09957],[10.450505,46.099486],[10.450448,46.099468],[10.450437,46.099388],[10.450387,46.099325],[10.450381,46.09936],[10.450341,46.099335],[10.450307,46.099359],[10.450292,46.099385],[10.450287,46.099416],[10.450277,46.099481],[10.450249,46.099483],[10.450228,46.099477],[10.450215,46.099413],[10.450197,46.099422],[10.450188,46.099484],[10.450206,46.099508],[10.450243,46.099526],[10.450252,46.099601],[10.450246,46.099637],[10.450147,46.099599],[10.450117,46.099613],[10.450118,46.099713],[10.450134,46.099782],[10.450164,46.099836],[10.450163,46.09985],[10.45014,46.099853],[10.450117,46.099843],[10.449978,46.099728],[10.449966,46.099681],[10.449944,46.099666],[10.449922,46.099701],[10.449924,46.099726],[10.449981,46.099859],[10.449972,46.099891],[10.449945,46.099917],[10.449915,46.099917],[10.449743,46.099837],[10.449613,46.099809],[10.449539,46.099752],[10.449535,46.099772],[10.449565,46.099831],[10.449651,46.099918],[10.44969,46.100017],[10.449723,46.10005],[10.449812,46.100075],[10.449867,46.100118],[10.449969,46.100141],[10.450044,46.100219],[10.450041,46.100268],[10.450019,46.100271],[10.44991,46.100243],[10.44984,46.100201],[10.449774,46.100201],[10.449886,46.100261],[10.44999,46.100366],[10.450004,46.10041],[10.449957,46.100599],[10.449936,46.100627],[10.449863,46.100476],[10.449822,46.100648],[10.44978,46.100723],[10.449762,46.100768],[10.449698,46.10077],[10.449571,46.1007],[10.449436,46.100568],[10.449337,46.100531],[10.449204,46.100517],[10.449138,46.100473],[10.449139,46.100503],[10.449288,46.100621],[10.449249,46.100678],[10.449265,46.100753],[10.449239,46.100773],[10.449061,46.100628],[10.449053,46.100648],[10.449128,46.100744],[10.449105,46.100885],[10.449067,46.100958],[10.449017,46.100926],[10.448947,46.100834],[10.448823,46.100839],[10.448679,46.100738],[10.448662,46.100767],[10.448617,46.10076],[10.448524,46.100633],[10.448298,46.100525],[10.448249,46.100424],[10.448189,46.100406],[10.448153,46.100313],[10.448147,46.10037],[10.448111,46.100411],[10.448072,46.100349],[10.448031,46.100325],[10.448022,46.100428],[10.448038,46.100543],[10.448021,46.100682],[10.4478,46.100573],[10.447691,46.10046],[10.447727,46.100695],[10.447817,46.100779],[10.447824,46.100858],[10.447783,46.100894],[10.447737,46.100906],[10.447673,46.10091],[10.447648,46.100908],[10.447594,46.100902],[10.447567,46.100893],[10.447538,46.100884]]},"properties":{"id":"ba907baa-293f-47f9-8eae-6819c8ed8103","cls":"path","osm":["w383533707@2","w383533708@2","w383533714@2","w383533732@2","w383533736@2","w383533744@3"],"sr":[["unpaved",0.0,0.995731],["paved",0.995731,0.998813],["unpaved",0.998813,1.0]],"conn":[["f515f2f6-ede7-42b5-a952-a56c24f9313b",0.0],["2e277426-ce57-4315-bf60-2a03659b5945",0.095397],["13659107-4dcf-4587-b9d8-1f3b1e7ddad9",1.0]]}},{"type":"Feature","geometry":{"type":"LineString","coordinates":[[10.56221,46.084289],[10.562015,46.084323],[10.561946,46.084477],[10.561854,46.08457],[10.56175,46.08456],[10.561655,46.084644],[10.561621,46.084727]]},"properties":{"id":"bab5501e-d069-4289-af4f-c7db7835a57d","cls":"path","osm":["w229003187@4"],"conn":[["6d96979b-2906-477e-ad1b-7398ff497d0d",0.0],["ffedf075-9c7a-4f30-a76c-209564099d31",1.0]]}},{"type":"Feature","geometry":{"type":"LineString","coordinates":[[10.559867,45.973239],[10.560118,45.973489],[10.560325,45.973731]]},"properties":{"id":"baf9fcb6-45d2-470d-b19b-5455c7e839f5","cls":"track","osm":["w82591997@1"],"conn":[["f44ce0f5-273d-4989-8ba4-c679a83256c5",0.0],["c5b57d4c-33d4-49f9-8f4c-b6ac4c1bc4d9",1.0]]}},{"type":"Feature","geometry":{"type":"LineString","coordinates":[[10.504841,46.07774],[10.505146,46.078025],[10.505318,46.078315],[10.505527,46.07858],[10.505709,46.078838]]},"properties":{"id":"bbb89bcb-09ec-4ed4-9bcb-6844859c5eae","cls":"path","osm":["w1419251922@1"],"conn":[["abd444fd-49ee-41d8-9048-ed150182d6c4",0.0],["0ad26661-d7cd-44d1-8654-b8bd2afd3b22",1.0]]}},{"type":"Feature","geometry":{"type":"LineString","coordinates":[[10.544351,45.976799],[10.544409,45.976832],[10.544427,45.976959]]},"properties":{"id":"bbf57c80-c3c2-45fd-b899-a9e0983b5bcd","cls":"path","osm":["w353588931@2"],"sr":[["paved",null,null]],"conn":[["163d5f28-f7ec-40a3-a4f9-faf6511e0675",0.0],["0d7131fe-4ae8-4f93-be59-d18160750e98",1.0]],"access":[{"type":"allowed","when":["foot"]}]}},{"type":"Feature","geometry":{"type":"LineString","coordinates":[[10.600016,46.053701],[10.600012,46.05384],[10.599948,46.053938],[10.599863,46.05399],[10.599699,46.054082],[10.599326,46.054473],[10.599302,46.054611],[10.599252,46.054667],[10.599248,46.054724],[10.599258,46.054736],[10.599285,46.054746],[10.599334,46.054749],[10.599372,46.054746],[10.59939,46.054766],[10.599411,46.054876],[10.599454,46.05491],[10.599437,46.054968],[10.599477,46.054982],[10.599515,46.054972],[10.599599,46.054979],[10.599647,46.054949],[10.599697,46.054945],[10.599705,46.054977]]},"properties":{"id":"bd696e61-15cc-42fa-ba84-d4910bddbb53","cls":"path","osm":["w1206684652@4","w1535747857@1"],"sr":[["unpaved",null,null]],"conn":[["5b9bd662-8b96-416f-8499-f5c05a244dfe",0.0],["bff9340b-2127-47c7-b7df-e9644835826c",1.0]]}},{"type":"Feature","geometry":{"type":"LineString","coordinates":[[10.480272,45.968171],[10.480323,45.968308],[10.48038,45.968443],[10.480632,45.968551],[10.480795,45.968675],[10.480933,45.968817],[10.481136,45.968907],[10.481144,45.969105],[10.48099,45.969647],[10.481128,45.9698],[10.481104,45.96993],[10.48125,45.970167],[10.481392,45.970278],[10.481551,45.970376],[10.481697,45.970371],[10.481852,45.97041],[10.481949,45.970517],[10.482104,45.970597],[10.482323,45.9708],[10.482459,45.970871],[10.482727,45.970951],[10.482848,45.970988],[10.483063,45.971072],[10.483218,45.971111],[10.48336,45.971162],[10.483527,45.971231],[10.483693,45.971316],[10.483966,45.971451],[10.484122,45.971637],[10.484149,45.971727],[10.484186,45.971831],[10.484165,45.971872],[10.484025,45.972103],[10.483908,45.972275],[10.483961,45.972439],[10.484106,45.972543],[10.484111,45.972655],[10.484208,45.97283],[10.484358,45.973024],[10.484374,45.973281],[10.484492,45.973479],[10.484626,45.973725],[10.484551,45.973908],[10.48461,45.973967],[10.484573,45.974083],[10.484605,45.974325],[10.484782,45.974474],[10.484782,45.974549],[10.484766,45.974608],[10.484937,45.974769],[10.485037,45.975017],[10.48501,45.975123],[10.485125,45.975261],[10.485262,45.97541],[10.485337,45.975675],[10.485474,45.975703],[10.485755,45.975844],[10.485857,45.97591],[10.485898,45.975995],[10.486026,45.976033],[10.486158,45.976165],[10.486297,45.976251],[10.48634,45.976342],[10.486491,45.976431],[10.486619,45.97645],[10.486724,45.976573],[10.486834,45.97675],[10.48697,45.976793],[10.48708,45.976888],[10.487153,45.976989],[10.487459,45.977099],[10.487587,45.977153],[10.487759,45.977239],[10.487963,45.977222],[10.488263,45.976957],[10.488389,45.977121],[10.488414,45.977153],[10.488355,45.977237],[10.488529,45.977287],[10.48865,45.977257],[10.488776,45.977129],[10.488867,45.977142],[10.489036,45.97708],[10.48932,45.977123],[10.489612,45.977177],[10.489918,45.977229],[10.490066,45.977222],[10.490213,45.977265],[10.490326,45.977291],[10.490307,45.977334],[10.490352,45.977372],[10.490398,45.977347],[10.490527,45.977393],[10.490828,45.97733],[10.490978,45.977363],[10.491391,45.977337],[10.491445,45.97738],[10.491533,45.977386],[10.49157,45.977353],[10.491662,45.977398],[10.491762,45.977428],[10.491778,45.977473],[10.491668,45.977523],[10.491816,45.977516],[10.491953,45.977553],[10.492022,45.977532],[10.492189,45.9776],[10.492242,45.977502],[10.492297,45.977514],[10.492339,45.977473],[10.492413,45.977468],[10.492466,45.97746],[10.492389,45.977532],[10.492507,45.977505],[10.492649,45.977514],[10.49279,45.977409],[10.492802,45.977362],[10.492875,45.977359],[10.492881,45.977314],[10.492956,45.977235],[10.492968,45.977184],[10.493035,45.977107],[10.493052,45.977152],[10.493176,45.977184],[10.493173,45.977238],[10.493145,45.977266],[10.493209,45.977249],[10.493191,45.977311],[10.49315,45.977342],[10.493144,45.977391],[10.49311,45.97743],[10.493051,45.977511],[10.493124,45.977546],[10.493246,45.977546],[10.493346,45.977532],[10.493413,45.977506],[10.493487,45.977466],[10.493463,45.977559],[10.493405,45.977661]]},"properties":{"id":"bdfa94f2-abb3-4acd-93d1-f0594daa6eca","cls":"path","name":"Mulattiera militare","osm":["w1192425594@2","w1194699125@2","w1194699126@2"],"sr":[["paved",0.0,0.261446],["unpaved",0.261446,0.606847],["unknown",0.606847,1.0]],"conn":[["c85c4254-8ca7-4842-974e-bd78382c6703",0.0],["6e091709-d528-4c11-a1ed-f3479d548ee0",0.765536],["47090aa8-2433-4f4a-ac2d-601b5021d061",1.0]]}},{"type":"Feature","geometry":{"type":"LineString","coordinates":[[10.603582,46.106901],[10.603925,46.106796],[10.604377,46.106451],[10.604732,46.106252],[10.6049,46.106086],[10.605232,46.10595],[10.605364,46.105836],[10.605711,46.105377],[10.605729,46.105068],[10.605831,46.104955],[10.605806,46.104862],[10.605897,46.104696],[10.606067,46.104571],[10.606105,46.104458],[10.606268,46.104249],[10.606383,46.10419],[10.606547,46.104115],[10.60667,46.104063],[10.606848,46.104078],[10.607293,46.103897],[10.607224,46.103752],[10.607448,46.10351],[10.607372,46.103374],[10.607428,46.103131],[10.607328,46.102809],[10.607345,46.102746],[10.607286,46.102523],[10.607474,46.102249],[10.607634,46.102005],[10.60787,46.101849],[10.607995,46.101423],[10.608144,46.101361],[10.608185,46.101212],[10.608464,46.101063],[10.608637,46.100835],[10.608713,46.100747],[10.608811,46.100658],[10.60958,46.100312],[10.609498,46.100142],[10.609592,46.100089],[10.609635,46.099754],[10.609295,46.099239],[10.60916,46.098717],[10.609239,46.098538],[10.609198,46.098464],[10.609079,46.09838],[10.609081,46.098196],[10.609137,46.098039],[10.609252,46.097825],[10.609335,46.09772],[10.609467,46.097613],[10.609587,46.097454],[10.609626,46.097376],[10.609712,46.09722],[10.609788,46.097103],[10.60995,46.096868],[10.609902,46.096799],[10.610007,46.096678],[10.610105,46.096602],[10.61004,46.096381],[10.610172,46.096223],[10.610028,46.095987]]},"properties":{"id":"be4bd1f3-111c-436a-ae98-aa046cd1eb62","cls":"path","osm":["w294969499@3","w510145914@1"],"sr":[["unknown",0.0,0.644399]],"conn":[["6067b6b9-81ad-4356-b068-c3e4bdc816e8",0.0],["9a7f8d1b-5bed-4ffa-b5d4-af10b3313964",1.0]]}},{"type":"Feature","geometry":{"type":"LineString","coordinates":[[10.56143,45.972731],[10.561422,45.972686],[10.561269,45.972512],[10.561191,45.972348],[10.561166,45.972143],[10.561201,45.971976],[10.561327,45.971768]]},"properties":{"id":"beaf1061-bd79-4151-b2cd-3c53bbb7222a","cls":"track","osm":["w367843688@1"],"conn":[["eb9527eb-4462-4fbb-819c-a3872fbe9620",0.0],["c1cc5acd-af7d-4484-b7c3-17dfdf7cebd2",1.0]]}},{"type":"Feature","geometry":{"type":"LineString","coordinates":[[10.575063,46.06257],[10.574997,46.062543],[10.57496,46.062476],[10.574893,46.062466],[10.574815,46.062495],[10.574789,46.062566],[10.574795,46.062637],[10.57478,46.062723],[10.574749,46.062731],[10.574682,46.062695],[10.574591,46.062671],[10.574551,46.06262],[10.574529,46.062578],[10.574502,46.062544],[10.574422,46.062498],[10.57438,46.062436],[10.574385,46.062384],[10.5743,46.062336],[10.574234,46.06231],[10.574158,46.062275],[10.574174,46.062215],[10.574149,46.062161],[10.574081,46.06209],[10.574018,46.062025],[10.573945,46.061968],[10.57391,46.061924]]},"properties":{"id":"beb70d24-75e9-403d-ab3f-f81e2bd52ef0","cls":"path","name":"Cresta Nord","osm":["w512147529@3"],"sr":[["unknown",null,null]],"conn":[["c9940954-ec20-42c6-ac93-9569c41a57a8",0.0],["5dfb9fab-aa47-40e9-a273-aa3679c31bc5",1.0]]}},{"type":"Feature","geometry":{"type":"LineString","coordinates":[[10.584361,46.071526],[10.584427,46.071512],[10.584481,46.071472],[10.584583,46.071474],[10.584685,46.071432],[10.58471,46.071406],[10.584783,46.071381],[10.584854,46.071402],[10.58491,46.071388],[10.584936,46.071368],[10.584984,46.07136],[10.584996,46.071344],[10.585039,46.07133],[10.585064,46.071292],[10.585126,46.071265],[10.585208,46.071183],[10.585261,46.071172],[10.585318,46.071128],[10.585339,46.071067],[10.585386,46.071053],[10.585422,46.071016],[10.585421,46.070972],[10.58546,46.070952],[10.58548,46.070915],[10.58553,46.070924],[10.585592,46.070881],[10.585618,46.070881],[10.585721,46.07085],[10.585752,46.070802],[10.585821,46.070756],[10.585836,46.070732],[10.58587,46.070725],[10.585888,46.070693],[10.585937,46.070677],[10.585994,46.070673],[10.586102,46.070613],[10.586154,46.070623],[10.586248,46.070608],[10.586249,46.070591],[10.586281,46.070575],[10.586303,46.070556],[10.58636,46.070548],[10.586392,46.070544],[10.586413,46.070518],[10.586435,46.07051],[10.586446,46.070514],[10.586501,46.070498],[10.586507,46.07048],[10.586539,46.070464],[10.586595,46.070439],[10.586668,46.070427],[10.586809,46.070352],[10.586796,46.070333],[10.586847,46.070311],[10.586876,46.070291],[10.587001,46.070274],[10.587036,46.070255],[10.587333,46.070223],[10.58738,46.070206],[10.587419,46.070207],[10.587573,46.070193],[10.587661,46.070211],[10.587938,46.070142],[10.587993,46.070143],[10.588019,46.07011],[10.588117,46.070085],[10.588207,46.070083],[10.588249,46.070062],[10.588306,46.070076],[10.588348,46.070043],[10.58839,46.070039],[10.588429,46.070044],[10.588461,46.070035],[10.58849,46.070042],[10.58852,46.070027],[10.588535,46.069977],[10.588575,46.069961],[10.58861,46.069962],[10.58869,46.069908],[10.588783,46.069854],[10.588844,46.069827],[10.588912,46.069814],[10.588978,46.069763],[10.58907,46.069715],[10.589248,46.069601],[10.589289,46.06955],[10.589379,46.069502],[10.589395,46.069451],[10.589778,46.069265],[10.58978,46.069179],[10.589815,46.069155],[10.589782,46.069105],[10.589898,46.069018],[10.589948,46.068955],[10.590061,46.068878],[10.590208,46.068856],[10.59028,46.068812],[10.590363,46.068781],[10.59041,46.068732],[10.590477,46.068675],[10.590514,46.068664],[10.590522,46.068594],[10.590667,46.068583],[10.590665,46.068547],[10.59073,46.06852],[10.590805,46.068478],[10.590858,46.068475],[10.590876,46.068434],[10.590926,46.068431],[10.590956,46.068395],[10.591054,46.068377],[10.591165,46.068297],[10.59127,46.068238],[10.591362,46.068191],[10.59139,46.068161],[10.5914,46.068123],[10.591592,46.068067],[10.591645,46.068016],[10.591675,46.067971],[10.591709,46.067957],[10.591809,46.067938],[10.591894,46.067904],[10.591923,46.067825],[10.591966,46.067789],[10.591922,46.067718],[10.591844,46.067683],[10.59173,46.067662],[10.591522,46.067638],[10.59143,46.067638],[10.591382,46.067621]]},"properties":{"id":"bee2a24f-d6bf-4e33-8e9b-ae423bc05a39","cls":"path","osm":["w1313463128@2","w972950757@3"],"conn":[["0a372d18-9705-4c77-89df-dbda2da4023e",0.0],["c404cbb1-c94e-44f6-983c-4bd058a3838e",1.0]]}},{"type":"Feature","geometry":{"type":"LineString","coordinates":[[10.514749,46.009374],[10.514743,46.00942],[10.514705,46.00945],[10.514582,46.009511],[10.514558,46.009533],[10.514565,46.009557],[10.514757,46.009698]]},"properties":{"id":"bf4e0414-9f3f-4920-92b7-bde6e7b9b159","cls":"service","osm":["w177352105@1","w177352106@1"],"conn":[["308c2265-1b68-4e77-bbef-4bcdfdfeca83",0.0],["24a6d6f8-2fe4-44a2-84b0-a66d7df44466",0.501642],["e6c4cb60-9b0e-43a5-b47d-ae4f68fc4745",1.0]],"access":[{"type":"allowed","when":["foot"]},{"type":"allowed","when":["motor_vehicle"]}]}},{"type":"Feature","geometry":{"type":"LineString","coordinates":[[10.576557,46.018453],[10.576492,46.018471],[10.576414,46.018481],[10.576358,46.018461],[10.576227,46.018442],[10.576103,46.018464],[10.576067,46.018456],[10.575922,46.018434],[10.575862,46.018466],[10.575724,46.018508],[10.575614,46.018508],[10.575487,46.018503],[10.575402,46.018474],[10.575349,46.018447],[10.575232,46.018405],[10.574999,46.018351],[10.574635,46.018332],[10.574293,46.018383],[10.57374,46.018383],[10.573358,46.018355],[10.573203,46.018191],[10.572789,46.018304],[10.572512,46.018185],[10.572407,46.018073],[10.572081,46.01796],[10.571707,46.017993],[10.571211,46.017971]]},"properties":{"id":"bf913198-269e-4d7f-aa90-04265a523220","cls":"path","name":"Sentiero avvicinamento Orizzonti Liberi","osm":["w1324964139@1"],"conn":[["2f8aa169-5e72-40a0-97bc-a6d7a2124eb3",0.0],["d756a61b-07d6-4fa3-9590-07a26e84ea6e",1.0]]}},{"type":"Feature","geometry":{"type":"LineString","coordinates":[[10.518626,46.012678],[10.519431,46.012924],[10.519967,46.013014],[10.52104,46.013483],[10.522209,46.014139],[10.522437,46.014163],[10.522724,46.014077],[10.523115,46.013782]]},"properties":{"id":"bfc6531b-b967-4ee6-8511-9f78d2db3cf3","cls":"path","osm":["w519429642@1"],"conn":[["7e3d78ff-f600-4c5c-b910-3dd5430d5567",0.0],["26de682c-270e-4789-8777-5e8f08d8a7d6",1.0]]}},{"type":"Feature","geometry":{"type":"LineString","coordinates":[[10.625953,46.107537],[10.6259,46.107572],[10.625898,46.107639],[10.625921,46.107678],[10.625896,46.107701],[10.625912,46.107725],[10.625908,46.107744],[10.625878,46.107778],[10.62589,46.107822],[10.625882,46.107866],[10.625861,46.107893],[10.625791,46.107909],[10.625706,46.107897],[10.625594,46.107873],[10.62556,46.107911],[10.625556,46.108005],[10.62553,46.108004],[10.62548,46.107982],[10.625448,46.10797],[10.625334,46.107979],[10.625305,46.107993],[10.625222,46.107999],[10.625183,46.107985],[10.625166,46.108011],[10.625138,46.108014],[10.625098,46.10799],[10.624969,46.107995],[10.624923,46.107984],[10.624774,46.107918],[10.624752,46.107881],[10.624714,46.107888],[10.624606,46.107854],[10.62458,46.107858],[10.624579,46.107881],[10.62455,46.107947],[10.624517,46.107939],[10.624434,46.107895],[10.624317,46.107846],[10.624281,46.107851],[10.624278,46.107886],[10.624155,46.107905],[10.623818,46.10794],[10.623762,46.107956],[10.623655,46.108002],[10.623567,46.108058],[10.623602,46.108068],[10.623594,46.108087],[10.623511,46.108125],[10.6235,46.108151],[10.623429,46.108207],[10.623357,46.108244],[10.623313,46.108322],[10.623244,46.108354],[10.623217,46.108374],[10.62318,46.10838],[10.623177,46.10839],[10.623153,46.108408],[10.623109,46.108409],[10.623038,46.108443],[10.622956,46.108468],[10.622891,46.108484],[10.622826,46.108513],[10.622545,46.108549],[10.622468,46.108549],[10.622435,46.108539],[10.622401,46.108562],[10.622347,46.108592],[10.622242,46.108601],[10.62225,46.108635],[10.622323,46.108674],[10.622314,46.108711],[10.621982,46.108748],[10.621931,46.108743],[10.621741,46.108789],[10.621505,46.108826],[10.621443,46.108813],[10.62132,46.108836],[10.621025,46.1088],[10.620848,46.108739],[10.620389,46.108615],[10.620243,46.108628],[10.620336,46.108714],[10.620252,46.108698],[10.620188,46.108689],[10.620067,46.108704],[10.619938,46.108752],[10.619866,46.108748],[10.619713,46.10881],[10.619625,46.108802],[10.619495,46.108821],[10.619327,46.108828],[10.619289,46.108854],[10.619187,46.108864],[10.61906,46.108858],[10.618959,46.108871],[10.618854,46.108861],[10.618594,46.108877],[10.618503,46.108908],[10.618472,46.108964],[10.618495,46.109024],[10.618084,46.10897],[10.617631,46.109042],[10.617429,46.109089],[10.616845,46.109045],[10.616224,46.10908],[10.615939,46.109055],[10.615676,46.109076],[10.615376,46.109015],[10.615287,46.109057],[10.615195,46.109115],[10.6151,46.109177],[10.614704,46.109185],[10.614522,46.109171],[10.614427,46.109133],[10.614305,46.109171],[10.614031,46.10908],[10.613905,46.10912],[10.613701,46.109056],[10.613525,46.108992],[10.61338,46.109008],[10.613195,46.108983]]},"properties":{"id":"c118171b-109c-4157-91ae-26c188653100","cls":"path","osm":["w509662051@2","w62030413@5"],"conn":[["86b00316-0f05-4746-b14e-51f7ea2c406e",0.0],["e7c21cf4-e6c6-4591-8f2d-123aa64ee019",0.025814],["b364c15f-2e5d-476d-8857-71bbcfe38914",1.0]]}},{"type":"Feature","geometry":{"type":"LineString","coordinates":[[10.533675,45.977245],[10.533969,45.977181],[10.53422,45.977233],[10.534537,45.977326],[10.53465,45.977392],[10.53497,45.977621],[10.535185,45.9778],[10.535341,45.978074],[10.535611,45.978479],[10.535721,45.97881],[10.535834,45.979017],[10.535972,45.979119],[10.536068,45.979377],[10.536196,45.979511],[10.536417,45.979632],[10.536701,45.979785],[10.536851,45.979975],[10.53694,45.980018],[10.537037,45.979988],[10.537055,45.979919],[10.537012,45.979768],[10.536955,45.979441],[10.536924,45.979086],[10.536994,45.978873],[10.537033,45.978699],[10.537005,45.978493],[10.53698,45.97826],[10.537052,45.978139],[10.537187,45.978104],[10.537534,45.978087],[10.537777,45.977975],[10.538015,45.977787],[10.538135,45.977539],[10.538307,45.97737],[10.538658,45.977202],[10.539362,45.977016],[10.53987,45.97686],[10.540027,45.976815],[10.540136,45.976816],[10.540335,45.97689],[10.540436,45.976952]]},"properties":{"id":"c1a88f0f-e11d-4f92-91c3-8ce335727393","cls":"track","osm":["w228276431@9","w241101065@4","w241101066@3","w513838840@2"],"fr":[["is_bridge",0.971354,0.989314]],"conn":[["8c8f7770-10d3-4c7b-a9ce-eaa0da7a6555",0.0],["52e92ed5-e97d-4402-8564-92d964ee544e",0.084361],["ccddf06f-f3e6-4967-a0c4-13a4bdc1ba86",1.0]]}},{"type":"Feature","geometry":{"type":"LineString","coordinates":[[10.550791,45.988183],[10.550461,45.988168],[10.549999,45.988213],[10.549524,45.988275],[10.549075,45.988356],[10.54859,45.988451],[10.54784,45.988748],[10.546727,45.989233],[10.546171,45.989521],[10.54559,45.989835],[10.545189,45.990006],[10.54493,45.990042],[10.544723,45.990176],[10.544439,45.990742],[10.544232,45.990967],[10.544025,45.991066],[10.543618,45.991317],[10.543204,45.991582],[10.542803,45.991839],[10.542421,45.992162],[10.54237,45.992342],[10.542421,45.992539],[10.542447,45.992755],[10.542331,45.992975],[10.542169,45.993105],[10.541885,45.993429],[10.541626,45.993662],[10.541497,45.993837],[10.5412,45.994138],[10.540799,45.99452],[10.540534,45.994686],[10.54021,45.994924],[10.540036,45.995176],[10.540023,45.995351],[10.540146,45.995647],[10.540243,45.995899],[10.540327,45.996083],[10.54021,45.996178],[10.539997,45.996164],[10.539745,45.99615],[10.539473,45.996245],[10.539338,45.99638],[10.539215,45.996716]]},"properties":{"id":"c1cc2bdc-63d0-4eb0-aa6b-e1e7613ce23f","cls":"track","osm":["w59700353@2"],"conn":[["f383de54-083f-4d3e-a6c7-a4563624714b",0.0],["039b7e67-c455-4d7b-aaf4-950757d3a18f",0.533484],["00df9735-4029-45f6-8e2a-b262536c4837",1.0]]}},{"type":"Feature","geometry":{"type":"LineString","coordinates":[[10.51204,46.035565],[10.511988,46.035728],[10.511709,46.035888],[10.511486,46.036074],[10.511365,46.036268],[10.511215,46.036562],[10.511161,46.036738],[10.511164,46.036895],[10.511285,46.036969],[10.511352,46.036917],[10.511387,46.036856],[10.511438,46.036867],[10.511532,46.036951],[10.511631,46.037035],[10.511749,46.037133],[10.511743,46.037204],[10.511848,46.037264],[10.51191,46.037332],[10.511856,46.037465],[10.511695,46.037509],[10.511679,46.037578],[10.511647,46.037666],[10.511507,46.037694],[10.511384,46.037711],[10.51136,46.03779],[10.511486,46.037962],[10.511607,46.038137],[10.511778,46.038249],[10.511974,46.038284],[10.512135,46.038196],[10.512256,46.038057],[10.512301,46.037871],[10.512438,46.03769],[10.512441,46.03758],[10.512529,46.037569],[10.512615,46.037575],[10.51265,46.037521],[10.512612,46.037441],[10.512516,46.037275],[10.512497,46.037213],[10.512607,46.037144],[10.512677,46.037081],[10.512752,46.037014],[10.512744,46.036865],[10.512698,46.036701],[10.512725,46.036534],[10.512722,46.036346],[10.512773,46.036135],[10.512819,46.035983],[10.512819,46.035929],[10.512764,46.03588]]},"properties":{"id":"c22e2da0-1c74-483f-9d9a-a697e7185f6d","cls":"path","osm":["w506258610@1"],"conn":[["43c0126b-fe7b-41d0-b3a5-97f7d7798523",0.0],["3bbc487d-56c1-48f8-9964-de8b11ff36ef",1.0]]}},{"type":"Feature","geometry":{"type":"LineString","coordinates":[[10.489269,46.061755],[10.489167,46.062022],[10.489,46.062119],[10.488945,46.062185],[10.48887,46.062295],[10.488879,46.062385],[10.488927,46.062484],[10.488929,46.062612],[10.489064,46.062752],[10.489042,46.062924],[10.489129,46.063027],[10.489192,46.063143],[10.489213,46.0632],[10.489272,46.063259],[10.489193,46.063329],[10.489207,46.063425],[10.48929,46.06357],[10.489313,46.063615],[10.489278,46.063689],[10.489231,46.063689],[10.489195,46.063713],[10.489201,46.063758],[10.489234,46.063767],[10.489227,46.063825],[10.489253,46.063898],[10.489291,46.063953],[10.489222,46.064037],[10.489178,46.0641],[10.489211,46.064157],[10.489216,46.064194],[10.489202,46.064248],[10.489178,46.064346],[10.489213,46.064442],[10.48918,46.064496],[10.489195,46.064632],[10.489276,46.064761],[10.489314,46.064952],[10.489256,46.065063],[10.489217,46.065156],[10.489218,46.065204],[10.489268,46.065252],[10.489423,46.065298],[10.489478,46.065348],[10.489528,46.06542],[10.489624,46.065507],[10.489775,46.065606],[10.489808,46.065612],[10.489824,46.065651],[10.490008,46.065705],[10.490133,46.065816],[10.490236,46.065943],[10.490259,46.065953],[10.490298,46.066014],[10.490296,46.066068],[10.490288,46.066086],[10.490357,46.066199],[10.490318,46.066257],[10.490302,46.066299],[10.490326,46.066298],[10.490375,46.06638],[10.49043,46.066465],[10.490445,46.066603],[10.490504,46.066631],[10.490508,46.066697],[10.490567,46.06675],[10.490598,46.066807],[10.490697,46.066844],[10.490831,46.066901],[10.490858,46.066928],[10.490904,46.06693],[10.490948,46.066989],[10.490887,46.067027],[10.491015,46.067099],[10.491104,46.067172],[10.491155,46.067186],[10.491203,46.067247],[10.491283,46.067397],[10.491446,46.067495],[10.491877,46.067572],[10.491923,46.067632],[10.492106,46.067728],[10.492309,46.067835],[10.492432,46.067908],[10.4926,46.067999],[10.492842,46.068208],[10.492966,46.068298],[10.493043,46.068381],[10.493056,46.068621],[10.492875,46.068747],[10.492742,46.068782],[10.492863,46.068835],[10.492911,46.069115],[10.493001,46.069243],[10.492903,46.069434],[10.492831,46.069465],[10.492825,46.0695],[10.492864,46.069513],[10.492743,46.06963],[10.492515,46.069713],[10.492573,46.06978],[10.492619,46.069855],[10.492867,46.06991],[10.49292,46.070085],[10.492982,46.070179],[10.492865,46.070269],[10.492971,46.070342],[10.493182,46.070489],[10.493264,46.070563],[10.49319,46.070661],[10.493064,46.070745],[10.492939,46.070854],[10.492802,46.070886],[10.492637,46.070989],[10.492778,46.071049],[10.492809,46.07111],[10.492766,46.071176],[10.492784,46.071217],[10.492689,46.071383],[10.492584,46.071541],[10.492557,46.071762],[10.492268,46.071813],[10.492069,46.07196],[10.491855,46.071997],[10.491967,46.072129],[10.492075,46.072297],[10.491994,46.072469],[10.491796,46.07255],[10.491734,46.072492],[10.491645,46.072516],[10.491648,46.072583],[10.491568,46.07259],[10.491541,46.072693],[10.491463,46.072685],[10.491302,46.072845],[10.491281,46.072924],[10.491431,46.073024],[10.491357,46.073136],[10.491279,46.073376],[10.49117,46.073503],[10.491121,46.073659],[10.49087,46.073955],[10.490725,46.074137],[10.490602,46.074264],[10.490288,46.074353],[10.490236,46.074447],[10.490154,46.074642],[10.490411,46.074786],[10.490288,46.074883],[10.490519,46.074919],[10.490701,46.074865],[10.490993,46.074766],[10.491304,46.074755],[10.491519,46.074799],[10.491694,46.075118],[10.491827,46.075181],[10.491863,46.075324],[10.491772,46.075459],[10.492114,46.075486],[10.492484,46.075508],[10.492645,46.075455],[10.492841,46.075529],[10.49297,46.075626],[10.493048,46.075813],[10.493062,46.076],[10.493283,46.076183],[10.493345,46.076378],[10.493444,46.076482],[10.493582,46.076592],[10.493743,46.076646],[10.493921,46.076895],[10.493997,46.076956],[10.494043,46.077095],[10.493957,46.077153],[10.493959,46.077292],[10.494089,46.077325],[10.494207,46.077285],[10.494236,46.077279],[10.494307,46.077266],[10.494379,46.07732],[10.494442,46.077396],[10.494446,46.077545],[10.494678,46.077868],[10.494785,46.078003],[10.494982,46.078092],[10.495432,46.078128],[10.495579,46.078141],[10.495808,46.078081],[10.495868,46.078158],[10.495969,46.078285],[10.496127,46.078446],[10.496395,46.078498],[10.496724,46.07877],[10.497044,46.078855],[10.49741,46.078945]]},"properties":{"id":"c363b6d8-acf3-43aa-aed9-8c08d5737c0f","cls":"path","osm":["w298302138@7"],"conn":[["fe15d472-d3ec-44de-9f23-389b5d1f3909",0.0],["9ec81da8-2258-484c-b7ec-f97345dfb571",0.882968],["3185bc65-8faa-4eae-af83-86e2bd91df58",1.0]]}},{"type":"Feature","geometry":{"type":"LineString","coordinates":[[10.512586,46.008316],[10.512623,46.0083],[10.512664,46.00829],[10.512707,46.008288],[10.51275,46.008294],[10.512789,46.008306],[10.512821,46.00832],[10.512856,46.00834],[10.513069,46.008507],[10.513113,46.00855],[10.51315,46.008589],[10.513179,46.008624],[10.513203,46.00866],[10.513221,46.008697],[10.513234,46.008736],[10.513241,46.008775],[10.513242,46.008815]]},"properties":{"id":"c40a8b29-dec4-46fb-b6f1-5195aac46cce","cls":"service","sub":"alley","osm":["w1423631182@1"],"sr":[["unpaved",null,null]],"conn":[["d4bb2df9-e36b-4110-b253-072a723c0e97",0.0],["3ec581a3-2da6-4608-a54f-72ce97c11e4f",1.0]]}},{"type":"Feature","geometry":{"type":"LineString","coordinates":[[10.650593,46.027475],[10.650596,46.027521],[10.650218,46.027771],[10.649798,46.028028],[10.649522,46.028179],[10.649324,46.028244],[10.649071,46.02829],[10.648488,46.028317],[10.648165,46.028386],[10.647929,46.028453],[10.647727,46.028528],[10.647592,46.028582],[10.647324,46.028684],[10.647172,46.028768],[10.647026,46.02889],[10.64661,46.029308],[10.646539,46.029405],[10.646227,46.029666],[10.646089,46.029756],[10.645866,46.029902],[10.645701,46.029988],[10.645311,46.030115],[10.644968,46.030395],[10.644927,46.03047],[10.644912,46.030572],[10.644882,46.030719],[10.644142,46.031259],[10.644075,46.031313],[10.6439,46.031333],[10.643769,46.031386],[10.643634,46.031519],[10.643499,46.031703],[10.643319,46.031862],[10.643049,46.032022],[10.642785,46.032201],[10.642578,46.032287],[10.642232,46.03231],[10.641906,46.032383],[10.64167,46.032471],[10.641261,46.032634],[10.640938,46.032786],[10.640619,46.032945],[10.640053,46.033211],[10.639794,46.033375],[10.639532,46.033603],[10.639173,46.033952],[10.638911,46.034208],[10.638718,46.03431],[10.638517,46.034449],[10.638163,46.03469],[10.637908,46.034981],[10.637672,46.035279],[10.63747,46.035457],[10.637275,46.035672],[10.637155,46.035901],[10.637084,46.036096],[10.637078,46.036276],[10.637059,46.036482],[10.636983,46.036626],[10.636889,46.036781],[10.636594,46.03694],[10.636289,46.037011],[10.636145,46.037112],[10.636004,46.037273],[10.635931,46.03749],[10.63589,46.037629],[10.635806,46.037762],[10.635624,46.037878],[10.635416,46.037983],[10.635153,46.038069],[10.634863,46.038148],[10.634374,46.038261],[10.63382,46.038455],[10.633467,46.038811],[10.633397,46.038856],[10.632869,46.039339],[10.632739,46.039525],[10.632635,46.039747],[10.632483,46.039919],[10.632422,46.040003],[10.632386,46.040068]]},"properties":{"id":"c4d9236b-d711-4535-b201-d1e85bbfed37","cls":"unclassified","osm":["w38548842@9","w507983643@5","w507983644@1"],"fr":[["is_bridge",0.92141,0.924975]],"sr":[["paved",0.0,0.92141],["paved",0.924975,1.0]],"conn":[["eea13861-a288-4c40-9afb-f2a68b418677",0.0],["c0601009-ac16-4ad9-99f3-36083e8289b1",0.21574],["de3cbe56-211c-45de-b34d-3c1a41b52db5",0.996299],["d43c842d-be8f-409c-9ca1-ff045abaa2c1",1.0]]}},{"type":"Feature","geometry":{"type":"LineString","coordinates":[[10.576758,45.961784],[10.576674,45.961802],[10.576504,45.961924],[10.576438,45.961935],[10.576358,45.961918]]},"properties":{"id":"c4f8903a-f661-4f03-a313-adf725359266","cls":"track","osm":["w82549485@1"],"conn":[["059a2b89-afd2-4e9f-80d3-13eef4d04ee4",0.0],["1cbd8eb2-0c98-4c5f-81bb-0197aa06f294",1.0]]}},{"type":"Feature","geometry":{"type":"LineString","coordinates":[[10.584361,46.071526],[10.584352,46.07148],[10.584294,46.071493],[10.584309,46.071524],[10.584221,46.07152],[10.584179,46.071506],[10.584104,46.071474],[10.584048,46.071565],[10.584013,46.071567],[10.58405,46.071599],[10.584061,46.071624],[10.584047,46.071653],[10.584027,46.07167],[10.584003,46.071693],[10.583983,46.071703],[10.583946,46.071686],[10.583924,46.071694],[10.583865,46.071771],[10.583871,46.071792],[10.583812,46.071805],[10.583798,46.071779],[10.583765,46.071775],[10.583749,46.071747],[10.583686,46.071851],[10.583668,46.071858],[10.583671,46.071882],[10.583689,46.071898],[10.583686,46.071939],[10.583583,46.071965],[10.583615,46.071989],[10.583592,46.072061],[10.583519,46.072022],[10.58348,46.072016],[10.583435,46.072062],[10.583472,46.07208],[10.583429,46.072076],[10.58341,46.072092],[10.583367,46.0721],[10.583354,46.072084],[10.583297,46.072096],[10.583304,46.072151],[10.583279,46.072158],[10.583301,46.072199],[10.583251,46.072178],[10.583238,46.072217],[10.583255,46.072257],[10.583231,46.072277],[10.583253,46.072304],[10.583219,46.072309],[10.583148,46.072293],[10.583132,46.072392],[10.583139,46.072447],[10.58298,46.072451],[10.582983,46.072484],[10.582922,46.072497],[10.582915,46.072552],[10.582935,46.072582],[10.582879,46.072625],[10.582861,46.072662],[10.582832,46.07268],[10.582799,46.072723],[10.58269,46.072773],[10.582693,46.072805],[10.582593,46.07285],[10.582587,46.072817],[10.582475,46.072878],[10.582435,46.072927],[10.582352,46.072939],[10.582327,46.072992],[10.582393,46.072984],[10.582375,46.073041],[10.582184,46.073051],[10.582147,46.07307],[10.58221,46.073104],[10.582117,46.073125],[10.582048,46.073125],[10.581896,46.073161],[10.58188,46.073183],[10.581761,46.073212],[10.581758,46.073264],[10.58179,46.07329],[10.581708,46.073391],[10.581671,46.073411],[10.581649,46.07344],[10.581565,46.073469],[10.581479,46.073583],[10.581512,46.073635],[10.581427,46.07376],[10.581402,46.073808],[10.581456,46.073839],[10.58143,46.073876],[10.581334,46.073862],[10.581284,46.073891],[10.581227,46.073895],[10.581186,46.073941],[10.581128,46.073925],[10.581057,46.074008],[10.581033,46.074112],[10.580977,46.074194],[10.581012,46.074255],[10.580936,46.074305],[10.580838,46.07431],[10.580756,46.074403],[10.580652,46.074396],[10.580587,46.074494],[10.58051,46.074513],[10.580452,46.074596],[10.580326,46.074674],[10.58024,46.074754],[10.580173,46.074761],[10.580073,46.074799],[10.580083,46.074844],[10.58011,46.074874],[10.580017,46.074885],[10.579923,46.074908],[10.579889,46.074896],[10.579846,46.074903],[10.579839,46.074918],[10.579733,46.075018],[10.579602,46.07509],[10.579489,46.075233],[10.579286,46.075352],[10.579214,46.075377],[10.579276,46.075406],[10.57923,46.075441],[10.579217,46.075452],[10.579138,46.075481],[10.579102,46.075525],[10.579045,46.075511],[10.579032,46.07555],[10.578919,46.075581],[10.578817,46.075553],[10.578705,46.075603],[10.578719,46.075621],[10.578596,46.075701],[10.578608,46.075743],[10.578595,46.075757],[10.578424,46.075719],[10.57833,46.075858],[10.578337,46.075902],[10.578311,46.075973],[10.578338,46.076009],[10.578265,46.076059],[10.578295,46.076131],[10.578212,46.076211],[10.578211,46.076234],[10.578221,46.076276],[10.578165,46.076316],[10.578159,46.07638],[10.578137,46.076395],[10.57813,46.076359],[10.577957,46.076374],[10.577815,46.076483],[10.577745,46.076491],[10.577694,46.076535],[10.577606,46.076562],[10.577591,46.076602],[10.577522,46.0766],[10.577471,46.076613],[10.577346,46.076565],[10.577307,46.076547],[10.57725,46.076555],[10.577233,46.076576],[10.577193,46.076616],[10.577121,46.076637],[10.577102,46.076659],[10.577026,46.076699],[10.576976,46.076695],[10.576952,46.076722],[10.576907,46.076748],[10.57686,46.076715],[10.576803,46.076712],[10.57671,46.076743],[10.576599,46.076823],[10.576526,46.076848],[10.576457,46.07684],[10.576449,46.076928],[10.576422,46.076988],[10.576294,46.076973],[10.576261,46.076994],[10.576219,46.077039],[10.576206,46.077098],[10.576189,46.077132],[10.576109,46.077143],[10.576103,46.077108],[10.575987,46.077157],[10.575827,46.077252],[10.575739,46.077269],[10.575636,46.077366],[10.575616,46.077424],[10.575544,46.077467],[10.575441,46.077578],[10.575421,46.077674],[10.575385,46.077676],[10.575328,46.077702],[10.575308,46.077648],[10.575227,46.077646],[10.575088,46.077615],[10.574977,46.077645],[10.574902,46.077647],[10.574885,46.077615],[10.57483,46.077621],[10.574858,46.077638],[10.574793,46.077655],[10.574608,46.077668],[10.574471,46.077695],[10.574393,46.077666],[10.57434,46.077695],[10.574263,46.0777],[10.574225,46.077687],[10.574207,46.07771],[10.574178,46.077717],[10.574125,46.07768],[10.574043,46.077674],[10.573969,46.077672],[10.573917,46.077691],[10.573848,46.077736],[10.573847,46.077657],[10.573804,46.077619],[10.573719,46.077619],[10.573602,46.0777],[10.573509,46.07772],[10.573501,46.077756],[10.573428,46.077762],[10.573418,46.077739],[10.57336,46.077739],[10.573308,46.07778],[10.573213,46.077798],[10.573143,46.077797],[10.573051,46.077841],[10.572968,46.077841],[10.572897,46.077881],[10.572859,46.077884],[10.572875,46.077857],[10.572813,46.077801],[10.572785,46.077726],[10.572716,46.077565],[10.572594,46.077593],[10.572408,46.077649],[10.572346,46.077624],[10.572238,46.077599],[10.572183,46.077615],[10.572175,46.077644],[10.572079,46.07766],[10.572042,46.077663],[10.572012,46.077643],[10.571981,46.077655],[10.571922,46.077635],[10.571774,46.077701],[10.571702,46.07767],[10.571616,46.077691],[10.571519,46.077666],[10.571461,46.077674],[10.571413,46.077632],[10.571374,46.077655],[10.571344,46.077601],[10.571224,46.077633],[10.571138,46.077616],[10.571049,46.07767],[10.57096,46.07765],[10.570852,46.077678],[10.570686,46.077637],[10.57061,46.077666],[10.570555,46.07765],[10.570536,46.077671],[10.570508,46.077641],[10.570485,46.07766],[10.570444,46.077643],[10.570382,46.077637],[10.570353,46.077689],[10.570322,46.077688],[10.570285,46.077677],[10.570219,46.077703],[10.570137,46.077674],[10.570073,46.077692],[10.570015,46.077658],[10.569899,46.077629],[10.569859,46.077647],[10.569832,46.077624],[10.569753,46.077625],[10.569694,46.077652],[10.569628,46.077689],[10.569615,46.07774],[10.569569,46.077752],[10.569526,46.077745],[10.569439,46.077718],[10.569432,46.07774],[10.569427,46.07776],[10.569344,46.077816],[10.569303,46.077832],[10.569188,46.077894],[10.569109,46.077969],[10.569105,46.078028],[10.569068,46.078048],[10.568987,46.078116],[10.568946,46.078108],[10.568787,46.078111],[10.568724,46.078098],[10.568643,46.078038],[10.568632,46.078078],[10.568554,46.078021],[10.568547,46.077987],[10.56848,46.077978],[10.568256,46.078031],[10.568098,46.078087],[10.567984,46.078102],[10.567909,46.078028],[10.567839,46.078055],[10.567721,46.07799],[10.567634,46.077975],[10.567595,46.077933],[10.567571,46.077965],[10.567495,46.077904],[10.567373,46.077921],[10.567324,46.077892],[10.567225,46.077883],[10.567144,46.077938],[10.567042,46.077854],[10.566867,46.077804],[10.566771,46.077711],[10.566616,46.07764],[10.56636,46.07759],[10.566011,46.077577],[10.565941,46.077589],[10.565805,46.07756],[10.565706,46.07749],[10.56565,46.077462],[10.565471,46.077459],[10.565398,46.077417],[10.565391,46.077339],[10.565458,46.077262],[10.565448,46.0771],[10.565432,46.076954],[10.565394,46.076886],[10.565329,46.076834],[10.565266,46.076813],[10.56522,46.076802],[10.565168,46.076759],[10.56511,46.0767],[10.565103,46.076648],[10.565125,46.076565],[10.565117,46.076496],[10.565105,46.076447],[10.565074,46.076349],[10.565034,46.076287],[10.564966,46.076255],[10.564935,46.076261],[10.564893,46.076233],[10.564849,46.076244],[10.564819,46.076289],[10.5647,46.076269],[10.564545,46.076301],[10.5645,46.076349],[10.564417,46.076361],[10.564313,46.076383],[10.56434,46.076414],[10.564268,46.076378],[10.564264,46.07642],[10.564158,46.076452]]},"properties":{"id":"c655ba8f-04c8-49ac-ab7f-b92c4ea69865","cls":"path","osm":["w972950758@2","w972951046@1"],"conn":[["0a372d18-9705-4c77-89df-dbda2da4023e",0.0],["bd73a6f8-0e4d-47b9-970f-482b8d037929",1.0]]}},{"type":"Feature","geometry":{"type":"LineString","coordinates":[[10.615419,45.977405],[10.614626,45.977261],[10.613671,45.976928],[10.613458,45.976898],[10.613282,45.976951],[10.613138,45.976962],[10.613016,45.97692],[10.612902,45.976806],[10.612871,45.976745],[10.612803,45.976668],[10.612483,45.976584],[10.612281,45.976576],[10.611927,45.976517],[10.611592,45.976467],[10.611432,45.976499],[10.611288,45.976539],[10.611017,45.976721],[10.610751,45.97675],[10.610306,45.976785],[10.609723,45.976761],[10.609518,45.976835],[10.609042,45.97697],[10.608775,45.977097],[10.608646,45.977121],[10.608897,45.976875],[10.609152,45.976655],[10.609445,45.976467],[10.609834,45.976412],[10.610248,45.976406],[10.610366,45.976372],[10.610389,45.976338],[10.610298,45.976332],[10.610092,45.976327],[10.609849,45.976301],[10.609491,45.976319],[10.609274,45.976327],[10.609015,45.976438],[10.608874,45.976483],[10.608657,45.976507],[10.608596,45.976496],[10.608593,45.976462],[10.608634,45.976414],[10.609007,45.976248],[10.609655,45.976107],[10.609906,45.976054],[10.610088,45.975967],[10.610462,45.975875],[10.610808,45.97575],[10.610888,45.975682],[10.610682,45.975732],[10.610077,45.975893],[10.609982,45.975896],[10.609906,45.975933],[10.609773,45.975912],[10.609624,45.975885],[10.609548,45.975885],[10.609377,45.975893],[10.60927,45.975898],[10.608863,45.975898],[10.608779,45.975906],[10.608528,45.975914],[10.608375,45.97589],[10.608366,45.97585],[10.608848,45.975805],[10.608981,45.975821],[10.609038,45.975803],[10.609244,45.975773],[10.609579,45.975698],[10.609753,45.975648],[10.609792,45.975618],[10.60968,45.975566],[10.609658,45.975533]]},"properties":{"id":"c67f5eea-a35c-4201-899c-a48a47c82382","cls":"path","osm":["w514600940@2"],"conn":[["48f96985-39bb-41bf-b754-4d307c80e362",0.0],["df139a8a-0d79-470d-8395-4244751e876a",1.0]]}},{"type":"Feature","geometry":{"type":"LineString","coordinates":[[10.561672,45.972707],[10.561687,45.972629],[10.561905,45.972402],[10.561926,45.97231],[10.561889,45.972229],[10.561809,45.972047],[10.561867,45.971885],[10.56205,45.971721],[10.562383,45.971641],[10.562671,45.971626],[10.562904,45.971462]]},"properties":{"id":"c6a3bf69-b51e-4c8f-bb94-0d58c7f725cb","cls":"track","osm":["w82591817@2"],"conn":[["2943d426-ae91-4515-99a8-22c3ee867587",0.0],["7d6d4cb3-286a-4095-a7e1-6034e92b0033",1.0]]}},{"type":"Feature","geometry":{"type":"LineString","coordinates":[[10.482638,46.042769],[10.482682,46.042818],[10.482687,46.042885],[10.482697,46.042944],[10.482741,46.043032],[10.482783,46.043145],[10.482776,46.043199],[10.482783,46.043232],[10.482686,46.043361],[10.482649,46.043389],[10.482612,46.04342],[10.482573,46.043448],[10.482533,46.043465],[10.482493,46.043503],[10.482448,46.043566],[10.482341,46.043624],[10.482192,46.043678],[10.482185,46.043778],[10.482159,46.043841],[10.482081,46.043895],[10.481964,46.043845],[10.481834,46.043895],[10.481717,46.04399],[10.481632,46.044071],[10.481574,46.044193],[10.481522,46.044252],[10.481431,46.044243],[10.481346,46.044256],[10.481235,46.044392],[10.481248,46.044536],[10.481164,46.044644],[10.481061,46.044767],[10.481061,46.044822],[10.481033,46.04492],[10.480999,46.044967],[10.480999,46.045101],[10.480971,46.045223],[10.480971,46.045396],[10.480846,46.045486],[10.480773,46.045588],[10.480733,46.045667],[10.480665,46.045718],[10.48058,46.045802],[10.480733,46.045793],[10.480944,46.045732],[10.481152,46.045644],[10.481253,46.045621],[10.481341,46.04559],[10.481458,46.045581],[10.481591,46.045567],[10.481653,46.045574],[10.481653,46.045606],[10.481663,46.045664],[10.481666,46.045691],[10.481715,46.045739],[10.481673,46.045784],[10.481699,46.04584],[10.481699,46.04587],[10.481725,46.04589],[10.481731,46.045944],[10.481773,46.04601],[10.481858,46.046156],[10.481877,46.046208],[10.4819,46.046262],[10.481946,46.046296],[10.482001,46.046323],[10.482056,46.046375],[10.48218,46.046384],[10.48229,46.046423],[10.482336,46.046432],[10.482411,46.046461],[10.482528,46.046509],[10.482587,46.046558],[10.482668,46.04661],[10.482726,46.046621],[10.482707,46.046594],[10.482674,46.046549],[10.482635,46.046509],[10.482603,46.04647],[10.48256,46.046418],[10.482544,46.046373],[10.482512,46.046353],[10.482443,46.046312],[10.482408,46.046253],[10.482401,46.046186],[10.482411,46.046129],[10.482401,46.046057],[10.482408,46.04601],[10.482404,46.04596],[10.482463,46.045908],[10.482538,46.045845],[10.482616,46.045791]]},"properties":{"id":"c6b232b3-9c56-4c8f-8258-275112595117","cls":"path","osm":["w1425311736@2"],"conn":[["14dfe7df-5f92-4aed-98d2-8e5eb5c1c00c",0.0],["93e9afe8-48d9-4fa1-a5b0-005de74d07f7",0.206657],["d513c5d7-409d-494b-97c4-531a56363b0f",0.542825],["3bdf0a83-d0fb-40d4-99e8-52cc90f8103f",0.960742],["6dcd271d-46f5-40a4-9b85-3fb770613e36",1.0]]}},{"type":"Feature","geometry":{"type":"LineString","coordinates":[[10.535166,45.972403],[10.534815,45.972407],[10.533902,45.972512],[10.532788,45.972773],[10.5324,45.972894],[10.532112,45.972868],[10.531787,45.972921],[10.531499,45.972999],[10.531286,45.972947],[10.530998,45.973016],[10.53041,45.973225],[10.529885,45.973434],[10.529609,45.973608],[10.529447,45.973608],[10.529084,45.973538],[10.528633,45.97366],[10.528208,45.973851],[10.527545,45.97399],[10.527107,45.974138],[10.526594,45.974199],[10.526431,45.974156],[10.526619,45.974025],[10.526819,45.973903],[10.526706,45.973808],[10.526456,45.973782],[10.526381,45.973564],[10.526318,45.973416],[10.525943,45.973251],[10.525655,45.973103],[10.525492,45.972877],[10.525455,45.972677],[10.52523,45.972503],[10.524954,45.972338],[10.524654,45.972155],[10.524604,45.97192],[10.524241,45.971816],[10.523791,45.971755],[10.523503,45.971668],[10.52329,45.971555],[10.523165,45.971308],[10.523142,45.971307],[10.52302,45.971298],[10.522773,45.971451],[10.522638,45.971623],[10.522488,45.971801],[10.522223,45.971893],[10.521968,45.971819],[10.5218,45.971678],[10.521764,45.971493],[10.521578,45.971331],[10.521437,45.971297],[10.521389,45.971285],[10.521249,45.971327],[10.52101,45.971481],[10.520798,45.971573],[10.520621,45.971561],[10.520497,45.9715],[10.520435,45.97126],[10.520294,45.971118],[10.519931,45.971032],[10.519665,45.970971],[10.519126,45.970866],[10.519011,45.970817]]},"properties":{"id":"c73d88d4-a416-4323-9926-ede65c674a32","cls":"track","osm":["w228887992@3"],"conn":[["00f58bf9-a558-4dae-99d9-519127e8fc7d",0.0],["64a32f94-69ec-4fac-afb7-0ab8fa3d377b",1.0]],"access":[{"type":"allowed","when":["for_forestry"]}]}},{"type":"Feature","geometry":{"type":"LineString","coordinates":[[10.540983,46.071082],[10.541058,46.071075]]},"properties":{"id":"c74311ca-dead-4033-af0e-fd8a3621c652","cls":"footway","osm":["w511165924@1"],"fr":[["is_bridge",null,null]],"sr":[["unpaved",null,null]],"conn":[["ce4c9d14-254a-4849-93ed-3d4511c4c6b6",0.0],["5be90423-f431-40e2-9d51-f9bdc30052e8",1.0]]}},{"type":"Feature","geometry":{"type":"LineString","coordinates":[[10.635256,46.066354],[10.635267,46.066378],[10.635341,46.0665],[10.63542,46.066543],[10.635595,46.066617],[10.635613,46.066641],[10.635578,46.066655],[10.635489,46.066648],[10.635035,46.066682],[10.634972,46.066703],[10.634941,46.066722],[10.634975,46.066743],[10.635026,46.066764],[10.635167,46.066812],[10.635403,46.066914],[10.635505,46.06698],[10.635741,46.067042],[10.635863,46.067104],[10.636207,46.067092],[10.636426,46.067132],[10.636626,46.067125],[10.637162,46.067348],[10.637379,46.067414],[10.6374,46.06746],[10.637495,46.067479],[10.63758,46.067505],[10.637735,46.06756],[10.637874,46.06764],[10.63798,46.067691],[10.63806,46.067701],[10.638098,46.067735],[10.638283,46.067746],[10.638394,46.067767],[10.63849,46.067779],[10.638515,46.067796],[10.6385,46.067819],[10.638093,46.068001],[10.637903,46.068123],[10.637805,46.068127],[10.63779,46.068136],[10.637841,46.068165],[10.638042,46.068236],[10.638214,46.068271],[10.638328,46.068293],[10.638331,46.068304],[10.63825,46.068328],[10.638231,46.06836],[10.638053,46.068432],[10.637976,46.06848],[10.637984,46.068512],[10.638042,46.068539],[10.638189,46.068564],[10.63831,46.068568],[10.638394,46.06859],[10.638473,46.0686],[10.638487,46.068626],[10.638407,46.068658],[10.638078,46.068852],[10.637884,46.068951],[10.637792,46.068977],[10.637717,46.069059],[10.637622,46.069095],[10.63759,46.069137],[10.637602,46.069179],[10.637631,46.069201],[10.637743,46.069229],[10.637835,46.069249],[10.637978,46.069346],[10.638087,46.069328],[10.638201,46.069348],[10.638241,46.069366],[10.638299,46.069367],[10.638369,46.06938],[10.638611,46.069309],[10.638821,46.069305],[10.639057,46.069259],[10.639312,46.06924],[10.639426,46.069228],[10.639621,46.069235],[10.63976,46.069283],[10.640261,46.069206],[10.640647,46.06918],[10.640855,46.069165],[10.641066,46.06919],[10.64127,46.069224],[10.641414,46.069302],[10.641564,46.069303],[10.641782,46.069276],[10.641912,46.069284],[10.641847,46.069319],[10.64187,46.069354],[10.641979,46.069361],[10.642245,46.069423],[10.642387,46.069405],[10.64281,46.069518],[10.642903,46.069563],[10.64303,46.06956],[10.643147,46.069601],[10.643596,46.069657],[10.644537,46.070274],[10.644828,46.070446],[10.645039,46.070629],[10.645276,46.070755],[10.645724,46.070959],[10.646181,46.071549],[10.646376,46.071881],[10.646527,46.072206],[10.646671,46.072446],[10.646793,46.072475],[10.646953,46.072708],[10.647021,46.072865],[10.647003,46.07304],[10.647072,46.07314],[10.647145,46.073183],[10.647215,46.073183],[10.647296,46.073145],[10.647425,46.073131],[10.647527,46.073075],[10.648027,46.07289],[10.648431,46.072609],[10.648754,46.072441],[10.648996,46.072212],[10.649582,46.071993],[10.65016,46.071667],[10.650561,46.071459],[10.65088,46.071385],[10.651087,46.071396],[10.651571,46.071493],[10.651904,46.071657],[10.652161,46.07177],[10.65223,46.071891],[10.652397,46.071971],[10.652494,46.072007],[10.6526,46.072004],[10.652664,46.071966],[10.652711,46.071986],[10.652734,46.072079],[10.652738,46.072126],[10.652783,46.072168],[10.652816,46.07219],[10.652897,46.072182],[10.652959,46.072147],[10.653037,46.07213],[10.653139,46.072066],[10.653318,46.072019],[10.653417,46.071956],[10.653542,46.071864],[10.65363,46.071859],[10.653843,46.071903],[10.653899,46.071961],[10.653949,46.072015],[10.654012,46.072019],[10.65417,46.071993],[10.654375,46.071988],[10.654429,46.071962],[10.654537,46.071897],[10.654602,46.071885],[10.654723,46.071888],[10.654832,46.071888],[10.65498,46.071829],[10.655192,46.07175],[10.655297,46.071732],[10.655399,46.071754],[10.655526,46.071751],[10.65563,46.071829],[10.655726,46.071839],[10.655845,46.071833],[10.655924,46.071805],[10.655928,46.071764],[10.656005,46.071782],[10.656112,46.071833],[10.656206,46.071839],[10.656303,46.071829],[10.656372,46.071865],[10.656435,46.071855],[10.656513,46.071833],[10.656628,46.071836],[10.656733,46.071886],[10.656813,46.071882],[10.656883,46.071869],[10.656999,46.071841],[10.657096,46.071733],[10.657278,46.071764],[10.657436,46.071788],[10.657494,46.07177],[10.657454,46.071708],[10.657377,46.071593],[10.657298,46.071475],[10.657275,46.071381],[10.657298,46.071266],[10.657422,46.071184],[10.657461,46.071087],[10.657584,46.071044],[10.657728,46.071039],[10.657807,46.07106],[10.658098,46.071023],[10.65833,46.07091],[10.658517,46.070847],[10.658658,46.070875],[10.658759,46.070889],[10.658828,46.070891],[10.658882,46.07086],[10.658968,46.070822],[10.659125,46.070797],[10.659244,46.070789],[10.65952,46.070799],[10.659692,46.07073],[10.659979,46.070743],[10.660042,46.070756]]},"properties":{"id":"c874d34e-7bc1-4e4b-8cd3-8bce974311a4","cls":"path","osm":["w476407576@11"],"conn":[["5c1b8b7a-7fad-4478-890f-f370529f98d4",0.0],["2e958f60-58d4-43d4-bb2f-5ad3586931c2",1.0]]}},{"type":"Feature","geometry":{"type":"LineString","coordinates":[[10.452661,45.988231],[10.452781,45.988159],[10.452846,45.988036]]},"properties":{"id":"c93df493-0ddc-4614-9df2-b348b83c17ca","cls":"path","osm":["w1123889570@1"],"sr":[["gravel",null,null]],"conn":[["a0205aa7-f54b-49cc-b6fb-31cdc04e2539",0.0],["66b1f8af-0b61-476a-9953-32a34c2a21bb",1.0]]}},{"type":"Feature","geometry":{"type":"LineString","coordinates":[[10.510531,46.050525],[10.510452,46.050429]]},"properties":{"id":"c99f1e89-8c45-4e5c-a70f-d67dd990be0c","cls":"service","sub":"parking_aisle","osm":["w511165912@1"],"sr":[["gravel",null,null]],"conn":[["e759e714-d9b7-43f2-b143-8c84408397e9",0.0],["19c8fda0-0ed4-4735-b74b-751a5b9de5de",1.0]]}},{"type":"Feature","geometry":{"type":"LineString","coordinates":[[10.488875,46.083256],[10.488938,46.0832],[10.488998,46.083188],[10.489041,46.08314],[10.48911,46.083112],[10.489176,46.083182],[10.48922,46.08323],[10.489276,46.083241],[10.489256,46.083117],[10.489269,46.083072],[10.489318,46.083044],[10.489379,46.083044],[10.489435,46.083066],[10.489536,46.083051],[10.489648,46.082887],[10.489655,46.082979],[10.489723,46.082998],[10.489775,46.082797],[10.489769,46.082752],[10.489803,46.082724],[10.489845,46.082749],[10.489906,46.082736],[10.489959,46.082681],[10.490026,46.082701],[10.490086,46.082657],[10.490072,46.082727],[10.490156,46.082815],[10.490176,46.082769],[10.490249,46.082826],[10.490234,46.082699],[10.490288,46.082769],[10.490413,46.082655],[10.490456,46.082724],[10.490377,46.082884],[10.490401,46.083068],[10.490398,46.083231],[10.490452,46.083329],[10.490513,46.083233],[10.49057,46.08338],[10.49064,46.083265],[10.490575,46.082943],[10.490667,46.082827],[10.490846,46.082724],[10.490789,46.082888],[10.490844,46.082909],[10.490944,46.082858],[10.49108,46.082764],[10.491088,46.082839],[10.491045,46.082915],[10.491104,46.083049],[10.491155,46.082937],[10.491313,46.082872],[10.491384,46.082814],[10.491583,46.082689],[10.491881,46.082654],[10.491894,46.082717],[10.492039,46.082724],[10.491976,46.082852],[10.491901,46.082941],[10.491709,46.083186],[10.491724,46.0833],[10.491671,46.083343],[10.491694,46.083625],[10.491817,46.083512],[10.491976,46.083451],[10.492038,46.08326],[10.492092,46.083362],[10.492139,46.08322],[10.492257,46.083121],[10.49246,46.083079],[10.492641,46.082997],[10.492546,46.083154],[10.492474,46.083257],[10.492501,46.083306],[10.492549,46.083427],[10.492625,46.083433],[10.492643,46.083331],[10.492773,46.08324],[10.492814,46.083306],[10.492864,46.083383],[10.493172,46.083141],[10.49322,46.08319],[10.493194,46.083279],[10.493278,46.083232],[10.493382,46.083173],[10.493376,46.08325],[10.493426,46.083259],[10.493401,46.083327],[10.493412,46.083397],[10.493526,46.083513],[10.493657,46.083649],[10.493775,46.083808],[10.493763,46.08386],[10.493705,46.083907],[10.493731,46.083962],[10.49389,46.084041],[10.493873,46.084134],[10.493826,46.084212],[10.493783,46.084283],[10.493833,46.084349],[10.493881,46.084352],[10.493935,46.084311],[10.494062,46.084307],[10.494085,46.08437],[10.494172,46.084362],[10.494209,46.084325],[10.494282,46.084307],[10.494184,46.084469],[10.494212,46.084542],[10.49419,46.084622],[10.494084,46.084679],[10.494169,46.08473],[10.494302,46.084734],[10.494524,46.084677],[10.494528,46.084789],[10.4945,46.084834],[10.494502,46.084877],[10.494584,46.084942],[10.494677,46.084993],[10.494808,46.08493],[10.494899,46.08493],[10.494922,46.084991],[10.494971,46.085074],[10.494987,46.085147],[10.495022,46.085124],[10.495093,46.085051],[10.49513,46.085113],[10.495281,46.084959],[10.495294,46.084856],[10.495191,46.08478],[10.495105,46.084474],[10.495084,46.084396],[10.495032,46.084288],[10.49503,46.084234],[10.495045,46.084196],[10.495072,46.084176],[10.495156,46.084142],[10.495199,46.084107],[10.495214,46.084069],[10.495203,46.083818],[10.495206,46.083776],[10.49523,46.08373],[10.495283,46.083694],[10.495384,46.083673],[10.495456,46.083671],[10.495558,46.08367],[10.495631,46.083683],[10.495688,46.083704],[10.495778,46.08375],[10.495822,46.08378],[10.495975,46.083886],[10.496177,46.084039],[10.496257,46.084158],[10.496429,46.084243],[10.496656,46.084371],[10.496817,46.084475]]},"properties":{"id":"cbffda4b-ec88-4573-85a0-b8d7525351f2","cls":"path","name":"Scale dell'Adamé (La Mula)","osm":["w296092251@4","w69905813@4"],"conn":[["2789b60f-9ca0-4e9d-b001-fdc5d20f73e5",0.0],["111d4ebd-0272-4b58-9b9b-544db572b017",1.0]]}},{"type":"Feature","geometry":{"type":"LineString","coordinates":[[10.475779,46.113499],[10.475136,46.113126],[10.475086,46.113103],[10.475045,46.113091],[10.474998,46.113084],[10.474948,46.113085],[10.474908,46.113088],[10.474787,46.113125],[10.474736,46.113136],[10.47469,46.113144],[10.474645,46.113147],[10.474595,46.113144],[10.474549,46.113135],[10.474335,46.113071],[10.474292,46.113055],[10.474255,46.113038],[10.47421,46.113014],[10.474176,46.11299],[10.474145,46.112964],[10.474105,46.112924],[10.474076,46.112892],[10.474056,46.112862],[10.474036,46.112825],[10.474014,46.112792],[10.473991,46.112761],[10.473958,46.112729],[10.473816,46.112607],[10.473741,46.112547],[10.47356,46.112415],[10.473518,46.112389],[10.473476,46.11237],[10.47333,46.112314],[10.473249,46.112281],[10.473148,46.112226],[10.47282,46.112013],[10.472789,46.111985],[10.472759,46.11195],[10.472727,46.111922],[10.472586,46.111808],[10.472533,46.111761],[10.472492,46.111714],[10.472441,46.111646],[10.472425,46.111634],[10.472403,46.111627],[10.472376,46.111623],[10.47221,46.111628],[10.47218,46.11163],[10.472149,46.111638],[10.472122,46.111651],[10.472098,46.111668],[10.472012,46.111749],[10.471931,46.111832],[10.471906,46.111864],[10.471896,46.111888],[10.471893,46.111911],[10.471891,46.111931],[10.471898,46.111955],[10.471924,46.111976],[10.472015,46.112037],[10.472038,46.112058],[10.47205,46.112074],[10.472058,46.112097],[10.472057,46.112225],[10.471962,46.112281],[10.471861,46.112298],[10.471414,46.112431],[10.471351,46.112498],[10.471259,46.112552],[10.471115,46.112583],[10.470933,46.112637],[10.470745,46.1127],[10.470636,46.112709],[10.470629,46.112681],[10.470737,46.112618],[10.470859,46.112524],[10.471048,46.112328],[10.47117,46.112151],[10.471176,46.112084],[10.471155,46.112073],[10.471091,46.112105],[10.471009,46.112184],[10.470835,46.112281],[10.470726,46.112297],[10.470749,46.112179],[10.470745,46.112045],[10.470672,46.111812],[10.470535,46.11179],[10.470432,46.111964],[10.470375,46.112028],[10.470227,46.11202],[10.470039,46.112031],[10.469891,46.112099],[10.469754,46.112275],[10.469625,46.112375],[10.46947,46.112447],[10.469237,46.112499],[10.469,46.112578],[10.468611,46.112679],[10.468288,46.11271],[10.468139,46.112688],[10.467892,46.112644],[10.46775,46.112631],[10.467614,46.112651],[10.467133,46.112705],[10.46661,46.112709],[10.465934,46.112552],[10.465628,46.112612],[10.465498,46.112657],[10.465408,46.112728],[10.465339,46.112762],[10.465211,46.112775],[10.465096,46.112762],[10.465005,46.112716],[10.464821,46.112596],[10.464586,46.112511],[10.464308,46.11244],[10.464163,46.112399],[10.46401,46.112381],[10.463557,46.112369],[10.463362,46.112286],[10.46324,46.112215],[10.463074,46.112179],[10.462722,46.112105],[10.462066,46.111861],[10.461813,46.11167],[10.461668,46.111221],[10.461641,46.11116],[10.461611,46.111113],[10.461566,46.111056],[10.461523,46.111022],[10.461318,46.110907],[10.46126,46.110873],[10.461068,46.110725],[10.461019,46.110683],[10.460976,46.110631],[10.460915,46.110529],[10.460841,46.110359],[10.460827,46.110323],[10.460792,46.110287],[10.460644,46.110183],[10.460563,46.110124],[10.460494,46.110067],[10.460261,46.109829],[10.460172,46.109692],[10.460138,46.109636],[10.460094,46.1096],[10.460034,46.109568],[10.459947,46.109542],[10.459845,46.109525],[10.459766,46.109524],[10.459675,46.109539],[10.45959,46.109544],[10.459524,46.109538],[10.459444,46.109526],[10.45934,46.109501],[10.459288,46.109485],[10.459242,46.109466],[10.459175,46.109426],[10.459122,46.109393],[10.459043,46.109355],[10.459027,46.109348],[10.458974,46.109325],[10.458928,46.109314],[10.458732,46.109286],[10.458653,46.109273],[10.458572,46.109255],[10.458509,46.109229],[10.458454,46.109203],[10.458363,46.109134],[10.458325,46.109117],[10.458042,46.109011],[10.457926,46.108961],[10.457847,46.108927],[10.457786,46.108896],[10.457676,46.108809],[10.457553,46.108731],[10.457498,46.108704],[10.457455,46.108689],[10.457392,46.108674],[10.457294,46.108668],[10.457188,46.108642],[10.457064,46.108589],[10.457028,46.108578],[10.456999,46.108576],[10.456845,46.108586],[10.456788,46.108584],[10.456742,46.108578],[10.456402,46.108513],[10.456332,46.108496],[10.456278,46.108475],[10.45623,46.108445],[10.456151,46.108358],[10.45612,46.108341],[10.456089,46.108333],[10.456061,46.108332],[10.455782,46.108396],[10.455741,46.1084],[10.455704,46.108396],[10.455671,46.108378],[10.4556,46.108318],[10.455555,46.108298],[10.455383,46.108246],[10.455224,46.108188],[10.455085,46.108146],[10.454999,46.108119],[10.454901,46.108077],[10.454854,46.108043],[10.454681,46.107803],[10.454659,46.107793],[10.454583,46.107774],[10.454533,46.107758],[10.454497,46.10774],[10.454463,46.107711],[10.454436,46.107675],[10.454404,46.107641],[10.45428,46.107555],[10.454272,46.107538],[10.454277,46.107456],[10.454274,46.107438],[10.454258,46.107424],[10.454233,46.107413],[10.454124,46.107397],[10.454094,46.107389],[10.454061,46.107372],[10.45397,46.107303],[10.453936,46.107281],[10.453901,46.107268],[10.453844,46.107259],[10.45383,46.107255],[10.453826,46.107246],[10.453831,46.107238],[10.453851,46.107231],[10.453877,46.107227],[10.453912,46.107227],[10.453997,46.107244],[10.454033,46.107246],[10.454056,46.107242],[10.454087,46.107233],[10.454116,46.107219],[10.454182,46.10715],[10.454194,46.10713],[10.454201,46.107108],[10.454195,46.107085],[10.454175,46.107064],[10.454139,46.107045],[10.454013,46.106999],[10.453836,46.106932],[10.453733,46.106889],[10.453624,46.106836],[10.453543,46.10679],[10.453361,46.106664],[10.453231,46.106582],[10.453214,46.106565],[10.453207,46.106542],[10.453206,46.106505],[10.453215,46.106486],[10.453238,46.10647],[10.453278,46.106472],[10.453336,46.106486],[10.45337,46.106486],[10.453399,46.106481],[10.453421,46.106466],[10.453436,46.106438],[10.45344,46.106382],[10.453412,46.106283],[10.453376,46.10617],[10.453378,46.106143],[10.453391,46.10612],[10.453424,46.106075],[10.453443,46.106045],[10.453478,46.105956],[10.453517,46.10589],[10.453526,46.105854],[10.453523,46.105827],[10.4535,46.105799],[10.453414,46.105744],[10.453037,46.105607],[10.452988,46.105603],[10.452846,46.1056],[10.452772,46.105591],[10.452685,46.105567],[10.452538,46.105503],[10.452481,46.105463],[10.452414,46.105383],[10.452383,46.105365],[10.452354,46.105359],[10.452324,46.105363],[10.452182,46.105485],[10.452154,46.105491],[10.452125,46.105485],[10.452088,46.105466],[10.451999,46.105435],[10.451744,46.105386],[10.451652,46.105365],[10.451573,46.105343],[10.451515,46.105319],[10.451456,46.10529],[10.45141,46.10526],[10.45137,46.105219],[10.451259,46.105082],[10.451001,46.104663],[10.450901,46.104532],[10.450865,46.104497],[10.450819,46.104463],[10.450754,46.104426],[10.450716,46.104402],[10.450684,46.104375],[10.450636,46.104318],[10.450589,46.104269],[10.450529,46.104224],[10.450431,46.104179],[10.450334,46.104136],[10.450124,46.104079],[10.450056,46.10406],[10.450006,46.10404],[10.449974,46.104022],[10.449873,46.103937],[10.449824,46.103883],[10.4498,46.103837],[10.449742,46.103627],[10.449724,46.103562],[10.449593,46.103299],[10.449571,46.103267],[10.449537,46.10323],[10.449518,46.103193],[10.449512,46.103145],[10.449529,46.102997],[10.449526,46.102934],[10.449516,46.102894],[10.449434,46.102778],[10.44934,46.10269],[10.449294,46.102633],[10.449261,46.102562],[10.449244,46.102508],[10.449231,46.102392],[10.449226,46.102361],[10.449215,46.102344],[10.449087,46.102266],[10.448881,46.102157],[10.448847,46.102135],[10.448714,46.102012],[10.44867,46.101981],[10.448631,46.101965],[10.448503,46.101927],[10.448471,46.101909],[10.448443,46.101876],[10.448388,46.101797],[10.448339,46.101729],[10.448188,46.101559],[10.448131,46.101515],[10.448039,46.101475],[10.447826,46.101406],[10.447798,46.101391],[10.447767,46.101363],[10.447653,46.101186],[10.447621,46.101149],[10.447496,46.101042],[10.447488,46.101021],[10.447487,46.100979],[10.4475,46.100944],[10.44753,46.100914],[10.447538,46.100884],[10.44752,46.100825],[10.447485,46.100773],[10.447453,46.100742],[10.447407,46.100713],[10.447362,46.100691]]},"properties":{"id":"ccc193c3-435d-4072-b411-e5862db3308c","cls":"track","osm":["w1537773611@1","w1537773612@1","w383533720@1","w383533723@1","w383533728@1","w40846481@12"],"fr":[["is_bridge",0.056964,0.05952],["is_bridge",0.951766,0.954599],["is_bridge",0.998772,1.0]],"sr":[["unpaved",0.998772,1.0]],"conn":[["edf66caa-5729-475a-81bb-1466080f7042",0.0],["37572f25-1d23-4d54-b501-578c2f6017a8",0.0411],["2ae9bd39-5cd5-4495-9d60-f5d02e5648ef",0.11584],["5128c13b-9556-427f-9871-60b42c348f00",0.547858],["c32310e4-205f-4d6d-bda3-bdce338fb8d0",0.593793],["13659107-4dcf-4587-b9d8-1f3b1e7ddad9",0.99237],["f28525a8-0093-47b7-9b8f-97109b44bfa7",1.0]]}},{"type":"Feature","geometry":{"type":"LineString","coordinates":[[10.540491,46.070798],[10.540587,46.070848],[10.540669,46.070902],[10.540801,46.071038]]},"properties":{"id":"ccd27395-7016-41ea-9b00-01accf89dbfa","cls":"path","osm":["w511165932@1"],"conn":[["09be78b5-126e-47b8-b0bf-8b7d5e723e12",0.0],["8e6edc80-1c24-4775-b01d-5a9d3289569c",1.0]]}},{"type":"Feature","geometry":{"type":"LineString","coordinates":[[10.599751,46.055015],[10.599779,46.054977],[10.599857,46.054946],[10.599905,46.054954],[10.599951,46.05503],[10.600041,46.055157],[10.600117,46.055247],[10.600184,46.055277],[10.600248,46.055338],[10.600276,46.055409],[10.6002,46.055514],[10.600109,46.055464],[10.600047,46.055464],[10.60004,46.055524],[10.599975,46.055535],[10.599984,46.055583],[10.599972,46.05563],[10.599916,46.055655],[10.599867,46.055641],[10.599811,46.055637],[10.599846,46.055733],[10.599901,46.055758],[10.599804,46.055782],[10.599768,46.055815],[10.599714,46.055813],[10.599739,46.055882],[10.599629,46.05592],[10.599523,46.056006],[10.599552,46.056046],[10.5996,46.056074],[10.599663,46.056096],[10.599736,46.056129],[10.599794,46.056153],[10.599881,46.056173],[10.599967,46.056253],[10.600022,46.05631],[10.600046,46.056364],[10.60006,46.056412],[10.600093,46.05645],[10.600071,46.05648],[10.599995,46.0565],[10.599913,46.056521],[10.599887,46.056588],[10.599899,46.05669],[10.599931,46.056771],[10.600011,46.056809],[10.600182,46.056897],[10.600273,46.056995],[10.600298,46.057064],[10.600273,46.057112],[10.600282,46.057165],[10.600243,46.057215],[10.600205,46.057266],[10.600213,46.057329],[10.600291,46.057377],[10.600257,46.057443],[10.600215,46.057489],[10.600225,46.057559]]},"properties":{"id":"cd7dc061-fc05-4c80-aed1-c2c1b942254b","cls":"path","osm":["w1535747858@1"],"conn":[["aef42198-53f9-4b0a-b809-ee626b4a91f1",0.0],["37700704-0ab6-4ba2-acc3-69fed17c565a",1.0]]}},{"type":"Feature","geometry":{"type":"LineString","coordinates":[[10.51355,46.053176],[10.513489,46.053143],[10.513455,46.053093],[10.513393,46.052948],[10.513279,46.052779],[10.5132,46.05255],[10.513139,46.052417],[10.51296,46.052182],[10.512755,46.052058],[10.512584,46.051996],[10.512406,46.051914],[10.512116,46.051607],[10.51197,46.051417],[10.511915,46.051393],[10.511847,46.051411],[10.511839,46.051487],[10.512016,46.051707],[10.512009,46.051735],[10.511988,46.051758]]},"properties":{"id":"cd7f3338-017c-4069-838e-6d2739bbbd6a","cls":"service","osm":["w511165914@1","w511165915@2","w511165916@1","w511165917@1","w82897612@3"],"sr":[["unknown",null,null]],"conn":[["0b9bc5b3-7827-4121-b422-f6941dba55bd",0.0],["7c3f4edd-ec5a-4fbb-9f3b-95eb2ed96033",0.313301],["bb69a230-65c6-433b-aaee-496bf6f62cc0",0.83433],["15e98318-9866-44d2-9a09-638cebf7dd5e",1.0]]}},{"type":"Feature","geometry":{"type":"LineString","coordinates":[[10.455243,46.070341],[10.455277,46.070166],[10.455342,46.070091],[10.455617,46.070057],[10.455848,46.069974],[10.456086,46.069808],[10.4561,46.069641],[10.455937,46.069547],[10.455978,46.069377],[10.456153,46.069222],[10.456195,46.069132],[10.455891,46.069075],[10.455729,46.068907],[10.455607,46.068917],[10.455453,46.068976],[10.45513,46.068902],[10.45437,46.068991],[10.453999,46.068834],[10.453726,46.068847],[10.453379,46.068927],[10.453414,46.068767],[10.453102,46.06875],[10.453277,46.068583],[10.452551,46.068426],[10.452952,46.068257],[10.452481,46.068034],[10.452594,46.067975],[10.452573,46.067895],[10.452478,46.067857],[10.452205,46.067798],[10.452408,46.067552],[10.452911,46.067422],[10.453502,46.067217],[10.454097,46.067046],[10.453928,46.066859],[10.453017,46.066871],[10.452777,46.066819],[10.452961,46.066603],[10.452724,46.066564],[10.452483,46.066668],[10.451876,46.066598],[10.451076,46.066355],[10.450399,46.066302],[10.450117,46.066191],[10.449658,46.065823],[10.449066,46.06545],[10.448542,46.065213],[10.448254,46.064996],[10.448026,46.06464],[10.448029,46.064303],[10.448087,46.064129],[10.448547,46.064492],[10.448584,46.064416],[10.448456,46.06425],[10.448491,46.064111],[10.448584,46.063983],[10.448929,46.064158],[10.449239,46.064112],[10.449521,46.064042],[10.450136,46.063837],[10.450636,46.063821],[10.451019,46.063728],[10.451054,46.063661],[10.450853,46.063588],[10.450741,46.063522],[10.450656,46.063423],[10.450516,46.063359],[10.450238,46.063266],[10.449838,46.063193],[10.449688,46.063077],[10.449434,46.062824],[10.449297,46.062714],[10.449074,46.062356],[10.448879,46.062198],[10.448171,46.061978],[10.447694,46.061779],[10.447031,46.061369],[10.444952,46.060759],[10.444401,46.06024],[10.444095,46.060051],[10.443317,46.059079],[10.443,46.058814],[10.443039,46.058568],[10.443279,46.05834],[10.443022,46.058107],[10.443192,46.057994],[10.443226,46.057876],[10.443071,46.057679],[10.443048,46.057599],[10.442548,46.057311],[10.442375,46.057239],[10.442094,46.057096],[10.442077,46.05696],[10.441711,46.056836],[10.441431,46.05684],[10.441336,46.056671],[10.440712,46.056411],[10.440673,46.056221],[10.439999,46.056009],[10.440114,46.055912],[10.439922,46.055784],[10.439923,46.055628],[10.439739,46.055566],[10.439308,46.055587],[10.439183,46.055513]]},"properties":{"id":"cddb578b-6097-4863-80c9-96b422e41b16","cls":"path","osm":["w40970166@10"],"conn":[["ea45a6d2-d035-49ca-ad85-ae13df6cf41c",0.0],["b48598fb-eede-47d6-9559-da49ec222dd8",0.113277],["31839180-c57c-42f0-a4e4-802db2cdbf33",0.348925],["2f7fd908-1bfd-45f7-87e0-40128c3ebc6f",0.522308],["35604e0f-de63-446e-a81c-b691a6e3269c",0.574643],["621874aa-7eaf-4856-bbc2-9739c8530658",0.616122],["a6357880-1719-4dcf-b5f8-61ddb6e42f44",1.0]]}},{"type":"Feature","geometry":{"type":"LineString","coordinates":[[10.53465,45.977392],[10.534598,45.977418],[10.534684,45.977533],[10.534625,45.977556],[10.534389,45.977449],[10.534255,45.977513],[10.534247,45.977617],[10.534263,45.978208],[10.534413,45.978502],[10.534365,45.978933],[10.534389,45.979438],[10.534464,45.979764],[10.534408,45.980109],[10.534322,45.980689],[10.534494,45.981039],[10.534869,45.981076]]},"properties":{"id":"ce4f0530-3a38-47fc-aef3-33cc794ee2ad","cls":"path","osm":["w513589637@2"],"conn":[["52e92ed5-e97d-4402-8564-92d964ee544e",0.0],["dfad7e7e-0730-4c63-b50f-739b31cec95d",1.0]]}},{"type":"Feature","geometry":{"type":"LineString","coordinates":[[10.547567,45.976441],[10.547564,45.976321],[10.547602,45.976086],[10.547587,45.976016],[10.547481,45.975843],[10.547289,45.97561]]},"properties":{"id":"ce743fc6-041b-4f5e-ae30-ec61f9945973","cls":"track","osm":["w82407371@1"],"conn":[["f99e3e0a-4d25-417e-afd6-cc0e7f4e8c6b",0.0],["4a56a3af-9dd7-4ce9-9dbe-ca84c94ca349",1.0]]}},{"type":"Feature","geometry":{"type":"LineString","coordinates":[[10.44065,46.083579],[10.440825,46.083784],[10.441468,46.084215],[10.442065,46.084485],[10.442607,46.084919],[10.4427,46.084549],[10.443078,46.084913],[10.443501,46.085013],[10.444134,46.085249],[10.444584,46.085561],[10.44492,46.085977],[10.44496,46.086377],[10.445576,46.086831],[10.445667,46.087225],[10.445989,46.087216],[10.446153,46.086832],[10.44634,46.086999],[10.446469,46.086851],[10.446536,46.087117],[10.446668,46.086969],[10.446688,46.087053],[10.446777,46.087103],[10.447259,46.087466],[10.447585,46.088098],[10.447927,46.089325],[10.44815,46.08882],[10.448306,46.089177],[10.448463,46.088949],[10.448479,46.089554],[10.448592,46.089953],[10.448974,46.089312],[10.449092,46.089982],[10.449218,46.090121],[10.449291,46.090243],[10.449321,46.090298],[10.449336,46.09035],[10.449336,46.090417],[10.449288,46.090601],[10.44926,46.090804],[10.449217,46.090878],[10.449199,46.090958],[10.449056,46.091223],[10.449032,46.091354],[10.449125,46.091305],[10.449264,46.091166],[10.449327,46.091059],[10.449459,46.090946],[10.44959,46.090832],[10.449709,46.090726],[10.449763,46.090632],[10.449797,46.090426],[10.449832,46.090373],[10.450038,46.090259],[10.45007,46.090219],[10.450087,46.090161],[10.450074,46.090042],[10.449964,46.089637],[10.449953,46.089544],[10.449961,46.089495],[10.449993,46.089463],[10.450022,46.089416],[10.450039,46.089329],[10.450119,46.089506],[10.450231,46.089618],[10.450271,46.089723],[10.450415,46.089903],[10.450488,46.090006],[10.450531,46.090028],[10.450565,46.090031],[10.450664,46.089979],[10.450762,46.089957]]},"properties":{"id":"ce8523f1-5377-4712-8518-795b3a355fb3","cls":"path","osm":["w383533747@2"],"conn":[["3fa61d58-555e-464c-8c6c-0c7358d1e03f",0.0],["b492ab39-f246-48b2-b2c8-30323ed6e605",1.0]]}},{"type":"Feature","geometry":{"type":"LineString","coordinates":[[10.620667,46.076797],[10.620691,46.07679],[10.620702,46.076771],[10.620729,46.076759],[10.620736,46.07674],[10.620711,46.076706],[10.62068,46.076684],[10.620639,46.076658],[10.620598,46.076645],[10.620563,46.07666],[10.620513,46.07665],[10.620471,46.07665],[10.620442,46.076655],[10.62042,46.076638],[10.620361,46.076609],[10.620292,46.076576],[10.620278,46.076566],[10.620279,46.076552],[10.620296,46.07653],[10.620257,46.076522],[10.620205,46.076518],[10.620192,46.076514],[10.620197,46.076508],[10.620247,46.076503],[10.620284,46.076503],[10.620305,46.076488],[10.620308,46.076471],[10.620286,46.076456],[10.620249,46.076436],[10.620236,46.076428],[10.620243,46.076421],[10.62027,46.076407],[10.620339,46.07639],[10.620368,46.076403],[10.620405,46.076413],[10.620444,46.07641],[10.620499,46.076392],[10.620569,46.076373],[10.620596,46.076356],[10.620641,46.07635],[10.620698,46.076369],[10.620767,46.076387],[10.6208,46.076381],[10.620835,46.076371],[10.620869,46.076365],[10.6209,46.076371],[10.620926,46.076375],[10.620929,46.076369],[10.620922,46.076358],[10.620922,46.076327],[10.620936,46.076325],[10.620997,46.076331],[10.621022,46.076352],[10.621046,46.076363],[10.621061,46.076347],[10.621066,46.076336],[10.621103,46.076338],[10.621127,46.07634],[10.621146,46.07635],[10.621166,46.076347],[10.621175,46.07633],[10.621164,46.076307],[10.621173,46.07628],[10.621111,46.076253],[10.621084,46.076245],[10.621066,46.076214],[10.621036,46.076185],[10.621007,46.076188],[10.620984,46.076213],[10.62094,46.076231],[10.620891,46.076232],[10.620896,46.07622],[10.620934,46.076196],[10.62093,46.076184],[10.620894,46.076175],[10.620892,46.076165],[10.620927,46.076144],[10.620964,46.076138],[10.620994,46.076134],[10.620998,46.076128],[10.620984,46.076122],[10.620968,46.076114],[10.620939,46.076103],[10.62092,46.076091],[10.620887,46.076087],[10.62085,46.076076],[10.620796,46.076056],[10.6208,46.07605],[10.62082,46.076037],[10.620841,46.076023],[10.620824,46.076015],[10.620806,46.075999],[10.620781,46.075988],[10.620754,46.075986],[10.620717,46.075973],[10.620703,46.07596],[10.620736,46.075956],[10.620763,46.075922]]},"properties":{"id":"cf43376d-d6d4-4351-8837-141c23c10bf0","cls":"path","osm":["w972948476@2","w972948479@2","w972948480@2","w972948481@2"],"conn":[["e4bad04d-62fd-466f-b70c-dcaaf3bb8595",0.0],["c5a90526-9d77-418f-a2a5-d250be721517",1.0]]}},{"type":"Feature","geometry":{"type":"LineString","coordinates":[[10.562896,46.011959],[10.563226,46.01204],[10.563339,46.01222],[10.563518,46.012333],[10.563665,46.012548],[10.563909,46.012649],[10.564283,46.012751],[10.564592,46.012717],[10.564933,46.012695],[10.565388,46.012638],[10.565795,46.01257],[10.566218,46.01257],[10.566771,46.012774],[10.56747,46.013112],[10.567567,46.013429],[10.568023,46.013835],[10.568348,46.014061],[10.568803,46.014163],[10.569503,46.0144],[10.569828,46.014592],[10.570234,46.014931],[10.570609,46.015224],[10.571015,46.015495],[10.571031,46.015868],[10.570934,46.01632],[10.57056,46.016534],[10.570365,46.017054],[10.570576,46.017257],[10.571015,46.017551],[10.571211,46.017971]]},"properties":{"id":"cfec952d-77d4-48a0-affd-935e06ee2f3b","cls":"path","osm":["w1324964140@1"],"conn":[["71162f83-50a6-4709-8b63-181f6a3199b9",0.0],["d756a61b-07d6-4fa3-9590-07a26e84ea6e",1.0]]}},{"type":"Feature","geometry":{"type":"LineString","coordinates":[[10.505821,46.057658],[10.505716,46.057728],[10.505465,46.058052],[10.505175,46.058191],[10.50487,46.058526],[10.504479,46.058714],[10.504322,46.058768],[10.504127,46.058707],[10.503754,46.058705],[10.503602,46.058796],[10.50246,46.059031],[10.502058,46.059209],[10.501983,46.059295],[10.501453,46.059589],[10.501337,46.059753],[10.501293,46.059899],[10.501187,46.059985],[10.501232,46.060035],[10.501334,46.060072],[10.501382,46.060131],[10.501438,46.060172],[10.501446,46.060319],[10.501543,46.060403],[10.501618,46.060515],[10.501884,46.060576],[10.502063,46.060651],[10.5022,46.060645],[10.502356,46.060636],[10.502441,46.060703],[10.502318,46.060762],[10.502206,46.060893],[10.501964,46.061023],[10.501696,46.061216],[10.501432,46.061377]]},"properties":{"id":"d1602716-db21-489b-a05a-572a49fdc849","cls":"path","osm":["w1089871591@2"],"conn":[["6b16fc71-e879-4ffe-8184-998407f60637",0.0],["7392affb-e59c-4f77-8d57-5bb0d9289c26",1.0]]}},{"type":"Feature","geometry":{"type":"LineString","coordinates":[[10.643735,46.054769],[10.643693,46.054803],[10.64361,46.054861],[10.643323,46.054933],[10.643087,46.055015],[10.64287,46.055082],[10.642739,46.055131],[10.642575,46.055244],[10.64246,46.05536],[10.64235,46.055482],[10.642159,46.055579],[10.642041,46.05565],[10.641977,46.055702],[10.641714,46.055819],[10.641435,46.055935],[10.641333,46.056004],[10.641022,46.056205],[10.640904,46.056331],[10.640883,46.056439],[10.640622,46.056536],[10.640483,46.056588],[10.640282,46.0567],[10.64011,46.056798],[10.639912,46.056912],[10.639735,46.057083],[10.639515,46.057173],[10.639461,46.05723],[10.639536,46.057303],[10.639786,46.057377],[10.639756,46.057491],[10.63966,46.057774],[10.639493,46.057965],[10.639373,46.05806],[10.639262,46.058202],[10.639116,46.058289]]},"properties":{"id":"d1a96cdd-470c-475d-bfc4-4176a2a852ed","cls":"path","osm":["w476407573@1"],"conn":[["d3cd9f41-d075-4613-b125-61abb5868bc6",0.0],["53ab22eb-8663-4016-a45d-86f33e23723a",1.0]]}},{"type":"Feature","geometry":{"type":"LineString","coordinates":[[10.510915,46.047908],[10.510818,46.047869],[10.510653,46.047842]]},"properties":{"id":"d1ef7187-acb6-46ae-957a-406029a04a57","cls":"service","osm":["w511165911@1"],"sr":[["paved",null,null]],"conn":[["6ce4f508-6d59-469d-8992-44fc7cd06e8e",0.0],["50e7c9b9-9278-4332-8ebf-c6ee2034fd93",1.0]]}},{"type":"Feature","geometry":{"type":"LineString","coordinates":[[10.460804,45.98836],[10.460093,45.98801],[10.459197,45.987835],[10.458484,45.987839],[10.458059,45.988179],[10.457418,45.988151],[10.455899,45.988418],[10.454792,45.988352],[10.454266,45.988127],[10.454183,45.988121],[10.454143,45.988168],[10.454087,45.988175],[10.45403,45.988149],[10.453971,45.988149],[10.453893,45.988105],[10.453805,45.988064],[10.453719,45.988068],[10.453618,45.988104],[10.453557,45.98814],[10.453551,45.988182],[10.453516,45.988222],[10.453489,45.988232],[10.453352,45.98819],[10.453228,45.988084],[10.453165,45.988028],[10.453482,45.987907]]},"properties":{"id":"d2919df0-c5b1-44dc-8999-bbe20ff39591","cls":"path","osm":["w368281018@2","w743693614@1"],"sr":[["unpaved",null,null]],"conn":[["f9e9367c-e8e3-473e-a733-87f8ab021969",0.0],["392a7e59-538d-45ed-aa82-33e1facb66b2",0.908948],["8a620b2d-ea69-447f-b8e1-36b82f8a558c",0.947817],["c7ce7764-d7c5-423c-8812-1ed48af40ac4",1.0]]}},{"type":"Feature","geometry":{"type":"LineString","coordinates":[[10.530508,45.979049],[10.53116,45.978932],[10.531286,45.978932],[10.531396,45.978943],[10.532734,45.97933],[10.532827,45.979367],[10.532876,45.979412],[10.5329,45.979474],[10.53288,45.979655],[10.532701,45.980454],[10.532616,45.98087],[10.53264,45.980923],[10.532774,45.981152],[10.532823,45.981181],[10.532933,45.981149]]},"properties":{"id":"d2b7043f-aa35-4deb-9295-e17c07f31099","cls":"track","osm":["w82500897@1"],"conn":[["098bd936-62bf-4a7b-8877-35a59dbb6fe4",0.0],["f4f69a58-5668-4bdf-8b07-ec52e1f5f39f",1.0]]}},{"type":"Feature","geometry":{"type":"LineString","coordinates":[[10.576309,45.966849],[10.576281,45.967073],[10.576295,45.96711],[10.57666,45.967298],[10.576732,45.967319],[10.576892,45.967338],[10.576942,45.967362],[10.576974,45.967395],[10.576983,45.967422],[10.576976,45.967453],[10.576948,45.967469],[10.576699,45.967546]]},"properties":{"id":"d2ba3a13-6dda-4865-a730-c9b570e67fb5","cls":"track","osm":["w82549464@1"],"conn":[["3413d239-405f-4c36-b899-9826202fccce",0.0],["06c9689d-bb5d-49c5-a5a2-6c842fb332e6",1.0]]}},{"type":"Feature","geometry":{"type":"LineString","coordinates":[[10.488147,45.969123],[10.488113,45.969354],[10.488166,45.969529],[10.488142,45.969784],[10.488395,45.970072],[10.488314,45.970294],[10.488378,45.970466],[10.488425,45.970543],[10.488352,45.970656],[10.48837,45.970712],[10.488702,45.970828],[10.488834,45.970946],[10.488881,45.971071],[10.488873,45.971219],[10.488749,45.971391],[10.488705,45.971441],[10.488621,45.971536],[10.488553,45.97177],[10.488433,45.971925]]},"properties":{"id":"d307db97-a68d-42d4-b4bc-59f0e491561b","cls":"path","osm":["w967225790@2"],"conn":[["27ebeb76-6728-43f9-bb0c-c730bf6e0aee",0.0],["6bbeeffa-defe-43ab-9f3b-b4bf3ddea202",0.832402],["82f1e4e5-97dd-454a-afaa-1c3be274b3dd",1.0]]}},{"type":"Feature","geometry":{"type":"LineString","coordinates":[[10.510602,46.010353],[10.510586,46.010278],[10.510575,46.010194],[10.510575,46.010147],[10.510577,46.010091],[10.510571,46.010032],[10.510559,46.009987],[10.510527,46.009932],[10.510465,46.009886],[10.510342,46.009823],[10.510296,46.009792],[10.510256,46.009759],[10.510228,46.009729]]},"properties":{"id":"d3ab414e-8c4b-4c1f-94cd-c238c12f7097","cls":"track","osm":["w1423631178@1"],"sr":[["unpaved",null,null]],"conn":[["2236dbb6-bfc6-4ebd-8a12-5953794871b1",0.0],["c5f6488a-7233-46f5-944b-fb68975a62d4",1.0]]}},{"type":"Feature","geometry":{"type":"LineString","coordinates":[[10.455626,46.071149],[10.455634,46.071119],[10.455725,46.070838],[10.455761,46.070725],[10.455836,46.070494],[10.455824,46.070426],[10.455774,46.070404],[10.455385,46.070379],[10.455243,46.070341]]},"properties":{"id":"d427ca3f-cbbb-4a9e-ad38-a0ad15984ec5","cls":"service","osm":["w436883850@2","w436883851@2","w472032937@2"],"fr":[["is_bridge",0.374937,0.578911]],"conn":[["2884d3ce-ee95-48f6-872e-14f37d8ad7dc",0.0],["ea45a6d2-d035-49ca-ad85-ae13df6cf41c",1.0]]}},{"type":"Feature","geometry":{"type":"LineString","coordinates":[[10.515715,46.113201],[10.515454,46.113238],[10.515189,46.113217],[10.515087,46.113187],[10.51486,46.113121],[10.51452,46.113068],[10.514189,46.112933],[10.513974,46.112894],[10.513746,46.112829],[10.513589,46.112724],[10.513543,46.112705],[10.513381,46.112685],[10.513285,46.112647],[10.513196,46.112438],[10.5131,46.112394],[10.512794,46.112296],[10.512675,46.112177],[10.512533,46.112064],[10.512483,46.111996],[10.512475,46.111933],[10.512371,46.111808],[10.512341,46.111598],[10.512303,46.111527],[10.512143,46.111383],[10.512027,46.111339],[10.511918,46.111262],[10.511799,46.111189],[10.511571,46.111119],[10.511302,46.111152]]},"properties":{"id":"d4ea2b0c-a39e-4cc1-89ca-5a912d67b13e","cls":"path","osm":["w356955125@1"],"sr":[["gravel",null,null]],"conn":[["c38c0a52-3bde-4377-84d8-d023706c97e0",0.0],["c8062e38-3fa3-4000-96d8-a9d3a859580a",1.0]]}},{"type":"Feature","geometry":{"type":"LineString","coordinates":[[10.456604,45.995316],[10.456745,45.995413],[10.456873,45.995497],[10.456989,45.995588],[10.457134,45.995658],[10.457214,45.995697],[10.457336,45.995782],[10.45752,45.995904],[10.457624,45.995924],[10.457647,45.995978],[10.45772,45.996097],[10.457773,45.996162],[10.457765,45.996239],[10.457737,45.996271],[10.457773,45.996382],[10.457737,45.996515],[10.457781,45.996566],[10.457748,45.996641],[10.457776,45.996676],[10.457819,45.996796],[10.457926,45.996706],[10.457944,45.996791],[10.458038,45.996746],[10.458052,45.996806],[10.458146,45.996776],[10.458166,45.996839],[10.458274,45.996816],[10.45831,45.996857],[10.458367,45.996818],[10.458419,45.99687],[10.45848,45.996844],[10.45851,45.996892]]},"properties":{"id":"d5288ca0-a8bf-4d03-887c-5530de8f63fd","cls":"path","osm":["w297029658@3"],"conn":[["ad367089-0ffa-47bf-8b97-450cdd34755c",0.0],["3533823f-7e90-4682-b8b5-471d45abbb5e",1.0]]}},{"type":"Feature","geometry":{"type":"LineString","coordinates":[[10.444904,46.007697],[10.444817,46.007591],[10.444703,46.007505],[10.444669,46.00749]]},"properties":{"id":"d5fbfc74-bec7-43a6-8544-cb7729d01ccf","cls":"path","osm":["w1123889569@2"],"conn":[["1e1ea648-00cf-4fae-84ae-95c99576421e",0.0],["3a53d9d7-7b35-486e-805e-90a0c94418cf",1.0]]}},{"type":"Feature","geometry":{"type":"LineString","coordinates":[[10.453219,45.962521],[10.453325,45.96264],[10.453522,45.962722],[10.453633,45.962785],[10.453704,45.96285],[10.45377,45.962888],[10.453847,45.96298],[10.45392,45.963043],[10.454002,45.963063],[10.454117,45.963079],[10.454167,45.963107],[10.454347,45.963244],[10.454454,45.963276],[10.454672,45.963383],[10.454741,45.963424],[10.454852,45.963442],[10.454924,45.963472],[10.454961,45.963501],[10.455121,45.96367],[10.455163,45.963768],[10.45524,45.963782],[10.455307,45.963822],[10.455418,45.963835],[10.455469,45.963853],[10.455505,45.963887],[10.455556,45.963961],[10.455737,45.964069],[10.455789,45.964117],[10.455814,45.964156],[10.456026,45.964349],[10.456225,45.964467],[10.456301,45.964488],[10.45644,45.964489],[10.456614,45.964557],[10.456722,45.964564],[10.456803,45.964548],[10.456914,45.964556],[10.456969,45.964648],[10.45694,45.964686],[10.45693,45.964723],[10.456974,45.964774],[10.45706,45.964824],[10.457136,45.964912],[10.457237,45.964953],[10.457288,45.965003],[10.457311,45.96507],[10.457342,45.965099],[10.457341,45.965131],[10.457267,45.965172],[10.457221,45.965186],[10.457164,45.965223],[10.45689,45.965341],[10.456786,45.96541],[10.456711,45.965429],[10.45659,45.965571],[10.45657,45.965623],[10.456464,45.965699],[10.456371,45.965799],[10.456303,45.965834],[10.456263,45.965925],[10.456214,45.965965],[10.456195,45.966168],[10.456238,45.966277],[10.456226,45.966403],[10.456285,45.966472],[10.456325,45.966633],[10.456388,45.966743],[10.456386,45.966881],[10.456466,45.966995],[10.456448,45.967114],[10.456517,45.967281],[10.456462,45.967421],[10.456485,45.967498],[10.456522,45.967565],[10.456497,45.967616],[10.456484,45.967712],[10.456499,45.967767],[10.456471,45.967917],[10.456438,45.96812],[10.456452,45.968148],[10.456546,45.968172],[10.456574,45.968195],[10.456554,45.968221],[10.456508,45.968259],[10.456506,45.968321],[10.456523,45.968428],[10.456436,45.968582],[10.456423,45.968698],[10.456362,45.968788],[10.45628,45.968806],[10.456127,45.968916],[10.456097,45.968975],[10.456069,45.969084],[10.455965,45.969188],[10.455867,45.969245],[10.455821,45.969307],[10.455716,45.969336],[10.455678,45.969427],[10.455624,45.969468],[10.455587,45.969539],[10.455613,45.969549],[10.455691,45.969537],[10.455704,45.969513],[10.45575,45.96953],[10.455807,45.969513],[10.455904,45.96966],[10.455892,45.96983],[10.455823,45.969963],[10.455698,45.970051],[10.455645,45.970133],[10.455635,45.970277],[10.455565,45.970436],[10.455536,45.970675],[10.455459,45.970833],[10.455481,45.970902],[10.45547,45.970984],[10.455479,45.971067],[10.455521,45.971342],[10.455505,45.971455],[10.455547,45.971589],[10.45554,45.971673],[10.455565,45.971735],[10.455549,45.971866],[10.455572,45.97199],[10.455563,45.972125],[10.455523,45.972256],[10.455511,45.972334],[10.455523,45.972426],[10.455613,45.972577],[10.455716,45.972826],[10.455761,45.972868],[10.455795,45.972907],[10.45577,45.972979],[10.455993,45.97313],[10.456044,45.973196],[10.456098,45.973232],[10.456191,45.973268],[10.456322,45.973373],[10.456439,45.973445],[10.456651,45.973641],[10.45682,45.973779],[10.4569,45.973865],[10.457038,45.973951],[10.457144,45.974025],[10.45721,45.974099],[10.457293,45.974182],[10.457342,45.974205],[10.457396,45.974253],[10.457428,45.974268],[10.457502,45.974277],[10.457694,45.974354],[10.457922,45.974418],[10.458043,45.974441],[10.458111,45.97444],[10.45815,45.974449],[10.458239,45.974506],[10.458309,45.974527],[10.458352,45.974523],[10.458433,45.974555],[10.45863,45.974649],[10.458672,45.97476],[10.458739,45.974769],[10.458912,45.974889]]},"properties":{"id":"d6054a04-fa5f-47e3-b6ad-296acc8b53fc","cls":"path","osm":["w298302136@7"],"sr":[["gravel",null,null]],"conn":[["48fe7ac4-d5ae-4283-9aa5-e0f247e08030",0.0],["226b0b66-2d56-40c5-847a-27edc6608ef8",1.0]]}},{"type":"Feature","geometry":{"type":"LineString","coordinates":[[10.4633,46.07091],[10.463618,46.071051],[10.463821,46.071105],[10.463927,46.071097],[10.464077,46.071032],[10.464233,46.070878],[10.464273,46.070718],[10.464192,46.070534],[10.463962,46.070362],[10.463616,46.07023],[10.463299,46.070184],[10.463031,46.070098],[10.46258,46.070003],[10.462173,46.070007],[10.461784,46.07007],[10.461381,46.070167],[10.461014,46.07021],[10.46062,46.070234],[10.460223,46.070197],[10.459874,46.070139],[10.45964,46.070112],[10.459566,46.070104],[10.45934,46.070122],[10.459128,46.070138],[10.459048,46.070145],[10.458782,46.070132],[10.45831,46.070016],[10.457841,46.069838],[10.457423,46.069637],[10.457227,46.069519],[10.457141,46.069451],[10.457136,46.06941],[10.457146,46.069374],[10.457189,46.069352],[10.457272,46.069344],[10.457396,46.069348],[10.457543,46.069358],[10.457626,46.069341],[10.457672,46.069291],[10.457691,46.06925],[10.457707,46.069186],[10.457696,46.069138],[10.457675,46.069114],[10.45757,46.069054],[10.457465,46.069009],[10.457278,46.068933],[10.457205,46.068922],[10.457093,46.068933],[10.456983,46.068931],[10.45676,46.068877],[10.456546,46.06881],[10.456493,46.068805],[10.456398,46.068796],[10.456285,46.068799],[10.456025,46.068753],[10.455886,46.06868],[10.455797,46.068572],[10.455703,46.068502],[10.455628,46.068475],[10.455596,46.068477],[10.455524,46.068481],[10.455403,46.068529],[10.455314,46.068602],[10.455143,46.068675],[10.454928,46.068665],[10.454712,46.068606],[10.454599,46.0686],[10.454379,46.068656],[10.454157,46.068684],[10.454042,46.068734],[10.453999,46.068834]]},"properties":{"id":"d60579f7-e680-4753-9479-7b887ff582e2","cls":"path","osm":["w64864735@2"],"conn":[["c51604c2-0e52-43fe-a449-9286e84aac1b",0.0],["b48598fb-eede-47d6-9559-da49ec222dd8",1.0]]}},{"type":"Feature","geometry":{"type":"LineString","coordinates":[[10.597945,46.114005],[10.597618,46.113897],[10.597484,46.113706],[10.597285,46.113648],[10.59716,46.113479],[10.596767,46.11319],[10.596499,46.11317],[10.596502,46.113082],[10.596202,46.11303],[10.596203,46.11291],[10.596019,46.112896],[10.595962,46.11274],[10.595978,46.112471],[10.595909,46.112372],[10.59575,46.112305],[10.595532,46.111965],[10.595427,46.111942],[10.595234,46.1118],[10.595223,46.111491],[10.594908,46.111162],[10.594655,46.110789],[10.594404,46.109928],[10.594257,46.109711],[10.594196,46.109449],[10.594084,46.109326],[10.594038,46.109187],[10.594145,46.109054],[10.594242,46.108923],[10.594331,46.108807],[10.594408,46.108782],[10.594464,46.108662],[10.594645,46.108665],[10.594709,46.108507],[10.594861,46.108442],[10.594973,46.108476],[10.595207,46.108429],[10.595472,46.108269],[10.595706,46.10827],[10.595951,46.108196],[10.596199,46.108038]]},"properties":{"id":"d6bec3fb-1c03-4b03-bfcd-20a067b045bd","cls":"path","osm":["w294969500@1"],"conn":[["21daef2b-0506-46ee-a25e-461d3a15f060",0.0],["c27e43c2-4ec6-4a29-be0d-178d2d1c144c",1.0]]}},{"type":"Feature","geometry":{"type":"LineString","coordinates":[[10.615419,45.977405],[10.615216,45.977321],[10.615043,45.977253],[10.614904,45.977161],[10.614708,45.976978],[10.614587,45.976855],[10.614443,45.976655],[10.614358,45.976543],[10.614137,45.976379],[10.613981,45.976237],[10.614053,45.976145],[10.614187,45.975993],[10.614319,45.975758],[10.614336,45.975408],[10.614287,45.975172],[10.614285,45.975082],[10.614337,45.97496],[10.614626,45.974675],[10.614725,45.97459],[10.614871,45.974525],[10.615134,45.97444],[10.615542,45.974262],[10.615718,45.974158],[10.615984,45.973973],[10.616062,45.973927],[10.616111,45.973864],[10.616141,45.973817]]},"properties":{"id":"d6fef800-67d8-4dd9-a7d5-0c3802f54704","cls":"track","osm":["w197810608@3"],"conn":[["48f96985-39bb-41bf-b754-4d307c80e362",0.0],["2201d40e-4ed9-43cf-b417-d319bcd4af77",1.0]]}},{"type":"Feature","geometry":{"type":"LineString","coordinates":[[10.502391,46.124378],[10.502365,46.124397],[10.502321,46.124379],[10.502262,46.124437],[10.502132,46.124487],[10.501963,46.124504],[10.50187,46.124583],[10.501875,46.12474],[10.50204,46.124904],[10.502099,46.124968],[10.50214,46.125031],[10.502116,46.125162],[10.502206,46.125292],[10.502171,46.125473],[10.50201,46.125521],[10.502003,46.12558],[10.501952,46.125654],[10.501839,46.125755],[10.501802,46.125905],[10.501765,46.125974],[10.501678,46.12604],[10.501472,46.126006],[10.501414,46.12608],[10.501303,46.126035],[10.50109,46.126067],[10.500986,46.126109],[10.500892,46.12612],[10.500832,46.126233],[10.500752,46.126398],[10.500661,46.126433],[10.50055,46.126434],[10.500366,46.126471],[10.500195,46.126546],[10.500027,46.12657],[10.499812,46.126685],[10.499646,46.12682],[10.499331,46.126914],[10.499228,46.126872],[10.498991,46.126865],[10.498873,46.126728],[10.498787,46.126718],[10.498687,46.126654],[10.498574,46.126645],[10.498388,46.126603],[10.498368,46.126546],[10.498331,46.126553],[10.498269,46.126503],[10.498074,46.126426],[10.498042,46.12637],[10.497917,46.126358],[10.497852,46.126341],[10.497822,46.126329],[10.497716,46.126258],[10.497699,46.126188],[10.497543,46.126057],[10.497449,46.125956],[10.497455,46.125867],[10.497392,46.125787],[10.497304,46.12571],[10.497253,46.12571],[10.497209,46.125754],[10.497168,46.125748],[10.497135,46.125775],[10.49695,46.125728],[10.496902,46.125768],[10.496814,46.125761],[10.496691,46.125735],[10.496599,46.125757],[10.496542,46.125851],[10.496543,46.125892],[10.496479,46.12591],[10.496414,46.125874],[10.496342,46.12594],[10.496256,46.126048],[10.496134,46.125944],[10.495997,46.125978],[10.495877,46.12592],[10.495627,46.125877],[10.495557,46.125838],[10.495341,46.125713],[10.495229,46.125673],[10.49511,46.125556],[10.494986,46.125478],[10.494878,46.125385],[10.494797,46.125346],[10.494755,46.125371],[10.494658,46.125371],[10.494585,46.125367],[10.49446,46.125354],[10.494428,46.125414],[10.494253,46.12556],[10.494132,46.125519],[10.493907,46.125579],[10.493634,46.12561],[10.493395,46.125614],[10.493137,46.125782],[10.492972,46.12582],[10.49286,46.125801],[10.49272,46.125775],[10.492583,46.125821],[10.492491,46.125754],[10.492427,46.125764],[10.492366,46.125753],[10.49233,46.125802],[10.492275,46.125796],[10.49218,46.125825],[10.492108,46.125779],[10.492009,46.125801],[10.491906,46.125776],[10.491644,46.125767],[10.491496,46.125599],[10.491276,46.125527],[10.491222,46.125484],[10.491108,46.12548],[10.490875,46.125555],[10.49074,46.125587],[10.490677,46.125577],[10.490558,46.125599],[10.490521,46.125623],[10.490431,46.125606],[10.490295,46.125636],[10.490157,46.125645],[10.490085,46.125678],[10.489943,46.125646],[10.489812,46.125698],[10.489714,46.125667],[10.489634,46.125703],[10.489558,46.125761],[10.48948,46.125784],[10.489233,46.12581],[10.489054,46.125859],[10.489021,46.125882],[10.48897,46.125884],[10.488928,46.125925],[10.488761,46.12587],[10.488633,46.125851],[10.488549,46.125812],[10.488492,46.125869],[10.488418,46.125859],[10.48831,46.12584],[10.488272,46.125847],[10.487828,46.125739],[10.48774,46.125751],[10.487629,46.125696],[10.487502,46.125669],[10.487221,46.125527],[10.487149,46.125517],[10.487101,46.125489],[10.487033,46.125477],[10.48689,46.125375],[10.486773,46.12535],[10.48659,46.125349],[10.486547,46.12531],[10.48654,46.125276],[10.486502,46.12527],[10.486454,46.125306],[10.486318,46.125243],[10.486223,46.125256],[10.486131,46.125182],[10.486116,46.125121],[10.486056,46.125085],[10.486011,46.125024],[10.485942,46.12501],[10.485874,46.12501],[10.485839,46.125025],[10.485764,46.125067],[10.485668,46.125152],[10.485589,46.125154],[10.485566,46.125179],[10.485517,46.125181],[10.485442,46.125158],[10.485367,46.125133],[10.48527,46.125149],[10.485225,46.125089],[10.485171,46.125089],[10.485135,46.125092],[10.485069,46.12501],[10.484995,46.124967],[10.484976,46.124905],[10.484847,46.124935],[10.484791,46.124965],[10.484744,46.124905],[10.484679,46.124893],[10.484474,46.124949],[10.484383,46.124945],[10.484263,46.124883],[10.484035,46.124926],[10.484008,46.124966],[10.484011,46.12501],[10.483987,46.125035],[10.483916,46.125113],[10.483782,46.125137],[10.483757,46.125181],[10.483613,46.125195],[10.483598,46.125212],[10.483454,46.125239],[10.483256,46.125234],[10.483223,46.125269],[10.483099,46.125332],[10.483019,46.125335],[10.482894,46.125374],[10.482775,46.125368],[10.482564,46.125326],[10.482465,46.125321],[10.482264,46.125353],[10.482136,46.125394],[10.482022,46.125403],[10.481856,46.125407],[10.481796,46.125384],[10.481726,46.125391],[10.48164,46.125417],[10.481579,46.125383],[10.481494,46.125371],[10.481396,46.125328],[10.481146,46.125163],[10.481093,46.125158],[10.481049,46.125236],[10.480961,46.125287],[10.480757,46.125335],[10.480667,46.125372],[10.480588,46.125478],[10.480463,46.12547],[10.480274,46.125527],[10.480111,46.125588],[10.479884,46.125829],[10.47979,46.125849],[10.479652,46.12585],[10.479629,46.125937],[10.479679,46.126062],[10.479531,46.126174],[10.47953,46.126226],[10.479441,46.126287],[10.479408,46.12627],[10.479429,46.126325],[10.47936,46.126312],[10.479275,46.126323],[10.479236,46.126291],[10.479197,46.126277],[10.479157,46.126256],[10.479129,46.12626],[10.479106,46.126276],[10.479039,46.126298],[10.479,46.126231],[10.478945,46.126252],[10.478928,46.126298],[10.478865,46.1263],[10.478857,46.126264],[10.478806,46.126276],[10.478693,46.126278],[10.478523,46.126342],[10.478141,46.126363],[10.477988,46.126311],[10.47785,46.126324],[10.477737,46.12627],[10.477569,46.126316],[10.477423,46.126305],[10.477328,46.126391],[10.477079,46.126464],[10.47691,46.126441],[10.476806,46.126484],[10.476794,46.126551],[10.476752,46.126595],[10.476708,46.126575],[10.476656,46.126617],[10.476589,46.12657],[10.476512,46.126613],[10.476378,46.126616],[10.476376,46.126682],[10.476214,46.126725],[10.476105,46.126837],[10.476001,46.12692],[10.475646,46.127103],[10.475542,46.127121],[10.47548,46.127153],[10.475322,46.127179],[10.475295,46.127123],[10.475045,46.127136],[10.474944,46.127185],[10.474875,46.127182],[10.474806,46.127101],[10.474658,46.127132],[10.47458,46.127111],[10.474493,46.127159],[10.474397,46.127165],[10.474348,46.127121],[10.474162,46.127141],[10.474134,46.127053],[10.474006,46.127084],[10.474019,46.127023],[10.473916,46.126963],[10.473796,46.126892],[10.473684,46.126832],[10.47349,46.126879],[10.473458,46.126949],[10.473392,46.126996],[10.473294,46.126966],[10.473197,46.127001],[10.473171,46.127136],[10.473118,46.127211],[10.473006,46.127299],[10.473028,46.127392],[10.472939,46.127431],[10.472867,46.127533],[10.472493,46.127703],[10.472359,46.12771],[10.472207,46.127812],[10.471697,46.127792],[10.471359,46.127881],[10.471265,46.127811],[10.471112,46.127795],[10.471081,46.127814],[10.470856,46.127761],[10.470639,46.127799],[10.470182,46.127768],[10.470049,46.127791],[10.46999,46.127703],[10.469791,46.127784],[10.469723,46.127848],[10.46962,46.127888],[10.469573,46.127867],[10.469571,46.127835],[10.46951,46.127811],[10.469191,46.127813],[10.469097,46.127869],[10.469001,46.127878],[10.468796,46.127867],[10.46802,46.12804],[10.467801,46.128064],[10.467621,46.128128],[10.467463,46.128103],[10.467345,46.128144],[10.467243,46.128157],[10.46717,46.128084],[10.467067,46.128089],[10.466981,46.128141],[10.466862,46.128135],[10.466698,46.128223],[10.466543,46.12821],[10.46645,46.128244],[10.466098,46.128221],[10.465618,46.128217],[10.465233,46.128237],[10.464946,46.128344],[10.465022,46.128465],[10.464921,46.128501],[10.464933,46.128577],[10.464757,46.128647],[10.464639,46.128638],[10.464453,46.12864],[10.464253,46.128721],[10.46433,46.128787],[10.464315,46.12884],[10.464216,46.128865],[10.464167,46.128964],[10.464204,46.129013],[10.46398,46.129081],[10.463637,46.129275],[10.463274,46.12943],[10.463047,46.129583],[10.462954,46.129676],[10.462577,46.129683],[10.462356,46.129747],[10.462265,46.12971],[10.461997,46.129813],[10.461949,46.129894],[10.46168,46.129983],[10.461376,46.12998],[10.461269,46.130023],[10.461186,46.130137],[10.461039,46.130234],[10.460782,46.130329],[10.460322,46.130568],[10.460131,46.130652],[10.459971,46.13076],[10.459783,46.130897],[10.459439,46.131141],[10.459113,46.131567],[10.459023,46.131644],[10.458918,46.131654],[10.458877,46.131739],[10.458618,46.131799],[10.458471,46.131917],[10.458148,46.131875],[10.458003,46.1319],[10.457829,46.13207],[10.457596,46.132156],[10.457403,46.132168],[10.457277,46.132146],[10.457042,46.13207],[10.456808,46.132075],[10.456696,46.132076]]},"properties":{"id":"d700a871-d8e5-45ca-95f0-646e65c1e812","cls":"path","osm":["w296416115@10","w298302137@5","w836219215@1","w836219217@1","w836219218@1"],"sr":[["gravel",0.0,0.967071],["unpaved",0.967071,1.0]],"conn":[["17dd780e-d1da-47c7-ae12-218d9abf5906",0.0],["840a9bba-e7de-4f2c-a682-d114b49389ea",0.478036],["575033f1-5549-49c9-b329-0645e5331a15",0.99814],["b5b0be05-9181-47ae-9a0c-82add834b0b7",1.0]]}},{"type":"Feature","geometry":{"type":"LineString","coordinates":[[10.540801,46.071038],[10.540907,46.071088],[10.540983,46.071082]]},"properties":{"id":"d706a360-7d74-41b2-82e8-c319ef1991ff","cls":"path","osm":["w232207659@3"],"conn":[["8e6edc80-1c24-4775-b01d-5a9d3289569c",0.0],["ce4c9d14-254a-4849-93ed-3d4511c4c6b6",1.0]]}},{"type":"Feature","geometry":{"type":"LineString","coordinates":[[10.445949,46.129088],[10.44621,46.12905],[10.446593,46.128996],[10.446737,46.128948],[10.447047,46.128944],[10.44715,46.128926],[10.447231,46.128944],[10.447376,46.129044],[10.447699,46.129201],[10.447855,46.129287],[10.447916,46.129361],[10.448007,46.1294],[10.448108,46.129405],[10.448231,46.129437],[10.448664,46.129385],[10.448852,46.129448],[10.448971,46.129466],[10.44909,46.129523],[10.449202,46.129625],[10.449237,46.129716],[10.449177,46.129846],[10.449186,46.129911],[10.449264,46.129985],[10.449395,46.130019],[10.449474,46.130092],[10.449615,46.130144],[10.449712,46.130136],[10.449814,46.130168],[10.449927,46.130138],[10.45034,46.130142],[10.450472,46.130177],[10.450785,46.130317],[10.451065,46.130411],[10.451161,46.13046],[10.451269,46.130473],[10.45138,46.130437],[10.45145,46.130445],[10.451543,46.130484],[10.451649,46.130622],[10.45206,46.130665],[10.452341,46.130704],[10.452509,46.130725],[10.452761,46.130705],[10.453119,46.130633],[10.453338,46.130596],[10.453476,46.130596],[10.453573,46.130589],[10.453681,46.130632],[10.45372,46.130744],[10.453712,46.13082],[10.453727,46.130862],[10.453746,46.130944],[10.453939,46.131033],[10.454038,46.131085],[10.454108,46.131203],[10.454199,46.131238],[10.454233,46.131289],[10.454285,46.131321],[10.454217,46.131338],[10.454012,46.131312]]},"properties":{"id":"d8357d16-7b7b-4abf-917e-440a39f6a03c","cls":"path","name":"Scale del Miller","osm":["w1125801464@1","w40846512@10"],"sr":[["unpaved",null,null]],"conn":[["946a194c-2a26-4bb1-93c9-87ab20e20c48",0.0],["e683f173-86b2-4cd5-8f88-4c10008d43a9",0.973505],["e9f6a3e3-3f89-4c21-bdf2-db7433b505e0",1.0]]}},{"type":"Feature","geometry":{"type":"LineString","coordinates":[[10.611377,46.049549],[10.61122,46.049571],[10.611087,46.049613],[10.610856,46.049649],[10.610678,46.04965],[10.610514,46.049681],[10.610347,46.049687],[10.610224,46.049695],[10.610063,46.049785],[10.609922,46.049879],[10.609774,46.049887],[10.609579,46.049898],[10.609404,46.049919],[10.609232,46.049964],[10.609067,46.050018],[10.608932,46.050093],[10.608752,46.0502],[10.608634,46.05031],[10.608524,46.050408],[10.608402,46.050556],[10.608289,46.050704],[10.608235,46.050777],[10.608135,46.050899],[10.608109,46.051009],[10.608033,46.051092],[10.607978,46.051135],[10.607937,46.051167],[10.607832,46.051257],[10.607718,46.051311],[10.607568,46.051369],[10.607413,46.051449],[10.607277,46.051487],[10.60711,46.051547],[10.60708,46.051565],[10.607059,46.051592],[10.607011,46.0516],[10.606962,46.051584],[10.606899,46.051562],[10.606867,46.051569],[10.606825,46.051655],[10.606749,46.051685],[10.606652,46.051689],[10.606562,46.051731],[10.606547,46.051804],[10.606583,46.051842],[10.606681,46.051859],[10.60672,46.05191],[10.606742,46.051953],[10.606754,46.051968],[10.606786,46.052003],[10.606752,46.052015],[10.606721,46.05202],[10.606683,46.052019],[10.606645,46.05202],[10.606629,46.052037],[10.606643,46.052059],[10.606587,46.052162],[10.60658,46.052201],[10.606581,46.052243],[10.606609,46.052283],[10.606645,46.052318],[10.606693,46.052338],[10.606768,46.052303],[10.606863,46.052287],[10.606882,46.05231],[10.606836,46.052342],[10.606757,46.052381],[10.606697,46.052422],[10.606668,46.052449],[10.606651,46.052493],[10.606583,46.052562],[10.606514,46.052597],[10.606419,46.052645],[10.606372,46.052685],[10.606344,46.052711],[10.606305,46.052758],[10.606217,46.052797],[10.606084,46.052827],[10.606029,46.052862],[10.606048,46.052897],[10.606059,46.05291],[10.606105,46.05293],[10.606177,46.052913],[10.606259,46.0529],[10.606337,46.052879],[10.606424,46.052835],[10.606503,46.052808],[10.606602,46.052792],[10.606686,46.052786],[10.606708,46.052804],[10.606698,46.052819],[10.606576,46.052881],[10.606535,46.052939],[10.606428,46.053003],[10.606358,46.053082],[10.606313,46.05313],[10.606186,46.053189],[10.606176,46.053198],[10.606172,46.053221],[10.606196,46.053231],[10.606245,46.053233],[10.606333,46.053209],[10.60643,46.053168],[10.606546,46.053141],[10.606615,46.053134],[10.60667,46.053127],[10.606747,46.05313],[10.606768,46.053154],[10.606728,46.053194],[10.606659,46.053256],[10.606628,46.053284],[10.606586,46.053318],[10.60649,46.053376],[10.606415,46.053436],[10.60633,46.053482],[10.606264,46.053536],[10.606154,46.053648],[10.606051,46.053705],[10.606009,46.053765],[10.60596,46.053792],[10.605853,46.05381],[10.605707,46.0538],[10.605592,46.053803],[10.605477,46.053815],[10.605384,46.053819],[10.605246,46.053833],[10.605153,46.053833],[10.605073,46.053842],[10.604928,46.053826],[10.604743,46.053784],[10.604613,46.053795],[10.604542,46.053789],[10.604473,46.053796],[10.604369,46.053812],[10.604246,46.053837],[10.6041,46.053871],[10.603941,46.053924],[10.603885,46.053945],[10.603819,46.053993],[10.603787,46.054032],[10.60381,46.054056],[10.603909,46.054026],[10.603926,46.054061],[10.603914,46.054081],[10.603813,46.054127],[10.603725,46.05419],[10.603594,46.054235],[10.603478,46.054265],[10.603336,46.054229],[10.603157,46.054239],[10.603052,46.054228],[10.602927,46.054169],[10.602831,46.05417],[10.602739,46.054203],[10.60266,46.054233],[10.602612,46.054233],[10.602578,46.054233],[10.602482,46.054204],[10.602344,46.054235],[10.602181,46.054226],[10.602078,46.054237],[10.601961,46.054283],[10.601749,46.054312],[10.601556,46.054319],[10.601465,46.054296],[10.601424,46.054235],[10.601372,46.054233],[10.601349,46.054296],[10.601306,46.054283],[10.601344,46.054323],[10.601255,46.054294],[10.601228,46.054197],[10.601133,46.054097],[10.601095,46.054076],[10.601057,46.054086],[10.601028,46.054131],[10.601007,46.054245],[10.600969,46.054271],[10.600928,46.054268],[10.600864,46.05423],[10.600839,46.054204],[10.600792,46.054175],[10.600732,46.054119],[10.600678,46.054118],[10.600598,46.054023],[10.600524,46.053928],[10.600498,46.05393],[10.600486,46.053985],[10.600471,46.054003],[10.600347,46.05391],[10.600307,46.053797],[10.600269,46.05379],[10.600202,46.053832],[10.600148,46.05382],[10.600106,46.053774],[10.600083,46.053727],[10.600016,46.053701]]},"properties":{"id":"da32305d-34e2-4a86-a984-2babf1487061","cls":"path","osm":["w1535747854@1","w225908928@5","w367464096@3","w38564600@8"],"sr":[["unpaved",null,null]],"conn":[["a7cf2ce1-f65f-4625-92a4-111c4eee492d",0.0],["5b9bd662-8b96-416f-8499-f5c05a244dfe",1.0]]}},{"type":"Feature","geometry":{"type":"LineString","coordinates":[[10.52922,45.97918],[10.529152,45.979053],[10.529089,45.978878],[10.528693,45.978825],[10.528466,45.979056],[10.528039,45.979122],[10.527681,45.979124]]},"properties":{"id":"da9bb08b-cd67-46b3-baea-c4d63eb2095d","cls":"path","osm":["w1340733410@1"],"conn":[["5f42c09d-21aa-4b1b-9ed7-2e61ba9b68c3",0.0],["e5292917-827c-4141-9d76-388233a8a7ad",1.0]]}},{"type":"Feature","geometry":{"type":"LineString","coordinates":[[10.509312,46.068248],[10.509472,46.068323],[10.509628,46.068365],[10.510138,46.068353],[10.510582,46.068472],[10.510621,46.068538],[10.510652,46.068774],[10.510691,46.06884],[10.510742,46.068884],[10.510724,46.068927],[10.51077,46.068954],[10.510771,46.06903],[10.510995,46.069309],[10.51098,46.069388],[10.511026,46.069467],[10.511112,46.0695],[10.511163,46.069559],[10.511132,46.069744],[10.511126,46.069793],[10.511027,46.069812],[10.510893,46.069806],[10.510622,46.069963],[10.510556,46.069933],[10.510504,46.06997],[10.510451,46.069984],[10.510433,46.07006],[10.51029,46.070074],[10.510169,46.070138],[10.509985,46.070181],[10.509897,46.070225],[10.509867,46.070291],[10.509722,46.070356],[10.509402,46.070492],[10.509225,46.070472],[10.509175,46.070417],[10.509077,46.070447],[10.508947,46.070673],[10.508697,46.070837],[10.508422,46.071132],[10.508327,46.071162],[10.508252,46.071135],[10.507993,46.071238],[10.507761,46.07121],[10.507637,46.071251],[10.507557,46.071326],[10.507515,46.071335],[10.507374,46.071493],[10.507362,46.071588],[10.507428,46.071762],[10.507526,46.071818],[10.507511,46.071902],[10.507171,46.072144],[10.507135,46.072246],[10.506999,46.072336],[10.5069,46.07251],[10.507015,46.072609],[10.507177,46.072643],[10.507225,46.072651],[10.507444,46.072657],[10.507957,46.072596],[10.508425,46.072463],[10.50881,46.072343],[10.509255,46.072323],[10.509293,46.072375],[10.509493,46.072363],[10.509543,46.072405],[10.509469,46.072544],[10.509319,46.072713],[10.509179,46.073097],[10.508982,46.073411],[10.508704,46.073727],[10.508602,46.073941],[10.508578,46.074012],[10.50858,46.074017]]},"properties":{"id":"dab5537a-a56d-46d7-8e61-cb336c1868f0","cls":"path","osm":["w230209467@12","w230246477@4"],"conn":[["5d26b525-6a5f-4489-b238-7f5fc23ad938",0.0],["defb3d27-b799-4fc9-a41c-6b8fcd1d18ba",1.0]]}},{"type":"Feature","geometry":{"type":"LineString","coordinates":[[10.639909,46.061969],[10.639928,46.062033],[10.639897,46.062091],[10.639885,46.062143],[10.639788,46.062167],[10.639759,46.062217],[10.639798,46.062303],[10.639706,46.062394],[10.639617,46.062394],[10.639479,46.062417],[10.639397,46.062432],[10.639322,46.062465],[10.63934,46.062528],[10.63928,46.062614],[10.639204,46.062662],[10.6392,46.062714],[10.639129,46.062748],[10.639038,46.062791],[10.638966,46.062824],[10.638918,46.062878],[10.63883,46.062898],[10.638769,46.062913],[10.638723,46.062974],[10.63868,46.063004],[10.638576,46.063011],[10.638517,46.06303],[10.638546,46.063061],[10.63867,46.063097],[10.638692,46.063115]]},"properties":{"id":"dab9a9e7-5f53-4862-9454-4f9b0fa25e09","cls":"path","osm":["w1318157963@1"],"conn":[["2edb1b8a-e21f-4e0a-b971-5919ce77eb54",0.0],["fa0064a1-5016-4abe-9caa-2caea3087f8d",1.0]]}},{"type":"Feature","geometry":{"type":"LineString","coordinates":[[10.471629,45.961575],[10.47151,45.961564],[10.4714,45.961563],[10.471312,45.961539],[10.471266,45.961532],[10.471177,45.961519],[10.471091,45.961492],[10.471002,45.961506],[10.470903,45.961475],[10.470757,45.961476],[10.470664,45.961452],[10.470571,45.961432],[10.47046,45.961459],[10.470302,45.961516],[10.470183,45.961516],[10.470077,45.96147],[10.470012,45.961441],[10.4699,45.961459],[10.469801,45.961443],[10.469773,45.961392],[10.469703,45.961279],[10.469656,45.961219],[10.469618,45.96118],[10.469532,45.961216],[10.46942,45.961228],[10.469327,45.961264],[10.469244,45.961261],[10.469143,45.961252],[10.469016,45.961252],[10.46891,45.961261],[10.468811,45.961234],[10.468656,45.961231],[10.468564,45.96123],[10.468461,45.961232],[10.468391,45.961216],[10.468182,45.961165],[10.468095,45.961137],[10.468029,45.961115],[10.467984,45.961086],[10.467841,45.961047],[10.467681,45.961047],[10.467551,45.960998],[10.467459,45.960942],[10.467381,45.961],[10.467328,45.960925],[10.46729,45.960919],[10.467213,45.960971],[10.467093,45.961035],[10.467026,45.961073],[10.466943,45.961154],[10.466854,45.961238],[10.466785,45.961293],[10.466723,45.961351],[10.466652,45.961435],[10.466565,45.961482],[10.466438,45.961534],[10.466336,45.96157],[10.466272,45.961643],[10.466224,45.961702],[10.466149,45.961758],[10.466137,45.961786],[10.466107,45.961858],[10.466079,45.961893],[10.465977,45.961909],[10.465804,45.961942],[10.465698,45.961989],[10.465636,45.962029],[10.465537,45.962095],[10.465475,45.962162],[10.465389,45.962178],[10.465317,45.962158],[10.465234,45.962137],[10.465112,45.96205],[10.46507,45.961996],[10.464962,45.961967],[10.464894,45.961962],[10.464767,45.961971],[10.464687,45.961982],[10.464572,45.961938],[10.464559,45.961966],[10.464513,45.961945],[10.464467,45.961976],[10.464417,45.961944],[10.464402,45.961972],[10.464354,45.961947],[10.464329,45.961986],[10.464225,45.961956],[10.46415,45.961956],[10.464091,45.961989],[10.463974,45.962027],[10.463818,45.962021],[10.463749,45.961995],[10.463677,45.961987],[10.463571,45.96198],[10.463448,45.961962],[10.463364,45.961963],[10.463277,45.961984],[10.463216,45.961984],[10.463123,45.961998],[10.463101,45.962024],[10.463094,45.962063],[10.46306,45.962069],[10.462935,45.96208],[10.462882,45.962079],[10.462806,45.962074],[10.462749,45.962061],[10.462685,45.962059],[10.462664,45.962066],[10.462643,45.962106],[10.462621,45.962124],[10.462577,45.962129],[10.462499,45.962105],[10.46244,45.962087],[10.462335,45.962073],[10.462278,45.962056],[10.462191,45.962026],[10.462122,45.96202],[10.462011,45.962002],[10.461921,45.961993],[10.461869,45.961984],[10.461834,45.961968],[10.461744,45.961968],[10.461685,45.961939],[10.461633,45.961906],[10.461607,45.961889],[10.461597,45.961861],[10.461601,45.961831],[10.461583,45.961802],[10.461559,45.961772],[10.461541,45.961737],[10.461498,45.961708],[10.461431,45.9617],[10.461319,45.9617],[10.461227,45.961651],[10.461165,45.961608],[10.461099,45.961544],[10.461049,45.961526],[10.460993,45.961523],[10.460921,45.961486],[10.460835,45.961455],[10.460745,45.961442],[10.460671,45.961441],[10.460603,45.961443],[10.460476,45.961439],[10.460388,45.96144],[10.460338,45.961431],[10.460289,45.96139],[10.460287,45.961433],[10.460267,45.961461],[10.46023,45.96147],[10.460212,45.961451],[10.460186,45.96143],[10.460106,45.96141],[10.460052,45.961404],[10.459996,45.961426],[10.459977,45.961449],[10.459926,45.961486],[10.459856,45.961514],[10.459777,45.961531],[10.459693,45.961529],[10.45964,45.961505],[10.459614,45.961525],[10.45957,45.961515],[10.45953,45.961537],[10.459486,45.961503],[10.459444,45.961469],[10.459375,45.961473],[10.459314,45.961472],[10.459261,45.961447],[10.459181,45.961438],[10.459148,45.961447],[10.459115,45.961436],[10.459047,45.961455],[10.45899,45.961458],[10.458878,45.961464],[10.458829,45.961489],[10.458748,45.961478],[10.458695,45.961464],[10.458632,45.96144],[10.458579,45.961423],[10.458543,45.961401],[10.458422,45.961308],[10.458398,45.961249],[10.458357,45.961207],[10.458319,45.961168],[10.458196,45.961136],[10.45811,45.961121],[10.457982,45.96112],[10.457899,45.961102],[10.457819,45.961089],[10.457698,45.961103],[10.457575,45.961107],[10.457472,45.961099],[10.457397,45.961093],[10.457292,45.961102],[10.457186,45.961124],[10.457098,45.961129],[10.45701,45.961114],[10.456909,45.961076],[10.456781,45.961068],[10.456647,45.96107],[10.456561,45.961051],[10.456396,45.961042],[10.456271,45.961038],[10.456099,45.961018],[10.455993,45.961005],[10.45589,45.961003],[10.455668,45.961015],[10.455582,45.961039],[10.455474,45.961042],[10.455331,45.961034],[10.455201,45.960996],[10.455069,45.960983],[10.454895,45.960898],[10.454811,45.960853],[10.454603,45.96079],[10.454514,45.96078],[10.454446,45.96078],[10.454358,45.960774],[10.454171,45.960715],[10.45408,45.960675],[10.453912,45.960644],[10.453782,45.96059],[10.453647,45.960616],[10.453533,45.960637],[10.453419,45.960607],[10.453222,45.96052]]},"properties":{"id":"db246005-85a3-4dc7-adf8-41482a3b2fdd","cls":"path","osm":["w301112285@4"],"conn":[["f0e68e2c-057f-43ef-978c-1960e4475bca",0.0],["14456586-b758-4f66-83e6-a3e04387ea9f",1.0]]}},{"type":"Feature","geometry":{"type":"LineString","coordinates":[[10.565121,46.099819],[10.565161,46.099784],[10.565213,46.099771],[10.565274,46.099787],[10.565323,46.099812],[10.565334,46.099786],[10.565338,46.099619],[10.5653,46.099464]]},"properties":{"id":"dbba0aa6-8ed4-4102-8fa7-7457231c6b61","cls":"path","osm":["w1114952470@1"],"conn":[["476d4dc6-f0f9-4ded-b895-9f6dce714ae6",0.0],["4b87f6a3-a2a0-4429-ab92-acdbe92897e6",1.0]]}},{"type":"Feature","geometry":{"type":"LineString","coordinates":[[10.540809,46.071622],[10.540924,46.071678]]},"properties":{"id":"dbea3350-b5da-437a-abce-e33627b48134","cls":"footway","osm":["w232215958@3"],"fr":[["is_bridge",null,null]],"sr":[["unpaved",null,null]],"conn":[["3ff213b8-21ec-42e2-9737-0e707a48653c",0.0],["504b91d5-e2f2-436b-b108-b4a06006f4e6",1.0]]}},{"type":"Feature","geometry":{"type":"LineString","coordinates":[[10.538402,45.968037],[10.538542,45.967876],[10.538637,45.967592],[10.538893,45.967214],[10.538901,45.966926],[10.538716,45.966644],[10.538486,45.966392],[10.538629,45.966293],[10.538881,45.966347],[10.53921,45.966499],[10.539484,45.966652],[10.539638,45.966415],[10.540022,45.966065],[10.540285,45.966072],[10.540724,45.966362],[10.541273,45.966515],[10.541876,45.966797],[10.542183,45.967003],[10.542743,45.967262],[10.543214,45.967597],[10.543565,45.96778],[10.543902,45.967996],[10.544538,45.968422],[10.544926,45.968562],[10.54543,45.968611],[10.545903,45.968584],[10.545888,45.968454],[10.545508,45.96826],[10.545081,45.968029],[10.544833,45.967807],[10.544538,45.967489],[10.544453,45.967225],[10.544174,45.966961],[10.544158,45.966837],[10.544337,45.966896],[10.544569,45.967144],[10.544864,45.967349],[10.545423,45.967435],[10.545981,45.967408],[10.546214,45.967177],[10.546291,45.966896],[10.54647,45.966578],[10.546509,45.966335],[10.546672,45.966174],[10.546765,45.965758],[10.546912,45.965645],[10.547059,45.965548],[10.547059,45.96523],[10.547145,45.965106],[10.547284,45.964896],[10.547455,45.964669],[10.547633,45.964707],[10.54806,45.964923],[10.548316,45.965079],[10.548495,45.965009],[10.548696,45.96488],[10.548797,45.964632],[10.548991,45.964632],[10.549239,45.964836],[10.549255,45.96516],[10.549425,45.965548],[10.549674,45.965737],[10.549938,45.965866],[10.550465,45.965888],[10.55121,45.965996],[10.551535,45.966303],[10.55173,45.966578],[10.551962,45.966697],[10.551931,45.966476],[10.552094,45.966249]]},"properties":{"id":"dcbb3b95-68cc-4146-b96e-8dc6ec727654","cls":"track","osm":["w145474927@2"],"conn":[["f346f743-50a3-49c2-aa6c-6cb1854e72ec",0.0],["37c81b2b-9c61-4865-ab77-dba7559f2f5d",1.0]]}},{"type":"Feature","geometry":{"type":"LineString","coordinates":[[10.482408,46.04601],[10.48243,46.045971],[10.482498,46.045946],[10.482563,46.045918],[10.482651,46.045899],[10.482696,46.045895],[10.482724,46.045875],[10.482775,46.045875]]},"properties":{"id":"dcbcf129-1f27-4faf-bc0a-ae7460374047","cls":"path","osm":["w1425311737@1"],"conn":[["3bdf0a83-d0fb-40d4-99e8-52cc90f8103f",0.0],["1d159642-7e8b-48fb-b403-3ffcb827ea5c",1.0]]}},{"type":"Feature","geometry":{"type":"LineString","coordinates":[[10.615579,45.977509],[10.615939,45.97745],[10.616308,45.977452],[10.616596,45.977534],[10.617198,45.977729],[10.617601,45.977813],[10.618018,45.977901],[10.618209,45.977954],[10.618382,45.978048],[10.61868,45.978214],[10.618911,45.978336],[10.61906,45.978477],[10.619146,45.978577],[10.619388,45.978752],[10.619639,45.978884],[10.619868,45.978966],[10.62022,45.979115],[10.620581,45.979287],[10.62096,45.979496],[10.621132,45.979601],[10.621271,45.979671],[10.621455,45.979723],[10.621734,45.979766],[10.62198,45.979772],[10.622273,45.979771],[10.622513,45.979791],[10.622662,45.979808],[10.62277,45.979835],[10.62293,45.979902],[10.623044,45.979948],[10.623264,45.980002],[10.623671,45.980123],[10.623948,45.980244],[10.624332,45.980363],[10.62469,45.980492],[10.624848,45.980547],[10.624967,45.980582],[10.625042,45.980574],[10.625078,45.980541],[10.625059,45.980507],[10.625008,45.980482],[10.624899,45.98045],[10.624814,45.980404],[10.624739,45.98033],[10.624692,45.980264],[10.624604,45.980012],[10.624511,45.979813],[10.624488,45.979725],[10.624476,45.979352],[10.624536,45.979118],[10.624509,45.979059],[10.624439,45.979012],[10.624312,45.978979],[10.624071,45.978937],[10.623973,45.978897],[10.623817,45.978762],[10.623641,45.978539],[10.623505,45.978302],[10.62334,45.978105],[10.623265,45.977987],[10.623257,45.977936],[10.623291,45.977913],[10.623339,45.977904],[10.623406,45.977929],[10.623538,45.978049],[10.623705,45.978159],[10.623983,45.978248],[10.624321,45.978274],[10.624806,45.978264],[10.625065,45.978286],[10.625239,45.978308],[10.62533,45.978347],[10.625563,45.978524],[10.625923,45.978825],[10.626084,45.978973],[10.626419,45.97913],[10.626614,45.97922],[10.626953,45.979332],[10.62722,45.979446],[10.627551,45.979691],[10.627854,45.979828],[10.628179,45.979899],[10.628553,45.979985],[10.628853,45.980075],[10.629029,45.980159],[10.6292,45.980249],[10.629459,45.980384],[10.629542,45.980466],[10.629654,45.980552],[10.629788,45.9806],[10.629971,45.980647],[10.630349,45.980715],[10.630986,45.980913],[10.631154,45.98097],[10.631279,45.980981],[10.631414,45.980952],[10.631659,45.980855],[10.631841,45.980739],[10.632079,45.980609],[10.632275,45.980528],[10.632474,45.980472],[10.632646,45.980456],[10.632883,45.980468],[10.633297,45.98058],[10.633443,45.9806],[10.633883,45.980605],[10.634106,45.980598],[10.634318,45.980576],[10.634494,45.980522],[10.634644,45.980436],[10.634833,45.980353],[10.635072,45.980285],[10.6352,45.980218],[10.635346,45.980052],[10.635482,45.979847],[10.635752,45.979683],[10.635982,45.979527],[10.635996,45.97947],[10.635952,45.979439],[10.635882,45.97945],[10.635664,45.979577],[10.635475,45.979635],[10.635277,45.979688],[10.635078,45.97981],[10.634861,45.979889],[10.63418,45.979934],[10.633833,45.97991],[10.633733,45.979887],[10.633705,45.979844],[10.633754,45.979808],[10.633874,45.979804],[10.634104,45.979787],[10.634362,45.97967],[10.634614,45.979493],[10.634779,45.979335],[10.634883,45.979216],[10.635089,45.97906],[10.635248,45.97887],[10.635355,45.978606],[10.635483,45.978509],[10.635614,45.978473],[10.635878,45.978452],[10.636071,45.978379],[10.636211,45.978304],[10.63632,45.978196],[10.636386,45.978111],[10.636537,45.978046],[10.636713,45.978037],[10.636952,45.978023],[10.637149,45.977973],[10.637291,45.977857],[10.637445,45.977681],[10.637534,45.977505],[10.637627,45.977384],[10.637802,45.977345],[10.638064,45.977334],[10.638353,45.977283],[10.638749,45.9773],[10.639244,45.977256],[10.639373,45.977208],[10.639482,45.977123],[10.639603,45.977028],[10.639834,45.976844],[10.63993,45.976677],[10.640061,45.976493],[10.640184,45.976396],[10.64042,45.976328],[10.64058,45.976328],[10.640912,45.976341],[10.641214,45.976325],[10.641553,45.976247],[10.641854,45.97612],[10.642124,45.975929],[10.642528,45.975618],[10.642848,45.975491],[10.64303,45.975517],[10.643212,45.975623],[10.643765,45.976072],[10.643992,45.976446],[10.644025,45.976813]]},"properties":{"id":"dce69661-0a80-44e9-a537-c7b4913ee242","cls":"track","name":"Strada forestale Batoe","osm":["w59608727@9"],"sr":[["paved",null,null]],"conn":[["0c9715bc-6697-4c01-800b-38325445903d",0.0],["1948a000-4cd4-44ef-8351-c758e7308e7c",1.0]],"access":[{"type":"allowed","when":["foot","bicycle"]},{"type":"allowed","when":["motor_vehicle"]},{"type":"allowed","when":["for_forestry"]},{"type":"allowed","when":null}]}},{"type":"Feature","geometry":{"type":"LineString","coordinates":[[10.499819,46.039837],[10.499677,46.039614],[10.499683,46.039544],[10.499872,46.039574],[10.500167,46.039745],[10.500435,46.03995],[10.500875,46.039941]]},"properties":{"id":"dceacec4-932c-46a1-886b-264b34a2dca5","cls":"path","osm":["w1176912801@1"],"conn":[["a9f0e80a-db27-4eda-b39d-063dc2658496",0.0],["e0a75e42-0791-4113-a3e8-ce1a194e36e3",1.0]]}},{"type":"Feature","geometry":{"type":"LineString","coordinates":[[10.513398,46.032606],[10.513457,46.032564],[10.513483,46.032532],[10.513557,46.032513],[10.513611,46.032517],[10.513732,46.032564],[10.513868,46.032553],[10.51396,46.032516],[10.514012,46.032472],[10.514126,46.032475],[10.514173,46.032457],[10.51425,46.032405],[10.514279,46.0324]]},"properties":{"id":"dd205f97-d979-4e98-a984-6d0ba917bb0c","cls":"path","osm":["w294765685@1"],"sr":[["unpaved",null,null]],"conn":[["917306e4-d6b2-44d4-8d52-691a6a876141",0.0],["1a5fa929-afa1-44d0-854f-fc3ca29e303a",1.0]]}},{"type":"Feature","geometry":{"type":"LineString","coordinates":[[10.53933,45.980098],[10.539289,45.980109],[10.539269,45.980008],[10.539308,45.979913],[10.539405,45.979766],[10.539453,45.979684],[10.539494,45.979635],[10.539636,45.979543],[10.539802,45.979434],[10.539862,45.979368],[10.539918,45.979101],[10.53993,45.978936],[10.539909,45.978759],[10.539843,45.978482],[10.539936,45.978176],[10.540064,45.977879],[10.540001,45.977644],[10.540031,45.977515],[10.540162,45.977446],[10.540363,45.977395],[10.540401,45.977367],[10.5404,45.977223],[10.540404,45.977181]]},"properties":{"id":"dd3a0932-5d54-4dde-892d-5142c5a349e8","cls":"path","osm":["w241101046@3"],"conn":[["71d13add-f57b-454b-9b58-36ce30a0350a",0.0],["8f868575-05c7-44ce-9691-6f695580c9c2",1.0]]}},{"type":"Feature","geometry":{"type":"LineString","coordinates":[[10.513606,46.052869],[10.513692,46.052904],[10.513765,46.052966],[10.513829,46.053044],[10.513833,46.053101],[10.513814,46.05315]]},"properties":{"id":"dd6197b0-7bb0-4b6a-9349-9e074eb367f7","cls":"tertiary","osm":["w293116060@4"],"sr":[["paved",null,null]],"conn":[["e67e79db-920e-4051-9f0e-12a890b40146",0.0],["b1b7c863-2268-4d71-bb4c-2b20dcf1e303",1.0]],"access":[{"type":"denied","when":null}]}},{"type":"Feature","geometry":{"type":"LineString","coordinates":[[10.623045,45.990502],[10.623145,45.990561],[10.623264,45.990617]]},"properties":{"id":"ddf4f767-0465-4350-b85c-768dfdbf11e5","cls":"track","osm":["w1195526931@1"],"conn":[["5f49d565-90ce-4944-8b75-c88c715bb3cd",0.0],["16b171ad-1440-452c-8aa8-e1f2ab8b3a48",1.0]]}},{"type":"Feature","geometry":{"type":"LineString","coordinates":[[10.564481,46.12766],[10.564503,46.12783],[10.564618,46.128026],[10.564832,46.128316],[10.564905,46.128399],[10.564935,46.128798]]},"properties":{"id":"de6f5dd3-b342-48e9-a8d6-d2e10df895cd","cls":"path","osm":["w1114952455@1"],"conn":[["0a3062eb-4db6-4a70-b6b8-d011335dbf9a",0.0],["cb53ef0f-7c2a-4ed4-948f-d771349bd6ed",1.0]]}},{"type":"Feature","geometry":{"type":"LineString","coordinates":[[10.565351,46.099264],[10.565294,46.099362],[10.5653,46.099464]]},"properties":{"id":"de89d733-82bd-4ae9-b2e0-127e7cb26430","cls":"path","osm":["w1114952472@1"],"conn":[["f30a2aa1-9be5-4dcf-89b9-688e30a24930",0.0],["4b87f6a3-a2a0-4429-ab92-acdbe92897e6",1.0]]}},{"type":"Feature","geometry":{"type":"LineString","coordinates":[[10.620004,46.125051],[10.620073,46.125062],[10.620092,46.125036],[10.620135,46.125016],[10.620152,46.124957],[10.620177,46.124902],[10.620209,46.124879],[10.620275,46.124854],[10.62038,46.124861],[10.620459,46.124902],[10.620521,46.124984],[10.620535,46.125064],[10.620458,46.125135],[10.620357,46.125222],[10.62033,46.125275],[10.62035,46.125314],[10.620397,46.125321],[10.620491,46.125308],[10.620529,46.125318],[10.620549,46.125352],[10.620657,46.125372],[10.620732,46.125341],[10.620818,46.125211],[10.620879,46.125258],[10.620889,46.125216],[10.620987,46.125205],[10.621058,46.125155],[10.621123,46.125083],[10.621191,46.125115],[10.621231,46.125045],[10.62128,46.125036],[10.621255,46.124891],[10.621351,46.124927],[10.621443,46.124925],[10.621502,46.124948],[10.621604,46.124837],[10.621554,46.124778],[10.621379,46.124703],[10.621594,46.124615],[10.621813,46.124615],[10.621847,46.12456],[10.621899,46.124532],[10.621853,46.124485],[10.621918,46.124462],[10.622112,46.124553],[10.622195,46.124637],[10.62234,46.124654],[10.622392,46.124654],[10.622445,46.124684],[10.622445,46.124722],[10.62274,46.124835],[10.622928,46.124863],[10.622959,46.124852],[10.623024,46.124904],[10.62323,46.12494],[10.623267,46.124891],[10.623357,46.124931],[10.623406,46.124833],[10.62352,46.124829],[10.623535,46.124771],[10.623594,46.124735],[10.623637,46.124656],[10.623739,46.124701],[10.623794,46.124673],[10.62397,46.12476],[10.624031,46.124752],[10.624105,46.124788],[10.624201,46.124775],[10.624216,46.124696],[10.624256,46.124671],[10.624327,46.12469],[10.624389,46.124716],[10.624472,46.124692],[10.624524,46.124641],[10.624669,46.124626],[10.624768,46.124565],[10.624866,46.124442],[10.624897,46.124325],[10.624949,46.124288],[10.624959,46.12422],[10.624913,46.12416],[10.624862,46.124055],[10.624828,46.12397],[10.624847,46.123883],[10.624922,46.123865],[10.625159,46.123897],[10.625291,46.123967],[10.625484,46.124007],[10.625557,46.123945],[10.625679,46.123925],[10.625793,46.123917],[10.625884,46.123861],[10.626171,46.123919],[10.62637,46.123869],[10.626448,46.123857],[10.626448,46.12381],[10.626537,46.123801],[10.626553,46.123852],[10.626655,46.123781],[10.626679,46.123818],[10.626773,46.123738],[10.627013,46.123843],[10.627265,46.123928],[10.627639,46.123981],[10.627797,46.123981],[10.628049,46.124024],[10.628232,46.123953],[10.628196,46.1239],[10.62835,46.12386],[10.628302,46.12382],[10.628387,46.123795],[10.628269,46.123722],[10.628362,46.123731],[10.628391,46.123655],[10.628598,46.123607],[10.628773,46.123584],[10.628976,46.123483],[10.629041,46.12344],[10.629025,46.123398]]},"properties":{"id":"df21086d-f383-45cd-b201-c0b9c575ea0a","cls":"path","osm":["w434027850@4"],"conn":[["25378199-d45a-4e32-a259-d1a1d454efa0",0.0],["4041a3b3-9e70-456e-b6fa-3830922bd00f",1.0]]}},{"type":"Feature","geometry":{"type":"LineString","coordinates":[[10.458954,46.094944],[10.459127,46.094882],[10.459186,46.094895],[10.459233,46.094932],[10.459304,46.094977],[10.459385,46.09498],[10.459645,46.094915],[10.460062,46.094762],[10.46031,46.094677],[10.460572,46.094641],[10.460801,46.094653],[10.460944,46.094667],[10.46098,46.094732],[10.460976,46.094828],[10.460951,46.094878],[10.460904,46.094921],[10.460918,46.094945],[10.460969,46.094963],[10.461058,46.094949],[10.461137,46.094909],[10.461182,46.094896],[10.461204,46.094897],[10.461206,46.094917],[10.46119,46.094943],[10.461172,46.094973],[10.461194,46.094988],[10.461229,46.094999],[10.461269,46.094984],[10.461376,46.094946],[10.46152,46.094938],[10.461676,46.09493],[10.462019,46.094931],[10.462181,46.094942],[10.4623,46.094877],[10.462522,46.09477],[10.46282,46.094662],[10.462998,46.094675],[10.463271,46.094639],[10.4635,46.094562],[10.463624,46.094592],[10.46374,46.094556],[10.463869,46.094509],[10.463941,46.094485],[10.46399,46.094486],[10.464009,46.094519],[10.464038,46.094579],[10.46408,46.094627],[10.464123,46.094661],[10.464162,46.094657],[10.4642,46.094617],[10.464346,46.094555],[10.464497,46.094515],[10.464623,46.094486],[10.464714,46.094443],[10.465274,46.094162],[10.465563,46.093962],[10.465742,46.093919],[10.465865,46.093906],[10.465904,46.093927],[10.465907,46.093958],[10.465873,46.094028],[10.465878,46.09407],[10.465917,46.094075],[10.465991,46.094055],[10.466137,46.094014],[10.46614,46.094014]]},"properties":{"id":"e033da9f-dfd8-4426-abdf-0fc4eb3632e6","cls":"path","osm":["w1395167901@1"],"conn":[["f515f2f6-ede7-42b5-a952-a56c24f9313b",0.0],["f32296fa-247b-4fef-9cad-ec9573a5d0df",1.0]]}},{"type":"Feature","geometry":{"type":"LineString","coordinates":[[10.438234,46.095473],[10.438629,46.095422],[10.438677,46.09541],[10.438715,46.095393],[10.438746,46.095374],[10.438825,46.095304],[10.438875,46.095241],[10.43889,46.095225],[10.43891,46.095219],[10.438928,46.095225],[10.438937,46.095243],[10.438949,46.095371],[10.438949,46.095597],[10.438938,46.095641],[10.438923,46.095677],[10.43888,46.09575],[10.438838,46.09583],[10.43883,46.095866],[10.438805,46.095897],[10.438796,46.095911],[10.438792,46.095923],[10.438792,46.095933],[10.438798,46.095942],[10.43881,46.095946],[10.438826,46.095947],[10.439022,46.095891],[10.439042,46.095889],[10.439058,46.095891],[10.439067,46.0959],[10.439071,46.095912],[10.439069,46.095925],[10.439052,46.095961],[10.438987,46.09605],[10.43898,46.09607],[10.43898,46.096087],[10.438988,46.096103],[10.439004,46.096115],[10.439022,46.096121],[10.43904,46.09612],[10.439064,46.096113],[10.439088,46.096098],[10.439169,46.096017],[10.439187,46.095988],[10.439217,46.095943],[10.439239,46.095921],[10.439278,46.095887],[10.439295,46.095868],[10.439305,46.095846],[10.439335,46.095767],[10.439343,46.095754],[10.439356,46.09575],[10.439369,46.095751],[10.439381,46.095755],[10.439387,46.095764],[10.43939,46.095783],[10.439375,46.095912],[10.439369,46.096045],[10.439375,46.096075],[10.439385,46.096096],[10.4394,46.096119],[10.439585,46.096392],[10.439629,46.096439],[10.439645,46.096446],[10.439656,46.096444],[10.439663,46.096437],[10.439662,46.096424],[10.439649,46.096353],[10.439649,46.096321],[10.439654,46.096288],[10.439717,46.096047],[10.439753,46.095943],[10.439883,46.095821],[10.439901,46.095791],[10.439905,46.095766],[10.439898,46.095742],[10.43987,46.095683],[10.439861,46.095653],[10.439863,46.095622],[10.439878,46.095575],[10.439898,46.09554],[10.439907,46.095511],[10.439909,46.095428],[10.439921,46.095405],[10.439943,46.095394],[10.439964,46.095398],[10.43998,46.095411],[10.43999,46.095438],[10.44002,46.095557],[10.440079,46.095654],[10.440122,46.095703],[10.440174,46.095745],[10.440303,46.095824],[10.440326,46.095844],[10.440335,46.095862],[10.440338,46.096041],[10.440332,46.096067],[10.440289,46.096121],[10.440281,46.096145],[10.440284,46.096162],[10.440297,46.096172],[10.440317,46.09617],[10.440335,46.096159],[10.440408,46.096083],[10.440473,46.096043],[10.440548,46.095956],[10.440554,46.095937],[10.440559,46.095848],[10.440487,46.095745],[10.440477,46.095688],[10.440506,46.095614],[10.440636,46.095479],[10.44069,46.095371],[10.440724,46.095233],[10.440834,46.094963],[10.440857,46.094808],[10.440882,46.094777],[10.440896,46.094773],[10.440909,46.094775],[10.440928,46.094791],[10.440932,46.094811],[10.440945,46.094967],[10.440955,46.094986],[10.441145,46.095233],[10.441163,46.095259],[10.441202,46.095345],[10.44124,46.095462],[10.441257,46.09563],[10.441293,46.095766],[10.441305,46.09581],[10.441341,46.095848],[10.441478,46.095907],[10.441645,46.096108],[10.441677,46.09617],[10.441686,46.096273],[10.441837,46.096601],[10.441869,46.096631],[10.441899,46.096649],[10.441933,46.096652],[10.441958,46.096641],[10.441992,46.096612],[10.442015,46.09657],[10.44204,46.096471],[10.442047,46.096434],[10.442073,46.096421],[10.442098,46.096429],[10.44214,46.096499],[10.442175,46.096674],[10.442184,46.096743],[10.442209,46.096826],[10.442251,46.096935],[10.442263,46.096983],[10.442267,46.097028],[10.442259,46.097059],[10.442239,46.0971],[10.442174,46.097183],[10.442161,46.09721],[10.442153,46.097239],[10.442151,46.097276],[10.442157,46.097417],[10.442151,46.097442],[10.442138,46.097468],[10.442109,46.097509],[10.442082,46.097541],[10.442077,46.097566],[10.442079,46.097586],[10.442091,46.097624],[10.442163,46.097785],[10.442305,46.098092],[10.442469,46.098268],[10.442607,46.098428],[10.442654,46.098509],[10.442696,46.09856],[10.442837,46.098669],[10.443061,46.098867],[10.443213,46.098987],[10.443363,46.099083],[10.443418,46.099116],[10.443472,46.099142],[10.443669,46.099258],[10.443708,46.099278],[10.443753,46.099296],[10.443807,46.099314],[10.443904,46.099333],[10.443988,46.099347],[10.444034,46.099357],[10.444156,46.099427],[10.444221,46.099473],[10.444563,46.099879],[10.444594,46.099916],[10.44466,46.099966],[10.444714,46.099998],[10.4448,46.100036],[10.445008,46.100095],[10.445233,46.100169],[10.445292,46.10019],[10.445353,46.100206],[10.445474,46.100222],[10.44554,46.100228],[10.445604,46.100228],[10.445672,46.100224],[10.445761,46.100215],[10.445876,46.100199],[10.446118,46.100183],[10.446167,46.100184],[10.446219,46.100189],[10.446267,46.100203],[10.446312,46.100223],[10.446541,46.100384],[10.446601,46.10042],[10.446658,46.100444],[10.446814,46.1005],[10.446989,46.100547],[10.44713,46.100597],[10.447274,46.100659],[10.447362,46.100691]]},"properties":{"id":"e038e430-ec6a-40be-9c24-122af4be0a51","cls":"track","osm":["w383533748@2"],"sr":[["gravel",null,null]],"conn":[["d168e663-7614-4e65-8456-2991272d739b",0.0],["eade0134-e979-43db-8b8c-2847f2d7f7ac",0.037306],["f28525a8-0093-47b7-9b8f-97109b44bfa7",1.0]],"access":[{"type":"allowed","when":["motor_vehicle"]}]}},{"type":"Feature","geometry":{"type":"LineString","coordinates":[[10.54354,45.976913],[10.542949,45.976839],[10.542302,45.976784],[10.542086,45.976728],[10.541841,45.976638],[10.541686,45.976601],[10.541538,45.976596],[10.541315,45.976632],[10.541218,45.976672],[10.541072,45.976724],[10.540912,45.976767],[10.540888,45.976828]]},"properties":{"id":"e0b20a0f-cd3d-461a-be85-e3f391ccf0b0","cls":"track","osm":["w82198958@2"],"conn":[["50350184-311a-4735-b1b1-246588846a09",0.0],["fce610df-5c8b-4641-819d-761f6545212e",0.90768],["451269c7-33f7-4272-855e-30bb169a85b4",1.0]]}},{"type":"Feature","geometry":{"type":"LineString","coordinates":[[10.529376,45.982006],[10.52928,45.982072],[10.529231,45.98221],[10.529146,45.982299],[10.528958,45.982277],[10.528781,45.982195],[10.528561,45.982183],[10.528384,45.982183],[10.528212,45.982228],[10.528137,45.982292],[10.52811,45.982418],[10.527965,45.982485],[10.527933,45.98259],[10.527949,45.982683],[10.527912,45.98275],[10.527858,45.982825],[10.527869,45.982907],[10.527858,45.983004],[10.527912,45.983071],[10.527896,45.983156],[10.527853,45.983224],[10.527735,45.983291],[10.527633,45.983376],[10.527558,45.983469],[10.527445,45.983507],[10.527397,45.983585],[10.527273,45.983749],[10.527123,45.98379],[10.527112,45.983883],[10.527123,45.983973],[10.527214,45.983991],[10.527327,45.98398],[10.527413,45.984014],[10.527611,45.984092],[10.527719,45.984174],[10.527762,45.984282],[10.527772,45.984386],[10.527799,45.984495],[10.527799,45.984584],[10.527917,45.984659],[10.527971,45.984763],[10.528116,45.984808],[10.528239,45.984815],[10.5284,45.984864],[10.52855,45.984864],[10.528722,45.984879],[10.528867,45.984879],[10.529054,45.984845],[10.529124,45.984886],[10.529231,45.98489],[10.529333,45.984871],[10.529725,45.984933]]},"properties":{"id":"e15e0a22-00e1-433c-8195-48481abc33b1","cls":"path","osm":["w513330901@1"],"conn":[["ba3ba279-cad1-44b9-81e1-2340de9d0676",0.0],["36513e89-d984-434e-a2e2-991d221f65b5",1.0]]}},{"type":"Feature","geometry":{"type":"LineString","coordinates":[[10.552094,45.966249],[10.552057,45.966021],[10.551816,45.96574],[10.551549,45.9656],[10.551289,45.965476],[10.551138,45.965376],[10.551227,45.965358],[10.551382,45.965398],[10.551568,45.96526],[10.551747,45.965215],[10.551972,45.965344],[10.552165,45.965322],[10.552173,45.965136],[10.552115,45.96501],[10.552119,45.964864],[10.551824,45.964783],[10.551498,45.964778],[10.5512,45.964551],[10.551153,45.964258],[10.551099,45.963896],[10.550994,45.963548],[10.55087,45.963257],[10.550893,45.963028],[10.551184,45.962966],[10.551735,45.963122],[10.552158,45.963198],[10.552441,45.963136],[10.553046,45.962772],[10.553632,45.962349],[10.554163,45.962071],[10.555598,45.961982],[10.556195,45.961976],[10.556692,45.961826],[10.557072,45.961391],[10.557243,45.96117],[10.557371,45.960849],[10.557898,45.960617],[10.558457,45.960278],[10.558814,45.959792],[10.559109,45.959242],[10.559287,45.958735],[10.559597,45.95805],[10.55969,45.957651],[10.55996,45.957192],[10.560278,45.956906],[10.560892,45.956395],[10.561847,45.955926],[10.562099,45.955682],[10.56222,45.955167],[10.562209,45.954874],[10.562176,45.954427],[10.562368,45.954035],[10.562593,45.953737],[10.562324,45.95339],[10.561606,45.95323],[10.561123,45.95307],[10.560976,45.953039],[10.560865,45.953016]]},"properties":{"id":"e1c3d90f-62ba-42ec-a8e8-67e87257fd87","cls":"track","osm":["w228300982@2"],"sr":[["gravel",null,null]],"conn":[["37c81b2b-9c61-4865-ab77-dba7559f2f5d",0.0],["eee5d23c-80f7-4945-a6db-ef58116b5321",0.996022],["e6af45f1-74a6-4e89-bbe4-a4c5e69fdf07",1.0]],"access":[{"type":"allowed","when":["for_forestry"]}]}},{"type":"Feature","geometry":{"type":"LineString","coordinates":[[10.540924,46.071678],[10.54102,46.071824],[10.541379,46.071838],[10.541608,46.071966],[10.542211,46.07258],[10.542945,46.073132],[10.543159,46.073127],[10.543265,46.073166],[10.543639,46.073347],[10.543684,46.073431],[10.544111,46.073629],[10.544228,46.073924],[10.544521,46.074229],[10.544909,46.074362],[10.545372,46.074778],[10.54552,46.074823],[10.545668,46.075032],[10.545771,46.075392],[10.545885,46.075481],[10.546357,46.07561],[10.546496,46.075741],[10.546686,46.076249],[10.546728,46.07636],[10.546826,46.076408],[10.547099,46.07638],[10.54788,46.076608],[10.548131,46.076815],[10.548151,46.076977],[10.548625,46.077247],[10.548862,46.077141],[10.549063,46.077183],[10.54937,46.077432],[10.54977,46.077566],[10.550001,46.077747],[10.55023,46.078068],[10.550277,46.078134]]},"properties":{"id":"e33204fa-10c5-4134-af78-d8ddd153f22b","cls":"path","osm":["w232215959@5"],"sr":[["unpaved",null,null]],"conn":[["504b91d5-e2f2-436b-b108-b4a06006f4e6",0.0],["3920f8a9-f606-4b62-bab5-725c5413d78f",1.0]]}},{"type":"Feature","geometry":{"type":"LineString","coordinates":[[10.601425,46.023837],[10.601248,46.024057],[10.601028,46.02411],[10.600824,46.024303],[10.600537,46.024343],[10.600288,46.024686],[10.599388,46.024844],[10.599153,46.024886],[10.599056,46.024957],[10.598985,46.025081],[10.59877,46.025113],[10.598726,46.02512],[10.598707,46.02509],[10.598624,46.025116],[10.5986,46.025171],[10.598471,46.02525],[10.598467,46.025306],[10.598232,46.025528],[10.59819,46.025621],[10.598152,46.025699],[10.598152,46.025814],[10.598088,46.025963],[10.598125,46.026114],[10.597976,46.026178],[10.597767,46.026302],[10.597369,46.026345],[10.597189,46.026401],[10.596897,46.026348],[10.596536,46.026353],[10.596205,46.026419],[10.596128,46.026547],[10.595851,46.026627],[10.595832,46.026583],[10.595732,46.02646],[10.595607,46.026407],[10.595477,46.026497],[10.595174,46.026477],[10.594924,46.026562],[10.594813,46.026539],[10.594672,46.026452],[10.594362,46.026487],[10.594211,46.026658],[10.594013,46.027073],[10.5941,46.02711],[10.594159,46.027135],[10.594321,46.027152],[10.594223,46.027372],[10.594135,46.02753],[10.594144,46.027684],[10.594298,46.027824],[10.594184,46.027937],[10.59463,46.028056],[10.594355,46.028231],[10.594282,46.028456],[10.594669,46.028633],[10.594691,46.028742],[10.594867,46.028806],[10.594158,46.029457],[10.594473,46.029449],[10.594786,46.029506],[10.594423,46.030086],[10.594125,46.030201],[10.593846,46.030415],[10.593647,46.030635],[10.59335,46.030658],[10.592968,46.030845],[10.593038,46.031031],[10.593224,46.031064],[10.593078,46.031696],[10.59259,46.032532],[10.592264,46.032863],[10.591898,46.033108],[10.591989,46.033277],[10.59194,46.033853],[10.591045,46.034236],[10.590492,46.034304],[10.590428,46.034417],[10.590688,46.034632],[10.590877,46.035062],[10.590663,46.035173],[10.590652,46.035367],[10.590459,46.035553],[10.590243,46.03583],[10.589941,46.035809],[10.589692,46.035922],[10.589407,46.035859],[10.589341,46.036],[10.589396,46.036134],[10.589021,46.036223],[10.588907,46.036407],[10.588946,46.036588],[10.588624,46.036663],[10.588092,46.03683],[10.587738,46.036676],[10.587272,46.03664],[10.58695,46.03635],[10.586006,46.03606],[10.585845,46.035888],[10.585684,46.035764],[10.585545,46.035844],[10.584493,46.035464],[10.584386,46.035285],[10.584193,46.035151],[10.584107,46.03498],[10.583013,46.03457],[10.582539,46.034509],[10.582219,46.034265],[10.582087,46.034158],[10.58169,46.034154],[10.581451,46.034137],[10.581223,46.034291],[10.580801,46.034574],[10.580392,46.034855],[10.580179,46.035065],[10.579882,46.035078],[10.579586,46.035237],[10.579308,46.035696],[10.578935,46.03603],[10.578389,46.036062],[10.577594,46.036175],[10.576984,46.036182],[10.576845,46.036587],[10.576629,46.036822],[10.576475,46.0372],[10.576387,46.03749],[10.576229,46.037617],[10.576066,46.037767],[10.576044,46.037875],[10.575864,46.037861],[10.575492,46.037864],[10.575409,46.03777],[10.575242,46.037855],[10.575163,46.037959],[10.575024,46.038008],[10.574991,46.038129],[10.574967,46.038236],[10.575033,46.03835],[10.574969,46.038421],[10.575012,46.038473],[10.575095,46.038558],[10.575124,46.038679],[10.575245,46.038722],[10.575419,46.038898],[10.575694,46.039132],[10.575533,46.039237],[10.57533,46.039218],[10.57511,46.039428],[10.574992,46.039432],[10.574627,46.039685],[10.574574,46.039871],[10.574252,46.039968],[10.573728,46.039819],[10.573204,46.039811],[10.573187,46.040034],[10.572572,46.039848],[10.571964,46.039765],[10.571632,46.039843],[10.571279,46.039744],[10.571097,46.039548]]},"properties":{"id":"e343d73b-63ef-40ef-a64d-0decb5893397","cls":"path","name":"Sentiero avvicinamento Orizzonti Liberi","osm":["w1208888441@5"],"sr":[["unpaved",null,null]],"conn":[["469ec159-4f54-4658-862c-6971dfdc93e1",0.0],["44d5d49a-28be-4517-98f0-6196694dfdbe",1.0]],"access":[{"type":"denied","when":["bicycle"]}]}},{"type":"Feature","geometry":{"type":"LineString","coordinates":[[10.58838,45.968119],[10.588264,45.96798],[10.588438,45.96763],[10.588575,45.967274],[10.588676,45.967122],[10.589014,45.967065],[10.589115,45.967039],[10.589124,45.966906],[10.589069,45.966633],[10.588932,45.966474],[10.588904,45.966359],[10.589078,45.966143],[10.589471,45.965813],[10.589572,45.965673],[10.589627,45.96545],[10.589654,45.965228],[10.589709,45.964999],[10.589828,45.964859],[10.589869,45.96482],[10.589853,45.964762],[10.589752,45.964759],[10.589538,45.964837],[10.589284,45.964891],[10.589103,45.964929],[10.588991,45.964977],[10.588758,45.96508],[10.588566,45.965274],[10.588354,45.965497],[10.588308,45.965581],[10.58823,45.965689],[10.588134,45.965676],[10.588109,45.965608],[10.588109,45.965504],[10.588102,45.965379],[10.588111,45.965177],[10.588102,45.96508],[10.588265,45.964763],[10.588224,45.964595],[10.588174,45.964439],[10.588238,45.964271],[10.588416,45.96415],[10.588668,45.963979],[10.589006,45.96375],[10.589203,45.963645],[10.589267,45.963527],[10.58923,45.963333],[10.589308,45.96314],[10.589317,45.963009],[10.589221,45.962863],[10.589097,45.962704],[10.589134,45.962555],[10.589317,45.962463],[10.589449,45.962332],[10.589449,45.962151],[10.589431,45.961856],[10.589472,45.96176],[10.589399,45.961735],[10.589331,45.961773],[10.589107,45.961903],[10.588832,45.962021],[10.58837,45.962161],[10.5879,45.962466],[10.587662,45.962682],[10.587319,45.962869],[10.5871,45.962936],[10.58683,45.962955],[10.58672,45.962914],[10.586748,45.962768],[10.586839,45.962644],[10.586962,45.962469],[10.586949,45.96232],[10.58694,45.962186],[10.587008,45.96197],[10.587173,45.961741],[10.587278,45.961592],[10.587295,45.961588],[10.587529,45.961538],[10.587772,45.961528],[10.588019,45.961414],[10.588197,45.9613],[10.588348,45.961131],[10.58854,45.96094],[10.588745,45.960613],[10.589152,45.96033],[10.589422,45.960181],[10.589719,45.960027],[10.589965,45.959829],[10.590443,45.95947],[10.591129,45.958813],[10.591387,45.958724],[10.591685,45.958885],[10.592021,45.959137],[10.59215,45.959506],[10.592461,45.959694],[10.592926,45.95991]]},"properties":{"id":"e39932f7-b968-4af0-8d12-f36bf4c05810","cls":"track","osm":["w228887994@2"],"conn":[["215e55be-3039-4e50-9a4c-bc7fc1c493ed",0.0],["668b12be-4edc-4527-a9d0-fd3fc5b4e89c",0.701169],["1d486d69-08c8-4f42-9c05-2ad8127717d1",1.0]],"access":[{"type":"allowed","when":["for_forestry"]}]}},{"type":"Feature","geometry":{"type":"LineString","coordinates":[[10.558354,45.973982],[10.558465,45.973869],[10.558536,45.973811],[10.558712,45.973693],[10.558753,45.973656],[10.558798,45.973588],[10.55883,45.973827],[10.558846,45.97388],[10.558921,45.974005],[10.558935,45.974064],[10.558928,45.974104],[10.558901,45.974133],[10.558868,45.974155],[10.558495,45.974317]]},"properties":{"id":"e4078956-1207-4fd1-b089-acf5c0e50f16","cls":"track","osm":["w82591989@2"],"conn":[["3fd99ccb-5931-4b25-9c7a-852c07c1d9e5",0.0],["af047829-b958-4201-a33e-f6cc2771d6e6",0.358778],["7fd80108-8950-417c-ae9d-3d3b1d0ee117",1.0]]}},{"type":"Feature","geometry":{"type":"LineString","coordinates":[[10.634187,45.990872],[10.634385,45.991022],[10.634775,45.991108],[10.635347,45.991102],[10.635915,45.991067],[10.636603,45.990956],[10.637551,45.990768],[10.637885,45.990662],[10.638002,45.990555],[10.638488,45.990601],[10.638858,45.990586],[10.638974,45.990505],[10.638523,45.990267],[10.638189,45.990175],[10.638189,45.990074],[10.638782,45.99013],[10.639157,45.99013],[10.639952,45.990135],[10.641102,45.989942],[10.641811,45.989801],[10.642181,45.989385],[10.642545,45.989127],[10.64368,45.988879],[10.643774,45.988804],[10.643841,45.988659],[10.64393,45.988495],[10.644134,45.988337],[10.644322,45.988221],[10.644493,45.988093],[10.64474,45.987957],[10.644933,45.987914],[10.645142,45.987858],[10.645287,45.987696],[10.645397,45.987468]]},"properties":{"id":"e45b8c60-4445-40b9-80cf-01569161ae69","cls":"track","name":"Strada forestale Val Ciagla","osm":["w447471173@3"],"sr":[["unpaved",null,null]],"conn":[["7273da6f-4bbf-44f3-8928-a4105641bb04",0.0],["9241356f-5761-4222-945b-9e272b82a97c",1.0]],"access":[{"type":"allowed","when":["foot","bicycle"]},{"type":"allowed","when":["motor_vehicle"]},{"type":"allowed","when":["for_forestry"]}]}},{"type":"Feature","geometry":{"type":"LineString","coordinates":[[10.61634,46.048898],[10.616396,46.049022],[10.616578,46.049036],[10.616867,46.049008],[10.617014,46.049021],[10.617237,46.048991],[10.617392,46.048908],[10.617625,46.048998],[10.618059,46.048973],[10.6185,46.049044],[10.618785,46.049115],[10.619041,46.049077],[10.619497,46.049177],[10.619787,46.049236],[10.620023,46.049274],[10.620299,46.049347],[10.62049,46.049223],[10.621049,46.049387],[10.621633,46.049579],[10.621888,46.049603],[10.622178,46.049749],[10.622329,46.049828],[10.622635,46.049843],[10.622889,46.049922],[10.623189,46.049942],[10.623318,46.049922],[10.623938,46.050059],[10.624031,46.050121],[10.624268,46.050134],[10.624434,46.050169],[10.624614,46.05015],[10.625154,46.050321],[10.62537,46.050372],[10.625584,46.050389],[10.625737,46.050432],[10.625823,46.05051],[10.625839,46.050579],[10.625633,46.050832],[10.625619,46.050962],[10.625718,46.051033],[10.625879,46.051074],[10.626,46.051076],[10.626225,46.050928],[10.626555,46.05072],[10.626673,46.050663],[10.626842,46.050638],[10.627124,46.050689],[10.627473,46.050692],[10.627733,46.050839],[10.627958,46.050888],[10.628098,46.050912],[10.62824,46.050899],[10.628256,46.050983],[10.628213,46.051061],[10.628132,46.051093],[10.62813,46.051195],[10.628165,46.051301],[10.62831,46.051418],[10.628414,46.051431],[10.628838,46.051552],[10.629055,46.051698],[10.629348,46.051826],[10.629318,46.051913],[10.629323,46.051962],[10.629389,46.052051],[10.629381,46.052108],[10.629334,46.052158],[10.629337,46.052189],[10.629392,46.052236],[10.629444,46.052248],[10.629521,46.052299],[10.629487,46.052369],[10.629578,46.052483],[10.629675,46.05255],[10.629962,46.052582],[10.63008,46.052632],[10.630104,46.052703],[10.630144,46.05282],[10.63019,46.052858],[10.630217,46.052948],[10.630155,46.053006],[10.63005,46.053129],[10.629962,46.05319],[10.629951,46.053274],[10.629989,46.053351],[10.630085,46.053369],[10.630155,46.053397],[10.630172,46.053507],[10.630123,46.053583],[10.63001,46.053667],[10.630035,46.053757],[10.630024,46.053773],[10.629983,46.053849],[10.629664,46.054056],[10.629629,46.054117],[10.629562,46.054129],[10.629551,46.054162],[10.629516,46.054173],[10.629498,46.054212],[10.629457,46.054209],[10.629369,46.054255],[10.629309,46.054263],[10.629282,46.054288],[10.629215,46.054311],[10.629183,46.054346],[10.629062,46.054351],[10.629027,46.05437],[10.628826,46.05439],[10.628681,46.054374],[10.628533,46.054358],[10.628413,46.054362],[10.628311,46.054326],[10.628236,46.054287],[10.628187,46.054237],[10.628082,46.054213],[10.628055,46.054254],[10.628063,46.054289],[10.628027,46.054382],[10.627989,46.054407],[10.627972,46.054488],[10.627909,46.054595],[10.627892,46.054638],[10.627963,46.054733],[10.627958,46.054845],[10.627988,46.054896],[10.628024,46.05497],[10.628129,46.055053],[10.628229,46.055049],[10.628336,46.055067],[10.628501,46.055122],[10.628694,46.055286],[10.628799,46.05535],[10.628869,46.055423],[10.629031,46.055485],[10.629071,46.055522],[10.629133,46.055656],[10.629331,46.0557],[10.629577,46.05577],[10.629753,46.055842],[10.629962,46.055942],[10.630069,46.056029],[10.630115,46.056142],[10.630088,46.056228],[10.630049,46.056309],[10.630049,46.056373],[10.630022,46.056443],[10.630046,46.056493],[10.630099,46.056587],[10.630166,46.056721],[10.630345,46.056836],[10.630437,46.056942],[10.630496,46.056991],[10.630774,46.057069],[10.630913,46.057079],[10.631095,46.057107],[10.631366,46.057048],[10.631548,46.056986],[10.63165,46.057024],[10.631922,46.056936],[10.632102,46.056859],[10.632132,46.056829],[10.632191,46.05683],[10.632272,46.056871],[10.632317,46.056862],[10.632488,46.05694],[10.632559,46.057084],[10.632627,46.057133],[10.632679,46.057203],[10.63268,46.057342],[10.632636,46.057402],[10.632651,46.057581],[10.632612,46.057691],[10.632487,46.057793],[10.632516,46.057881],[10.63259,46.057903],[10.632625,46.05793],[10.632597,46.057939],[10.632665,46.058008],[10.632521,46.058115],[10.632503,46.058165],[10.632526,46.058198],[10.632716,46.058241],[10.632773,46.058268],[10.632985,46.058245],[10.633033,46.058249],[10.633209,46.058208],[10.633214,46.058174],[10.633336,46.058141],[10.633359,46.058112],[10.633531,46.058034],[10.63353,46.058053],[10.633477,46.058142],[10.633564,46.058183],[10.633517,46.058278],[10.633559,46.058299],[10.633529,46.058358],[10.633575,46.058486],[10.633592,46.058562],[10.633551,46.058633],[10.633546,46.058736],[10.633552,46.058833],[10.633623,46.058909],[10.633715,46.058937],[10.633815,46.05901],[10.63386,46.059046],[10.633938,46.059036],[10.633993,46.059033],[10.634035,46.058997],[10.63406,46.058962],[10.63419,46.058937],[10.634247,46.058946],[10.634335,46.058891],[10.634371,46.058853],[10.634412,46.05883],[10.63442,46.058765],[10.634472,46.058751],[10.634514,46.058776],[10.634609,46.058764],[10.63467,46.058763],[10.634743,46.058715],[10.634877,46.058595],[10.635015,46.058554],[10.635066,46.058593],[10.635122,46.058618],[10.635134,46.058685],[10.635126,46.058721],[10.635175,46.058758],[10.635183,46.058805],[10.635242,46.058847],[10.635297,46.058825],[10.635325,46.058862],[10.635455,46.059023],[10.635466,46.059088],[10.635545,46.059141],[10.635632,46.059155],[10.635715,46.059207],[10.635817,46.059251],[10.635999,46.059265],[10.636175,46.059282],[10.636273,46.059257],[10.636311,46.059251],[10.636366,46.059187],[10.636867,46.059041],[10.637042,46.059054],[10.637094,46.058979],[10.637084,46.05896],[10.637237,46.058912],[10.637211,46.058881],[10.637224,46.058849],[10.637353,46.05888],[10.637391,46.05887],[10.637398,46.0589],[10.637491,46.05892],[10.637562,46.058852],[10.637609,46.058858],[10.63764,46.05888],[10.637759,46.058912],[10.637774,46.058885],[10.637801,46.058864],[10.637785,46.058773],[10.637798,46.05875],[10.637853,46.058764],[10.637897,46.058759],[10.637948,46.05872],[10.63801,46.05871],[10.638037,46.05871],[10.638054,46.058766],[10.638248,46.058833],[10.638286,46.058823],[10.638391,46.058874],[10.638438,46.058867],[10.638487,46.058911],[10.638513,46.058987],[10.638619,46.059024]]},"properties":{"id":"e45f6cef-c59d-4e3a-971a-31cf5893d88c","cls":"path","osm":["w370329569@4"],"conn":[["2f8be7fd-782f-4b7c-839c-f771ad41cfbc",0.0],["75f8faa9-6a0c-4fbf-9f6d-68279f33f47c",0.389241],["cf46031e-9611-49d7-8f0c-fccfe19fae14",1.0]]}},{"type":"Feature","geometry":{"type":"LineString","coordinates":[[10.619817,45.953575],[10.619452,45.953512],[10.618929,45.953506],[10.618316,45.953397],[10.61769,45.953391],[10.617333,45.953538],[10.616962,45.953704],[10.616183,45.953806],[10.615098,45.953933],[10.614948,45.953922],[10.614701,45.953883],[10.61446,45.953863],[10.614,45.953876],[10.613125,45.954106],[10.612276,45.95415],[10.611683,45.954182],[10.611485,45.954189],[10.611478,45.954259],[10.61188,45.954297],[10.612595,45.95431],[10.612966,45.954336],[10.613266,45.95447],[10.613674,45.954502],[10.613879,45.954546],[10.613885,45.954636],[10.613559,45.954731],[10.612768,45.954757],[10.611791,45.954878],[10.611491,45.954923],[10.611485,45.955031],[10.611778,45.955051],[10.6119,45.955051],[10.611912,45.955114],[10.611753,45.955242],[10.611204,45.955676],[10.610731,45.95583],[10.610003,45.955868],[10.609391,45.955989],[10.608905,45.956053],[10.608369,45.956206],[10.60805,45.956647],[10.60805,45.956966],[10.608267,45.957291],[10.608395,45.957617],[10.608261,45.957968],[10.608178,45.958134],[10.608356,45.958345],[10.608503,45.958466],[10.608586,45.958785],[10.60835,45.959098],[10.608095,45.959245],[10.607092,45.959405],[10.606716,45.959494],[10.606173,45.959558],[10.605841,45.95943],[10.605375,45.959105],[10.604807,45.9589],[10.604162,45.958843],[10.603721,45.95892],[10.603536,45.959232],[10.603089,45.959564],[10.602381,45.959941],[10.60211,45.959993],[10.601984,45.95998],[10.601878,45.959926],[10.601686,45.959846],[10.601461,45.959858],[10.601168,45.959979],[10.6008,45.96019],[10.600661,45.960282],[10.600517,45.960362],[10.600189,45.960486],[10.599967,45.960611],[10.599578,45.961403],[10.599431,45.961748],[10.599099,45.961933],[10.59901,45.962156],[10.598997,45.96238],[10.59871,45.962807],[10.59802,45.963133],[10.597669,45.963267],[10.597503,45.963344],[10.597522,45.96365],[10.597488,45.963804],[10.597471,45.96388],[10.597267,45.963957],[10.596724,45.963848],[10.596392,45.963791],[10.595633,45.963963],[10.595479,45.964072],[10.595403,45.964282],[10.595441,45.964512],[10.595186,45.96478],[10.594445,45.964889],[10.594024,45.964984],[10.593372,45.96517],[10.592811,45.965285],[10.592638,45.965233],[10.592594,45.964984],[10.592536,45.96441],[10.59237,45.964346],[10.592089,45.964365],[10.591789,45.964544],[10.591342,45.965068],[10.590953,45.965457],[10.590557,45.965872],[10.590334,45.966],[10.590129,45.966249],[10.589695,45.966606],[10.589472,45.96681],[10.589536,45.967034],[10.589561,45.967206],[10.589401,45.967321],[10.588987,45.967398],[10.588718,45.967583],[10.588431,45.967953],[10.58838,45.968119],[10.588623,45.968419],[10.588929,45.968898],[10.588942,45.969313],[10.588897,45.969581],[10.589121,45.96992],[10.589006,45.9702],[10.588699,45.970667],[10.588397,45.971036],[10.588437,45.971146],[10.588826,45.971126],[10.589574,45.971266],[10.590123,45.971545],[10.590243,45.972194],[10.590163,45.972662],[10.590402,45.973042],[10.590682,45.973321],[10.590732,45.97374],[10.590689,45.973908],[10.590632,45.974129],[10.590662,45.974368],[10.590251,45.974703],[10.589505,45.974837],[10.588946,45.975017],[10.588467,45.974867],[10.587679,45.974807],[10.587021,45.974847],[10.586512,45.974757],[10.585415,45.974688],[10.584627,45.974478],[10.584028,45.974079],[10.583789,45.974009],[10.58327,45.974089],[10.582951,45.974079],[10.582641,45.974069],[10.582412,45.974289],[10.582093,45.974588],[10.581704,45.974787],[10.581494,45.974727],[10.581185,45.974109],[10.580856,45.97388],[10.579938,45.97376],[10.579629,45.97376],[10.579449,45.973889],[10.579449,45.974298],[10.57932,45.974588],[10.57913,45.975007],[10.57912,45.975715],[10.579,45.976034],[10.578442,45.976154],[10.577784,45.976304],[10.577624,45.976413],[10.577813,45.976802],[10.578143,45.977092],[10.578252,45.977311],[10.578252,45.9775],[10.578362,45.977919],[10.578162,45.978219],[10.577983,45.978698],[10.577644,45.978658],[10.577285,45.978448],[10.576836,45.978349],[10.576367,45.978089],[10.575938,45.978059],[10.575649,45.977939],[10.57521,45.97784],[10.574741,45.97783],[10.574083,45.977531],[10.573474,45.977291],[10.572746,45.977371],[10.572187,45.97761],[10.571758,45.97786],[10.571569,45.978039],[10.57108,45.978299],[10.570901,45.978608],[10.570811,45.979007],[10.570581,45.979915],[10.570362,45.980503],[10.570481,45.981072],[10.570741,45.98167],[10.570672,45.981704],[10.570472,45.9818],[10.570043,45.98168],[10.569703,45.981381],[10.569045,45.981062],[10.568576,45.980982],[10.567838,45.980872],[10.56707,45.980673],[10.566212,45.980812],[10.565494,45.981062],[10.565035,45.981541],[10.564756,45.982229],[10.564785,45.983027],[10.565025,45.983705],[10.565663,45.984583],[10.566521,45.985471],[10.5671,45.986139],[10.568038,45.986967],[10.569115,45.987845],[10.570362,45.989002],[10.570591,45.989641],[10.570901,45.98972],[10.57122,45.9899],[10.57105,45.990159],[10.570901,45.990359],[10.57107,45.991406],[10.571003,45.991568]]},"properties":{"id":"e4ac70c8-b920-4bab-b58b-22b5b0928713","cls":"track","osm":["w1326318308@1","w1326318309@1","w1326318310@1","w1326318311@1","w424530993@1","w59700332@10"],"fr":[["is_bridge",0.316653,0.317562],["is_bridge",0.807723,0.808415]],"conn":[["f6a74f36-a45b-4e0b-9c08-35cff3fd3ba6",0.0],["ee87fa89-ca12-4306-9926-0027861704c9",0.041643],["7ec5f4c8-d295-4f31-ade3-ac410082e4ab",0.178938],["215e55be-3039-4e50-9a4c-bc7fc1c493ed",0.436599],["16dbd487-a324-4170-aeb6-4482f6b88de4",1.0]]}},{"type":"Feature","geometry":{"type":"LineString","coordinates":[[10.509747,46.047047],[10.509904,46.047116],[10.51008,46.047211],[10.510234,46.047313],[10.510322,46.047413],[10.510408,46.047458],[10.510652,46.047507],[10.510796,46.047566],[10.510923,46.047607],[10.511041,46.047615],[10.511197,46.047611],[10.511291,46.047577],[10.511413,46.047463]]},"properties":{"id":"e51e23c0-afa2-4a90-ad70-a2400c34e308","cls":"service","osm":["w63585177@3"],"sr":[["paved",null,null]],"conn":[["8848b197-3817-4124-9da7-9cb44f8a3488",0.0],["ac41849f-589b-4b08-9a82-e24249ac1e71",1.0]]}},{"type":"Feature","geometry":{"type":"LineString","coordinates":[[10.467538,45.943635],[10.467529,45.9437],[10.467435,45.943733],[10.467276,45.943713],[10.467155,45.943798],[10.467141,45.943909],[10.4672,45.944178],[10.467148,45.94419],[10.46701,45.944399],[10.466874,45.944399],[10.466767,45.94452],[10.466742,45.944572],[10.466732,45.944668],[10.46671,45.944719],[10.466658,45.944716],[10.466618,45.9447],[10.466568,45.944666],[10.466521,45.944642],[10.466483,45.944631],[10.466444,45.944621],[10.466394,45.944613],[10.466358,45.944628],[10.46635,45.944661],[10.466359,45.944688],[10.466365,45.944797],[10.466307,45.944935],[10.466271,45.944978],[10.466252,45.944987],[10.466217,45.944987],[10.466196,45.944997],[10.466195,45.94502],[10.466211,45.945053],[10.466162,45.945141],[10.466131,45.945184],[10.466135,45.945201],[10.466177,45.945248],[10.466184,45.945302],[10.466212,45.945335],[10.466263,45.945365],[10.466287,45.945398],[10.466301,45.945474],[10.46632,45.945498],[10.466349,45.945503],[10.466392,45.945507],[10.466454,45.945472],[10.466512,45.945409],[10.466571,45.945379],[10.466618,45.945371],[10.466667,45.945392],[10.466931,45.945652],[10.467232,45.945946],[10.467302,45.94597],[10.467396,45.945991],[10.467456,45.946041],[10.467502,45.946095],[10.467604,45.946125],[10.467847,45.946317],[10.468109,45.94646],[10.468176,45.946517],[10.468232,45.946604],[10.46827,45.946658],[10.46853,45.946886],[10.468605,45.947],[10.468612,45.94718],[10.468704,45.947342],[10.468776,45.947441],[10.468871,45.947516],[10.469067,45.947704],[10.469224,45.947796],[10.469381,45.948033],[10.469467,45.948161],[10.469543,45.948333],[10.469589,45.948419],[10.469759,45.948639],[10.469836,45.948845],[10.470043,45.949054],[10.470206,45.949341],[10.470261,45.949459],[10.470271,45.949641],[10.470444,45.950037],[10.470613,45.950409],[10.470597,45.950725],[10.470511,45.950826],[10.470398,45.951407],[10.470427,45.951533],[10.470639,45.951681],[10.470708,45.951726],[10.470665,45.951745],[10.470524,45.951765],[10.470463,45.951811],[10.47055,45.951905],[10.470551,45.95194],[10.470401,45.951924],[10.470374,45.951939],[10.470376,45.951983],[10.470442,45.952035],[10.470348,45.952073],[10.470237,45.952165],[10.470144,45.952167],[10.470095,45.952149],[10.470048,45.952171],[10.469933,45.952225],[10.469829,45.952361],[10.469833,45.952435],[10.470017,45.952464],[10.470087,45.952688],[10.470112,45.952765],[10.46991,45.953061],[10.469942,45.953155],[10.469957,45.953207],[10.470102,45.953205],[10.470234,45.953341],[10.470419,45.953412],[10.470512,45.953591],[10.470357,45.953835],[10.470349,45.953952],[10.470267,45.954144],[10.470247,45.954296],[10.469978,45.954372],[10.469831,45.954645],[10.469821,45.954819],[10.469827,45.954878],[10.469899,45.954896],[10.470012,45.95481],[10.470059,45.954827],[10.470027,45.954901],[10.470052,45.954961],[10.470054,45.955029],[10.470035,45.955183],[10.469972,45.95539],[10.470078,45.955692],[10.470161,45.955782],[10.470266,45.955657],[10.470361,45.955624],[10.470493,45.95562],[10.470609,45.955691],[10.470762,45.95586],[10.470822,45.955992],[10.471012,45.956128],[10.471328,45.956098],[10.471423,45.956137],[10.471309,45.956185],[10.471313,45.956274],[10.471621,45.956385],[10.471757,45.956522],[10.471841,45.956606],[10.471912,45.956657],[10.471826,45.956751],[10.472056,45.956892],[10.472064,45.956897],[10.471853,45.956999],[10.472142,45.957071],[10.47243,45.95712],[10.472521,45.957409],[10.472888,45.957745],[10.472805,45.957829],[10.472873,45.958138],[10.473101,45.958384],[10.473316,45.958525],[10.473511,45.958657],[10.473665,45.95886],[10.474195,45.959355],[10.474237,45.959477],[10.474202,45.959768],[10.474271,45.959905],[10.47429,45.959986],[10.47436,45.960047],[10.474536,45.960139],[10.474829,45.960217],[10.47496,45.960223],[10.475064,45.960268],[10.475137,45.960297],[10.47533,45.960312],[10.475466,45.960502],[10.475497,45.960642]]},"properties":{"id":"e6217481-ef64-4edf-9148-cad632823c96","cls":"path","osm":["w40970123@29"],"conn":[["c331aa7d-482e-4015-8fd5-14c75b0d6847",0.0],["11a7b3ec-ac78-4e9b-860f-d9d2fbbdcb7b",0.780464],["a767ff84-8502-4a02-bdab-24b84bde3377",1.0]],"access":[{"type":"allowed","when":["motor_vehicle"]}]}},{"type":"Feature","geometry":{"type":"LineString","coordinates":[[10.415829,46.098999],[10.415907,46.099056],[10.415975,46.099093],[10.416127,46.099115],[10.416433,46.099196],[10.416635,46.099271],[10.416711,46.099282],[10.416784,46.099302],[10.417037,46.099384],[10.4171,46.099393],[10.417144,46.099414],[10.417225,46.099449],[10.417301,46.099499],[10.417477,46.099534],[10.4176,46.099573],[10.417662,46.099588],[10.41778,46.099653],[10.417879,46.099681],[10.417945,46.099748],[10.41805,46.099774],[10.418179,46.09979],[10.418323,46.099851],[10.418336,46.099851],[10.418414,46.099868],[10.418544,46.099885],[10.418648,46.099892],[10.418739,46.099927],[10.418791,46.099935],[10.41883,46.099953],[10.418973,46.09996],[10.419115,46.099958],[10.41918,46.099975],[10.419414,46.100018],[10.419479,46.100044],[10.419623,46.100078],[10.419688,46.100113],[10.419754,46.100157],[10.419768,46.100175],[10.419833,46.100219],[10.42004,46.100243],[10.420367,46.100252],[10.420504,46.100286],[10.420642,46.100256],[10.42074,46.100293],[10.420818,46.100295],[10.420911,46.100306],[10.421007,46.100334],[10.421144,46.100367],[10.421246,46.100431],[10.421344,46.100468],[10.421488,46.100474],[10.421588,46.10052],[10.421682,46.100539],[10.421713,46.100564],[10.42177,46.100595],[10.421829,46.100636],[10.422089,46.100704],[10.422156,46.100717],[10.422185,46.100732],[10.422251,46.100736],[10.422421,46.100812],[10.422464,46.100836],[10.42252,46.100858],[10.422744,46.100861],[10.422908,46.100896],[10.423086,46.100873],[10.423151,46.100908],[10.423274,46.100876],[10.423417,46.100929],[10.423533,46.100909],[10.423637,46.100944],[10.423677,46.10097],[10.423808,46.101032],[10.4239,46.101103],[10.424021,46.101172],[10.424078,46.10118],[10.424273,46.101224],[10.424326,46.101223],[10.424387,46.101239],[10.424411,46.101233],[10.424495,46.101273],[10.424586,46.101264],[10.424711,46.101291],[10.424797,46.101262],[10.424939,46.101243],[10.425017,46.101242],[10.425043,46.10125],[10.425135,46.101303],[10.425303,46.101328],[10.425795,46.101322],[10.425925,46.101365],[10.426237,46.101397],[10.426263,46.101406],[10.426342,46.101459],[10.426342,46.101468],[10.426471,46.10143],[10.426483,46.10143],[10.426483,46.101421],[10.426573,46.101416],[10.426627,46.101403],[10.426645,46.10139],[10.42669,46.101382],[10.42669,46.10137],[10.426754,46.10135],[10.42678,46.10133],[10.426791,46.101303],[10.426833,46.101302],[10.426872,46.101293],[10.426988,46.101282],[10.427105,46.10129],[10.427221,46.101306],[10.427248,46.101324],[10.427306,46.101288],[10.427406,46.101293],[10.427475,46.101265],[10.427552,46.101246],[10.427733,46.101226],[10.427825,46.10127],[10.42791,46.101283],[10.428024,46.101308],[10.428149,46.101328],[10.428339,46.101351],[10.42839,46.10134],[10.428556,46.101361],[10.428643,46.101367],[10.428722,46.10138],[10.428812,46.101366],[10.429001,46.101227],[10.429169,46.101233],[10.429208,46.101251],[10.429336,46.101195],[10.42948,46.101071],[10.429607,46.101025],[10.429824,46.101109],[10.429876,46.101108],[10.429888,46.101072],[10.429887,46.101045],[10.429926,46.101035],[10.430029,46.101025],[10.430042,46.101016],[10.430068,46.101025],[10.430067,46.100998],[10.430106,46.100988],[10.430105,46.100961],[10.430183,46.10096],[10.430182,46.100942],[10.430234,46.100932],[10.430376,46.100922],[10.430401,46.100903],[10.430491,46.100884],[10.430569,46.100892],[10.430647,46.100909],[10.430841,46.100889],[10.430854,46.100898],[10.430956,46.100851],[10.431085,46.10085],[10.431111,46.10084],[10.431162,46.100831],[10.431228,46.100866],[10.431215,46.100866],[10.431268,46.100893],[10.431333,46.10091],[10.431552,46.101019],[10.431592,46.101015],[10.43172,46.10103],[10.431805,46.101059],[10.431919,46.101072],[10.432092,46.101066],[10.432134,46.101053],[10.43216,46.101056],[10.4322,46.101051],[10.432313,46.101074],[10.432319,46.101102],[10.432386,46.101147],[10.432418,46.101178],[10.432965,46.101429],[10.433134,46.101463],[10.433122,46.101481],[10.433135,46.101507],[10.433187,46.101516],[10.433214,46.101534],[10.433201,46.101534],[10.433214,46.10156],[10.433222,46.101597],[10.433271,46.101661],[10.433276,46.101689],[10.433292,46.101714],[10.433317,46.101815],[10.433314,46.101875],[10.433308,46.101887],[10.433289,46.101938],[10.433379,46.101992],[10.433453,46.102018],[10.433478,46.102059],[10.433376,46.102097],[10.433422,46.102151],[10.43351,46.102178],[10.433641,46.10214],[10.433747,46.102131],[10.433735,46.102167],[10.433749,46.102227],[10.433795,46.102233],[10.433832,46.102259],[10.434017,46.102334],[10.434201,46.102435],[10.434358,46.102491],[10.434459,46.10251],[10.434551,46.102535],[10.434588,46.102535],[10.434652,46.102553],[10.434735,46.102585],[10.434781,46.102591],[10.434845,46.10261],[10.434891,46.102616],[10.434964,46.102615],[10.43501,46.102622],[10.435039,46.102628],[10.435102,46.102615],[10.435122,46.102603],[10.435169,46.1026],[10.435239,46.102576],[10.435303,46.102582],[10.435318,46.102627],[10.435341,46.102671],[10.435377,46.102645],[10.435441,46.102613],[10.435495,46.102575],[10.435522,46.102543],[10.435564,46.10257],[10.435606,46.102598],[10.435693,46.102616],[10.435746,46.102618],[10.435815,46.102662],[10.435856,46.102691],[10.435873,46.102727],[10.435896,46.102735],[10.435894,46.102775],[10.435887,46.102823],[10.435831,46.102955],[10.435714,46.103109],[10.435703,46.103166],[10.435715,46.10319],[10.435709,46.103218],[10.435681,46.103258],[10.435698,46.103274],[10.435669,46.103363],[10.435669,46.103381],[10.435696,46.103399],[10.435737,46.10348],[10.435991,46.103563],[10.436146,46.103546],[10.436285,46.103473],[10.436338,46.103421],[10.436455,46.103402],[10.436521,46.103428],[10.436573,46.103436],[10.436706,46.103411],[10.436764,46.10339],[10.436837,46.103398],[10.436893,46.103441],[10.436943,46.103488],[10.436991,46.10353],[10.437019,46.103584],[10.437028,46.103626],[10.43706,46.103656],[10.43709,46.103673],[10.437132,46.103708],[10.437144,46.103745],[10.43718,46.103773],[10.437167,46.103807],[10.437194,46.103825],[10.437246,46.103842],[10.437286,46.103877],[10.437312,46.103886],[10.437378,46.103957],[10.437366,46.103966],[10.437406,46.10402],[10.437458,46.104055],[10.437498,46.104091],[10.437511,46.104091],[10.437512,46.104118],[10.437578,46.104171],[10.437605,46.104197],[10.437656,46.104206],[10.437696,46.104223],[10.437749,46.104268],[10.437801,46.104294],[10.437827,46.104303],[10.437827,46.104312],[10.437854,46.104329],[10.437893,46.104347],[10.43792,46.104373],[10.437894,46.104392],[10.43792,46.1044],[10.437946,46.1044],[10.437967,46.104429],[10.438001,46.104459],[10.43807,46.104502],[10.43808,46.104507],[10.438091,46.104526],[10.438122,46.104556],[10.43814,46.104585],[10.438263,46.10463],[10.438302,46.104657],[10.438315,46.104656],[10.438342,46.104692],[10.438394,46.1047],[10.438395,46.104736],[10.438369,46.104755],[10.43837,46.104764],[10.438384,46.1048],[10.43841,46.104808],[10.438436,46.104826],[10.438424,46.104853],[10.438591,46.104951],[10.438667,46.10506],[10.438734,46.105196],[10.438814,46.105384],[10.438872,46.10554],[10.439095,46.105722],[10.439164,46.105794],[10.439193,46.105844],[10.439206,46.105852],[10.439254,46.105901],[10.439267,46.105919],[10.439255,46.105964],[10.439256,46.105982],[10.439232,46.106054],[10.439194,46.1061],[10.439261,46.106189],[10.43925,46.106252],[10.439396,46.106394],[10.439422,46.106403],[10.439464,46.10651],[10.43949,46.106537],[10.439544,46.106617],[10.439572,46.10668],[10.439587,46.10677],[10.439538,46.106887],[10.439539,46.106905],[10.439566,46.106941],[10.439567,46.107013],[10.439517,46.107086],[10.439531,46.107085],[10.439531,46.107121],[10.43961,46.107174],[10.439587,46.107274],[10.439601,46.107301],[10.439589,46.107337],[10.439667,46.107372],[10.439681,46.107399],[10.439682,46.107435],[10.439305,46.107609],[10.439319,46.107654],[10.439398,46.107725],[10.439386,46.10777],[10.439453,46.10785],[10.439455,46.107922],[10.439509,46.108002],[10.439549,46.108047],[10.439627,46.108064],[10.43964,46.108072],[10.439731,46.108071],[10.439886,46.108078],[10.43999,46.108086],[10.440042,46.108094],[10.440147,46.108147],[10.440239,46.1082],[10.440435,46.108278],[10.440448,46.108278],[10.440591,46.108322],[10.440702,46.108328],[10.440708,46.10834],[10.440771,46.108393],[10.440765,46.108421],[10.440858,46.108433],[10.440857,46.108493],[10.440896,46.108516],[10.440956,46.108538],[10.440979,46.108566],[10.44106,46.108534],[10.441123,46.108546],[10.44117,46.108562],[10.441181,46.108606],[10.441233,46.108635],[10.441268,46.108647],[10.441308,46.108671],[10.441389,46.108739],[10.441417,46.108779],[10.441458,46.108784],[10.441573,46.108824],[10.441625,46.108832],[10.44166,46.108824],[10.441874,46.108828],[10.441984,46.108756],[10.442041,46.108417],[10.442277,46.108152],[10.442674,46.108162],[10.443108,46.108445],[10.443353,46.10857],[10.443667,46.10859],[10.443777,46.108578],[10.443942,46.1085],[10.444018,46.108442],[10.444152,46.108433],[10.444262,46.108489],[10.444276,46.108581],[10.444527,46.108781],[10.444554,46.10879],[10.444567,46.108807],[10.444659,46.108878],[10.444673,46.108905],[10.4447,46.108941],[10.444767,46.10903],[10.444807,46.109074],[10.444861,46.109155],[10.444888,46.109217],[10.44489,46.109262],[10.444903,46.10928],[10.444955,46.109298],[10.444968,46.109306],[10.445059,46.109332],[10.445178,46.109421],[10.445231,46.109447],[10.445297,46.109491],[10.445362,46.109526],[10.445415,46.10958],[10.445521,46.109659],[10.445587,46.109704],[10.445626,46.109703],[10.445652,46.109712],[10.445755,46.109719],[10.445846,46.109718],[10.445885,46.109736],[10.445989,46.109726],[10.446066,46.109707],[10.44613,46.109706],[10.446285,46.109677],[10.446389,46.109693],[10.446427,46.109675],[10.446466,46.109692],[10.446505,46.109692],[10.44653,46.109656],[10.446581,46.109619],[10.446633,46.109636],[10.446685,46.109627],[10.446762,46.109626],[10.44684,46.109634],[10.446879,46.109633],[10.446904,46.109606],[10.446942,46.109587],[10.446968,46.109587],[10.447033,46.109595],[10.447098,46.109612],[10.447163,46.109603],[10.447254,46.109619],[10.447306,46.109619],[10.447436,46.109653],[10.447592,46.109669],[10.44763,46.10966],[10.44776,46.109667],[10.447837,46.109666],[10.447838,46.109675],[10.44789,46.10971],[10.447956,46.109736],[10.448009,46.109799],[10.448011,46.109862],[10.447999,46.109907],[10.447974,46.109952],[10.448002,46.110024],[10.448029,46.11006],[10.448016,46.110078],[10.447966,46.110123],[10.447915,46.110151],[10.447826,46.110215],[10.447775,46.110234],[10.447763,46.110288],[10.447776,46.110306],[10.447791,46.110351],[10.44783,46.110386],[10.447858,46.110449],[10.447834,46.110512],[10.447887,46.110565],[10.4479,46.110565],[10.447901,46.11061],[10.447889,46.110646],[10.44789,46.1107],[10.447905,46.110772],[10.447909,46.110916],[10.447923,46.110943],[10.447923,46.110979],[10.447912,46.111024],[10.447912,46.111042],[10.447952,46.111078],[10.447966,46.111104],[10.447955,46.111195],[10.448037,46.111356],[10.448026,46.111455],[10.448015,46.1115],[10.448016,46.111554],[10.448005,46.111608],[10.447967,46.111653],[10.447943,46.111708],[10.447957,46.111753],[10.447958,46.111798],[10.447985,46.111842],[10.447973,46.111896],[10.448001,46.11195],[10.448002,46.111995],[10.448042,46.112039],[10.448082,46.112102],[10.44811,46.112183],[10.448137,46.112218],[10.448229,46.11228],[10.448282,46.112324],[10.448348,46.112369],[10.448362,46.112413],[10.448389,46.112449],[10.448521,46.112564],[10.448553,46.112632],[10.448576,46.112681],[10.448593,46.112833],[10.448647,46.112914],[10.448752,46.112957],[10.448804,46.112966],[10.448856,46.112983],[10.448883,46.113019],[10.448949,46.113072],[10.448963,46.113117],[10.448952,46.11318],[10.448952,46.113207],[10.44894,46.113216],[10.448942,46.113324],[10.448998,46.113467],[10.449026,46.113557],[10.449053,46.113602],[10.449054,46.113638],[10.44903,46.11371],[10.449034,46.113845],[10.449048,46.113908],[10.449037,46.113971],[10.448998,46.113971],[10.448935,46.114026],[10.448885,46.114099],[10.448873,46.114144],[10.448901,46.114207],[10.448877,46.114279],[10.448754,46.114514],[10.448716,46.114551],[10.448641,46.114642],[10.448617,46.114714],[10.448579,46.114778],[10.448529,46.114823],[10.448593,46.114822],[10.448556,46.114877],[10.448556,46.114886],[10.448505,46.114914],[10.44843,46.114986],[10.448379,46.115023],[10.448357,46.115167],[10.448306,46.115213],[10.448282,46.115267],[10.448207,46.115367],[10.448208,46.115421],[10.448196,46.115457],[10.448171,46.115503],[10.448059,46.115648],[10.448059,46.115666],[10.448084,46.115621],[10.448109,46.115603],[10.447976,46.115946],[10.447976,46.115964],[10.44799,46.116009],[10.447915,46.116082],[10.447915,46.116109],[10.447852,46.116146],[10.447944,46.116199],[10.44801,46.116252],[10.448063,46.116314],[10.448063,46.116305],[10.44809,46.116332],[10.448038,46.116359],[10.44804,46.116404],[10.448105,46.116413],[10.448093,46.116449],[10.448119,46.116475],[10.448107,46.116512],[10.448159,46.116529],[10.448173,46.116538],[10.448201,46.116645],[10.448243,46.116744],[10.448193,46.116825],[10.448212,46.116852],[10.448207,46.116861],[10.448223,46.116887],[10.448228,46.116895],[10.448293,46.11695],[10.448315,46.116969],[10.448327,46.116995],[10.448355,46.117049],[10.448355,46.117076],[10.448343,46.117112],[10.448321,46.117132],[10.448277,46.117147],[10.448258,46.11717],[10.448206,46.11718],[10.448129,46.117208],[10.448066,46.117254],[10.448054,46.117308],[10.44803,46.117362],[10.447991,46.117372],[10.447991,46.117381],[10.447927,46.117382],[10.447849,46.117391],[10.447824,46.11741],[10.447746,46.117411],[10.447708,46.117438],[10.44767,46.117475],[10.447619,46.117485],[10.447607,46.117548],[10.447557,46.117593],[10.447519,46.117639],[10.44752,46.117648],[10.447507,46.117657],[10.447495,46.117693],[10.447393,46.117766],[10.447341,46.117767],[10.447328,46.117758],[10.447328,46.117749],[10.447315,46.117749],[10.447315,46.117758],[10.447277,46.117768],[10.447199,46.117769],[10.447096,46.117779],[10.447045,46.117825],[10.446996,46.117915],[10.446932,46.117961],[10.446868,46.11798],[10.446818,46.118044],[10.446755,46.118089],[10.446626,46.118109],[10.446587,46.118128],[10.446484,46.118147],[10.446407,46.118157],[10.446318,46.118221],[10.446149,46.118178],[10.446098,46.118224],[10.446033,46.118225],[10.445969,46.118243],[10.445957,46.118262],[10.445776,46.118282],[10.445763,46.1183],[10.445699,46.118328],[10.445545,46.118348],[10.445467,46.118331],[10.445429,46.118376],[10.445377,46.118368],[10.445365,46.118422],[10.445327,46.11844],[10.445302,46.118459],[10.445237,46.11846],[10.445186,46.118478],[10.445123,46.118569],[10.44506,46.118615],[10.445047,46.118606],[10.44506,46.118624],[10.445101,46.118722],[10.445024,46.118741],[10.444935,46.118778],[10.444923,46.118806],[10.444885,46.11886],[10.444872,46.118869],[10.444823,46.118951],[10.444836,46.118978],[10.444824,46.118987],[10.444811,46.118987],[10.444798,46.118996],[10.444734,46.119006],[10.444642,46.11898],[10.444526,46.118973],[10.44441,46.11901],[10.444335,46.119071],[10.444297,46.119147],[10.444285,46.119183],[10.444287,46.119232],[10.444265,46.11927],[10.444222,46.119317],[10.444172,46.11938],[10.444136,46.119425],[10.444122,46.11947],[10.444057,46.119618],[10.444029,46.119647],[10.443953,46.119683],[10.443916,46.119695],[10.443879,46.119694],[10.443802,46.119698],[10.443677,46.119712],[10.443572,46.11968],[10.443499,46.119674],[10.443419,46.119644],[10.443353,46.11964],[10.443246,46.119641],[10.443116,46.119638],[10.443029,46.119652],[10.442976,46.119653],[10.442825,46.119667],[10.442759,46.119666],[10.442593,46.119605],[10.442455,46.11963],[10.442309,46.119601],[10.442227,46.119582],[10.442197,46.119564],[10.442145,46.11948],[10.442127,46.119478],[10.442105,46.119456],[10.442054,46.119436],[10.442043,46.119409],[10.44198,46.119383],[10.441947,46.119406],[10.441936,46.119421],[10.441922,46.119434],[10.441909,46.119425],[10.441883,46.119416],[10.441831,46.119417],[10.44178,46.119406],[10.441739,46.119355],[10.441713,46.119346],[10.441686,46.11932],[10.441621,46.119312],[10.44157,46.11933],[10.441545,46.119349],[10.441532,46.119349],[10.441526,46.119344],[10.441505,46.119322],[10.441388,46.119287],[10.44131,46.119279],[10.441155,46.11929],[10.44109,46.119282],[10.440948,46.119293],[10.44091,46.119312],[10.440794,46.11934],[10.44073,46.119368],[10.44064,46.119387],[10.440498,46.119407],[10.440408,46.119426],[10.44033,46.119436],[10.440228,46.119491],[10.440177,46.119501],[10.440048,46.119547],[10.439985,46.119584],[10.439908,46.119612],[10.43974,46.11965],[10.439613,46.119715],[10.439394,46.119772],[10.439291,46.119791],[10.439085,46.119839],[10.438984,46.11993],[10.438972,46.119966],[10.438947,46.119984],[10.438935,46.120011],[10.438897,46.120048],[10.438923,46.120084],[10.438873,46.120111],[10.438873,46.12012],[10.438835,46.120157],[10.438758,46.120176],[10.438772,46.120221],[10.438606,46.120313],[10.438555,46.120358],[10.438544,46.12043],[10.438519,46.120455],[10.438584,46.120484],[10.438636,46.120483],[10.43865,46.120519],[10.438689,46.120528],[10.43869,46.120573],[10.438742,46.120572],[10.438795,46.120616],[10.438885,46.120588],[10.438911,46.120588],[10.439002,46.120605],[10.439067,46.120631],[10.439118,46.120603],[10.439133,46.120657],[10.439146,46.120657],[10.439146,46.120693],[10.439173,46.120719],[10.439238,46.12071],[10.439289,46.120718],[10.439291,46.120781],[10.439265,46.12079],[10.439253,46.12079],[10.43924,46.120809],[10.439253,46.120809],[10.439189,46.120818],[10.439189,46.120827],[10.439111,46.120837],[10.439138,46.120873],[10.439152,46.120909],[10.439179,46.120935],[10.439154,46.120981],[10.439168,46.121017],[10.439156,46.121062],[10.439196,46.121097],[10.439184,46.121133],[10.439198,46.121178],[10.439211,46.121178],[10.439173,46.121206],[10.439148,46.121233],[10.439148,46.12126],[10.439124,46.121305],[10.439163,46.121341],[10.439151,46.121377],[10.439165,46.121386],[10.439165,46.121422],[10.439179,46.121457],[10.439193,46.121466],[10.43918,46.121484],[10.439181,46.121511],[10.439157,46.121584],[10.439184,46.121619],[10.439159,46.121656],[10.439082,46.121702],[10.438967,46.121757],[10.438929,46.121794],[10.438891,46.121812],[10.438789,46.121885],[10.438752,46.12194],[10.438727,46.121994],[10.438741,46.122012],[10.438728,46.12203],[10.438755,46.122057],[10.438717,46.122102],[10.438718,46.122147],[10.438745,46.122156],[10.438758,46.122192],[10.438785,46.122209],[10.438823,46.122209],[10.438811,46.122218],[10.438799,46.122254],[10.4388,46.12229],[10.438775,46.122326],[10.438763,46.122363],[10.438815,46.122371],[10.438816,46.122407],[10.438778,46.122453],[10.438831,46.122479],[10.438805,46.122497],[10.43878,46.122524],[10.438832,46.122542],[10.438833,46.122578],[10.438848,46.122641],[10.438809,46.12265],[10.438783,46.122641],[10.438835,46.122668],[10.438824,46.122722],[10.438799,46.122758],[10.438864,46.122766],[10.438838,46.122776],[10.438826,46.122794],[10.43884,46.122821],[10.438828,46.122866],[10.43888,46.122892],[10.438984,46.122909],[10.439012,46.12298],[10.439013,46.123007],[10.439052,46.123016],[10.439052,46.123043],[10.439065,46.123052],[10.439106,46.123105],[10.439262,46.12313],[10.439301,46.123148],[10.439327,46.123148],[10.439445,46.123209],[10.439471,46.123209],[10.439575,46.123234],[10.439588,46.123252],[10.439564,46.123289],[10.439565,46.123342],[10.439604,46.123369],[10.439682,46.123386],[10.439722,46.123421],[10.439735,46.12343],[10.439762,46.123439],[10.439815,46.123483],[10.439829,46.123537],[10.439855,46.123564],[10.439895,46.123581],[10.439908,46.123608],[10.439935,46.123626],[10.439938,46.123761],[10.439953,46.123842],[10.439979,46.12385],[10.440006,46.123868],[10.440032,46.123877],[10.440071,46.123903],[10.440098,46.123948],[10.440125,46.123974],[10.440152,46.124019],[10.440165,46.124019],[10.440192,46.124046],[10.440179,46.124073],[10.440206,46.12409],[10.440219,46.124117],[10.440259,46.124153],[10.440273,46.124179],[10.440339,46.124224],[10.440352,46.12426],[10.440379,46.124286],[10.44038,46.124304],[10.440392,46.124286],[10.440405,46.124286],[10.440406,46.124313],[10.440381,46.124349],[10.440355,46.124367],[10.440382,46.124394],[10.440383,46.124421],[10.440371,46.124466],[10.440373,46.124547],[10.440386,46.124556],[10.440399,46.124574],[10.440387,46.124592],[10.440427,46.124628],[10.440441,46.124681],[10.440417,46.124736],[10.440417,46.124745],[10.440404,46.124754],[10.440393,46.124808],[10.440394,46.124853],[10.440407,46.124862],[10.440433,46.124871],[10.440536,46.124833],[10.440601,46.12485],[10.440692,46.124858],[10.440834,46.124838],[10.440872,46.124829],[10.440962,46.124819],[10.441066,46.124836],[10.441054,46.124854],[10.441055,46.124899],[10.441031,46.124962],[10.440981,46.125026],[10.440981,46.125044],[10.440944,46.125098],[10.440971,46.125161],[10.441024,46.125178],[10.441064,46.125231],[10.441129,46.125249],[10.441207,46.125257],[10.441235,46.125337],[10.4413,46.125363],[10.441327,46.125381],[10.441277,46.125445],[10.441265,46.125481],[10.441227,46.125518],[10.441253,46.125544],[10.441266,46.125544],[10.441306,46.125597],[10.441358,46.125597],[10.441386,46.125659],[10.441477,46.125694],[10.441567,46.125684],[10.441646,46.12571],[10.441698,46.125746],[10.44179,46.125771],[10.441843,46.125834],[10.441844,46.125861],[10.441884,46.125905],[10.441885,46.125941],[10.441976,46.125967],[10.442014,46.125948],[10.442067,46.125966],[10.442068,46.126011],[10.44212,46.126019],[10.442186,46.126063],[10.442214,46.126162],[10.442241,46.126207],[10.442165,46.12628],[10.442128,46.126334],[10.442051,46.126362],[10.442013,46.126371],[10.441974,46.126399],[10.442027,46.126443],[10.442028,46.126479],[10.441952,46.126543],[10.441927,46.126571],[10.441967,46.126597],[10.441954,46.126624],[10.441956,46.126687],[10.441944,46.126723],[10.441945,46.126768],[10.441985,46.126822],[10.441936,46.126903],[10.441976,46.126957],[10.441978,46.12702],[10.441966,46.127047],[10.442005,46.127092],[10.442007,46.127146],[10.442046,46.127172],[10.442049,46.127262],[10.442115,46.127342],[10.442143,46.127387],[10.442171,46.127477],[10.442198,46.12753],[10.442198,46.127539],[10.442304,46.127628],[10.442396,46.127672],[10.442434,46.127662],[10.442577,46.127651],[10.442693,46.12765],[10.442784,46.127658],[10.4429,46.127656],[10.443004,46.127664],[10.443121,46.12769],[10.443147,46.127689],[10.443212,46.127679],[10.44325,46.127652],[10.44325,46.127643],[10.443353,46.127623],[10.44343,46.127614],[10.443443,46.127622],[10.443469,46.127613],[10.443624,46.127602],[10.44378,46.127627],[10.44391,46.127634],[10.443975,46.127679],[10.444016,46.127759],[10.444017,46.127768],[10.443965,46.127787],[10.443992,46.127822],[10.444044,46.127822],[10.444135,46.127839],[10.444135,46.127857],[10.444123,46.127866],[10.444084,46.127866],[10.444059,46.127921],[10.444085,46.127929],[10.444176,46.127946],[10.444318,46.127917],[10.444357,46.127935],[10.444345,46.127962],[10.444282,46.128035],[10.444257,46.128053],[10.444284,46.128089],[10.444349,46.128097],[10.444451,46.128069],[10.44453,46.128104],[10.444596,46.128139],[10.444662,46.128183],[10.444675,46.128183],[10.444701,46.128218],[10.444792,46.128217],[10.444856,46.128208],[10.44496,46.128224],[10.445064,46.128214],[10.445116,46.12824],[10.44522,46.128248],[10.445338,46.128291],[10.445404,46.128344],[10.445484,46.128433],[10.44555,46.128478],[10.445579,46.128603],[10.445595,46.128711],[10.445647,46.128719],[10.445737,46.128727],[10.445815,46.128726],[10.445856,46.128798],[10.44583,46.128816],[10.445818,46.128834],[10.445792,46.128844],[10.445735,46.128949],[10.445858,46.128982],[10.445861,46.129054],[10.445949,46.129088]]},"properties":{"id":"e67c8783-6ea0-4ecd-81ce-aedf6a9ab22c","cls":"path","osm":["w1125801466@2","w40846386@6"],"conn":[["6c8f76e1-4e25-457c-a087-26e1aada7dc6",0.0],["ccfe5463-06e7-4ec3-8127-358172e0f56c",0.546949],["946a194c-2a26-4bb1-93c9-87ab20e20c48",1.0]]}},{"type":"Feature","geometry":{"type":"LineString","coordinates":[[10.636678,45.966736],[10.636371,45.966442],[10.635627,45.965978],[10.63502,45.965524],[10.634361,45.965169],[10.633722,45.964928],[10.633275,45.96465],[10.632782,45.964259],[10.632329,45.963842],[10.631635,45.963497],[10.631423,45.96319],[10.631727,45.962768],[10.631735,45.962726]]},"properties":{"id":"e6a630eb-28d6-4a93-8207-208af306f618","cls":"path","osm":["w1250900516@1"],"conn":[["50e0c496-a1b2-43c3-a350-a9da2cdcdb0e",0.0],["870258dd-13d6-4d67-a0b8-fa8db42daf7c",1.0]]}},{"type":"Feature","geometry":{"type":"LineString","coordinates":[[10.599636,46.053268],[10.59971,46.053243],[10.59977,46.053204],[10.599822,46.053167],[10.599867,46.053086],[10.599872,46.053024],[10.599871,46.052971],[10.599818,46.052972],[10.599772,46.052998],[10.599715,46.053027],[10.599662,46.053018],[10.599645,46.052979],[10.599645,46.052889],[10.599632,46.052846],[10.599595,46.052799],[10.599574,46.052735],[10.5996,46.052709],[10.599644,46.05268],[10.599706,46.052605],[10.599689,46.052576],[10.599713,46.052544],[10.599798,46.052507],[10.599873,46.052447],[10.599887,46.052407],[10.599888,46.052332],[10.599915,46.052295],[10.599931,46.052237],[10.599915,46.052184],[10.599894,46.052149],[10.599858,46.052117],[10.59984,46.052055],[10.599795,46.052012],[10.599744,46.051968],[10.599702,46.051976],[10.599645,46.051928],[10.599707,46.051834],[10.599729,46.051705],[10.599774,46.051598],[10.59975,46.051506],[10.599686,46.0514],[10.599708,46.051339],[10.599684,46.051279],[10.599707,46.05119],[10.599638,46.051129],[10.59959,46.051103],[10.59954,46.051026],[10.599551,46.050948],[10.599592,46.050875],[10.599533,46.050801],[10.599482,46.050626],[10.599413,46.050648],[10.599413,46.050617],[10.599389,46.05058],[10.599408,46.050489],[10.599352,46.050482],[10.599271,46.050516],[10.599251,46.050204],[10.599292,46.050115],[10.599345,46.050067],[10.599331,46.050046],[10.599221,46.050053],[10.599139,46.050021],[10.599026,46.049955],[10.598954,46.0499],[10.598949,46.049816],[10.598944,46.049736],[10.598897,46.049708],[10.598847,46.049724],[10.59883,46.049696],[10.598877,46.049607],[10.598837,46.049551],[10.598985,46.049319],[10.598957,46.049304],[10.598901,46.049321],[10.598919,46.049281],[10.598913,46.049094],[10.598815,46.049113],[10.598751,46.049141],[10.598602,46.049206],[10.59857,46.049194],[10.59863,46.049122],[10.598698,46.049002],[10.59865,46.04888],[10.598671,46.048794],[10.598707,46.048688],[10.598645,46.048547],[10.598618,46.048518],[10.598559,46.048578],[10.598468,46.048638],[10.598237,46.048846],[10.598175,46.048887],[10.598166,46.048854],[10.598189,46.048714],[10.598177,46.04869],[10.598017,46.048753],[10.597825,46.048789],[10.597714,46.048815],[10.597606,46.048909],[10.597487,46.048973],[10.597355,46.049069],[10.59734,46.049184],[10.597371,46.04929],[10.597415,46.049388],[10.597372,46.049451],[10.597386,46.049582],[10.597347,46.049666],[10.597196,46.049793],[10.597033,46.049926],[10.596851,46.050123],[10.596767,46.050261],[10.596661,46.050444],[10.596674,46.050499],[10.596678,46.050535],[10.596631,46.050592],[10.596398,46.050689],[10.596174,46.050827],[10.595964,46.050984],[10.595948,46.050992],[10.59592,46.051012],[10.595885,46.051043],[10.595758,46.05115],[10.59572,46.051172],[10.595698,46.051145],[10.595674,46.051023],[10.595614,46.050902],[10.595603,46.050817],[10.595564,46.050816],[10.595495,46.050859],[10.595279,46.050973],[10.595185,46.05108],[10.595111,46.051176],[10.595075,46.051239],[10.595018,46.05127],[10.59495,46.051286],[10.594908,46.051261],[10.594839,46.051277],[10.594789,46.051317],[10.594727,46.051348],[10.594663,46.051412],[10.594532,46.051509],[10.594512,46.051516],[10.594453,46.051517],[10.594333,46.051482],[10.594246,46.051468],[10.594159,46.051436],[10.594101,46.05142],[10.594043,46.051419],[10.594,46.051435],[10.593907,46.051432],[10.593802,46.051413],[10.593715,46.051396],[10.593623,46.051344],[10.593562,46.051296],[10.59349,46.051248],[10.593453,46.051305],[10.593411,46.051301],[10.593376,46.051279],[10.593329,46.051243],[10.593269,46.05125],[10.593184,46.051203],[10.593125,46.05117],[10.593073,46.051125],[10.593002,46.051072],[10.592925,46.05101],[10.592866,46.050978],[10.592807,46.050948],[10.592745,46.050934],[10.592713,46.050933],[10.592691,46.050915],[10.592681,46.050928],[10.592669,46.050944],[10.592645,46.050925],[10.592604,46.050918],[10.592546,46.050915],[10.592493,46.050904],[10.592466,46.050883],[10.592452,46.050847],[10.592402,46.050835],[10.592312,46.050815],[10.592267,46.050811],[10.592204,46.050787],[10.592116,46.050766],[10.592043,46.050731],[10.591984,46.050725],[10.591932,46.050726],[10.591901,46.050708],[10.591884,46.050673],[10.591835,46.050632],[10.591814,46.050646],[10.591756,46.050604],[10.591717,46.050595],[10.591687,46.050589],[10.591675,46.050604],[10.591644,46.050596],[10.59162,46.050574],[10.591589,46.050568],[10.591516,46.050555],[10.591456,46.050526],[10.591422,46.050506],[10.591393,46.050506],[10.59137,46.05053],[10.591313,46.050528],[10.591285,46.050508],[10.591275,46.050489],[10.591238,46.050495],[10.591204,46.050487],[10.591175,46.050469],[10.591152,46.050426],[10.591122,46.050384],[10.591077,46.050361],[10.59103,46.050337],[10.590999,46.050303],[10.590972,46.050276],[10.590937,46.050266],[10.5909,46.050233],[10.590869,46.050202],[10.59085,46.050171],[10.590843,46.050126],[10.590837,46.050098],[10.590822,46.050077],[10.590787,46.050075],[10.590745,46.05005],[10.590708,46.050013],[10.590658,46.049966],[10.590606,46.049907],[10.590541,46.04985],[10.59047,46.049791],[10.590437,46.049748],[10.590398,46.049729],[10.590354,46.049711],[10.590301,46.049668],[10.590236,46.049626],[10.590192,46.049576],[10.59017,46.049534],[10.590139,46.049519],[10.590101,46.04951],[10.590055,46.049524],[10.590003,46.049511],[10.589936,46.049484],[10.589849,46.049443],[10.589752,46.049392],[10.589629,46.049363],[10.589548,46.049349],[10.589459,46.049318],[10.589366,46.049284],[10.589283,46.049228],[10.589173,46.049174],[10.589161,46.049131],[10.589128,46.049101],[10.589115,46.049067],[10.589025,46.049028],[10.588935,46.048972],[10.588798,46.048885],[10.588661,46.048794],[10.588602,46.048749],[10.588472,46.048698],[10.588443,46.048683],[10.58843,46.048659],[10.588371,46.048623],[10.588307,46.048608],[10.588088,46.048625]]},"properties":{"id":"e6e36f7a-16f2-4159-8654-26a3cf737149","cls":"path","osm":["w38548846@2","w38564602@1"],"conn":[["cfa04b97-6381-4c73-b787-d2064898d2b8",0.0],["f45e61e3-5c5c-4687-8500-1d684c053806",1.0]]}},{"type":"Feature","geometry":{"type":"LineString","coordinates":[[10.514411,46.032441],[10.514466,46.032434],[10.514522,46.032331],[10.514611,46.032307]]},"properties":{"id":"e70f983c-274c-40af-bd2d-9104ed75d0e9","cls":"path","osm":["w506266709@1"],"conn":[["9c811213-2958-40e0-9f5d-05f6d3d0966b",0.0],["fda0923b-ccc3-49b5-ada6-2940eb716469",1.0]]}},{"type":"Feature","geometry":{"type":"LineString","coordinates":[[10.624425,45.984468],[10.624557,45.984466],[10.624598,45.98444],[10.624517,45.984407],[10.624401,45.984341],[10.624254,45.984346],[10.624154,45.984324],[10.624041,45.984325],[10.623951,45.984289],[10.623851,45.984242],[10.623741,45.984189],[10.623634,45.984143],[10.623531,45.9841],[10.623392,45.984093],[10.623241,45.984102],[10.623134,45.984107],[10.623121,45.984073],[10.623171,45.984066],[10.623231,45.984048],[10.623259,45.984047],[10.623295,45.984018],[10.623316,45.984018],[10.623409,45.984023],[10.623526,45.98402],[10.623565,45.984018],[10.623718,45.984053],[10.623851,45.984063],[10.623987,45.984073],[10.624082,45.984082],[10.624206,45.9841],[10.624335,45.984104],[10.624361,45.984099],[10.6244,45.984059],[10.624295,45.984039],[10.624132,45.984009],[10.624062,45.983993],[10.624033,45.983986],[10.623927,45.983959],[10.623833,45.983923],[10.62372,45.983886],[10.623655,45.983856],[10.623563,45.983847],[10.623504,45.983852],[10.623386,45.983843],[10.623297,45.983817],[10.62318,45.983796],[10.623062,45.98377],[10.622927,45.98375],[10.622828,45.983736],[10.62272,45.983692],[10.622629,45.983638],[10.622539,45.983595],[10.622473,45.983551],[10.622428,45.983531],[10.622289,45.983506],[10.622187,45.983492],[10.622081,45.983478],[10.62198,45.983473],[10.621897,45.983467],[10.621839,45.983464],[10.621762,45.983456],[10.621727,45.983453],[10.621654,45.983462],[10.621556,45.983469],[10.621471,45.983477],[10.621383,45.983485],[10.621309,45.983491],[10.621225,45.983482],[10.621182,45.983457],[10.621167,45.983437],[10.621164,45.983433],[10.621152,45.983393],[10.621156,45.983371],[10.621169,45.983347],[10.621193,45.983265],[10.621202,45.983204],[10.621228,45.98315],[10.621255,45.983102],[10.621263,45.983039],[10.621201,45.983007],[10.621162,45.983027],[10.621069,45.983058],[10.620935,45.983052],[10.620836,45.983045],[10.620749,45.983042],[10.620648,45.98305],[10.62062,45.983057],[10.620562,45.983072],[10.620519,45.983082],[10.620439,45.98307],[10.620352,45.983049],[10.620257,45.98303],[10.620175,45.983013],[10.620165,45.983008],[10.620158,45.983002],[10.620136,45.982991],[10.620061,45.98298],[10.619967,45.983016],[10.619899,45.983038],[10.619822,45.983059],[10.619756,45.983073],[10.619685,45.9831],[10.619599,45.983169],[10.619585,45.983217],[10.619572,45.983267],[10.619544,45.983327],[10.619458,45.983435],[10.619451,45.983499],[10.619429,45.983575],[10.619424,45.983643],[10.619428,45.983711],[10.619439,45.983764],[10.619503,45.983825],[10.619568,45.983918],[10.619602,45.983934],[10.619665,45.98401],[10.619685,45.984056],[10.619716,45.984099],[10.619748,45.984185],[10.619777,45.984244],[10.619807,45.984269],[10.619828,45.984308],[10.61986,45.984366],[10.619897,45.984462],[10.619897,45.984474],[10.619867,45.984499],[10.619837,45.984458],[10.619818,45.984391],[10.619785,45.984336],[10.61974,45.984294],[10.619658,45.984254],[10.619649,45.984247],[10.619625,45.98424],[10.619577,45.984188],[10.619474,45.984141],[10.619403,45.984067],[10.619344,45.984025],[10.619317,45.983999],[10.619277,45.983976],[10.619193,45.983945],[10.61911,45.983864],[10.619045,45.983789],[10.618983,45.983692],[10.618936,45.983608],[10.618899,45.983566],[10.618887,45.983481],[10.618824,45.9834],[10.618792,45.983328],[10.618767,45.983265],[10.618733,45.983175],[10.61871,45.983092],[10.618696,45.983042],[10.6187,45.982962],[10.61868,45.982892],[10.618671,45.982842],[10.618675,45.982777],[10.618696,45.982696],[10.618664,45.982614],[10.618596,45.982524],[10.618562,45.98247],[10.618522,45.982375],[10.618508,45.982342],[10.618419,45.982311],[10.61838,45.98233],[10.618406,45.982414],[10.618439,45.982498],[10.618445,45.982508],[10.618478,45.982623],[10.61845,45.982695],[10.618413,45.982746],[10.618335,45.982822],[10.618216,45.982863],[10.618204,45.982869],[10.618121,45.982913],[10.618069,45.98296],[10.618054,45.98297],[10.617977,45.98304],[10.617892,45.983121],[10.617857,45.983169],[10.617826,45.983228],[10.617763,45.983305],[10.61772,45.983321],[10.617706,45.983305],[10.617695,45.983254],[10.617706,45.983182],[10.617721,45.983107],[10.617754,45.983046],[10.617791,45.982996],[10.617821,45.982944],[10.617823,45.982861],[10.617806,45.982832],[10.617758,45.982752],[10.617718,45.982639],[10.617702,45.982545],[10.617695,45.982522],[10.617621,45.982421],[10.617534,45.982327],[10.617525,45.982318],[10.617485,45.982213],[10.617491,45.982126],[10.61748,45.982102],[10.617441,45.982099],[10.617418,45.982136],[10.617426,45.982204],[10.617431,45.982265],[10.61742,45.98229],[10.617447,45.982379],[10.617456,45.982489],[10.617439,45.982581],[10.617431,45.982601],[10.617338,45.982654],[10.617236,45.982675],[10.617145,45.98264],[10.617067,45.982597],[10.61701,45.982558],[10.616966,45.982523],[10.616939,45.98247],[10.616908,45.982409],[10.616842,45.982376],[10.616792,45.982335],[10.616736,45.982282],[10.616713,45.982247],[10.616673,45.982209],[10.616612,45.98214],[10.61657,45.982102],[10.616495,45.982055],[10.616439,45.982067],[10.616415,45.982084],[10.616405,45.982114],[10.6164,45.982123],[10.616384,45.982234],[10.616381,45.982309],[10.616397,45.982416],[10.616379,45.982433],[10.61632,45.982436],[10.616289,45.982395],[10.616279,45.982357],[10.616209,45.982276],[10.616188,45.982252],[10.616143,45.982214],[10.616102,45.982163],[10.616068,45.982129],[10.616036,45.982063],[10.616008,45.982007],[10.616003,45.981932],[10.616026,45.981888],[10.616038,45.981834],[10.615989,45.981803],[10.615955,45.981847],[10.61591,45.981918],[10.615882,45.981947],[10.615871,45.982037],[10.615862,45.982133],[10.615857,45.982232],[10.615874,45.982341],[10.615876,45.982408],[10.615875,45.982416],[10.61588,45.982508],[10.615902,45.98258],[10.615903,45.982592],[10.615969,45.982639],[10.616029,45.982742],[10.616112,45.982878],[10.616159,45.982959],[10.616195,45.983057],[10.616219,45.983145],[10.616244,45.983218],[10.616275,45.983306],[10.616268,45.983338],[10.616294,45.983369],[10.616309,45.983409],[10.616327,45.983471],[10.616353,45.983539],[10.616387,45.983624],[10.616439,45.983708],[10.616478,45.983786],[10.616501,45.983851],[10.616529,45.983915],[10.616589,45.983999],[10.616581,45.98406],[10.616524,45.984073],[10.616486,45.984031],[10.61648,45.984013],[10.616433,45.983921],[10.616368,45.98386],[10.616326,45.983822],[10.616312,45.983813],[10.616194,45.9837],[10.616134,45.983606],[10.616069,45.983506],[10.616003,45.983401],[10.615948,45.983311],[10.615938,45.983294],[10.615904,45.983224],[10.61586,45.983164],[10.615815,45.983115],[10.615782,45.983081],[10.615725,45.983027],[10.615679,45.982967],[10.61564,45.982924],[10.615608,45.982866],[10.615582,45.982798],[10.615547,45.982733],[10.615503,45.98268],[10.615461,45.982626],[10.615399,45.982594],[10.615386,45.982629],[10.615402,45.982676],[10.615438,45.982723],[10.615466,45.982786],[10.615476,45.982836],[10.61548,45.9829],[10.615483,45.982967],[10.615515,45.983028],[10.615521,45.983045],[10.615543,45.983134],[10.615566,45.983218],[10.615595,45.983296],[10.615607,45.983338],[10.615624,45.983391],[10.615633,45.983479],[10.61563,45.983548],[10.615622,45.983617],[10.615584,45.983694],[10.615528,45.983756],[10.615473,45.983794],[10.615418,45.983817],[10.615419,45.983815],[10.615431,45.983738],[10.615478,45.983665],[10.615517,45.98359],[10.615532,45.983554],[10.615506,45.983476],[10.615505,45.983473],[10.615473,45.983434],[10.615408,45.983359],[10.615365,45.983263],[10.615317,45.983158],[10.615264,45.983067],[10.615225,45.982993],[10.615218,45.982976],[10.615182,45.982938],[10.615168,45.982914],[10.615148,45.982898],[10.615056,45.98281],[10.614976,45.982702],[10.614947,45.982529]]},"properties":{"id":"e7447e3e-01d6-4a43-9ce6-cd2b4d613722","cls":"path","name":"Mulattiera Avalina","osm":["w452109179@2"],"conn":[["e19a7263-3d0e-419a-8c1e-a627e23b7b43",0.0],["36278572-70b7-4077-ba20-5d1b855a9dd1",1.0]],"access":[{"type":"allowed","when":["bicycle"]}]}},{"type":"Feature","geometry":{"type":"LineString","coordinates":[[10.453401,45.987764],[10.453399,45.987652],[10.453328,45.987545],[10.453276,45.987487],[10.453247,45.987448],[10.453348,45.987392],[10.453391,45.987389],[10.4534,45.987343],[10.453385,45.987225],[10.453423,45.987102],[10.453419,45.987005],[10.453381,45.986916],[10.453331,45.98686],[10.453266,45.986773],[10.453237,45.986683],[10.453156,45.986607],[10.453037,45.986553],[10.452996,45.986562],[10.452523,45.986624]]},"properties":{"id":"e77b9648-7460-482d-99cc-f9ebf71083f2","cls":"path","osm":["w1124673813@1","w1193334029@1"],"sr":[["gravel",0.809137,1.0]],"conn":[["e966c09e-1cb0-47d3-9fde-d84b25853829",0.0],["120563a1-89ce-481b-902f-5302a7fa5aaf",1.0]]}},{"type":"Feature","geometry":{"type":"LineString","coordinates":[[10.571003,45.991568],[10.570953,45.991602],[10.57091,45.991793],[10.570804,45.991968],[10.570634,45.992221],[10.570615,45.992325],[10.570637,45.992452],[10.570618,45.992579],[10.570567,45.992683],[10.570532,45.992799],[10.570465,45.992885],[10.570403,45.99292],[10.570366,45.992919],[10.570276,45.992918],[10.570114,45.992866],[10.569725,45.992631],[10.569564,45.992578],[10.569433,45.992543]]},"properties":{"id":"e78fbb3e-fe4e-492e-96b4-001500b0578f","cls":"track","osm":["w513715360@4"],"conn":[["16dbd487-a324-4170-aeb6-4482f6b88de4",0.0],["aa6a1676-644b-4879-b87b-0532bf5e6bc1",1.0]]}},{"type":"Feature","geometry":{"type":"LineString","coordinates":[[10.512974,46.032802],[10.513095,46.032784],[10.513156,46.032759],[10.513398,46.032606]]},"properties":{"id":"e82a682c-7554-45f2-a8f0-1ef8e52e4d97","cls":"service","sub":"parking_aisle","osm":["w294765688@1"],"sr":[["unpaved",null,null]],"conn":[["fe50c37b-980f-4134-b674-170b5d17f7f9",0.0],["917306e4-d6b2-44d4-8d52-691a6a876141",1.0]]}},{"type":"Feature","geometry":{"type":"LineString","coordinates":[[10.565351,46.099264],[10.565334,46.099182],[10.565307,46.099141],[10.56531,46.099095],[10.565347,46.099038],[10.56526,46.098898],[10.56529,46.098868],[10.565326,46.09883],[10.565322,46.098776],[10.565385,46.098684],[10.565429,46.098633],[10.565514,46.098549],[10.565586,46.098453],[10.565652,46.09841]]},"properties":{"id":"e8463ce3-5680-4c0e-888f-a9fbeb256de0","cls":"path","osm":["w1114952473@1"],"conn":[["f30a2aa1-9be5-4dcf-89b9-688e30a24930",0.0],["b9974e9e-e71c-4690-8f20-8a19769b547d",1.0]]}},{"type":"Feature","geometry":{"type":"LineString","coordinates":[[10.645824,46.00994],[10.645603,46.009827],[10.64523,46.009723],[10.64487,46.009642],[10.644669,46.009586],[10.64431,46.009625],[10.644081,46.009625],[10.643871,46.009681],[10.643572,46.009732],[10.643367,46.009762],[10.643044,46.009758],[10.642689,46.009813],[10.642503,46.009888],[10.642498,46.01008],[10.642381,46.010297],[10.642428,46.010556],[10.642475,46.010676],[10.642404,46.010871],[10.642479,46.011121],[10.642638,46.011468],[10.642736,46.01176],[10.643063,46.012048],[10.64331,46.012303],[10.643815,46.012729],[10.643841,46.012906],[10.643842,46.013072],[10.643589,46.013276],[10.643233,46.013419],[10.642731,46.013564],[10.642655,46.013628],[10.642372,46.013704],[10.642018,46.013704],[10.641678,46.013758],[10.64153,46.013881],[10.641332,46.013977],[10.641279,46.0141],[10.641268,46.014193],[10.641223,46.014243],[10.641126,46.014244],[10.640995,46.014192],[10.640839,46.014162],[10.640732,46.014222],[10.640616,46.014261],[10.640413,46.014233],[10.640171,46.01425],[10.639997,46.014241],[10.639873,46.01431],[10.639838,46.01438],[10.639822,46.014494],[10.639836,46.014576],[10.639868,46.014673],[10.639959,46.014779],[10.639849,46.014801],[10.63972,46.014784],[10.639589,46.014773],[10.639476,46.014773],[10.639356,46.014729],[10.639275,46.014695],[10.639189,46.014663],[10.638886,46.014559],[10.638712,46.014473],[10.638642,46.014365],[10.6385,46.014252],[10.638438,46.014105],[10.638366,46.013995],[10.638189,46.013857],[10.638133,46.013779],[10.638063,46.013661],[10.638052,46.013611],[10.638049,46.013581],[10.637932,46.013544],[10.637846,46.013542],[10.637701,46.013522],[10.637615,46.013525],[10.637524,46.013682],[10.637451,46.013786],[10.637419,46.014021],[10.637438,46.014185],[10.637368,46.014399],[10.63739,46.014485],[10.637301,46.014507],[10.637148,46.014514],[10.637036,46.014459],[10.636934,46.014332],[10.636805,46.014164],[10.636655,46.013982],[10.636572,46.013894],[10.63648,46.01384],[10.636376,46.013769],[10.636341,46.013715],[10.636134,46.013626],[10.636065,46.013523],[10.635869,46.013434],[10.635772,46.013346],[10.63567,46.013244],[10.635434,46.013201],[10.635281,46.013175],[10.635112,46.013168],[10.634962,46.013197],[10.634882,46.013367],[10.634914,46.01341],[10.634981,46.013455],[10.635094,46.013473],[10.635155,46.01351],[10.635217,46.013577],[10.635236,46.013674],[10.635233,46.013753],[10.635182,46.013859],[10.635139,46.013922],[10.635115,46.013961],[10.635088,46.014011],[10.635102,46.014062],[10.635013,46.014092],[10.634833,46.014155],[10.634551,46.014248],[10.63439,46.01435],[10.6342,46.014475],[10.634095,46.014576],[10.634009,46.014888],[10.634012,46.014943],[10.633867,46.015155],[10.633849,46.015218],[10.633849,46.015326],[10.633859,46.015472],[10.63387,46.01566],[10.633808,46.015805],[10.633709,46.015816],[10.633602,46.015857],[10.633535,46.015907],[10.633425,46.015954],[10.633363,46.015978]]},"properties":{"id":"e8983a4f-6f13-42be-a935-a050263625f7","cls":"path","osm":["w1106927119@2","w1106928678@1"],"conn":[["df7dedfa-4e9f-44be-85e7-99a8472b3c6f",0.0],["96dfb85e-a0ac-41cc-8bc0-aaf9447593a8",0.823216],["c37fe4e1-0d49-4dc0-9f73-a371955ac699",1.0]]}},{"type":"Feature","geometry":{"type":"LineString","coordinates":[[10.532578,45.985232],[10.532578,45.98538],[10.532704,45.98556],[10.53297,45.985834],[10.53313,45.985999],[10.53304,45.98615],[10.532968,45.986312],[10.532849,45.986422],[10.532704,45.986613],[10.532632,45.986682],[10.532529,45.98678],[10.532371,45.986843]]},"properties":{"id":"e8f67dd7-83c7-46a5-a04f-99d07af21c6f","cls":"path","osm":["w241101048@2","w241101053@2","w241101055@2"],"conn":[["c1f6ddc7-15a3-4f78-a5e5-d794647bd0f6",0.0],["7b508171-2e52-4576-ad40-df5238473351",0.869081],["8bd74a7a-a7f2-420b-b26c-fa46183b373e",1.0]]}},{"type":"Feature","geometry":{"type":"LineString","coordinates":[[10.639452,46.113139],[10.639207,46.113181],[10.639065,46.113213],[10.639007,46.113261],[10.638993,46.113342],[10.638872,46.113415],[10.638756,46.113454],[10.638659,46.113509],[10.63859,46.113589],[10.638455,46.11363],[10.638334,46.113702],[10.638262,46.113733],[10.63823,46.113801],[10.638205,46.113898],[10.638167,46.114166],[10.638134,46.114308],[10.638127,46.114405],[10.638113,46.114489],[10.638053,46.114618],[10.637941,46.114817],[10.637946,46.114895]]},"properties":{"id":"e97e62eb-9d2b-4f72-852d-f09378555d1b","cls":"path","osm":["w691235199@3"],"conn":[["b384e939-eaee-4ab2-8c6a-f851404e6c32",0.0],["07e0c35a-6e5c-4fb7-aa88-3f4a29588c12",1.0]]}},{"type":"Feature","geometry":{"type":"LineString","coordinates":[[10.475114,45.961257],[10.47499,45.961485],[10.474835,45.961826],[10.47478,45.961998],[10.474778,45.962095],[10.474765,45.962144],[10.474731,45.962192],[10.47459,45.962371],[10.474474,45.962581],[10.474372,45.962761],[10.474344,45.963111],[10.474322,45.96326],[10.474115,45.963974],[10.474065,45.964068],[10.473968,45.964212],[10.473937,45.964288],[10.47393,45.96436],[10.473943,45.964566],[10.473958,45.964624],[10.474025,45.964744],[10.474035,45.964785],[10.474028,45.964821],[10.473989,45.964871],[10.473903,45.964916],[10.473823,45.964939],[10.473743,45.964935],[10.473495,45.964864],[10.473323,45.964832],[10.473111,45.964746],[10.472928,45.964637],[10.472874,45.964551],[10.472864,45.96446],[10.472879,45.964414],[10.472921,45.96439],[10.472938,45.964357],[10.472931,45.964324],[10.472893,45.964287],[10.472738,45.964239],[10.472471,45.96409],[10.472194,45.963952],[10.472031,45.963827],[10.471986,45.963735],[10.471896,45.963674],[10.471724,45.963624],[10.471578,45.96366],[10.471505,45.963705],[10.471387,45.963922],[10.471274,45.964133],[10.471266,45.964299],[10.471397,45.964628],[10.471469,45.964778],[10.471544,45.964883],[10.471571,45.964953],[10.47154,45.96509],[10.471522,45.965165],[10.471372,45.965553],[10.471352,45.965799],[10.471457,45.966012],[10.4714,45.966322],[10.471464,45.966638],[10.471519,45.967047],[10.471656,45.967244],[10.471646,45.967274],[10.471568,45.967515],[10.471358,45.967844],[10.471285,45.968054],[10.471138,45.968263],[10.471139,45.968264],[10.470959,45.968415],[10.470889,45.968574],[10.470976,45.968993],[10.47098,45.96928],[10.471032,45.969373],[10.471004,45.969718],[10.470959,45.969949],[10.470928,45.970027],[10.470738,45.970131],[10.470584,45.970219],[10.47037,45.970299],[10.470177,45.970329],[10.46995,45.970301],[10.469748,45.970405],[10.469659,45.970496],[10.469568,45.970579],[10.469326,45.970688],[10.46908,45.970788],[10.468985,45.970845],[10.468848,45.970871],[10.468697,45.970894],[10.468523,45.97096],[10.468314,45.97106],[10.468,45.971152],[10.467939,45.971215],[10.467778,45.971559],[10.467718,45.97164],[10.467642,45.971703],[10.467531,45.971758],[10.467502,45.971778],[10.467523,45.971787],[10.467622,45.971795],[10.467671,45.971828],[10.467679,45.971856],[10.467537,45.972061],[10.467508,45.972109],[10.467482,45.972132]]},"properties":{"id":"e99fe8f8-41be-4c08-95f3-031de6876540","cls":"path","osm":["w1194699123@1","w361373434@6"],"conn":[["0a5ad117-0e6e-4b4f-b4c4-987a9c7ca303",0.0],["7024b721-2c82-42a7-be91-9e8732b928b5",0.369177],["b76ef309-cc6c-4e92-a7c1-e91b6f0d43c5",0.668668],["56a4408f-cc92-4427-9522-3c3aa94837e8",1.0]]}},{"type":"Feature","geometry":{"type":"LineString","coordinates":[[10.609729,45.975016],[10.609754,45.975041],[10.609829,45.975209],[10.609927,45.975281],[10.609928,45.975347],[10.609861,45.975398],[10.609769,45.975473],[10.609658,45.975533]]},"properties":{"id":"e9d72956-e3a2-4ecb-9688-9b6cc0b498ca","cls":"path","osm":["w1118420153@1"],"conn":[["04598cb0-cb17-4817-9318-79cec9f42630",0.0],["df139a8a-0d79-470d-8395-4244751e876a",1.0]]}},{"type":"Feature","geometry":{"type":"LineString","coordinates":[[10.635256,46.066354],[10.635109,46.066277],[10.634919,46.066221],[10.634653,46.066139],[10.63445,46.066048],[10.634284,46.066029],[10.634086,46.066043],[10.634001,46.066016],[10.633908,46.066008],[10.633833,46.065976],[10.633636,46.065971],[10.633465,46.066016],[10.633255,46.066037],[10.633005,46.06613],[10.632784,46.066225],[10.632647,46.066315],[10.632469,46.066423],[10.632356,46.066475],[10.632184,46.066519],[10.632043,46.066553],[10.631948,46.066628],[10.631794,46.066782],[10.631521,46.066896],[10.631436,46.067038],[10.631357,46.067133],[10.63121,46.067198],[10.631072,46.067191],[10.630783,46.067202],[10.63052,46.067296],[10.630348,46.067329],[10.630115,46.067403],[10.629858,46.067486],[10.629738,46.067503],[10.629644,46.067505],[10.629433,46.067514],[10.62929,46.067547],[10.629222,46.067585],[10.629172,46.067638],[10.629016,46.067712],[10.6289,46.067801],[10.62876,46.067885],[10.628597,46.068006],[10.628474,46.06812],[10.628303,46.068261],[10.628002,46.068459],[10.627842,46.06856],[10.627709,46.068683],[10.627689,46.068811],[10.627616,46.068891],[10.62761,46.068944],[10.627514,46.069011],[10.627487,46.069111],[10.62733,46.069187],[10.627073,46.069303],[10.626994,46.069397],[10.626862,46.069476],[10.626728,46.069523],[10.626704,46.069584],[10.626527,46.069691],[10.626341,46.069893],[10.626216,46.06991],[10.626061,46.069994],[10.625945,46.07012],[10.625788,46.070205],[10.625733,46.070242],[10.625632,46.070256],[10.625378,46.070173],[10.62531,46.070172],[10.625272,46.070182],[10.625252,46.07023],[10.625296,46.070286],[10.625416,46.07035],[10.625429,46.070411],[10.625497,46.070475],[10.62549,46.070549],[10.625433,46.070603],[10.625347,46.070685],[10.625265,46.070752],[10.62513,46.070774],[10.625039,46.070835],[10.624977,46.070836],[10.624922,46.070826]]},"properties":{"id":"ead624cb-11ab-4bc8-bffb-f01892161602","cls":"path","osm":["w514163006@7"],"conn":[["5c1b8b7a-7fad-4478-890f-f370529f98d4",0.0],["f3612a53-0761-4922-a64c-a074ea4e465f",1.0]]}},{"type":"Feature","geometry":{"type":"LineString","coordinates":[[10.562348,46.107327],[10.562099,46.107179],[10.561842,46.10716],[10.561584,46.107064],[10.56138,46.107008],[10.561212,46.10689],[10.561111,46.106862],[10.561018,46.106911],[10.560914,46.106902],[10.560811,46.106842],[10.560629,46.106879],[10.560467,46.106896],[10.560364,46.106961],[10.560178,46.106977],[10.56005,46.106937],[10.559798,46.107023],[10.559599,46.107011],[10.559417,46.10696],[10.559015,46.106859],[10.558843,46.106718],[10.558639,46.106744],[10.558473,46.106673],[10.558258,46.10648],[10.558054,46.106428],[10.557883,46.106335],[10.557679,46.106375],[10.557496,46.106368],[10.557336,46.106245],[10.557142,46.106216],[10.556783,46.106097],[10.556488,46.106156],[10.555893,46.10619],[10.555764,46.10632],[10.555351,46.106428],[10.554959,46.106495],[10.554637,46.10642],[10.554112,46.106141],[10.554074,46.106015],[10.553908,46.105981],[10.553715,46.106033],[10.55328,46.105888],[10.55298,46.105806],[10.552862,46.105721],[10.552663,46.105754],[10.552277,46.105699],[10.552073,46.105531],[10.551966,46.105505],[10.551757,46.105546],[10.55159,46.105539],[10.551429,46.105457],[10.551301,46.1052],[10.551075,46.1051],[10.55092,46.104955],[10.550233,46.104776],[10.549788,46.104843],[10.549487,46.104877],[10.549246,46.10488],[10.549112,46.104802],[10.54879,46.10478],[10.548447,46.104795],[10.548238,46.104869],[10.548114,46.104877],[10.548012,46.10494],[10.547782,46.105182],[10.54702,46.10552],[10.545743,46.106056],[10.545518,46.106372],[10.544938,46.106394],[10.544617,46.106428],[10.54431,46.106453],[10.544177,46.106614],[10.543876,46.106692],[10.543453,46.10658],[10.543206,46.106506],[10.543002,46.106491],[10.542872,46.106448],[10.542665,46.106459],[10.54234,46.106456]]},"properties":{"id":"eb322d4f-4079-4849-abf2-5481463f5453","cls":"path","osm":["w230248044@8"],"conn":[["82f76fa5-2457-4b31-b30a-6f9509c8454b",0.0],["f51db2a7-86e7-4f31-9a97-d25732589483",1.0]]}},{"type":"Feature","geometry":{"type":"LineString","coordinates":[[10.451078,46.015115],[10.45134,46.014963],[10.451514,46.01471],[10.451616,46.014446],[10.451794,46.013985],[10.451773,46.013745],[10.451979,46.013597],[10.451914,46.013399],[10.451701,46.013266],[10.451566,46.013278],[10.451333,46.012978],[10.451139,46.012991],[10.451038,46.013149],[10.450802,46.013277],[10.450666,46.013237],[10.450556,46.013051],[10.449904,46.012777],[10.449588,46.01275],[10.449426,46.012837],[10.449138,46.012963],[10.448914,46.012849],[10.448826,46.01256],[10.448606,46.012248],[10.44852,46.012015],[10.448402,46.011899],[10.447999,46.011743],[10.447825,46.011511],[10.447491,46.011275],[10.44716,46.011162],[10.447024,46.011058],[10.446992,46.010837],[10.447048,46.010595],[10.447212,46.010451],[10.447484,46.010349],[10.447643,46.010199],[10.447649,46.010193],[10.447205,46.009488],[10.44656,46.008861],[10.44635,46.008277],[10.446449,46.007909],[10.446335,46.007787],[10.446272,46.00748],[10.445821,46.007563],[10.445782,46.007733],[10.445984,46.007869],[10.445672,46.007765],[10.445402,46.007576],[10.445162,46.007687],[10.44505,46.007691],[10.444904,46.007697]]},"properties":{"id":"eb351908-6244-45b6-9722-84dbe8dc2111","cls":"path","osm":["w40978434@12"],"conn":[["d11a86b5-c8de-44bd-b894-f5cec4fe6f70",0.0],["7c3e5a55-8a38-4ebd-8b56-9d00108f0b06",0.83903],["1e1ea648-00cf-4fae-84ae-95c99576421e",1.0]]}},{"type":"Feature","geometry":{"type":"LineString","coordinates":[[10.592108,45.995074],[10.592374,45.994788],[10.592632,45.994537],[10.59264,45.994305],[10.592838,45.994078],[10.592932,45.993721],[10.593198,45.993518],[10.593542,45.993148],[10.593559,45.992904],[10.593404,45.992761],[10.593035,45.992773],[10.592932,45.992672],[10.593078,45.992547],[10.593215,45.992427],[10.593241,45.99223],[10.593439,45.992046],[10.59355,45.99189],[10.593533,45.991694],[10.59349,45.991598],[10.593602,45.991419],[10.593765,45.991348],[10.593876,45.991235],[10.594091,45.990883],[10.593919,45.990585],[10.59367,45.990304],[10.593421,45.990108],[10.593207,45.989881],[10.593293,45.989618],[10.593456,45.989386],[10.59349,45.989016],[10.59361,45.988635],[10.593507,45.988372],[10.59319,45.988098],[10.592941,45.987889],[10.592966,45.987668],[10.593318,45.987507],[10.593765,45.987388],[10.594022,45.987335],[10.594142,45.987162],[10.594228,45.986799],[10.594168,45.986399],[10.594202,45.985988],[10.594185,45.985588],[10.594331,45.985302],[10.594623,45.985338],[10.595112,45.985559],[10.595602,45.985809],[10.595816,45.985928],[10.595945,45.986161],[10.596004,45.986573],[10.596371,45.986612],[10.596692,45.986611]]},"properties":{"id":"ebff0cd4-f66a-49a3-b473-5babc7dce157","cls":"track","name":"Strada forestale Stabol Fres","osm":["w514600923@2","w908446517@1"],"conn":[["dd939694-d1a2-496c-9b50-44f78d888a83",0.0],["a65cfe93-5b4c-45a8-82b8-7a12115618fa",0.983992],["f804d350-7643-4808-8d56-06ac7cdf79d0",1.0]],"access":[{"type":"allowed","when":["foot","bicycle"]},{"type":"allowed","when":["motor_vehicle"]},{"type":"allowed","when":["for_forestry"]},{"type":"allowed","when":null}]}},{"type":"Feature","geometry":{"type":"LineString","coordinates":[[10.656578,45.989786],[10.656455,45.989815],[10.655502,45.989871],[10.65459,45.990049],[10.654254,45.990234],[10.654241,45.990241],[10.653526,45.990464],[10.652979,45.990656],[10.652037,45.990778],[10.651526,45.990753],[10.650563,45.99092],[10.649889,45.990788],[10.649312,45.990854],[10.64842,45.991183],[10.64761,45.9913],[10.646706,45.991692],[10.6461,45.991892],[10.645746,45.991974],[10.644834,45.992166],[10.644094,45.992232],[10.644039,45.992308],[10.644312,45.992419],[10.644474,45.9925],[10.644434,45.992592],[10.644226,45.992551],[10.643851,45.992526],[10.643122,45.992627],[10.642787,45.992617],[10.641896,45.992526],[10.641435,45.992429],[10.641095,45.992298],[10.640827,45.992156],[10.640766,45.992232],[10.640933,45.992429],[10.640954,45.992521],[10.640847,45.992561],[10.64067,45.99246],[10.640447,45.992343],[10.640062,45.992283],[10.639642,45.992404],[10.639393,45.992419],[10.639236,45.992424],[10.639221,45.992398],[10.6391,45.992191],[10.638902,45.9921],[10.638831,45.992207],[10.63876,45.992303],[10.638623,45.992217],[10.638507,45.992125],[10.638471,45.992318],[10.63838,45.992475],[10.638233,45.992465],[10.638056,45.992394],[10.637818,45.992333],[10.637798,45.992429],[10.637935,45.992541],[10.637909,45.992612],[10.637783,45.992617],[10.63757,45.992531],[10.637089,45.992353],[10.636324,45.99208],[10.635429,45.991875],[10.634997,45.991796],[10.634559,45.991643],[10.634494,45.991612],[10.634308,45.991523],[10.634004,45.9913],[10.633893,45.991092],[10.633904,45.99088],[10.634008,45.99085],[10.634187,45.990872]]},"properties":{"id":"ec48acfb-451e-496b-9e07-3bdc7618eb58","cls":"unclassified","osm":["w100873631@7"],"conn":[["072954cf-9ae9-4894-a1a1-2bdb49c15074",0.0],["2d7d65bf-324c-441d-9082-ef77e3b422a5",0.658753],["bda2b805-647d-43d1-ae02-b428d7da00c9",0.944359],["7273da6f-4bbf-44f3-8928-a4105641bb04",1.0]]}},{"type":"Feature","geometry":{"type":"LineString","coordinates":[[10.524979,46.108598],[10.52504,46.10872],[10.525061,46.108859],[10.525116,46.10899],[10.52527,46.10914],[10.52555,46.109571],[10.526462,46.110397],[10.526811,46.111172],[10.526976,46.112178],[10.527806,46.113481],[10.528167,46.114692],[10.52855,46.115676],[10.528835,46.116109],[10.529744,46.116712],[10.529884,46.116744],[10.529928,46.116754],[10.530436,46.117143],[10.530594,46.117209],[10.530754,46.11735],[10.530885,46.117435],[10.532,46.118512],[10.532732,46.11877],[10.535106,46.120305],[10.536436,46.122912],[10.536383,46.123446],[10.536223,46.125065],[10.535971,46.125867],[10.535881,46.125928],[10.535552,46.126156],[10.534989,46.126361],[10.53435,46.126419],[10.534115,46.126328],[10.533762,46.126409],[10.533167,46.126385],[10.533095,46.126593],[10.532631,46.12664],[10.532495,46.126862],[10.531089,46.127209],[10.530201,46.127122],[10.529706,46.126773],[10.529099,46.126781],[10.527668,46.127632],[10.525728,46.129928],[10.524885,46.130555],[10.524728,46.130943],[10.52504,46.131465],[10.526154,46.13296],[10.526624,46.134077],[10.52574,46.134121],[10.525799,46.1351],[10.524992,46.135353],[10.525019,46.136346],[10.524128,46.136861],[10.524111,46.137172],[10.523301,46.137578],[10.522537,46.13824],[10.521629,46.138611],[10.521155,46.138737],[10.520602,46.138878]]},"properties":{"id":"eccb4bb7-8456-4ca4-8420-fa5de219b690","cls":"path","name":"Sentiero 29","osm":["w357261402@4","w40824294@5","w842029378@2"],"conn":[["90751c16-77b0-4d4e-ad17-97886a83c471",0.0],["01547691-ad1b-49eb-9e9d-dc4b87f1c5f8",1.0]]}},{"type":"Feature","geometry":{"type":"LineString","coordinates":[[10.550314,46.078168],[10.550827,46.078639],[10.550931,46.078781],[10.551233,46.079193],[10.551618,46.07953],[10.551624,46.079589],[10.5517,46.079607],[10.55174,46.079616],[10.551858,46.079803],[10.551994,46.079901],[10.55262,46.079951],[10.552809,46.079998],[10.552877,46.080075],[10.552922,46.080145],[10.552952,46.080979],[10.552874,46.081065],[10.552831,46.081087],[10.552742,46.081133],[10.552713,46.081331],[10.552883,46.0815],[10.553618,46.081737],[10.554218,46.082256],[10.555218,46.08252],[10.555301,46.082599],[10.555607,46.082644],[10.556018,46.082803],[10.556067,46.082867],[10.556531,46.082807],[10.556554,46.08289],[10.556773,46.082958],[10.556977,46.082954],[10.557247,46.082997],[10.557531,46.083131],[10.557694,46.083282],[10.558354,46.083531],[10.558456,46.083545]]},"properties":{"id":"ecf5ed71-631f-4417-ad75-fece2a9b356e","cls":"path","osm":["w240878913@3"],"sr":[["unpaved",null,null]],"conn":[["c196f7f4-cbf6-414b-aa9a-bb6b19584aa5",0.0],["e19ef96d-0a96-4b9e-a674-f36576c8f32e",0.312281],["0c1a274f-cd13-4ca4-96cc-4377afacdd92",0.425314],["1054a2a2-0b53-4e90-8fae-66cf023cb5ee",1.0]]}},{"type":"Feature","geometry":{"type":"LineString","coordinates":[[10.523115,45.953461],[10.52291,45.95359],[10.522486,45.953846],[10.522232,45.954013],[10.521912,45.954251],[10.521668,45.954431],[10.521594,45.95467],[10.521462,45.95538],[10.521301,45.956168],[10.521166,45.956769],[10.521169,45.956949],[10.521253,45.957084],[10.521196,45.957254],[10.520909,45.958157],[10.520715,45.958325],[10.520879,45.958534],[10.520898,45.958673],[10.520813,45.958804],[10.520812,45.958961],[10.520921,45.959155],[10.521149,45.959546],[10.521202,45.959784],[10.521267,45.960138],[10.521312,45.960345],[10.521433,45.960905],[10.521505,45.961223],[10.521516,45.961486],[10.52154,45.961593],[10.521847,45.961983],[10.522089,45.962284],[10.522331,45.962619]]},"properties":{"id":"ed1c52b4-a5c8-4d1c-a1cd-c5d657d7aabf","cls":"path","osm":["w1452051734@1"],"conn":[["79486e47-8744-45c9-a8fc-f53061dd0da6",0.0],["29478aa9-ac50-4f7a-bc05-294b9f082597",1.0]]}},{"type":"Feature","geometry":{"type":"LineString","coordinates":[[10.513211,46.002433],[10.51321,46.002305],[10.513097,46.002273],[10.513075,46.002249],[10.51313,46.002222],[10.513171,46.002174],[10.513133,46.002108],[10.51308,46.002095],[10.512913,46.00206],[10.512718,46.002022],[10.512422,46.001955],[10.512336,46.001843],[10.512477,46.001732],[10.512563,46.001646],[10.512538,46.001592],[10.512411,46.001605],[10.512255,46.001595],[10.51221,46.001534],[10.512432,46.001464],[10.512675,46.00127],[10.512619,46.001178],[10.512379,46.001078]]},"properties":{"id":"ee4146de-1e1c-4b34-9939-0cf1eec67797","cls":"track","osm":["w228119294@6"],"sr":[["paving_stones",null,null]],"conn":[["7300fd94-2544-49eb-ace8-c71c2c015e64",0.0],["8dfa888b-14a3-4abd-bf9d-37e5776b2701",1.0]]}},{"type":"Feature","geometry":{"type":"LineString","coordinates":[[10.462323,46.07158],[10.462551,46.071382],[10.463018,46.071204],[10.463227,46.070958],[10.4633,46.07091]]},"properties":{"id":"ee4258d9-3bba-4579-bba5-f7139c435943","cls":"track","osm":["w1436643509@1","w64864732@2","w64864733@1"],"fr":[["is_bridge",0.637093,0.928382]],"conn":[["fa73a0b2-c813-4c0c-a67d-e8ad3f97404e",0.0],["c51604c2-0e52-43fe-a449-9286e84aac1b",1.0]]}},{"type":"Feature","geometry":{"type":"LineString","coordinates":[[10.493405,45.977661],[10.493527,45.97763],[10.49357,45.977573],[10.493616,45.977644],[10.493712,45.977578],[10.493818,45.977446],[10.493841,45.977351],[10.493853,45.977298],[10.493888,45.977261],[10.493936,45.977209],[10.493925,45.977179],[10.493922,45.97714],[10.493923,45.97712],[10.493916,45.977101],[10.493922,45.977093],[10.493935,45.977082],[10.493939,45.977066],[10.493943,45.977021],[10.494001,45.97708],[10.494038,45.977042],[10.494085,45.977067],[10.494133,45.977108],[10.494179,45.977065],[10.494196,45.977026],[10.494241,45.977078],[10.494243,45.977149],[10.494225,45.97721],[10.494258,45.977251],[10.494266,45.977321],[10.494352,45.977259],[10.494365,45.977231],[10.494335,45.977177]]},"properties":{"id":"ee507ed1-edbe-4833-bbe1-02d44414850d","cls":"path","name":"Mulattiera militare","osm":["w1194699127@2"],"sr":[["unpaved",null,null]],"conn":[["47090aa8-2433-4f4a-ac2d-601b5021d061",0.0],["ec721560-2a03-46a2-8a7b-3cbf2508e625",0.718388],["a6d29bf3-e9c6-446b-befe-9270079897f7",0.899071],["80cb7ee1-8cd8-44e7-a24a-73f25a41e672",1.0]]}},{"type":"Feature","geometry":{"type":"LineString","coordinates":[[10.450662,46.046794],[10.450791,46.046747],[10.450934,46.046726],[10.451104,46.046734]]},"properties":{"id":"eefce6ca-dbf6-4c61-8da6-460c6ec23422","cls":"track","osm":["w1125806716@1"],"conn":[["d5c9fe08-5715-44ac-ab09-502b66fc751d",0.0],["dc01ac91-0621-450e-8043-dd84ff4f97af",1.0]]}},{"type":"Feature","geometry":{"type":"LineString","coordinates":[[10.612982,46.021791],[10.612857,46.021812],[10.612755,46.021819],[10.612624,46.021803],[10.612507,46.021772],[10.612325,46.021751],[10.61216,46.021747],[10.611669,46.021755],[10.611465,46.021802],[10.61131,46.021828],[10.611149,46.021863],[10.610969,46.021915],[10.61047,46.022072],[10.610256,46.022088],[10.610046,46.022072],[10.609866,46.022066],[10.609716,46.022059],[10.60924,46.022118],[10.60871,46.022041],[10.608552,46.021986],[10.608426,46.021979],[10.608353,46.022003],[10.608059,46.022194],[10.607756,46.02253],[10.607383,46.022759],[10.606922,46.022943],[10.606884,46.023105],[10.606822,46.023251],[10.606734,46.023266],[10.606651,46.023234],[10.606543,46.023225],[10.606407,46.023291],[10.606252,46.023426],[10.606069,46.02356],[10.605825,46.023688],[10.605645,46.023746],[10.605387,46.02378],[10.605076,46.023882],[10.604813,46.023917],[10.604639,46.023932],[10.604491,46.023912],[10.604041,46.0238],[10.603545,46.023714]]},"properties":{"id":"efc0f2cb-fc4a-46af-abf2-c762c5a5c0fd","cls":"track","osm":["w1208888442@1","w1208888443@1","w406213604@3"],"fr":[["is_bridge",0.663768,0.672025]],"conn":[["ac27e721-4d76-49a3-a406-b87432180700",0.0],["cba2941e-4b3d-4835-9048-49233e46b8ec",1.0]],"access":[{"type":"allowed","when":["foot"]},{"type":"denied","when":["motor_vehicle"]}]}},{"type":"Feature","geometry":{"type":"LineString","coordinates":[[10.545966,45.986952],[10.545719,45.987269],[10.545301,45.987549],[10.544958,45.987847],[10.544341,45.988406],[10.54353,45.98923],[10.543552,45.989718],[10.543262,45.99024],[10.542796,45.990825],[10.542801,45.991238],[10.542753,45.991425],[10.542602,45.991876],[10.542474,45.992025],[10.542803,45.991839]]},"properties":{"id":"f1eb9bfb-4be9-4290-ac46-b3dbea1c1e65","cls":"track","osm":["w228887989@4"],"conn":[["610c8181-34e6-4374-95b5-17ec7af636ff",0.0],["039b7e67-c455-4d7b-aaf4-950757d3a18f",1.0]],"access":[{"type":"allowed","when":["for_forestry"]}]}},{"type":"Feature","geometry":{"type":"LineString","coordinates":[[10.434406,46.054461],[10.434595,46.05451],[10.434892,46.054641],[10.43585,46.054629],[10.436748,46.054451],[10.437473,46.053981],[10.438277,46.053727],[10.439555,46.054019],[10.439556,46.054057],[10.440694,46.054581],[10.441419,46.054842],[10.442082,46.054859],[10.442431,46.054816],[10.443042,46.054936],[10.443925,46.054874],[10.444419,46.055458],[10.445035,46.055758],[10.445796,46.055979],[10.446183,46.055987],[10.446868,46.055401],[10.447376,46.055112],[10.44756,46.055097],[10.448542,46.055316],[10.449359,46.054856],[10.45,46.054707],[10.45103,46.054669],[10.45168,46.054866],[10.451956,46.054849],[10.452432,46.054728],[10.453203,46.054692],[10.455381,46.054818],[10.455569,46.054931],[10.456103,46.054925],[10.456531,46.055112],[10.457055,46.055426],[10.45761,46.055483],[10.458278,46.055679],[10.458313,46.055602],[10.458738,46.055661],[10.459693,46.055571],[10.459843,46.055672],[10.460341,46.055679],[10.460494,46.055882],[10.461148,46.056258],[10.462465,46.056575],[10.462656,46.056829],[10.462953,46.056928],[10.463126,46.057195],[10.46319,46.057515],[10.463125,46.057875],[10.463224,46.058105],[10.463618,46.058381],[10.463901,46.05866],[10.46391,46.058993],[10.463569,46.059318],[10.463575,46.059549],[10.463801,46.059751],[10.463823,46.060585],[10.46399,46.060634],[10.466522,46.060242],[10.46775,46.059983],[10.468525,46.060024],[10.469383,46.060411],[10.469573,46.060652],[10.470683,46.06083],[10.470945,46.060955],[10.471171,46.061144],[10.471384,46.061539],[10.471699,46.061599],[10.472372,46.061975],[10.472673,46.062228],[10.47277,46.062419],[10.473013,46.062519],[10.474344,46.062681],[10.47521,46.062708],[10.47549,46.06282],[10.475607,46.063062],[10.475576,46.063294],[10.475255,46.063695],[10.475239,46.063798],[10.475954,46.063661],[10.476674,46.063728],[10.477024,46.063698],[10.477115,46.06375],[10.477996,46.06425],[10.478589,46.064396],[10.478991,46.06493],[10.47923,46.064901],[10.479285,46.064953],[10.479684,46.065331],[10.479964,46.065494],[10.480259,46.065503],[10.48051,46.065742],[10.480643,46.066088],[10.481052,46.066198],[10.481085,46.066236],[10.481489,46.066705],[10.481846,46.066945],[10.4826,46.067602],[10.482794,46.067958],[10.48282,46.068227],[10.484397,46.069542],[10.484667,46.069768],[10.484672,46.069973],[10.484533,46.070296],[10.484542,46.070616],[10.484857,46.070702],[10.485386,46.070464],[10.486004,46.070841],[10.486244,46.070863],[10.486644,46.070679],[10.48701,46.070571],[10.487268,46.070665],[10.487419,46.07072],[10.487656,46.070948],[10.48776,46.071049],[10.487889,46.071289],[10.488109,46.071698],[10.48847,46.072797],[10.488503,46.073335],[10.487937,46.074227],[10.487785,46.074729],[10.488005,46.075393],[10.488388,46.075914],[10.488104,46.076982],[10.488301,46.07748],[10.488697,46.077821],[10.48907,46.07797],[10.489614,46.07763],[10.490292,46.077505],[10.491229,46.077403],[10.491933,46.077548],[10.492266,46.077605],[10.492296,46.07771],[10.492525,46.077851],[10.492977,46.077815],[10.493269,46.077815],[10.49361,46.077691],[10.493975,46.077504],[10.494104,46.077491],[10.494176,46.077483],[10.494305,46.077442],[10.494442,46.077396]]},"properties":{"id":"f1ecce1a-979a-4c5e-a82e-243d113cece5","cls":"path","osm":["w40846429@10"],"conn":[["14d8bcb9-6fb0-4077-a4fa-9f8a2c2bebfc",0.0],["a57ba0eb-8eb8-4c31-ae7c-2ea387b77875",0.596508],["c92ab91e-8e2d-4f14-ad71-fc700d033a84",0.671448],["9ec81da8-2258-484c-b7ec-f97345dfb571",1.0]]}},{"type":"Feature","geometry":{"type":"LineString","coordinates":[[10.481267,46.081065],[10.481306,46.081133],[10.48141,46.081192],[10.48148,46.081275],[10.481615,46.081307],[10.481743,46.081314],[10.481889,46.081355],[10.482024,46.081376],[10.482074,46.081444],[10.482195,46.08146],[10.482307,46.081533],[10.482336,46.081618],[10.482461,46.081625],[10.48258,46.081646],[10.482691,46.081694],[10.482745,46.081752],[10.482788,46.081783],[10.482852,46.081834],[10.482905,46.081865],[10.482935,46.081887],[10.482963,46.081901],[10.483062,46.081884],[10.483093,46.081879],[10.483134,46.081895],[10.483298,46.081949],[10.483384,46.08198],[10.483444,46.082003],[10.483469,46.082019],[10.483512,46.082071],[10.483509,46.082087],[10.483441,46.082151],[10.483438,46.08217],[10.483496,46.082251],[10.483561,46.082298],[10.483606,46.082357],[10.483624,46.082395],[10.483638,46.082407],[10.483717,46.082447],[10.48375,46.08247],[10.483815,46.082532],[10.483912,46.082585],[10.483929,46.082604],[10.48394,46.082656]]},"properties":{"id":"f238487a-287a-4b31-b5d0-197774d53a69","cls":"path","osm":["w1340817159@1"],"conn":[["bfa179c4-74ee-426c-9fcd-34cf7e49630f",0.0],["67754935-00c7-4554-a2df-aec441121392",0.239803],["97758d88-cdf0-4eae-9e91-e700eb13011f",0.338043],["1b527253-2616-42e4-b073-405d5ac5ce77",1.0]]}},{"type":"Feature","geometry":{"type":"LineString","coordinates":[[10.477294,45.960026],[10.477354,45.960083],[10.477424,45.960195],[10.477532,45.960309],[10.477581,45.960312],[10.47769,45.960374],[10.477643,45.960568],[10.477674,45.96071],[10.477736,45.960822],[10.477755,45.960921],[10.477842,45.961013],[10.477922,45.961052],[10.478127,45.961069],[10.478222,45.961153],[10.4783,45.961278],[10.478352,45.961321],[10.478548,45.961403],[10.478737,45.961418],[10.47886,45.961435],[10.479024,45.961422],[10.479161,45.961461],[10.479266,45.961422],[10.479353,45.961513],[10.479322,45.961532],[10.479277,45.961596],[10.479254,45.961631],[10.479083,45.961717],[10.479052,45.961808],[10.478962,45.961842],[10.478854,45.961844],[10.478777,45.961892],[10.478594,45.961978],[10.478288,45.962107],[10.478226,45.962216],[10.478196,45.962215],[10.478089,45.962208],[10.478037,45.962139],[10.477934,45.962081],[10.477854,45.962089],[10.47786,45.962197],[10.47778,45.96244],[10.477674,45.962574],[10.477535,45.962641],[10.477402,45.962768],[10.477337,45.962897],[10.477368,45.963172],[10.477513,45.963185],[10.47755,45.963146],[10.477758,45.963116],[10.47786,45.963185],[10.477921,45.963279],[10.477822,45.963322],[10.477849,45.96345],[10.477863,45.963584],[10.477927,45.963617],[10.477993,45.963719],[10.478068,45.963904],[10.478068,45.964059],[10.478093,45.964346],[10.478162,45.964388],[10.478345,45.964563],[10.478392,45.964806],[10.478507,45.964987],[10.478447,45.965126],[10.478499,45.965268],[10.478648,45.965443],[10.478759,45.965654],[10.478823,45.965758],[10.478823,45.96595],[10.478763,45.966107],[10.47901,45.966193],[10.479045,45.966265],[10.47916,45.966324],[10.479275,45.966401],[10.479258,45.96649],[10.479407,45.966573],[10.479484,45.966712],[10.479454,45.966846],[10.479508,45.967016],[10.479522,45.967062],[10.479488,45.967246],[10.479497,45.967385],[10.479586,45.967534],[10.479586,45.967706],[10.479605,45.967732],[10.479625,45.967762],[10.479706,45.967762],[10.479936,45.967848],[10.480154,45.967996],[10.480272,45.968171],[10.48061,45.96821],[10.480815,45.968239],[10.481058,45.968213],[10.481182,45.968192],[10.481301,45.968138],[10.481493,45.968121],[10.481544,45.968082],[10.481625,45.968085],[10.481749,45.968198],[10.48186,45.968198],[10.481992,45.968251],[10.482069,45.96823],[10.482261,45.968287],[10.482291,45.96837],[10.48241,45.968405],[10.482457,45.968405],[10.482436,45.968518],[10.48253,45.968518],[10.482594,45.968533],[10.482777,45.968494],[10.482901,45.968441],[10.483029,45.968435],[10.48314,45.96839],[10.483229,45.968343],[10.483255,45.968438],[10.48346,45.968521],[10.483468,45.968562],[10.483626,45.968645],[10.483656,45.968711],[10.483989,45.968868],[10.484018,45.968764],[10.484104,45.968717],[10.48421,45.968556],[10.484296,45.968536],[10.484462,45.968331],[10.484654,45.968284],[10.48494,45.968177],[10.485008,45.968402],[10.485277,45.968479],[10.485366,45.968432],[10.485465,45.968405],[10.485499,45.968334],[10.485656,45.968218],[10.485789,45.968153],[10.485895,45.968396],[10.486011,45.968387],[10.48622,45.968444],[10.486288,45.968396],[10.486403,45.968399],[10.486514,45.968459],[10.486659,45.968764],[10.486774,45.968755],[10.486864,45.968586],[10.487235,45.968791],[10.487657,45.968903],[10.487819,45.969105],[10.487922,45.969072],[10.488011,45.96915],[10.488147,45.969123]]},"properties":{"id":"f26516df-0a2b-4943-b255-75be940e4c5f","cls":"path","osm":["w732140749@4"],"conn":[["3963379e-8ebc-4fd4-8416-a0f2d0baf87b",0.0],["414c918d-5f67-4fad-aeba-1d97e9ed4bb0",0.40223],["c2a364ef-44be-4945-bca1-ba0664135cf9",0.51901],["c85c4254-8ca7-4842-974e-bd78382c6703",0.593832],["27ebeb76-6728-43f9-bb0c-c730bf6e0aee",1.0]]}},{"type":"Feature","geometry":{"type":"LineString","coordinates":[[10.436533,46.048079],[10.436611,46.048197],[10.436801,46.048301],[10.436949,46.048397],[10.437155,46.048519],[10.437304,46.048601],[10.437612,46.048669],[10.437845,46.048699],[10.438014,46.048716],[10.438173,46.048751],[10.438291,46.048786],[10.43854,46.048822],[10.438832,46.048824],[10.439177,46.04884],[10.439467,46.048891],[10.439675,46.048891],[10.439952,46.048882],[10.440242,46.048911],[10.440446,46.048962],[10.440642,46.049053],[10.440804,46.049142],[10.440961,46.049189],[10.441123,46.049216],[10.441272,46.049192],[10.441361,46.049168],[10.441527,46.049106],[10.44174,46.049056],[10.441885,46.049056],[10.442187,46.049047],[10.442362,46.049036],[10.442698,46.049033],[10.44306,46.049059],[10.443346,46.049083],[10.443533,46.049118],[10.443686,46.049142],[10.444005,46.049177],[10.444227,46.049171],[10.444614,46.049106],[10.444947,46.049077],[10.445227,46.049068],[10.445564,46.049071],[10.445773,46.049103],[10.4461,46.048991],[10.446317,46.048947],[10.446599,46.048923],[10.446833,46.048917],[10.447131,46.048935],[10.447305,46.048944],[10.447582,46.049003],[10.447735,46.049077],[10.447991,46.049148],[10.448174,46.049177],[10.448412,46.049192],[10.448638,46.049198],[10.448842,46.04918],[10.448991,46.049145],[10.449153,46.049086],[10.44937,46.049062],[10.449502,46.049077],[10.44969,46.04913],[10.449941,46.049151],[10.450213,46.049174],[10.450413,46.049192],[10.450656,46.049177],[10.450903,46.049174],[10.451205,46.049166],[10.451376,46.049174],[10.451648,46.04916],[10.451844,46.049163],[10.451997,46.049163],[10.452168,46.049213],[10.452142,46.049263],[10.452023,46.049337],[10.451929,46.049402],[10.451968,46.049449],[10.452057,46.049479],[10.452136,46.049476],[10.452321,46.04947],[10.452429,46.049462],[10.452508,46.049448],[10.452657,46.049433],[10.452779,46.049427],[10.452853,46.049452],[10.45294,46.049483],[10.452964,46.049522],[10.452943,46.049594],[10.452866,46.049702],[10.452834,46.049739],[10.452785,46.049795],[10.452696,46.049844],[10.452574,46.049898],[10.452466,46.049953],[10.452351,46.050011],[10.45227,46.05003],[10.452195,46.050079],[10.452104,46.050117],[10.452091,46.050145],[10.452114,46.050184],[10.452238,46.050225],[10.452351,46.050269],[10.452436,46.050308],[10.452491,46.050342],[10.452536,46.050396],[10.452551,46.050457],[10.45254,46.050529],[10.452476,46.050635]]},"properties":{"id":"f2f74e98-753e-4bef-8d63-21b95c7711b5","cls":"path","osm":["w1124461366@1"],"conn":[["4ad04d8c-d9b2-4706-8e69-49a04134b507",0.0],["bba25413-4390-48c8-b95d-639a9b377381",1.0]]}},{"type":"Feature","geometry":{"type":"LineString","coordinates":[[10.426515,46.129177],[10.426812,46.129223],[10.427097,46.129356],[10.427299,46.129472],[10.427467,46.129577],[10.427647,46.129652],[10.427702,46.129766],[10.427818,46.12982],[10.42799,46.129847],[10.428333,46.129909],[10.428439,46.12996],[10.428563,46.130039],[10.4289,46.130145],[10.429412,46.130334],[10.429634,46.130377],[10.429758,46.130434],[10.429952,46.130451],[10.43007,46.130416],[10.430253,46.130396],[10.430352,46.130392],[10.43044,46.130435],[10.430467,46.130497],[10.430594,46.130592],[10.430811,46.130713],[10.4312,46.131007],[10.431438,46.13108],[10.431604,46.131172],[10.431714,46.131213],[10.431883,46.131228],[10.432147,46.131231],[10.432265,46.131271],[10.43236,46.131381],[10.432457,46.13146],[10.432606,46.131513],[10.432958,46.131556],[10.43309,46.131608],[10.433238,46.131697],[10.433383,46.131871],[10.433505,46.13191],[10.433757,46.131953],[10.434035,46.131976],[10.43417,46.131995],[10.434315,46.132028],[10.434469,46.132033],[10.434617,46.132019],[10.434818,46.131974],[10.434851,46.131939],[10.434837,46.13188],[10.434866,46.13187],[10.43497,46.131872],[10.435033,46.131854],[10.435056,46.131826],[10.435036,46.13178],[10.435163,46.131693],[10.435296,46.131663],[10.435422,46.131699],[10.435544,46.131754],[10.435711,46.131859],[10.435746,46.131859],[10.435758,46.131841],[10.435705,46.131793],[10.435833,46.13181],[10.435849,46.131735],[10.436017,46.131766],[10.435991,46.131702],[10.436094,46.131723],[10.436075,46.131655],[10.436179,46.131691],[10.436126,46.13162],[10.436273,46.131632],[10.43623,46.13154],[10.436306,46.131535],[10.436263,46.131479],[10.436368,46.13149],[10.436368,46.131417],[10.436587,46.131498],[10.436811,46.13159],[10.437029,46.131638],[10.437335,46.13167],[10.437449,46.131712],[10.437624,46.131726],[10.43776,46.131707],[10.437945,46.13173],[10.438048,46.131716],[10.438128,46.131705],[10.43808,46.131645],[10.438204,46.131644],[10.438187,46.131584],[10.438093,46.131495],[10.438273,46.131514],[10.438444,46.131516],[10.438378,46.131468],[10.438465,46.131433],[10.438595,46.131423],[10.438654,46.131451],[10.438791,46.131566],[10.438909,46.131592],[10.438948,46.131658],[10.439002,46.131664],[10.439027,46.131627],[10.439038,46.131557],[10.439072,46.131591],[10.439091,46.131674],[10.439121,46.131677],[10.439144,46.131651],[10.439128,46.131514],[10.439242,46.131604],[10.439219,46.131457],[10.439322,46.131558],[10.43931,46.131446],[10.439464,46.131561],[10.439555,46.131446],[10.4395,46.131378],[10.439623,46.131421],[10.439603,46.131347],[10.439698,46.131391],[10.439686,46.131345],[10.439765,46.131378],[10.439765,46.131339],[10.439872,46.131389],[10.439824,46.131317],[10.439943,46.131356],[10.439895,46.13126],[10.44001,46.131309],[10.440018,46.131246],[10.440121,46.131315],[10.440129,46.131262],[10.440228,46.131295],[10.440286,46.131338],[10.440358,46.131277],[10.440439,46.131299],[10.440479,46.131356],[10.440571,46.131288],[10.440649,46.1313],[10.440688,46.131211],[10.440772,46.131254],[10.440845,46.131353],[10.440874,46.131358],[10.440889,46.131345],[10.440874,46.131243],[10.44092,46.131258],[10.440935,46.131354],[10.440958,46.131364],[10.440974,46.131351],[10.440961,46.131217],[10.440966,46.131161],[10.440986,46.131132],[10.441057,46.131133],[10.441029,46.131084],[10.441122,46.131061],[10.441109,46.131022],[10.441213,46.130937],[10.441568,46.130712],[10.441888,46.130566],[10.442135,46.13049],[10.442443,46.13033],[10.442617,46.130192],[10.442797,46.130093],[10.443387,46.129914],[10.443478,46.129836],[10.44357,46.129816],[10.443691,46.129816],[10.443779,46.129785],[10.443883,46.129617],[10.443949,46.129581],[10.444446,46.129469],[10.444683,46.129351],[10.444766,46.129206],[10.444885,46.129141],[10.444982,46.129124],[10.445246,46.129127],[10.445646,46.129177],[10.445797,46.129162],[10.445949,46.129088]]},"properties":{"id":"f3313816-e699-410c-93f7-525af0150e33","cls":"path","name":"Scale del Miller","osm":["w299461768@2","w299461776@1","w35010209@5","w35010210@6"],"sr":[["unpaved",0.0,0.46036],["gravel",0.46036,0.78792],["unpaved",0.78792,1.0]],"conn":[["e5342301-ca27-4e78-a851-26b96220003d",0.0],["946a194c-2a26-4bb1-93c9-87ab20e20c48",1.0]],"access":[{"type":"allowed","when":["foot"]},{"type":"denied","when":["bicycle"]}]}},{"type":"Feature","geometry":{"type":"LineString","coordinates":[[10.587295,45.961588],[10.587296,45.961548],[10.587234,45.961471],[10.587261,45.961386],[10.587253,45.961341],[10.587245,45.961309],[10.587157,45.96133],[10.587055,45.961355],[10.587013,45.961368],[10.586951,45.96137],[10.586942,45.961355],[10.58692,45.961319],[10.586892,45.96132],[10.586806,45.961355],[10.586759,45.961389],[10.586697,45.961401],[10.586627,45.961374],[10.586605,45.96133],[10.586643,45.961267],[10.586688,45.96124],[10.586676,45.961182],[10.586616,45.961135],[10.58655,45.961102],[10.586444,45.961109],[10.586325,45.961173],[10.586254,45.961238],[10.586255,45.961262],[10.586179,45.961325],[10.586129,45.961328],[10.586098,45.961346],[10.586061,45.961413],[10.586019,45.961447],[10.585989,45.961507],[10.585888,45.961565],[10.585816,45.961596],[10.585769,45.961694],[10.585724,45.961712],[10.585632,45.96179],[10.585591,45.96185],[10.585495,45.961914],[10.585487,45.961926],[10.585363,45.96194],[10.585328,45.962006],[10.5852,45.962049],[10.585204,45.962105],[10.58509,45.962159],[10.585026,45.962162],[10.584961,45.962174],[10.584912,45.962201],[10.584831,45.962279],[10.584731,45.96235],[10.584683,45.962345],[10.584648,45.962364],[10.584582,45.962474],[10.584539,45.962489],[10.584519,45.962526],[10.584467,45.962549],[10.584371,45.962582],[10.584292,45.962654],[10.58426,45.962689],[10.584216,45.962765],[10.584143,45.962825],[10.584126,45.962961],[10.584107,45.962971],[10.58411,45.963018],[10.584084,45.96309],[10.584083,45.963134],[10.584001,45.963186],[10.584008,45.963218],[10.584159,45.963382],[10.584148,45.96344],[10.584071,45.963528],[10.584027,45.963594],[10.583985,45.963619],[10.583918,45.963752],[10.583911,45.963807],[10.583916,45.963978],[10.583849,45.964155],[10.583769,45.964222],[10.583742,45.964274],[10.583774,45.964311],[10.583817,45.964347],[10.583804,45.964507],[10.583771,45.964571],[10.583839,45.964645],[10.583796,45.964697],[10.58375,45.964727],[10.583761,45.964809],[10.583796,45.964843],[10.583863,45.964897],[10.583871,45.964934],[10.583672,45.96501],[10.583624,45.965083],[10.583608,45.965232],[10.583525,45.965307],[10.583485,45.965387],[10.583506,45.965423],[10.583479,45.965449],[10.583439,45.965458],[10.583281,45.965452],[10.582991,45.96548],[10.582892,45.965615],[10.582842,45.965645],[10.582805,45.965701],[10.582763,45.965724],[10.58275,45.965672],[10.582758,45.965597],[10.58278,45.965524],[10.582764,45.965444],[10.582925,45.965336],[10.582906,45.965301],[10.582982,45.965237],[10.583007,45.965229],[10.583019,45.965173],[10.583006,45.965147],[10.582914,45.965124],[10.582797,45.965136],[10.582767,45.96516],[10.582728,45.965157],[10.582717,45.965138],[10.582751,45.965145],[10.582779,45.965118],[10.582793,45.96506],[10.582771,45.965052],[10.582707,45.965032],[10.582633,45.96496],[10.582601,45.964955],[10.582567,45.964962],[10.582444,45.965037],[10.582412,45.965018],[10.582483,45.964936],[10.582593,45.964923],[10.582621,45.964886],[10.582538,45.964871],[10.582531,45.964815],[10.582493,45.964873],[10.582495,45.964814],[10.582632,45.964735],[10.582595,45.964705],[10.582597,45.964691],[10.582617,45.964656],[10.582265,45.964714],[10.582279,45.964693],[10.582263,45.964658],[10.582225,45.964655],[10.582181,45.96466],[10.582164,45.964633],[10.582288,45.964621],[10.582341,45.96458],[10.582371,45.964525],[10.582354,45.964487],[10.582255,45.964413],[10.582237,45.964392],[10.582241,45.964366],[10.582213,45.964338],[10.582172,45.964353],[10.58215,45.964379],[10.582144,45.964409],[10.582139,45.96443],[10.582147,45.964448],[10.582126,45.964468],[10.5821,45.964451],[10.582132,45.964408],[10.582115,45.964344],[10.582078,45.964338],[10.582045,45.964345],[10.581996,45.964399],[10.581883,45.964401],[10.58171,45.96443],[10.581683,45.964511],[10.581701,45.964556],[10.581656,45.964507],[10.581612,45.964505],[10.581598,45.964569],[10.581555,45.964571],[10.581519,45.964562],[10.5815,45.964545],[10.581504,45.964571],[10.581404,45.964633],[10.581407,45.96465],[10.581424,45.964675],[10.581392,45.964691],[10.581416,45.964694],[10.581416,45.964713],[10.581338,45.964751],[10.581307,45.9648],[10.581329,45.964834],[10.58132,45.964866],[10.5812,45.964946],[10.581205,45.964991],[10.581239,45.96503],[10.581161,45.9651],[10.581175,45.965149],[10.581164,45.965183],[10.58114,45.965287],[10.581112,45.965339],[10.581019,45.96537],[10.580913,45.965492],[10.580811,45.965496],[10.580816,45.965347],[10.580859,45.965216],[10.580779,45.965182],[10.580693,45.965209],[10.580714,45.965302],[10.580645,45.965294],[10.580618,45.965387],[10.580623,45.965458],[10.580628,45.965567],[10.580467,45.965481],[10.580376,45.965354],[10.580264,45.96532],[10.580194,45.965387],[10.580205,45.965481],[10.580215,45.965533],[10.580151,45.965555],[10.580167,45.965641],[10.580285,45.965645],[10.580296,45.965861],[10.580242,45.965928],[10.580237,45.966044],[10.580103,45.966059],[10.580049,45.966141],[10.579915,45.966156],[10.579926,45.96623],[10.579877,45.966312],[10.579845,45.966264],[10.579759,45.966297],[10.579647,45.966364],[10.579663,45.966305],[10.579738,45.966167],[10.579711,45.96613],[10.579614,45.96613],[10.579486,45.96623],[10.579518,45.966308],[10.579314,45.966372],[10.579212,45.966431],[10.579244,45.966338],[10.579196,45.966342],[10.579137,45.966398],[10.579062,45.966372],[10.578971,45.966465],[10.578881,45.966547],[10.578817,45.966579],[10.578874,45.966606],[10.578796,45.966618],[10.578767,45.966603],[10.578725,45.96664],[10.578594,45.966721],[10.578594,45.966643],[10.578637,45.966571],[10.578555,45.966586],[10.578414,45.966667],[10.578442,45.966603],[10.57841,45.966569],[10.578364,45.966623],[10.57835,45.966689],[10.578283,45.966731],[10.578184,45.96662],[10.578099,45.966606],[10.578028,45.96664],[10.57806,45.966746],[10.578102,45.9668],[10.578099,45.966844],[10.578049,45.966862],[10.578028,45.96682],[10.577985,45.96682],[10.577851,45.966911],[10.577766,45.966977],[10.577773,45.966876],[10.57773,45.966867],[10.577702,45.966953],[10.577646,45.966967],[10.577462,45.966967],[10.577391,45.966879],[10.577338,45.966871],[10.577292,45.966881],[10.577175,45.966827],[10.576984,45.966751],[10.576793,45.966657],[10.576738,45.966611]]},"properties":{"id":"f3544774-c6e9-4ad1-93b8-c1291a69013b","cls":"path","osm":["w1545067930@2"],"sr":[["unknown",null,null]],"conn":[["668b12be-4edc-4527-a9d0-fd3fc5b4e89c",0.0],["67377a40-0bdb-4f73-8183-be24d51dec7b",1.0]]}},{"type":"Feature","geometry":{"type":"LineString","coordinates":[[10.645452,46.120842],[10.645344,46.121028],[10.645103,46.121201],[10.645142,46.121391],[10.645142,46.121571],[10.644987,46.1216],[10.644802,46.121803],[10.644484,46.121994],[10.644032,46.122193],[10.643732,46.122351],[10.643491,46.122488],[10.643224,46.122804],[10.64325,46.123078],[10.642738,46.123278],[10.642536,46.12349],[10.642154,46.123603],[10.641874,46.123633],[10.641801,46.123969],[10.641281,46.124154],[10.640976,46.124312],[10.640847,46.124556],[10.640584,46.124783],[10.639501,46.125391],[10.639428,46.125537],[10.639548,46.125695],[10.639682,46.125927],[10.639376,46.126514],[10.639308,46.126902],[10.638908,46.127053],[10.638598,46.127375],[10.638224,46.127775],[10.63788,46.127927],[10.637919,46.128129],[10.637953,46.128317]]},"properties":{"id":"f3785974-7f83-4cb4-9ef8-2f45676054a6","cls":"path","osm":["w1299990534@1"],"conn":[["bbdce17a-2439-4a0e-b752-670a46a19a70",0.0],["34a0197e-8939-41ce-b77f-35e57520b101",1.0]]}},{"type":"Feature","geometry":{"type":"LineString","coordinates":[[10.575124,46.057791],[10.575192,46.057698],[10.575184,46.057485],[10.575182,46.057195],[10.575145,46.056927],[10.575142,46.056764],[10.57516,46.056616],[10.57516,46.056409],[10.575108,46.05632]]},"properties":{"id":"f39f7205-1db9-4825-ad7e-5312ee65b194","cls":"path","osm":["w510709153@6"],"conn":[["0a142cb3-eab9-4872-bb90-f92d518246ee",0.0],["08db69b9-9dba-4bc6-9864-032a6cffd2e2",1.0]]}},{"type":"Feature","geometry":{"type":"LineString","coordinates":[[10.514869,46.049585],[10.515359,46.049831],[10.515491,46.049926],[10.515617,46.049898],[10.515696,46.049883],[10.515836,46.049852],[10.516231,46.049928],[10.516504,46.049874],[10.516849,46.049743],[10.517005,46.04965],[10.517189,46.049633],[10.517231,46.049546],[10.51714,46.049493],[10.517143,46.04939],[10.517221,46.049281],[10.517338,46.049183],[10.517493,46.049207],[10.517631,46.048881],[10.51782,46.048865],[10.518117,46.048561],[10.518385,46.048604],[10.518701,46.04849],[10.518924,46.048475],[10.519294,46.048383],[10.519428,46.048362],[10.51957,46.048239],[10.519844,46.048127],[10.520114,46.047922],[10.51971,46.04779],[10.519543,46.047706],[10.519447,46.047611],[10.519278,46.047565],[10.519184,46.047479],[10.519145,46.0474],[10.519181,46.047254],[10.519353,46.047159],[10.519516,46.047133],[10.519594,46.047038],[10.519516,46.046852],[10.519536,46.046739],[10.519629,46.046762],[10.519543,46.046517],[10.51968,46.046457],[10.520022,46.046624],[10.520039,46.046399],[10.519925,46.046225],[10.520091,46.046137],[10.520174,46.045938],[10.520214,46.045679],[10.52012,46.045595],[10.520155,46.045439],[10.520098,46.045355],[10.520146,46.045271],[10.520487,46.045352],[10.520431,46.045087],[10.520404,46.044918],[10.520322,46.044815],[10.519765,46.044254],[10.519997,46.044236],[10.519846,46.043976],[10.519896,46.043539],[10.519837,46.043059],[10.51987,46.042909],[10.52,46.042809],[10.520077,46.042669],[10.520187,46.042615],[10.520343,46.042367],[10.520525,46.042242],[10.520512,46.04214],[10.520705,46.041903],[10.520823,46.041866],[10.521075,46.04171],[10.521201,46.041475],[10.521377,46.041357],[10.521726,46.041246],[10.52191,46.041016],[10.522185,46.040907],[10.522672,46.040681],[10.523046,46.040596],[10.522632,46.0401],[10.522516,46.039879],[10.522392,46.039645],[10.521426,46.039355],[10.521061,46.03896],[10.522091,46.039124],[10.521877,46.038833],[10.522488,46.038736],[10.522167,46.038513],[10.522049,46.036934],[10.522145,46.035854],[10.522757,46.035541],[10.522424,46.034856],[10.522113,46.034186],[10.521984,46.033709],[10.523078,46.033456],[10.524924,46.032309],[10.525224,46.031899],[10.525734,46.031948]]},"properties":{"id":"f4035edd-e3a0-4df0-b1ed-4d3c58396f49","cls":"path","osm":["w519429643@3","w522968989@3","w522968990@1","w522968991@1"],"fr":[["is_bridge",0.023231,0.025269]],"conn":[["ef956775-ca36-41ae-a692-e25793f260b4",0.0],["ff97d8b2-46e0-4fbc-a94e-db9ccee1896e",1.0]]}},{"type":"Feature","geometry":{"type":"LineString","coordinates":[[10.607027,46.020762],[10.606958,46.020782],[10.60695,46.020877],[10.60694,46.020894],[10.606904,46.020957],[10.60682,46.021042],[10.606631,46.021051],[10.606471,46.021031]]},"properties":{"id":"f40618c6-9cec-4d94-ad77-2174323975a8","cls":"track","osm":["w1212116535@1","w1212116536@1","w1212116537@1"],"conn":[["d2eccdae-7899-45c4-b9dc-3f2e43391c22",0.0],["9ac705b8-31ae-4880-8a07-78c23afe35af",0.577977],["b3a43672-7872-43f9-9084-7af044df3a0e",1.0]]}},{"type":"Feature","geometry":{"type":"LineString","coordinates":[[10.514558,46.009533],[10.514402,46.009622]]},"properties":{"id":"f4578c0d-0b9d-4f65-91ea-db19111a3522","cls":"service","osm":["w177352103@1"],"conn":[["24a6d6f8-2fe4-44a2-84b0-a66d7df44466",0.0],["870bc641-1286-4aa5-9781-00b3c6d6cd50",1.0]],"access":[{"type":"allowed","when":["foot"]},{"type":"allowed","when":["motor_vehicle"]}]}},{"type":"Feature","geometry":{"type":"LineString","coordinates":[[10.632386,46.040068],[10.632333,46.040055],[10.632055,46.039988],[10.63197,46.039928]]},"properties":{"id":"f4769ed4-e623-4bad-a6c4-54eb20961f02","cls":"unclassified","osm":["w267575821@3","w267575822@2","w38564597@5"],"fr":[["is_bridge",0.119319,0.74389]],"sr":[["paved",null,null]],"conn":[["d43c842d-be8f-409c-9ca1-ff045abaa2c1",0.0],["c85ff371-fd6c-4fb1-ae79-add90ee715a0",1.0]]}},{"type":"Feature","geometry":{"type":"LineString","coordinates":[[10.579688,45.962574],[10.579616,45.962702],[10.579426,45.962869],[10.579121,45.963063],[10.579043,45.963134],[10.579005,45.963213],[10.578915,45.963829],[10.578847,45.964025],[10.578763,45.964146],[10.578279,45.964569],[10.577845,45.96502],[10.577755,45.965152],[10.57758,45.965612],[10.577514,45.96572],[10.577388,45.965858],[10.577315,45.965956],[10.5772,45.966222],[10.577093,45.966347],[10.576738,45.966611],[10.576642,45.966682],[10.576444,45.966797],[10.576309,45.966849],[10.575841,45.966952],[10.575755,45.966977],[10.575373,45.967263],[10.575205,45.967458],[10.575066,45.967675],[10.57478,45.967896],[10.574103,45.968545],[10.573901,45.968692],[10.57376,45.968756],[10.573541,45.968802],[10.573301,45.968826],[10.572993,45.968819],[10.572151,45.968803],[10.571106,45.968779],[10.570671,45.968789],[10.570598,45.968799],[10.570419,45.968824],[10.57018,45.968857],[10.569667,45.968954],[10.569311,45.969028],[10.568997,45.969144],[10.568723,45.969271],[10.567265,45.970225],[10.566629,45.970465],[10.565819,45.97085],[10.56562,45.970988],[10.565493,45.971138],[10.565233,45.971711],[10.565121,45.971909],[10.564991,45.972015],[10.564815,45.972106],[10.564442,45.972228],[10.564173,45.972322],[10.563685,45.972539],[10.563429,45.972621],[10.563086,45.972661],[10.562666,45.972716],[10.562427,45.972727],[10.561892,45.972709],[10.561672,45.972707],[10.561579,45.972707],[10.56143,45.972731],[10.561281,45.972766],[10.56087,45.972897],[10.560262,45.973108],[10.559867,45.973239],[10.559855,45.973243],[10.558976,45.973532],[10.558798,45.973588],[10.558577,45.97365],[10.558447,45.973678],[10.558331,45.973696],[10.558206,45.973705],[10.557438,45.973716],[10.556868,45.97373],[10.556666,45.973736],[10.55601,45.973808],[10.555815,45.97383],[10.555479,45.973899],[10.555199,45.973969],[10.554951,45.974066],[10.554587,45.974229],[10.554518,45.974256],[10.554147,45.974405],[10.553951,45.974461],[10.55381,45.974486],[10.553676,45.974517],[10.553479,45.97453],[10.553261,45.974548],[10.553029,45.974584],[10.552832,45.974648],[10.552665,45.974733],[10.552238,45.975036],[10.551616,45.975465],[10.551398,45.975705],[10.551355,45.975748],[10.551308,45.975789],[10.551256,45.975828],[10.5512,45.975864],[10.551141,45.975898],[10.551078,45.975928],[10.551013,45.975955],[10.550429,45.976162],[10.550093,45.97628],[10.550019,45.976304],[10.549942,45.976325],[10.549864,45.976343],[10.549783,45.976357],[10.549702,45.976367],[10.54962,45.976373],[10.549416,45.976378],[10.548581,45.976384],[10.548108,45.976402],[10.547567,45.976441],[10.54731,45.976461],[10.547072,45.976477],[10.546467,45.976504],[10.5464,45.976507],[10.546334,45.976516],[10.54627,45.97653],[10.546208,45.976549],[10.545898,45.97666],[10.545838,45.976677],[10.545783,45.97669],[10.545724,45.976702],[10.545373,45.976756],[10.545298,45.976773],[10.545222,45.976794],[10.544911,45.976894],[10.544853,45.97691],[10.544794,45.976924],[10.544734,45.976936]]},"properties":{"id":"f53f9496-1daf-453a-a341-946cffa9cd7b","cls":"tertiary","osm":["r3253283@23","w303113659@2","w303113660@4","w82547258@5","w82549457@13","w82549469@4"],"fr":[["is_bridge",0.151508,0.154693],["is_bridge",0.765335,0.768657]],"sr":[["paved",null,null]],"conn":[["62cf9460-e150-4ad4-829f-aaac6796d2c8",0.0],["67377a40-0bdb-4f73-8183-be24d51dec7b",0.151509],["3413d239-405f-4c36-b899-9826202fccce",0.16406],["b2e314bf-15d6-4caa-937e-16de7265310c",0.177331],["ea62733a-0a97-492c-8779-59ab7e259446",0.323733],["961900d4-0e67-43ae-be6e-d0a88500d0b3",0.327882],["2943d426-ae91-4515-99a8-22c3ee867587",0.577709],["eb9527eb-4462-4fbb-819c-a3872fbe9620",0.583314],["b769a6ec-dbd7-4257-8b11-0712ba3c19ed",0.597139],["f86f6cd5-4bdd-48a3-a8c3-2611970bf500",0.612574],["f44ce0f5-273d-4989-8ba4-c679a83256c5",0.622529],["af047829-b958-4201-a33e-f6cc2771d6e6",0.649343],["8b661d63-d97d-4701-bcfb-5ef18be5bad9",0.680871],["979762af-12d1-4d04-bb0f-5c10454efd02",0.693815],["17cd7dbc-d1e4-4cab-afb3-a4f9a6db0f47",0.713512],["9f004b31-f133-4590-865c-8851141e01e1",0.750797],["5ed4bab8-ea5e-45cc-b092-7944a530d4b8",0.810235],["af861cc7-2010-420b-b6a7-de65b9955e37",0.890752],["6953538f-ee81-4be6-ba0a-17ef0321c56e",0.909719],["f99e3e0a-4d25-417e-afd6-cc0e7f4e8c6b",0.932846],["fcee2427-fc7f-48d3-ae51-9959646ec2eb",1.0]]}},{"type":"Feature","geometry":{"type":"LineString","coordinates":[[10.609729,45.975016],[10.609769,45.974925],[10.609968,45.974931],[10.610119,45.974901],[10.610219,45.974904],[10.610313,45.974884],[10.610361,45.974832],[10.610439,45.974763],[10.610556,45.974706],[10.610691,45.974716],[10.610801,45.974727],[10.610895,45.974682],[10.611007,45.974649],[10.611094,45.974652],[10.611192,45.974595],[10.61124,45.974508],[10.61133,45.974538],[10.6114,45.974499],[10.611474,45.974512],[10.611498,45.974465],[10.611504,45.974389],[10.611589,45.974364],[10.611684,45.974333],[10.611853,45.974282],[10.612006,45.974197],[10.612148,45.974064],[10.612299,45.974052],[10.612379,45.974092],[10.612514,45.974155],[10.61267,45.974119],[10.61293,45.974024],[10.613082,45.973945],[10.613079,45.973721],[10.613039,45.973531],[10.613135,45.973512],[10.613245,45.973529],[10.613379,45.973618],[10.613509,45.973655],[10.613619,45.973631],[10.613698,45.973629],[10.613892,45.973633],[10.613988,45.973562],[10.613964,45.973464],[10.614009,45.97336],[10.614129,45.973275],[10.614281,45.973156],[10.614596,45.973255],[10.614801,45.97339],[10.614964,45.973542],[10.615044,45.973679],[10.615069,45.973784],[10.615123,45.973803],[10.615246,45.973673],[10.615452,45.973473],[10.615696,45.973535],[10.615815,45.97348],[10.615946,45.973496],[10.616042,45.973635],[10.616041,45.97373],[10.616141,45.973817]]},"properties":{"id":"f55f5c19-c1a2-4b05-94df-e7dd63549823","cls":"path","osm":["w197810610@4"],"conn":[["04598cb0-cb17-4817-9318-79cec9f42630",0.0],["2201d40e-4ed9-43cf-b417-d319bcd4af77",1.0]]}},{"type":"Feature","geometry":{"type":"LineString","coordinates":[[10.621951,46.039038],[10.621283,46.038873],[10.620947,46.038744],[10.62048,46.038782],[10.620256,46.038679],[10.619938,46.038549],[10.619583,46.038367],[10.619359,46.038108],[10.619135,46.037927],[10.618873,46.037732],[10.618556,46.037563],[10.618406,46.037473],[10.618332,46.037239],[10.618219,46.036876],[10.618238,46.036617],[10.617939,46.036345],[10.617864,46.036059],[10.617864,46.035904],[10.617771,46.035722],[10.617752,46.035476],[10.61764,46.035294],[10.617267,46.035126],[10.616987,46.03497],[10.616762,46.034711],[10.616501,46.034529],[10.616314,46.034334],[10.616146,46.034153],[10.61566,46.033816],[10.614913,46.03353],[10.614353,46.03331],[10.61411,46.033206],[10.613904,46.032817],[10.613587,46.032675],[10.613008,46.032649],[10.6117,46.032597],[10.611084,46.032558],[10.610747,46.0327],[10.609925,46.032545],[10.610019,46.032143],[10.610449,46.031741],[10.610673,46.031507],[10.610673,46.031196],[10.610654,46.030976],[10.611383,46.030768],[10.61213,46.030639],[10.612821,46.030742],[10.613587,46.030807],[10.61411,46.031092],[10.614483,46.031417],[10.615119,46.031676],[10.615754,46.032065],[10.615978,46.032311],[10.616464,46.032441],[10.616818,46.032545],[10.617043,46.032597],[10.616874,46.032376],[10.616389,46.032143],[10.616239,46.031922],[10.616053,46.031728],[10.616183,46.031546],[10.615978,46.031287],[10.61566,46.031105],[10.616071,46.030742],[10.616482,46.030522],[10.616566,46.030373],[10.616837,46.030243],[10.617117,46.030146],[10.617117,46.030029],[10.61736,46.029938],[10.617603,46.029854],[10.617715,46.029705],[10.61793,46.029659],[10.617811,46.029588],[10.617521,46.029627],[10.617222,46.029621],[10.616895,46.029472],[10.616783,46.029271],[10.616708,46.028998],[10.61669,46.028843],[10.616634,46.028642],[10.61669,46.028447],[10.616942,46.028395],[10.617316,46.028311],[10.617568,46.028266],[10.617895,46.028285],[10.618091,46.02824],[10.618343,46.02824],[10.618539,46.028266],[10.618763,46.02824],[10.618605,46.028013],[10.618156,46.027773],[10.618053,46.027604],[10.617792,46.027371],[10.617577,46.027215],[10.617278,46.026956],[10.616867,46.026677],[10.616522,46.026469],[10.616354,46.026262],[10.61626,46.02597],[10.61598,46.025821],[10.615798,46.025516],[10.615637,46.025248],[10.615497,46.024913],[10.615497,46.024726],[10.615444,46.02451],[10.614907,46.024235],[10.614703,46.023847],[10.614693,46.023549],[10.614467,46.023199],[10.614403,46.022983],[10.614242,46.022618],[10.614081,46.022432],[10.613866,46.022231],[10.613748,46.022134],[10.613502,46.02197],[10.613178,46.021831]]},"properties":{"id":"f5a5ef91-f2a3-4982-9804-39c002e84928","cls":"path","name":"Sentiero Comunale di Camparadur","osm":["w1319906829@1","w1319906830@1","w1319906831@1","w1319906832@1"],"conn":[["48d91612-a104-47e8-a288-8eff0296fec9",0.0],["e9c93c00-0e90-4666-966d-6d079975e43a",0.272983],["82cf71d4-0fb5-447d-a027-b15c28779a3d",1.0]]}},{"type":"Feature","geometry":{"type":"LineString","coordinates":[[10.530374,45.984294],[10.530292,45.984257],[10.530154,45.98427],[10.530029,45.984443],[10.529932,45.984612],[10.529797,45.984828],[10.529725,45.984933],[10.529459,45.985296],[10.52929,45.985678],[10.529376,45.986087],[10.529625,45.986688],[10.529702,45.986994],[10.529821,45.987293],[10.530001,45.987649],[10.530033,45.987837],[10.529957,45.988007],[10.529962,45.988082],[10.530064,45.988158],[10.530132,45.988257],[10.530134,45.988406],[10.530054,45.988579],[10.529843,45.988711],[10.52972,45.988809],[10.52969,45.9889],[10.52966,45.98894],[10.529499,45.988996]]},"properties":{"id":"f60b579a-7de3-45db-b504-74c0bc6f1922","cls":"path","osm":["w241101045@3","w241101047@2","w241101049@2","w241101052@2","w241101058@2"],"conn":[["0550baad-fb05-412a-a89f-d199c3fa452c",0.0],["36513e89-d984-434e-a2e2-991d221f65b5",0.167959],["c348ffbf-d119-4f73-844d-7a7c18b5d4e0",0.976325],["81a94a17-dabe-427b-aaaa-1e6b1355a961",1.0]]}},{"type":"Feature","geometry":{"type":"LineString","coordinates":[[10.494196,45.977026],[10.494341,45.977039],[10.494435,45.977011],[10.494492,45.976986],[10.494801,45.976983],[10.494898,45.976887],[10.495004,45.976748],[10.495142,45.976723],[10.495134,45.976613],[10.49524,45.976522],[10.495349,45.976415],[10.495366,45.976268],[10.495313,45.976104],[10.495162,45.97594],[10.494919,45.975836],[10.494821,45.9757],[10.494707,45.975531],[10.494508,45.975454],[10.494398,45.975361],[10.494187,45.975265],[10.494032,45.975115],[10.493951,45.974997],[10.493622,45.974855],[10.493231,45.974708],[10.493073,45.97461],[10.492902,45.974516],[10.492748,45.974364],[10.492666,45.974242],[10.492662,45.974112],[10.49241,45.974013],[10.492024,45.973745],[10.491833,45.973607],[10.49167,45.973434],[10.491524,45.973344],[10.491379,45.973243],[10.491293,45.973146],[10.491224,45.973109],[10.491132,45.972982],[10.491014,45.972893],[10.490944,45.972814],[10.490773,45.972691],[10.490692,45.972602],[10.490537,45.972542],[10.49037,45.972449],[10.490188,45.972423],[10.49007,45.972311],[10.489899,45.972233],[10.489705,45.972211],[10.48956,45.97214],[10.489346,45.972125],[10.489348,45.972038],[10.48928,45.97206],[10.489191,45.972004],[10.489172,45.971899],[10.489148,45.971841],[10.489169,45.971805],[10.489105,45.971803],[10.489114,45.971728],[10.489037,45.971751],[10.488963,45.971693],[10.488981,45.971642],[10.488963,45.971582],[10.488948,45.971563],[10.488932,45.971526],[10.48884,45.971531],[10.488787,45.971488],[10.488729,45.971469],[10.488705,45.971441]]},"properties":{"id":"f69850eb-d461-4a2d-969d-6faab81960ca","cls":"path","osm":["w1205850337@1"],"conn":[["ec721560-2a03-46a2-8a7b-3cbf2508e625",0.0],["6bbeeffa-defe-43ab-9f3b-b4bf3ddea202",1.0]]}},{"type":"Feature","geometry":{"type":"LineString","coordinates":[[10.513175,46.054546],[10.51325,46.05455],[10.513307,46.054587]]},"properties":{"id":"f6fd6c76-f64f-4a83-baac-126166d4f81b","cls":"path","osm":["w511165946@1"],"conn":[["fcf0e6a1-899e-4d85-a753-a33efb387423",0.0],["f6265555-0f7d-43e2-889f-cf6a1d412fb0",1.0]]}},{"type":"Feature","geometry":{"type":"LineString","coordinates":[[10.564305,46.108096],[10.564106,46.108058],[10.563883,46.108087],[10.56371,46.108159],[10.563541,46.108191],[10.563257,46.108103],[10.562861,46.107791],[10.562618,46.1074],[10.562348,46.107327]]},"properties":{"id":"f731b9f1-e203-4146-b232-73f0c51efb2b","cls":"path","osm":["w1114893565@3"],"conn":[["80215691-ed37-4b83-a472-34dc8f86a228",0.0],["82f76fa5-2457-4b31-b30a-6f9509c8454b",1.0]]}},{"type":"Feature","geometry":{"type":"LineString","coordinates":[[10.629348,46.051826],[10.629538,46.051848],[10.629733,46.05183],[10.630241,46.051724],[10.630493,46.051645],[10.63063,46.051567],[10.630799,46.051498],[10.630997,46.051342],[10.63141,46.051132],[10.631542,46.051087],[10.631585,46.051039],[10.631692,46.051018],[10.631877,46.050903],[10.632022,46.050873],[10.632142,46.050785],[10.63236,46.050711],[10.632679,46.050637],[10.632778,46.050471],[10.632786,46.050344],[10.632754,46.050182],[10.632631,46.050184],[10.632604,46.050115],[10.632679,46.050048],[10.632802,46.049933],[10.63284,46.049869],[10.632958,46.049832],[10.633006,46.049812],[10.633087,46.049695],[10.633242,46.049672],[10.633253,46.049564],[10.633333,46.049523],[10.633363,46.04935],[10.633406,46.049222],[10.633526,46.049082],[10.633765,46.048952],[10.633875,46.048913],[10.63391,46.048937],[10.634009,46.048894],[10.634114,46.048758],[10.634253,46.048615],[10.634302,46.048499],[10.634449,46.048432],[10.634642,46.048354],[10.634707,46.048308],[10.634825,46.048317],[10.634937,46.048278],[10.634994,46.04828],[10.635184,46.048166],[10.635332,46.04814],[10.635517,46.048105],[10.635592,46.048023],[10.63568,46.048025],[10.635718,46.047976],[10.636013,46.048027],[10.636182,46.04801],[10.636225,46.047868],[10.636651,46.047919],[10.636745,46.04777],[10.636914,46.047919],[10.637244,46.04803],[10.637405,46.04804],[10.63759,46.048096],[10.637888,46.048108],[10.638065,46.048157],[10.638471,46.048147],[10.638604,46.048149],[10.638684,46.04811],[10.638757,46.04811],[10.638837,46.048086],[10.63884,46.04804],[10.638907,46.048006],[10.639046,46.04795],[10.639167,46.047958],[10.639277,46.048002],[10.639443,46.04804],[10.639932,46.048101],[10.640437,46.048106],[10.640858,46.048019],[10.640956,46.048004],[10.641214,46.047982],[10.641404,46.047893],[10.641525,46.047764],[10.641587,46.047703],[10.641662,46.047676],[10.64189,46.047665],[10.642037,46.047624],[10.642159,46.047559],[10.642348,46.047518],[10.64267,46.047364],[10.642783,46.047258],[10.642796,46.047201],[10.642914,46.047077],[10.643181,46.046923],[10.643311,46.046701],[10.643363,46.0464],[10.643373,46.046238],[10.643424,46.046191],[10.643405,46.046126],[10.643346,46.046003],[10.643308,46.04594],[10.643287,46.045793],[10.643332,46.045705],[10.64347,46.045266],[10.643601,46.044977],[10.643716,46.044866],[10.643904,46.044839],[10.644553,46.044979],[10.644743,46.045029],[10.644912,46.04504],[10.645588,46.045029],[10.646183,46.045044],[10.646484,46.045055],[10.646664,46.04496],[10.646895,46.044909],[10.646972,46.044905],[10.647061,46.044845],[10.6471,46.04478],[10.647139,46.044703],[10.64726,46.044579],[10.64728,46.044455],[10.647242,46.044296],[10.647229,46.044139],[10.647267,46.044026],[10.647302,46.043811],[10.647467,46.043534],[10.647643,46.043238],[10.647796,46.04316],[10.647959,46.043123],[10.648069,46.043054],[10.648246,46.043022],[10.648434,46.042974],[10.648587,46.042866],[10.648692,46.042849],[10.648836,46.042855],[10.649107,46.042816],[10.649292,46.042758],[10.649622,46.042568],[10.649737,46.042405],[10.649791,46.042203],[10.649851,46.041842],[10.649976,46.041457],[10.649998,46.041291],[10.650092,46.041112],[10.650247,46.04103],[10.650451,46.040989],[10.65069,46.041001],[10.651004,46.041077],[10.651492,46.041239],[10.651985,46.041477],[10.652251,46.041598],[10.652342,46.041639],[10.652517,46.041652],[10.652629,46.041611],[10.653597,46.040978],[10.653761,46.04092],[10.654024,46.040814],[10.654662,46.040751],[10.655048,46.040687],[10.655231,46.04061],[10.655357,46.04049],[10.655443,46.040326],[10.655491,46.040016],[10.655483,46.039781],[10.655422,46.039619],[10.655386,46.039377],[10.655421,46.039215],[10.655406,46.039073],[10.655285,46.038952],[10.65518,46.038828],[10.655121,46.038733],[10.65511,46.038513],[10.655054,46.03844],[10.655053,46.03827],[10.655086,46.038152],[10.655057,46.038068],[10.655094,46.037956],[10.655255,46.037878],[10.655684,46.037405],[10.655808,46.037295],[10.655982,46.037204],[10.656333,46.037111],[10.656669,46.037068],[10.656837,46.036966],[10.657044,46.036733],[10.657125,46.036675],[10.657269,46.036696],[10.657454,46.036746],[10.657564,46.036761],[10.65772,46.036701],[10.657819,46.036636],[10.658071,46.036547],[10.658173,46.03651],[10.65839,46.03647],[10.658573,46.036401],[10.658817,46.036387],[10.658943,46.036344],[10.658973,46.036299],[10.658999,46.036202],[10.65893,46.036023],[10.658873,46.035856],[10.658785,46.035625],[10.658761,46.035511],[10.658763,46.035322],[10.658809,46.035173],[10.658809,46.035104],[10.658734,46.034893],[10.658696,46.034649],[10.658702,46.034528],[10.658707,46.034465],[10.65879,46.034251],[10.658868,46.034188],[10.658964,46.034141],[10.659321,46.033968],[10.659611,46.033739],[10.660037,46.033526]]},"properties":{"id":"f77e586c-4e5e-409a-a619-5bde9935205d","cls":"path","osm":["w370329576@4"],"conn":[["75f8faa9-6a0c-4fbf-9f6d-68279f33f47c",0.0],["987fe07c-d788-4945-8433-c5b27362d9b8",0.213275],["65b76fbb-99a4-4a30-88af-bc8458b05d8e",1.0]]}},{"type":"Feature","geometry":{"type":"LineString","coordinates":[[10.536436,45.983035],[10.536361,45.983055],[10.536266,45.983181],[10.536223,45.983317],[10.536146,45.983414],[10.536092,45.983546],[10.536072,45.983773],[10.535834,45.984169],[10.535693,45.984487],[10.535588,45.984729],[10.535404,45.984856],[10.535004,45.984935],[10.534861,45.984986],[10.534165,45.985242],[10.533248,45.985214],[10.532758,45.985234],[10.532578,45.985232],[10.532419,45.985231],[10.532054,45.985169],[10.531776,45.985123],[10.531226,45.984949],[10.530729,45.984636],[10.530396,45.984331],[10.530374,45.984294],[10.530396,45.984085],[10.53047,45.983675],[10.530719,45.983145],[10.530762,45.98286],[10.530401,45.982712],[10.530206,45.982397],[10.52999,45.982208],[10.529505,45.982057],[10.529376,45.982006],[10.529298,45.981976],[10.529422,45.981533],[10.529617,45.981352],[10.529231,45.980948],[10.52888,45.98069],[10.52894,45.980442],[10.529018,45.979995],[10.528848,45.979429],[10.529046,45.979184],[10.52922,45.97918],[10.529386,45.979177],[10.529671,45.979192]]},"properties":{"id":"f8fc744d-0fae-4f24-93e8-55db351f0aa6","cls":"track","osm":["w1105345104@2","w241101050@4","w241101051@7","w60206736@9","w82509676@1"],"fr":[["is_bridge",0.162758,0.18623],["is_bridge",0.983879,1.0]],"sr":[["paved",0.359591,0.983879]],"conn":[["b0ecc55a-f1d6-45f7-a517-ba95f33436ef",0.0],["f7d31a75-1c01-4db8-88f0-821016e4f2f6",0.12763],["c1f6ddc7-15a3-4f78-a5e5-d794647bd0f6",0.329407],["0550baad-fb05-412a-a89f-d199c3fa452c",0.481946],["ba3ba279-cad1-44b9-81e1-2340de9d0676",0.710183],["5f42c09d-21aa-4b1b-9ed7-2e61ba9b68c3",0.97446],["8d1c4e41-b931-4b57-b2cb-d51df81f6f96",1.0]],"access":[{"type":"allowed","when":["motor_vehicle"]},{"type":"allowed","when":["motor_vehicle"]}]}},{"type":"Feature","geometry":{"type":"LineString","coordinates":[[10.468872,46.089669],[10.46891,46.089755],[10.46895,46.089836],[10.469007,46.089952],[10.469014,46.090001],[10.468976,46.090034],[10.468932,46.090077],[10.468907,46.090145],[10.468872,46.090202],[10.468811,46.090302],[10.468682,46.090361],[10.468644,46.090447],[10.468566,46.090503],[10.468513,46.090561],[10.468452,46.090666],[10.468398,46.090732],[10.468369,46.090835],[10.468363,46.090903],[10.468349,46.090947],[10.468304,46.090979],[10.468246,46.091014],[10.468166,46.091072],[10.468133,46.091145],[10.468006,46.09125],[10.467874,46.091339],[10.467767,46.091426],[10.467628,46.091482],[10.467545,46.091554],[10.467525,46.091627],[10.467518,46.091736],[10.467439,46.091868],[10.467383,46.091992],[10.467282,46.092102],[10.467262,46.092226],[10.467232,46.09233],[10.467244,46.09239],[10.467274,46.092455],[10.467299,46.092523],[10.467333,46.092585],[10.467308,46.092668],[10.467259,46.092701],[10.467196,46.092767],[10.467139,46.092891],[10.466991,46.093016],[10.466778,46.093132],[10.466599,46.093226],[10.466529,46.093303],[10.466518,46.093389],[10.466546,46.093459],[10.466555,46.093547],[10.46645,46.093668],[10.466367,46.093818],[10.466223,46.093955],[10.46614,46.094014]]},"properties":{"id":"f90a9962-1c42-4149-ae56-723a0a4e8ec8","cls":"path","osm":["w1308106326@2"],"conn":[["6886e685-fda8-4581-bfd5-89bea1ef8244",0.0],["f32296fa-247b-4fef-9cad-ec9573a5d0df",1.0]]}},{"type":"Feature","geometry":{"type":"LineString","coordinates":[[10.541346,45.980771],[10.54139,45.980775],[10.541526,45.980842],[10.541608,45.980842],[10.54181,45.98082],[10.54197,45.980704]]},"properties":{"id":"f937789f-0b62-4bd6-aa75-b3b01ecfa84d","cls":"unclassified","osm":["w241102122@1"],"conn":[["9e02ade4-b782-4b57-943b-4be8ae0c6b39",0.0],["f0ca501f-1547-48e3-b296-cc7176f506a0",1.0]]}},{"type":"Feature","geometry":{"type":"LineString","coordinates":[[10.46516,46.024155],[10.464973,46.024151],[10.464812,46.02422],[10.464733,46.024183],[10.464635,46.024129],[10.464452,46.024013],[10.464362,46.023963],[10.464273,46.023864],[10.463585,46.023724],[10.463472,46.023668],[10.463362,46.023552],[10.463251,46.023498],[10.463129,46.023438],[10.463085,46.023399],[10.463081,46.023311],[10.463107,46.023155],[10.463114,46.023046],[10.463085,46.022995],[10.462953,46.022897],[10.462943,46.022825],[10.462792,46.02276],[10.462798,46.022689],[10.462683,46.022567],[10.462626,46.022469],[10.462589,46.022357],[10.462411,46.02232],[10.462266,46.022281],[10.462137,46.022287],[10.461749,46.022251],[10.461259,46.022148],[10.461028,46.022056],[10.460759,46.021813],[10.460495,46.021673],[10.460347,46.021579],[10.460088,46.021456],[10.459921,46.021297],[10.459849,46.021236],[10.459748,46.021195],[10.459676,46.021189],[10.459616,46.021127],[10.459561,46.021079],[10.459423,46.021038],[10.459299,46.020969],[10.459235,46.020839],[10.459129,46.020731],[10.459029,46.020583],[10.458949,46.02052],[10.458909,46.020404],[10.458901,46.02038],[10.45886,46.02029],[10.458709,46.02014],[10.458675,46.020056],[10.458599,46.019941],[10.458577,46.019871],[10.458545,46.019838],[10.458521,46.019769],[10.458493,46.019754],[10.458466,46.019738],[10.458398,46.019684],[10.458353,46.019666],[10.458263,46.019636],[10.458033,46.019481],[10.457976,46.019424],[10.457765,46.019266],[10.457721,46.0192],[10.457731,46.019107],[10.45771,46.018978],[10.457672,46.018923],[10.457582,46.018863],[10.457494,46.018841],[10.457347,46.018769],[10.457252,46.018726],[10.457188,46.018688],[10.457057,46.018497],[10.457048,46.018306],[10.457023,46.018232],[10.456999,46.018171],[10.456942,46.018132],[10.456928,46.018038],[10.456815,46.017987],[10.456757,46.017961],[10.456659,46.017954],[10.456514,46.017946],[10.456371,46.017916],[10.456261,46.017926],[10.456127,46.017967],[10.456004,46.017899],[10.455946,46.01784],[10.455887,46.017707],[10.455754,46.017577],[10.455718,46.017518],[10.455581,46.01748],[10.455531,46.017494],[10.455399,46.017508],[10.455308,46.0175],[10.45513,46.017442],[10.455047,46.017396],[10.454833,46.017199],[10.454812,46.017154],[10.454791,46.017082],[10.454763,46.01703],[10.454569,46.016936],[10.454392,46.016903],[10.454097,46.016653],[10.454002,46.016602],[10.453873,46.016557],[10.453758,46.016534],[10.453675,46.016531],[10.453569,46.016548],[10.453511,46.016513],[10.453487,46.01647],[10.4534,46.016437],[10.453339,46.01641],[10.453152,46.016255],[10.452779,46.016081],[10.452413,46.015856],[10.452113,46.015729],[10.451656,46.015457],[10.45146,46.01541],[10.451335,46.015386],[10.451246,46.015356],[10.4512,46.015255],[10.451149,46.015168],[10.451078,46.015115]]},"properties":{"id":"f95d8f26-8701-4ac8-a253-13711396fee1","cls":"path","osm":["w1125199177@3"],"conn":[["b91c5539-4946-48a4-8d44-f1816bc35158",0.0],["d11a86b5-c8de-44bd-b894-f5cec4fe6f70",1.0]]}},{"type":"Feature","geometry":{"type":"LineString","coordinates":[[10.579425,46.046403],[10.579244,46.046261],[10.579116,46.046184],[10.578828,46.046155],[10.578675,46.046112],[10.57851,46.045963],[10.578351,46.0459],[10.578228,46.045827],[10.578026,46.04581],[10.577873,46.045709],[10.577886,46.045577],[10.578002,46.045407],[10.57791,46.045339],[10.578075,46.045279],[10.578045,46.045182],[10.578051,46.04508],[10.578112,46.044944],[10.578186,46.044821],[10.578338,46.044697],[10.578479,46.044566],[10.57862,46.044468],[10.578693,46.044319],[10.578816,46.044192],[10.578938,46.044064],[10.579073,46.043967],[10.57925,46.043814],[10.579348,46.043652],[10.579575,46.043644],[10.579538,46.043538],[10.579557,46.043402],[10.57952,46.043304],[10.579569,46.043215],[10.579624,46.043096],[10.579771,46.042943],[10.579911,46.042816],[10.580089,46.042833],[10.580248,46.042807],[10.580211,46.042743],[10.580358,46.042675],[10.580548,46.042641],[10.581001,46.042552],[10.581038,46.042616],[10.581074,46.04268],[10.581313,46.042684],[10.581582,46.042684],[10.581845,46.042595],[10.582102,46.042352],[10.582396,46.042089],[10.582665,46.041864],[10.582745,46.041753],[10.582763,46.041685],[10.582751,46.041592],[10.582635,46.041494],[10.582531,46.041448],[10.582519,46.041392],[10.582537,46.041333],[10.582843,46.041286],[10.582733,46.041171],[10.582965,46.041086],[10.58288,46.040985],[10.583014,46.040908],[10.58307,46.040819],[10.583143,46.040734],[10.58321,46.040674],[10.583235,46.040632],[10.583279,46.040611],[10.583325,46.040606],[10.583405,46.040598],[10.583417,46.040578],[10.583412,46.040552],[10.583405,46.040516],[10.58342,46.040493],[10.583483,46.040421],[10.583521,46.040392],[10.583536,46.040357],[10.583582,46.040314],[10.583622,46.040272],[10.583671,46.040242],[10.583689,46.040209],[10.58375,46.040184],[10.583775,46.040159],[10.583792,46.040132],[10.583831,46.040118],[10.583862,46.040109],[10.583896,46.040127],[10.583897,46.040143],[10.583937,46.040126],[10.583968,46.040139],[10.583992,46.040228],[10.584041,46.040206],[10.584075,46.040208],[10.584154,46.040147],[10.584197,46.040214],[10.584228,46.040214],[10.584252,46.040186],[10.584298,46.040144],[10.584338,46.040149],[10.584356,46.040183],[10.584352,46.040203],[10.584361,46.040225],[10.584382,46.040195],[10.584397,46.040178],[10.584434,46.040163],[10.584427,46.040183],[10.584445,46.040202],[10.584433,46.040235],[10.584451,46.040248],[10.584488,46.040197],[10.584508,46.040201],[10.584525,46.040176],[10.584557,46.040158],[10.584586,46.040103],[10.584633,46.040135],[10.58465,46.040116],[10.584699,46.040097],[10.584711,46.040137],[10.584809,46.040216],[10.584873,46.040217],[10.584941,46.040177],[10.584956,46.040136],[10.58497,46.040091],[10.585022,46.040018],[10.585103,46.039912],[10.585146,46.039867],[10.585138,46.039851],[10.585184,46.039816],[10.585213,46.03978],[10.585274,46.039708],[10.585305,46.039655],[10.585337,46.039636],[10.585351,46.039652],[10.58538,46.039628],[10.58541,46.039597],[10.585461,46.039549],[10.585473,46.039532],[10.585513,46.039515],[10.585553,46.03955],[10.585597,46.039466],[10.585649,46.039417],[10.585712,46.039344],[10.585758,46.039374],[10.585781,46.039469],[10.585778,46.039536],[10.585773,46.039593],[10.585811,46.039627],[10.585822,46.039657],[10.585822,46.039691],[10.58585,46.039716],[10.585877,46.039634],[10.586015,46.039524],[10.586122,46.039521],[10.586171,46.03949],[10.586206,46.039438],[10.586298,46.039439],[10.586333,46.039469],[10.586402,46.03944],[10.586472,46.039337],[10.586572,46.039245],[10.586584,46.039229],[10.586624,46.03921],[10.586656,46.039177],[10.586691,46.039133],[10.586801,46.039107],[10.58683,46.039104],[10.586838,46.039073],[10.586861,46.039107],[10.586942,46.039146],[10.587025,46.039232],[10.587146,46.03926],[10.587246,46.039294],[10.587324,46.039383],[10.58737,46.039423],[10.587468,46.039462],[10.587478,46.039485],[10.587597,46.039534],[10.587675,46.039586],[10.587745,46.039634],[10.587852,46.039681],[10.587888,46.039707],[10.587973,46.03976],[10.58805,46.039811],[10.588077,46.039828],[10.588116,46.039866],[10.588186,46.039901],[10.588236,46.039885],[10.588289,46.039902],[10.588321,46.039982],[10.588333,46.040007],[10.588359,46.040024],[10.58842,46.039978],[10.588536,46.039927],[10.588639,46.039904],[10.588665,46.039917],[10.588709,46.03995],[10.588726,46.03998],[10.588763,46.04],[10.588796,46.040052],[10.588827,46.040113],[10.588848,46.040136],[10.588891,46.040168],[10.588917,46.040197],[10.588949,46.040211],[10.589089,46.040233],[10.589133,46.040239],[10.589164,46.040258],[10.589199,46.040262],[10.589399,46.040267],[10.589427,46.040308],[10.589562,46.040385],[10.58965,46.040426],[10.589714,46.040412],[10.589739,46.040421],[10.589786,46.040484],[10.589846,46.040501],[10.589953,46.040574],[10.590042,46.040628],[10.590123,46.040708],[10.590175,46.040742],[10.590219,46.040782],[10.590245,46.040798],[10.590285,46.040843],[10.59033,46.040878],[10.590372,46.040898],[10.590395,46.040943],[10.590441,46.041038],[10.590483,46.041086],[10.590547,46.041135],[10.590582,46.041169],[10.590619,46.041192],[10.590643,46.041229],[10.59068,46.041262],[10.590747,46.041271],[10.590824,46.041367],[10.590983,46.041477],[10.59105,46.041503],[10.591124,46.041592],[10.591142,46.041681],[10.591289,46.041724],[10.591595,46.041792],[10.59154,46.041966],[10.591595,46.042144],[10.591754,46.042259],[10.591925,46.042285],[10.592103,46.042242],[10.592201,46.042293],[10.592372,46.042369],[10.592458,46.042382],[10.59255,46.042442],[10.592629,46.042586],[10.592672,46.042688],[10.592758,46.042726],[10.592825,46.042726],[10.593076,46.042803],[10.593205,46.042722],[10.593425,46.042599],[10.59367,46.04279],[10.593755,46.042743],[10.593933,46.042616],[10.594031,46.042735],[10.594129,46.042658],[10.594251,46.042739],[10.594318,46.04285],[10.594441,46.042786],[10.594508,46.04276],[10.594575,46.042854],[10.594686,46.042858],[10.59479,46.042811],[10.595151,46.042556],[10.59523,46.042471],[10.595542,46.042314],[10.595671,46.042136],[10.595879,46.042059],[10.595995,46.041987],[10.596216,46.04194],[10.596289,46.042021],[10.596338,46.042212],[10.596412,46.042374],[10.596571,46.042544],[10.59665,46.042582],[10.596766,46.042599],[10.596834,46.042599],[10.596944,46.042488],[10.597085,46.04242],[10.597158,46.042378],[10.597268,46.04245],[10.597354,46.042399],[10.597452,46.042476],[10.597446,46.042569],[10.597507,46.042654],[10.597636,46.042692],[10.597721,46.042722],[10.597782,46.042807],[10.59785,46.042854],[10.597997,46.042828],[10.59799,46.042922],[10.597984,46.042998],[10.598119,46.042969],[10.598168,46.043045],[10.598082,46.043138],[10.598137,46.043245],[10.59818,46.043317],[10.598205,46.043389],[10.598192,46.043487],[10.598278,46.043678],[10.59837,46.043776],[10.598394,46.043869],[10.598449,46.04409],[10.598425,46.044209],[10.598462,46.04443],[10.598517,46.044502],[10.598676,46.04454],[10.598755,46.044685],[10.598835,46.044906],[10.598964,46.045114],[10.599068,46.045313],[10.599196,46.045483],[10.599294,46.04564],[10.599423,46.045764],[10.59941,46.04584],[10.599533,46.045959],[10.599594,46.045993],[10.59968,46.046053],[10.599655,46.04618],[10.599545,46.046244],[10.599441,46.046299],[10.599527,46.046346],[10.599576,46.046397],[10.599655,46.046401],[10.599539,46.046571],[10.599576,46.046673],[10.599398,46.046745],[10.599319,46.046732],[10.599245,46.046792],[10.599459,46.046885],[10.59936,46.04692],[10.599288,46.046979],[10.599166,46.047042],[10.599178,46.047216],[10.599239,46.047327],[10.599343,46.047526],[10.599423,46.047586],[10.599508,46.047641],[10.599508,46.047747],[10.599563,46.047896],[10.599588,46.048023],[10.599692,46.04804],[10.599668,46.048202],[10.599925,46.048164],[10.599992,46.048278],[10.6002,46.048172],[10.600279,46.048202],[10.600261,46.0483],[10.600341,46.048317],[10.600304,46.048393],[10.600279,46.048559],[10.600286,46.048695],[10.60031,46.048788],[10.600402,46.048737],[10.600518,46.048699],[10.600689,46.048733],[10.600787,46.048792],[10.600763,46.04886],[10.600843,46.04886],[10.600879,46.049022],[10.601179,46.048958],[10.601265,46.048932],[10.601406,46.048894],[10.601485,46.048958],[10.601479,46.049136],[10.601638,46.049102],[10.601773,46.04903],[10.601914,46.048975],[10.60192,46.049056],[10.602116,46.04903],[10.60203,46.049187],[10.602213,46.049153],[10.602195,46.049255],[10.602324,46.049226],[10.602305,46.049285],[10.602367,46.049294],[10.602575,46.049285],[10.602617,46.049353],[10.602562,46.049425],[10.602556,46.049523],[10.602697,46.049468],[10.602715,46.049587],[10.602844,46.049557],[10.602783,46.049701],[10.602923,46.049697],[10.602887,46.049837],[10.603015,46.049837],[10.602966,46.050067],[10.603095,46.050079],[10.603193,46.050113],[10.603125,46.050181],[10.603181,46.050262],[10.603242,46.050275],[10.603217,46.050356],[10.603309,46.050351],[10.60345,46.05033],[10.603523,46.050347],[10.603578,46.050309],[10.603676,46.050334],[10.60378,46.050381],[10.603854,46.050402],[10.604021,46.050386]]},"properties":{"id":"f98d0935-6ddb-433c-9d08-299114e5abad","cls":"path","osm":["w1207793012@1","w1207793013@1"],"conn":[["dc3522b5-2034-4306-b5e5-e49ecc6e611d",0.0],["fbd87338-c5c3-4386-a0ad-9edea4b4d47d",1.0]]}},{"type":"Feature","geometry":{"type":"LineString","coordinates":[[10.612614,46.07951],[10.612569,46.079521],[10.612512,46.079549],[10.612497,46.079575],[10.61247,46.079603],[10.612272,46.079757],[10.61212,46.079901],[10.612036,46.079957],[10.611884,46.079966],[10.611543,46.080071],[10.611676,46.080121],[10.611668,46.080176],[10.611753,46.080247],[10.611731,46.080313],[10.611797,46.080392],[10.611955,46.080426],[10.612019,46.080497],[10.612085,46.080547],[10.612157,46.080569],[10.612345,46.080576],[10.612509,46.080708],[10.612823,46.080827],[10.612902,46.08086],[10.612926,46.080917],[10.61292,46.080923],[10.612916,46.08099],[10.612957,46.081055],[10.612971,46.081115],[10.612963,46.081186],[10.613036,46.081336],[10.613024,46.081399],[10.612935,46.081439],[10.612848,46.081468],[10.612771,46.081467],[10.612667,46.081432],[10.612592,46.081415],[10.612519,46.081417],[10.612454,46.081429],[10.612374,46.081403],[10.612298,46.081405],[10.612239,46.08139],[10.612204,46.08136],[10.612153,46.081346],[10.612112,46.081345],[10.612071,46.081365],[10.612062,46.081405],[10.612069,46.081473],[10.612075,46.08151],[10.612077,46.081561],[10.612027,46.081569],[10.611971,46.081584],[10.611886,46.081564],[10.611841,46.081584],[10.611601,46.081636],[10.611487,46.081669],[10.611339,46.081679],[10.611287,46.081706],[10.611217,46.081705],[10.611163,46.081735],[10.611039,46.081756],[10.610968,46.081757],[10.61095,46.08172],[10.610788,46.081757],[10.610707,46.081807],[10.610415,46.081894],[10.610344,46.081932],[10.61023,46.081941],[10.610181,46.081988],[10.610082,46.082015],[10.610021,46.08201],[10.609965,46.082023],[10.609922,46.08205],[10.609888,46.082086],[10.609861,46.082101],[10.609778,46.082093],[10.609667,46.082147],[10.609623,46.082139],[10.609572,46.082163],[10.609556,46.082186],[10.609534,46.082189],[10.609499,46.082188],[10.609454,46.082199],[10.609453,46.082248],[10.609389,46.082231],[10.609377,46.082273],[10.60934,46.082293],[10.609255,46.08228],[10.609242,46.082302],[10.609155,46.082288],[10.609043,46.082322],[10.609042,46.082364],[10.609058,46.082399],[10.609041,46.08243],[10.60898,46.082454],[10.608914,46.082402],[10.60884,46.082468],[10.608806,46.082476],[10.608717,46.082466],[10.608699,46.082507],[10.60859,46.082545],[10.608578,46.082628],[10.608489,46.082663],[10.608413,46.082624],[10.60832,46.082619],[10.608332,46.082658],[10.608394,46.082699],[10.608416,46.082822],[10.60852,46.082972],[10.60852,46.08302],[10.608212,46.083162],[10.607887,46.08321],[10.60783,46.083219],[10.6079,46.083241],[10.607952,46.083269],[10.608035,46.083327],[10.608075,46.083371],[10.608091,46.083389],[10.608101,46.083427],[10.608125,46.083452],[10.608189,46.083498],[10.608225,46.083534],[10.608254,46.083591],[10.608253,46.083631],[10.608237,46.083679],[10.608202,46.083717],[10.608239,46.083774],[10.608245,46.083837],[10.608195,46.083921],[10.608127,46.084015],[10.608105,46.084088],[10.608044,46.084188],[10.607993,46.08426],[10.607967,46.084346],[10.607946,46.084413],[10.607913,46.084515],[10.607888,46.084562],[10.60785,46.08458],[10.607766,46.084624],[10.607673,46.084686],[10.607547,46.084769],[10.607414,46.084848],[10.607225,46.084936],[10.607087,46.084975],[10.607006,46.084949],[10.606972,46.084958],[10.606912,46.085006],[10.606895,46.085043],[10.606866,46.085052],[10.606801,46.085049],[10.606723,46.085046],[10.606697,46.085055],[10.606564,46.085123],[10.606521,46.085192],[10.606392,46.085303],[10.606361,46.085358],[10.606324,46.085406],[10.606266,46.085514],[10.606237,46.085642],[10.606193,46.0857],[10.606112,46.085764],[10.606075,46.085878],[10.606024,46.085933],[10.605958,46.085991],[10.605916,46.086108],[10.605925,46.086177],[10.605946,46.086206],[10.605941,46.086234],[10.605924,46.086266],[10.605859,46.086322],[10.605709,46.086431],[10.605625,46.086527],[10.605583,46.086616],[10.605499,46.086735],[10.605459,46.086892],[10.605397,46.087092],[10.60533,46.087259],[10.605255,46.087373],[10.605117,46.087518],[10.605023,46.087607],[10.604832,46.087737],[10.604917,46.087805],[10.604961,46.087866],[10.604935,46.088023],[10.604868,46.088113],[10.604695,46.088251],[10.604579,46.088393],[10.604588,46.088486],[10.604588,46.08864],[10.604463,46.089016],[10.604232,46.08925],[10.603983,46.089528],[10.60393,46.089731],[10.603779,46.089941],[10.603761,46.090163],[10.60369,46.090311],[10.603548,46.090526],[10.603361,46.090779],[10.603379,46.090921],[10.603281,46.091014],[10.603336,46.091138],[10.603486,46.091291],[10.603654,46.091464],[10.60385,46.091642],[10.604063,46.091883],[10.604084,46.091948],[10.604088,46.092131],[10.603989,46.092374],[10.603877,46.092467],[10.603712,46.092534],[10.603652,46.09258],[10.60359,46.092708],[10.603452,46.092835],[10.603403,46.092929],[10.603301,46.09304],[10.603239,46.093104],[10.603208,46.093218],[10.603237,46.093319],[10.603166,46.093479],[10.603228,46.093556],[10.603146,46.093686],[10.603152,46.093766],[10.60312,46.093794],[10.603126,46.093868],[10.603014,46.094232],[10.602936,46.094294],[10.602869,46.094313],[10.60265,46.094453],[10.602511,46.094543],[10.602505,46.094622],[10.60248,46.094683],[10.602517,46.094792],[10.602472,46.094909],[10.602216,46.094952],[10.602229,46.094991],[10.602182,46.095006],[10.602108,46.094992],[10.601983,46.095054],[10.601974,46.095102],[10.601836,46.095155],[10.60178,46.095202],[10.601679,46.095202],[10.601617,46.09525],[10.601648,46.09531],[10.601659,46.095335],[10.601626,46.095384],[10.601654,46.095441],[10.601721,46.095472],[10.601843,46.095535],[10.601843,46.095597],[10.601763,46.095637],[10.601614,46.095662],[10.601474,46.095682],[10.601434,46.095705],[10.601421,46.095745],[10.601452,46.095791],[10.601474,46.095825],[10.601443,46.095865],[10.601488,46.095902],[10.60149,46.095944],[10.601432,46.095962],[10.601346,46.095998],[10.601274,46.096028],[10.601225,46.096068],[10.60111,46.096102],[10.601034,46.096122],[10.600954,46.096122],[10.600883,46.096189],[10.600961,46.096226],[10.601028,46.096227],[10.601003,46.096292],[10.601068,46.096292],[10.601017,46.096404],[10.601048,46.09644],[10.60107,46.096444],[10.601128,46.096421],[10.601145,46.09641],[10.601241,46.096424],[10.60129,46.096469],[10.601306,46.096487]]},"properties":{"id":"fb17e899-41dd-436f-8615-995317402e63","cls":"path","osm":["w368284950@15","w972948472@2","w973470618@1"],"fr":[["is_bridge",0.001349,0.00333]],"conn":[["532040ab-9d4f-452b-bb21-221342a03330",0.0],["e693280b-c055-4185-98ca-4c2d3c6dd159",1.0]]}},{"type":"Feature","geometry":{"type":"LineString","coordinates":[[10.625932,46.107501],[10.625908,46.107488],[10.625882,46.107474]]},"properties":{"id":"fbb1fd3e-f313-4d5e-b1fd-abeafcdf6fea","cls":"path","osm":["w973470621@1"],"conn":[["be118b8d-d1d6-4a09-b9c1-2fc142a203fa",0.0],["99a012a4-45fb-4622-9a56-7263e7f6b4db",1.0]]}},{"type":"Feature","geometry":{"type":"LineString","coordinates":[[10.459121,45.97499],[10.459076,45.975041],[10.459098,45.975106],[10.459119,45.975175],[10.459079,45.975287],[10.459017,45.975381],[10.458878,45.975518],[10.458677,45.975678],[10.458516,45.976088],[10.458569,45.976356],[10.458655,45.976483],[10.45873,45.976736],[10.458827,45.976908],[10.458806,45.977146],[10.459031,45.977243],[10.458966,45.977482],[10.458956,45.977653],[10.458838,45.977817],[10.458881,45.977974],[10.458838,45.978198],[10.458875,45.978302],[10.458741,45.978518],[10.458728,45.978919],[10.458492,45.979508],[10.458331,45.980186],[10.458352,45.980492],[10.458138,45.980641],[10.45803,45.980835],[10.458116,45.981081],[10.458417,45.981469],[10.458663,45.981864],[10.458942,45.982199],[10.45891,45.982505],[10.459093,45.98299],[10.45905,45.983392],[10.459221,45.983869],[10.45921,45.984749],[10.459318,45.98542],[10.459575,45.985912],[10.459801,45.986538],[10.459919,45.986902],[10.459983,45.987097],[10.460713,45.988066],[10.460804,45.98836],[10.460927,45.988752],[10.460959,45.989274],[10.461378,45.990049],[10.461464,45.990511],[10.462139,45.991428],[10.462815,45.992405],[10.463566,45.993225],[10.46442,45.993929],[10.464523,45.994391],[10.464802,45.994886],[10.465239,45.995346],[10.465963,45.995762],[10.4664,45.996066],[10.46697,45.996444],[10.467359,45.996697],[10.467987,45.996989],[10.468684,45.997119],[10.468578,45.997283],[10.468361,45.997421],[10.468105,45.99798],[10.468072,45.998256],[10.467704,45.998945],[10.46707,45.998996],[10.466884,45.999307],[10.466487,45.999307],[10.466424,45.999856],[10.466449,46.001041],[10.466449,46.002439],[10.466397,46.003598],[10.466474,46.004233],[10.466574,46.005173],[10.466931,46.006141],[10.46733,46.007781],[10.467323,46.008144],[10.467296,46.008254],[10.467361,46.008466],[10.467388,46.008815],[10.467543,46.00896],[10.467616,46.00907],[10.467659,46.009286],[10.467685,46.009333],[10.467758,46.009392],[10.467801,46.009456],[10.467841,46.009551],[10.467871,46.009748],[10.467967,46.009924],[10.468015,46.009993],[10.468026,46.010117],[10.468015,46.010194],[10.468065,46.0103],[10.468057,46.0104],[10.468038,46.010463],[10.468037,46.010576],[10.468073,46.01064],[10.468068,46.010666],[10.468023,46.010734],[10.468015,46.010912],[10.468069,46.011102],[10.468115,46.011191],[10.46814,46.011275],[10.46814,46.011307],[10.46812,46.011367],[10.468117,46.011479],[10.468076,46.01156],[10.468069,46.011634],[10.468011,46.011713],[10.468018,46.011756],[10.468093,46.011861],[10.4681,46.011887],[10.468082,46.01197],[10.468046,46.012063],[10.468041,46.012147],[10.468115,46.012254],[10.468176,46.012364],[10.468151,46.012705],[10.468109,46.012798],[10.468104,46.012848],[10.468127,46.012888],[10.468225,46.012935],[10.468233,46.012967],[10.468208,46.012995],[10.468208,46.013011],[10.468258,46.013031],[10.468269,46.013047],[10.468172,46.013115],[10.468068,46.013243],[10.468006,46.013401],[10.46794,46.013537],[10.467927,46.013614],[10.467901,46.013691],[10.467849,46.013805],[10.467811,46.013858],[10.467791,46.013902],[10.467805,46.014038],[10.467865,46.014176],[10.46784,46.014335],[10.467806,46.014419],[10.467791,46.014498],[10.467825,46.014687],[10.467829,46.014858],[10.467833,46.014892],[10.467859,46.014947],[10.467918,46.015002],[10.46795,46.015048],[10.467974,46.015139],[10.467974,46.015222],[10.467928,46.015304],[10.467931,46.015441],[10.467918,46.015472],[10.467875,46.015519],[10.467783,46.01558],[10.467767,46.015742],[10.467749,46.015782],[10.467637,46.01584],[10.467515,46.015877],[10.467512,46.015919],[10.46755,46.016001],[10.467492,46.016081],[10.467458,46.016175],[10.467392,46.016241],[10.467382,46.016365],[10.467306,46.016393],[10.467282,46.016414],[10.467291,46.016463],[10.467276,46.016497],[10.467286,46.016557],[10.467278,46.016584],[10.467208,46.016627],[10.467156,46.016684],[10.467134,46.01673],[10.467092,46.016744],[10.467054,46.016787],[10.467044,46.016791],[10.467006,46.016781],[10.466991,46.016787],[10.466972,46.016857],[10.466928,46.016875],[10.466932,46.016919],[10.466904,46.016919],[10.46689,46.016927],[10.466883,46.016943],[10.466883,46.016964],[10.46688,46.016967],[10.466868,46.016959],[10.466858,46.016964],[10.466861,46.016998],[10.466829,46.016998],[10.466817,46.017002],[10.466812,46.017067],[10.46682,46.017083],[10.466832,46.017141],[10.466802,46.017165],[10.466823,46.017196],[10.466822,46.017205],[10.466792,46.017228],[10.466749,46.017246],[10.466731,46.017265],[10.466704,46.017273],[10.466703,46.017281],[10.466723,46.017316],[10.466772,46.017362],[10.466779,46.017378],[10.466779,46.017402],[10.466796,46.017425],[10.46679,46.01743],[10.466737,46.017426],[10.466734,46.017433],[10.466752,46.017464],[10.46672,46.017464],[10.466712,46.017468],[10.466764,46.017523],[10.466773,46.017542],[10.466775,46.017564],[10.466765,46.017587],[10.466779,46.017624],[10.466804,46.017643],[10.466936,46.017721],[10.466975,46.017754],[10.467002,46.017766],[10.467049,46.017776],[10.467087,46.017792],[10.467121,46.017811],[10.46716,46.017814],[10.467205,46.017828],[10.467213,46.017854],[10.467185,46.017853],[10.467078,46.017833],[10.46699,46.01781],[10.466964,46.01781],[10.466918,46.017823],[10.466792,46.017822],[10.466787,46.017824],[10.466786,46.017833],[10.466813,46.017862],[10.466814,46.017871],[10.466826,46.017879],[10.466871,46.017892],[10.466933,46.017921],[10.466998,46.01794],[10.467064,46.017969],[10.467102,46.017976],[10.467168,46.017978],[10.467194,46.017997],[10.467232,46.018014],[10.46728,46.018024],[10.467344,46.018021],[10.467388,46.018028],[10.467451,46.018024],[10.46752,46.018024],[10.467551,46.018031],[10.467605,46.018056],[10.467628,46.018063],[10.467659,46.018065],[10.467682,46.018072],[10.467775,46.018069],[10.4678,46.018073],[10.46781,46.018079],[10.467817,46.018096],[10.467816,46.018112],[10.467804,46.018125],[10.467788,46.01813],[10.467728,46.018136],[10.467706,46.01815],[10.467709,46.018157],[10.467737,46.01817],[10.467676,46.018183],[10.467654,46.018198],[10.467601,46.018214],[10.467593,46.018219],[10.467598,46.018236],[10.467669,46.018263],[10.467683,46.018272],[10.467688,46.01828],[10.467616,46.018278],[10.467556,46.018295],[10.467537,46.018295],[10.467496,46.018292],[10.467395,46.018273],[10.467396,46.018286],[10.467416,46.018313],[10.467406,46.018316],[10.467357,46.018318],[10.467348,46.018323],[10.467346,46.018331],[10.46736,46.018346],[10.467398,46.018363],[10.467399,46.018367],[10.46735,46.018375],[10.467317,46.018391],[10.467289,46.018398],[10.467219,46.0184],[10.467229,46.018415],[10.467263,46.018428],[10.467272,46.018436],[10.46723,46.018439],[10.467223,46.018441],[10.467222,46.018457],[10.467054,46.018482],[10.467069,46.018503],[10.467047,46.018527],[10.467074,46.018539],[10.467079,46.018563],[10.46713,46.018615],[10.467097,46.018644],[10.467118,46.018698],[10.467077,46.018697],[10.467102,46.018723],[10.467042,46.018727],[10.467054,46.018777],[10.466969,46.018793],[10.466965,46.018903],[10.466912,46.018947],[10.466872,46.018957],[10.466916,46.018987],[10.466898,46.019],[10.466859,46.01901],[10.466898,46.019023],[10.466912,46.019048],[10.466857,46.019113],[10.466856,46.019167],[10.466817,46.01922],[10.46681,46.019236],[10.466806,46.01927],[10.46681,46.019324],[10.466812,46.019329],[10.466834,46.01938],[10.466861,46.019412],[10.46687,46.019457],[10.466859,46.019472],[10.466787,46.019488],[10.466776,46.019503],[10.466776,46.019512],[10.466855,46.019658],[10.46683,46.019675],[10.46678,46.019664],[10.466698,46.019672],[10.466674,46.019681],[10.466668,46.019689],[10.466668,46.019699],[10.466669,46.019708],[10.46671,46.019777],[10.466696,46.019803],[10.466692,46.01984],[10.466696,46.01985],[10.466725,46.019877],[10.466753,46.019933],[10.466811,46.019995],[10.466934,46.02007],[10.467019,46.020176],[10.467038,46.020266],[10.467027,46.020363],[10.467093,46.020542],[10.467095,46.020636],[10.467109,46.020728],[10.467078,46.020789],[10.467063,46.020855],[10.467024,46.020944],[10.466987,46.020983],[10.466916,46.021024],[10.466905,46.021039],[10.466906,46.021111],[10.4669,46.021128],[10.466784,46.021234],[10.466708,46.021332],[10.466698,46.021404],[10.466732,46.02154],[10.466732,46.021583],[10.466705,46.021655],[10.466626,46.021968],[10.466601,46.022009],[10.466523,46.022095],[10.466485,46.022162],[10.466485,46.022197],[10.466516,46.022283],[10.466508,46.022334],[10.466464,46.022376],[10.466466,46.022543],[10.466456,46.022568],[10.466418,46.022619],[10.466385,46.022691],[10.466338,46.02275],[10.466198,46.022872],[10.466163,46.022926],[10.466128,46.023016],[10.466086,46.023073],[10.466012,46.0231],[10.46596,46.023105],[10.465823,46.023101],[10.465787,46.02311],[10.465686,46.023171],[10.465506,46.023345],[10.465469,46.023401],[10.46547,46.023435],[10.465403,46.023529],[10.465402,46.023565],[10.465465,46.023657],[10.465467,46.023693],[10.465452,46.023737],[10.465457,46.023824],[10.465408,46.023891],[10.46525,46.024008],[10.46516,46.024155]]},"properties":{"id":"fbbfc07a-a3c0-417f-8327-120eb681edcc","cls":"path","osm":["w361036039@7","w40809604@27","w961290328@2","w961290329@1","w961290330@1","w961290331@2"],"sr":[["gravel",0.0,0.842219],["unknown",0.842219,0.84763],["unpaved",0.84763,0.878895],["gravel",0.878895,1.0]],"conn":[["5f4edc02-8b9d-4ee4-8330-2d078b88cbb1",0.0],["f9e9367c-e8e3-473e-a733-87f8ab021969",0.249808],["b91c5539-4946-48a4-8d44-f1816bc35158",1.0]]}},{"type":"Feature","geometry":{"type":"LineString","coordinates":[[10.49741,46.078945],[10.497776,46.079877],[10.497793,46.079948],[10.497793,46.080047]]},"properties":{"id":"fbf676dc-03ba-484b-bb2a-0d4fa99165a5","cls":"path","osm":["w1549584167@2","w1549584168@1"],"fr":[["is_bridge",0.0,0.849586]],"conn":[["3185bc65-8faa-4eae-af83-86e2bd91df58",0.0],["762f3e87-cb02-4862-b9f9-56ec8659bc1e",1.0]],"access":[{"type":"denied","when":["bicycle","motor_vehicle"]}]}},{"type":"Feature","geometry":{"type":"LineString","coordinates":[[10.450994,46.078049],[10.450888,46.078049],[10.45081,46.078029],[10.450732,46.078049],[10.45059,46.078063],[10.450378,46.078063],[10.450243,46.078024],[10.450052,46.077921],[10.45005,46.077891],[10.449847,46.077826],[10.449635,46.077764],[10.449507,46.077705],[10.449118,46.077621],[10.448863,46.077592],[10.44858,46.077568],[10.448297,46.077474],[10.448127,46.077351],[10.447893,46.077302],[10.447653,46.077238],[10.447341,46.07716],[10.446987,46.077091],[10.446711,46.077052],[10.445897,46.076955],[10.445523,46.076955],[10.445189,46.07696],[10.444888,46.076966],[10.444547,46.076966],[10.444083,46.076831],[10.443596,46.076633],[10.442961,46.076481],[10.442187,46.076405],[10.441636,46.076329],[10.440969,46.07625],[10.440359,46.076142],[10.439035,46.075993],[10.438505,46.075967],[10.437815,46.075809],[10.437229,46.075694],[10.436452,46.07572],[10.435837,46.075741],[10.434955,46.075689],[10.43443,46.075711],[10.433807,46.075711],[10.433442,46.075592],[10.43297,46.075548],[10.432627,46.075644],[10.431994,46.075607],[10.431468,46.075615],[10.430969,46.075708]]},"properties":{"id":"fc0b41bf-2fdd-4697-ac51-8a14b7bc4461","cls":"track","osm":["w654706985@3"],"conn":[["9a3624f0-7e40-4024-9abc-1067f499f825",0.0],["09b3e90e-22f4-4445-9703-99cadc8d4215",0.140958],["aab1b4fe-55f8-4155-a7fd-5fc56adfea37",0.731679],["f47dd3b1-b342-49fc-a3b0-9cf64730b418",1.0]]}},{"type":"Feature","geometry":{"type":"LineString","coordinates":[[10.620004,46.125051],[10.619847,46.124969],[10.61983,46.124947],[10.6198,46.124926],[10.619753,46.124918],[10.619679,46.12492],[10.619533,46.12496],[10.619458,46.124948],[10.619429,46.124901],[10.619447,46.124855],[10.619476,46.12482],[10.619497,46.124802],[10.619547,46.124752],[10.619528,46.124709],[10.619461,46.124694],[10.619378,46.12465],[10.619342,46.124612],[10.619307,46.124567],[10.61925,46.12449],[10.619154,46.124459],[10.619085,46.124452],[10.619,46.124445],[10.618913,46.124445],[10.618813,46.124464],[10.618737,46.124481],[10.61868,46.124496],[10.618605,46.124525],[10.618546,46.124538],[10.618383,46.12455],[10.61834,46.12455],[10.618267,46.124524],[10.618172,46.124512],[10.618049,46.124493],[10.618002,46.124474],[10.617948,46.124428],[10.617913,46.124374],[10.617868,46.124309],[10.61786,46.124255],[10.617803,46.124202],[10.617762,46.124165],[10.617719,46.124141],[10.617675,46.124088],[10.617522,46.124032],[10.617455,46.124021],[10.617369,46.124021],[10.617285,46.124037],[10.6173,46.124127],[10.617243,46.124141],[10.617179,46.124147],[10.617181,46.124205],[10.617128,46.12423],[10.617061,46.124246],[10.616915,46.124214],[10.61685,46.124208],[10.616793,46.124192],[10.616738,46.124181],[10.616657,46.124181],[10.616506,46.124234],[10.61643,46.124248],[10.616355,46.124258],[10.616241,46.124245],[10.616136,46.124207],[10.616089,46.124155],[10.616086,46.124115],[10.616103,46.124075],[10.616126,46.12404],[10.616032,46.124002],[10.615939,46.123967],[10.615804,46.123941],[10.615668,46.123883],[10.615503,46.123858],[10.615373,46.123854],[10.615221,46.123888],[10.615148,46.123897],[10.615085,46.123891],[10.615018,46.123895],[10.614958,46.123904],[10.614886,46.123917],[10.614779,46.123934],[10.614707,46.12392],[10.614644,46.123881],[10.614601,46.123842],[10.614562,46.123809]]},"properties":{"id":"fcc136c4-cc5e-4379-af1f-76229934f024","cls":"path","osm":["w434030848@4"],"conn":[["25378199-d45a-4e32-a259-d1a1d454efa0",0.0],["100e55e2-6e7b-4ea7-82db-40c9061fe5ac",1.0]]}},{"type":"Feature","geometry":{"type":"LineString","coordinates":[[10.508163,46.074228],[10.50859,46.074223],[10.508754,46.074173],[10.509072,46.074368],[10.509699,46.074255],[10.510172,46.07411],[10.510263,46.074148],[10.509799,46.074368],[10.509563,46.07452],[10.509917,46.074696],[10.509245,46.074791],[10.509572,46.075169],[10.510226,46.075354],[10.51059,46.075724],[10.510993,46.076002],[10.511562,46.076449],[10.511862,46.076884]]},"properties":{"id":"fcc7b023-a922-46c9-88fb-a938914cbb15","cls":"path","osm":["w368274114@2"],"conn":[["bd88adb9-803a-4391-9011-a5d6760b798f",0.0],["d89c11cf-f2ca-4c83-a562-21a1a2f6c8ba",0.0721],["2028643d-e6b3-4d5b-bbbf-668421864a8d",1.0]]}},{"type":"Feature","geometry":{"type":"LineString","coordinates":[[10.508332,46.06713],[10.508403,46.067141],[10.508554,46.067165],[10.508621,46.06716],[10.50879,46.067106],[10.508924,46.067032],[10.509027,46.066972],[10.509126,46.066912],[10.509189,46.066929],[10.509255,46.066959],[10.509309,46.066985],[10.509279,46.067031],[10.509215,46.067107],[10.509132,46.067193],[10.509099,46.067234],[10.509083,46.067328],[10.509064,46.067411],[10.509008,46.067607],[10.508973,46.067723],[10.508943,46.067881],[10.508903,46.067991],[10.508922,46.068102],[10.509056,46.068208],[10.509312,46.068248]]},"properties":{"id":"fcd3800b-c96b-4d85-b361-5561adde54b4","cls":"path","osm":["w1524642616@1"],"conn":[["48bb6ad1-19e1-4bf7-bcc3-f85165ba2d8f",0.0],["5d26b525-6a5f-4489-b238-7f5fc23ad938",1.0]]}},{"type":"Feature","geometry":{"type":"LineString","coordinates":[[10.652646,46.005396],[10.652616,46.005264],[10.652586,46.005119],[10.652499,46.004982],[10.652432,46.004909],[10.652444,46.004789],[10.652509,46.00466],[10.652607,46.004539],[10.652691,46.004456],[10.652822,46.00432],[10.652929,46.004015],[10.652999,46.003783],[10.65303,46.003535],[10.653018,46.003415],[10.653039,46.00305],[10.653039,46.002868],[10.653034,46.002716],[10.65295,46.002606],[10.652759,46.002438],[10.652598,46.00241],[10.652402,46.002392],[10.652215,46.002418],[10.651766,46.002605],[10.651618,46.002684],[10.651349,46.002634],[10.651172,46.002595],[10.650853,46.002585],[10.650549,46.002698],[10.650244,46.002861],[10.650011,46.003052],[10.649791,46.003097],[10.649685,46.002949],[10.649622,46.002762],[10.64943,46.002649],[10.649261,46.00261],[10.649076,46.002511],[10.649034,46.002276],[10.648921,46.002118],[10.648701,46.00199],[10.648567,46.001779],[10.648425,46.001602],[10.64805,46.001326],[10.64793,46.001154],[10.647901,46.000933],[10.647767,46.00084],[10.647484,46.000776],[10.64713,46.000648],[10.646891,46.000447],[10.646783,46.000323],[10.646777,46.000205],[10.646746,46.000085],[10.646632,45.999773],[10.646565,45.999572],[10.646398,45.999454],[10.64617,45.999432],[10.645894,45.999561],[10.645377,45.999679],[10.645101,45.999729],[10.644698,45.999704],[10.6445,45.999566],[10.644167,45.999493],[10.643884,45.999532],[10.643509,45.999684],[10.643268,45.999945],[10.643006,46.000132],[10.642801,46.000181],[10.642511,46.000186],[10.64227,46.000318],[10.641874,46.000579],[10.641711,46.000682],[10.641491,46.000692],[10.641136,46.000687],[10.640927,46.000612],[10.640589,46.000553],[10.64038,46.000608],[10.640138,46.000787],[10.639978,46.000962],[10.639779,46.00116],[10.639656,46.00119],[10.639484,46.001156],[10.639221,46.001193],[10.639039,46.001242],[10.638819,46.001298],[10.638658,46.001421],[10.638465,46.00157],[10.638288,46.001626],[10.638116,46.001629],[10.637875,46.001671],[10.637606,46.00179],[10.637553,46.001916],[10.637413,46.002047],[10.637295,46.002095],[10.637161,46.002103]]},"properties":{"id":"fceefd7f-fc6a-42f5-b941-4b6fe9e5fcb8","cls":"track","osm":["w1103930085@1","w1103930086@1","w1103930087@1"],"conn":[["3cb050e5-44a1-49d1-956d-fac25154ee58",0.0],["7fc2f954-4c80-4f03-b26a-9e48a92726e8",1.0]]}},{"type":"Feature","geometry":{"type":"LineString","coordinates":[[10.457203,46.096207],[10.457142,46.096303],[10.456981,46.096501],[10.456793,46.096697],[10.456627,46.096864],[10.456478,46.096998],[10.456375,46.097198],[10.456198,46.097409],[10.456106,46.097493],[10.456115,46.097533],[10.456169,46.097569],[10.456182,46.097588],[10.456166,46.097628],[10.456135,46.097659],[10.456097,46.097688],[10.4561,46.097716],[10.456125,46.097747],[10.456164,46.097762],[10.456257,46.097781],[10.456334,46.097813],[10.456409,46.097866],[10.456443,46.097928],[10.45648,46.098002],[10.456537,46.098057],[10.45657,46.09809],[10.456644,46.09814],[10.456665,46.098194],[10.456658,46.098241],[10.456644,46.098304],[10.456609,46.098391],[10.456545,46.098458],[10.456402,46.098562],[10.456249,46.0987],[10.456102,46.098856],[10.45598,46.098963],[10.455855,46.099103],[10.455817,46.099234],[10.455816,46.099391],[10.455793,46.099597],[10.455798,46.099764],[10.455767,46.099978],[10.455758,46.100106],[10.455763,46.100283],[10.45573,46.10038],[10.455767,46.100457],[10.455849,46.100543],[10.45596,46.100654],[10.456064,46.100752],[10.456192,46.10081],[10.456252,46.100807],[10.456356,46.100848],[10.456468,46.10091],[10.456593,46.101039],[10.456811,46.101264],[10.456945,46.101363],[10.457132,46.1015],[10.457287,46.101643],[10.457467,46.101845],[10.457582,46.101963],[10.457718,46.102016],[10.45797,46.102087],[10.458171,46.102132],[10.458354,46.102148],[10.458432,46.102204],[10.458501,46.102224],[10.458571,46.102207],[10.45867,46.102238],[10.45875,46.102301],[10.458828,46.102401],[10.458906,46.1025],[10.458934,46.102597],[10.459048,46.102681],[10.459184,46.102742],[10.459312,46.10283],[10.459482,46.102936],[10.459596,46.103033],[10.459658,46.10315],[10.459657,46.103219],[10.45969,46.103268],[10.459816,46.103391],[10.459846,46.103503],[10.459858,46.103631],[10.459879,46.103786],[10.459956,46.103947],[10.459968,46.104069],[10.45997,46.104144],[10.459947,46.104241],[10.459976,46.104352],[10.460099,46.104512],[10.460184,46.104592],[10.460309,46.104722],[10.46048,46.104832],[10.460646,46.104925],[10.460907,46.10513],[10.461056,46.105183],[10.461172,46.105308],[10.461259,46.105335],[10.461301,46.105413],[10.46139,46.105603],[10.461434,46.105739],[10.461416,46.105855],[10.461378,46.105927],[10.461422,46.105976],[10.461438,46.106032],[10.461436,46.106094],[10.461529,46.106197],[10.461594,46.106326],[10.461637,46.106419],[10.461589,46.106482],[10.461542,46.1065],[10.461433,46.106505],[10.46138,46.106549],[10.461384,46.106587],[10.461454,46.106709],[10.461472,46.106847],[10.461473,46.106963],[10.461469,46.107021],[10.461456,46.107045],[10.461421,46.10706],[10.46136,46.107049],[10.461306,46.107022],[10.461206,46.107014],[10.461158,46.107039],[10.461096,46.107076],[10.461007,46.107086],[10.460918,46.107115],[10.460818,46.10715],[10.460795,46.107192],[10.460787,46.107278],[10.460816,46.107348],[10.460892,46.107501],[10.460946,46.107648],[10.461032,46.107777],[10.461046,46.107808],[10.461009,46.107855],[10.460923,46.107889],[10.46088,46.107911],[10.46088,46.107953],[10.460913,46.107991],[10.460919,46.108016],[10.460892,46.108046],[10.460898,46.108081],[10.460939,46.108188],[10.460906,46.108259],[10.46083,46.108304],[10.460743,46.10833],[10.460667,46.108374],[10.460555,46.108454],[10.460497,46.10853],[10.460372,46.108632],[10.460294,46.108717],[10.460227,46.108743],[10.460152,46.108763],[10.460092,46.108811],[10.460033,46.108895],[10.459963,46.108902],[10.459875,46.108939],[10.459868,46.108962],[10.45986,46.108991],[10.459851,46.109037],[10.459766,46.109127],[10.459676,46.109193],[10.45949,46.109262],[10.459395,46.109316],[10.459312,46.10934],[10.459216,46.109331],[10.459123,46.109347],[10.459043,46.109355]]},"properties":{"id":"fe4dfba9-1431-432d-af55-66fd9c910cc6","cls":"path","osm":["w1308106327@2"],"conn":[["2e277426-ce57-4315-bf60-2a03659b5945",0.0],["5128c13b-9556-427f-9871-60b42c348f00",1.0]]}},{"type":"Feature","geometry":{"type":"LineString","coordinates":[[10.475497,45.960642],[10.475464,45.960803],[10.475341,45.960958],[10.475114,45.961257]]},"properties":{"id":"ff2486b4-4aef-44c7-ad73-4c2363a97bba","cls":"path","osm":["w814507356@1"],"conn":[["a767ff84-8502-4a02-bdab-24b84bde3377",0.0],["ef9973ff-b430-45f1-ac3f-c7c2c03eba4f",0.239855],["0a5ad117-0e6e-4b4f-b4c4-987a9c7ca303",1.0]]}},{"type":"Feature","geometry":{"type":"LineString","coordinates":[[10.46516,46.024155],[10.465108,46.024359],[10.465065,46.024404],[10.464964,46.024468],[10.464878,46.024533],[10.464847,46.024611],[10.464856,46.0247],[10.464871,46.025082],[10.464858,46.025188],[10.464751,46.025364],[10.46476,46.025511],[10.464873,46.025519],[10.46489,46.025608],[10.464965,46.025652],[10.465145,46.025717],[10.465251,46.025955],[10.465525,46.026242],[10.465584,46.026389],[10.465674,46.026462],[10.46576,46.026597],[10.465819,46.026702],[10.465733,46.026863],[10.465796,46.02695],[10.465998,46.026972],[10.466313,46.027094],[10.466414,46.027157],[10.466494,46.027174],[10.466832,46.027129],[10.467694,46.027478],[10.467958,46.027518],[10.468012,46.027639],[10.468186,46.027722],[10.468426,46.027722],[10.468607,46.027804]]},"properties":{"id":"ff3762c2-f293-4182-8d30-71142204880c","cls":"path","osm":["w962381488@2"],"conn":[["b91c5539-4946-48a4-8d44-f1816bc35158",0.0],["2cbf3505-cef2-4549-a9f1-ddc9ef8b3b24",1.0]]}},{"type":"Feature","geometry":{"type":"LineString","coordinates":[[10.566589,46.09054],[10.566623,46.090559],[10.566675,46.090587],[10.566715,46.09064],[10.566776,46.090701],[10.566867,46.090788],[10.566937,46.090818],[10.566967,46.090861],[10.567063,46.090877],[10.567075,46.090901],[10.567129,46.090928],[10.567225,46.090947],[10.567281,46.090975],[10.567312,46.09103],[10.56739,46.091035],[10.567568,46.090993],[10.5676,46.091029],[10.567607,46.091073],[10.567685,46.09111],[10.567708,46.091156],[10.567789,46.09111],[10.56788,46.091073],[10.568022,46.091111],[10.568091,46.091064],[10.568243,46.091093],[10.568369,46.091073],[10.568461,46.091181],[10.568465,46.091226],[10.568508,46.09135],[10.568563,46.091315],[10.5686,46.091345],[10.568625,46.091399],[10.568711,46.091429],[10.568773,46.091511],[10.568844,46.091523],[10.568929,46.091504],[10.56896,46.091535],[10.569037,46.091559],[10.569105,46.091528],[10.56919,46.09157],[10.569261,46.091589],[10.569357,46.091583],[10.569394,46.091607],[10.569392,46.091677],[10.569443,46.091685],[10.569482,46.091676],[10.56955,46.091699],[10.569781,46.091811],[10.569836,46.091761],[10.569933,46.091761],[10.569985,46.091738],[10.570095,46.091715],[10.570156,46.09174],[10.570203,46.091715],[10.570179,46.091663],[10.570179,46.091632],[10.570229,46.091642],[10.570236,46.091604],[10.570324,46.09162],[10.570348,46.091652],[10.570379,46.091637],[10.570411,46.091662],[10.570491,46.09163],[10.570536,46.091577],[10.57059,46.091552],[10.570662,46.091539],[10.570672,46.091488],[10.570637,46.091389],[10.570669,46.091309],[10.570709,46.091236],[10.570717,46.091186],[10.570759,46.091178],[10.570803,46.091217],[10.570889,46.091239],[10.570932,46.091242],[10.570933,46.091212],[10.570965,46.09121],[10.571001,46.091229],[10.571022,46.091301],[10.571113,46.091351],[10.571195,46.091396],[10.571259,46.091466],[10.571368,46.091494],[10.571388,46.091523],[10.57144,46.091518],[10.571482,46.091469],[10.571527,46.091467],[10.571561,46.091442],[10.571575,46.091385],[10.571626,46.09138],[10.571632,46.091358],[10.571649,46.091321],[10.571692,46.091293],[10.571706,46.091262],[10.571732,46.091228],[10.571887,46.091336],[10.571927,46.091313],[10.571946,46.091263],[10.571959,46.091189],[10.571997,46.091154],[10.572046,46.09115],[10.572096,46.09117],[10.57214,46.091172],[10.572172,46.09117],[10.572202,46.091157],[10.572209,46.09113],[10.572199,46.091072],[10.57223,46.090964],[10.572257,46.090862],[10.572395,46.09093],[10.572434,46.090914],[10.572435,46.090883],[10.572462,46.090853],[10.572537,46.090868],[10.572556,46.090841],[10.572526,46.090778],[10.57256,46.090758],[10.572766,46.090816],[10.572809,46.090781],[10.572805,46.090744],[10.572929,46.09075],[10.573063,46.090713],[10.57315,46.090738],[10.573184,46.090687],[10.573298,46.090689],[10.573324,46.090642],[10.573692,46.090738],[10.573935,46.090798],[10.574072,46.090885],[10.574116,46.090926],[10.574185,46.090993],[10.574346,46.091031],[10.574408,46.091124],[10.574541,46.091218],[10.574736,46.09131],[10.574935,46.09129],[10.575096,46.091254],[10.575176,46.091256],[10.575378,46.091345],[10.575487,46.091425],[10.575644,46.091456],[10.575752,46.091455],[10.575888,46.091437],[10.575964,46.091403],[10.576026,46.091417],[10.576124,46.091434],[10.576283,46.091379],[10.576405,46.091354],[10.576464,46.091391],[10.576476,46.091409],[10.576541,46.091383],[10.576562,46.091375],[10.576572,46.091405],[10.57657,46.091433],[10.576597,46.091429],[10.576658,46.091409],[10.576762,46.091407],[10.576812,46.091429],[10.576802,46.091469],[10.576856,46.091473],[10.576916,46.091506],[10.577004,46.091526],[10.577166,46.091577],[10.577256,46.091625],[10.577369,46.091681],[10.577419,46.091678],[10.577529,46.091737],[10.577577,46.091769],[10.577558,46.091789],[10.577612,46.091799],[10.577596,46.091819],[10.577654,46.091849],[10.577792,46.091894],[10.577909,46.091978],[10.577996,46.091973],[10.578127,46.091998],[10.578183,46.091988],[10.578249,46.092012],[10.57828,46.092049],[10.578329,46.092057],[10.578345,46.092037],[10.578366,46.092051],[10.578352,46.092082],[10.578383,46.092078],[10.578445,46.09207],[10.578393,46.09211],[10.578452,46.092146],[10.578531,46.092145],[10.578396,46.092246],[10.578357,46.092246],[10.578338,46.092269],[10.578336,46.09231],[10.578291,46.092344],[10.578245,46.09234],[10.578123,46.09239],[10.57799,46.092547],[10.577833,46.092674],[10.5778,46.092747],[10.577745,46.092871],[10.577678,46.092929],[10.577656,46.092988],[10.577624,46.09304],[10.57758,46.093109],[10.577504,46.09319],[10.577528,46.093211],[10.577623,46.093248],[10.577575,46.093274],[10.577587,46.093296],[10.577659,46.093308],[10.577681,46.093319],[10.5777,46.093328],[10.577705,46.093358],[10.57764,46.093392],[10.577584,46.093416],[10.577542,46.09345],[10.577599,46.09348],[10.577616,46.093517],[10.577526,46.093545],[10.577459,46.093588],[10.577444,46.093656],[10.577437,46.093712],[10.577468,46.093763],[10.577487,46.093822],[10.577421,46.093838],[10.577277,46.093892],[10.577222,46.093905],[10.577235,46.093971],[10.577288,46.094026],[10.577357,46.094031],[10.577414,46.094058],[10.577454,46.094101],[10.577417,46.094139],[10.57745,46.09418],[10.577556,46.094221],[10.57766,46.094277],[10.577773,46.094315],[10.577933,46.094397],[10.578044,46.094457],[10.578131,46.094526],[10.578184,46.094675],[10.578224,46.094721]]},"properties":{"id":"ff43aaf1-6478-4455-972c-00aec4d064b6","cls":"path","osm":["w230248043@13"],"conn":[["2d1e400a-2d48-421c-985b-16271a2d984a",0.0],["ebc1bc82-d0ef-495c-a27c-fb0fd0bd7704",1.0]]}},{"type":"Feature","geometry":{"type":"LineString","coordinates":[[10.489191,46.061712],[10.48886,46.061568],[10.488753,46.06157],[10.488577,46.061521],[10.488445,46.06147],[10.488312,46.061416],[10.488247,46.06148],[10.488131,46.061431],[10.488,46.061378],[10.487852,46.06127],[10.487825,46.061388],[10.487721,46.061351],[10.48773,46.061419],[10.487622,46.061401],[10.487685,46.061477],[10.487618,46.061488],[10.487516,46.061485],[10.487415,46.061537],[10.487244,46.061513],[10.487113,46.06146],[10.486847,46.061541],[10.486645,46.061485],[10.486514,46.061642],[10.48628,46.061576],[10.486284,46.061741],[10.485919,46.061645],[10.485955,46.062013],[10.48568,46.061926],[10.485644,46.06217],[10.48528,46.062073],[10.485288,46.062451],[10.484937,46.062357],[10.484892,46.062717],[10.484512,46.062671],[10.484219,46.063086],[10.483805,46.063122],[10.483652,46.063458],[10.483474,46.063688],[10.483165,46.064141],[10.482727,46.064295],[10.482345,46.064416],[10.482231,46.064753],[10.481531,46.064802],[10.48141,46.064886],[10.481097,46.065093],[10.480989,46.065292],[10.480817,46.06554],[10.480639,46.065641],[10.48051,46.065742],[10.480407,46.065784],[10.480229,46.06579],[10.48003,46.065811],[10.479904,46.065889],[10.479783,46.065993],[10.479377,46.066196],[10.478958,46.066425],[10.478724,46.066578],[10.478534,46.066764],[10.478323,46.06684],[10.478066,46.066981],[10.477885,46.067064],[10.477642,46.067211],[10.47739,46.067324],[10.477083,46.067389],[10.476894,46.067405],[10.476741,46.067455],[10.476579,46.067483],[10.476328,46.067504],[10.476042,46.067566],[10.47587,46.067636],[10.475749,46.067756],[10.475615,46.067848],[10.475545,46.067963],[10.475487,46.068074],[10.475411,46.068264],[10.475328,46.068374],[10.475175,46.06848],[10.47501,46.0686],[10.475022,46.068808],[10.475092,46.068914],[10.475201,46.069086]]},"properties":{"id":"ff674912-8533-4a12-bbc7-e18f5dc3f184","cls":"path","osm":["w294972629@3"],"conn":[["306ae15c-8eb9-426b-8ddd-03b620e0e1e4",0.0],["c92ab91e-8e2d-4f14-ad71-fc700d033a84",0.644903],["fb91fe4e-b356-47b5-a520-534bddbe3598",1.0]]}},{"type":"Feature","geometry":{"type":"LineString","coordinates":[[10.491552,46.060987],[10.491933,46.061039],[10.492112,46.061019],[10.49247,46.061093],[10.492561,46.061078],[10.492681,46.061029],[10.492793,46.060981],[10.493213,46.060985],[10.493467,46.061021],[10.493579,46.061087],[10.493584,46.061154],[10.493625,46.061131],[10.493756,46.061168],[10.493807,46.061171],[10.493912,46.06122],[10.494119,46.061259],[10.494252,46.061399],[10.494427,46.061429],[10.494523,46.061466],[10.494716,46.06145],[10.49495,46.06155],[10.494969,46.061577],[10.494992,46.061576],[10.494985,46.061595],[10.495226,46.061724],[10.495246,46.061793],[10.495313,46.061818],[10.495492,46.061729],[10.496013,46.061877],[10.496057,46.061848],[10.496195,46.061861],[10.496291,46.061904],[10.496372,46.061904],[10.496388,46.061923],[10.496516,46.061923],[10.496662,46.061978],[10.496815,46.062009],[10.496897,46.06204],[10.496892,46.062136],[10.496977,46.062241],[10.49711,46.062313],[10.497273,46.062433],[10.497436,46.0625],[10.497534,46.062534],[10.497655,46.062545],[10.497892,46.062559],[10.497879,46.062593],[10.497949,46.062635],[10.498028,46.062644],[10.498112,46.062693],[10.498188,46.062736],[10.498209,46.062769],[10.49829,46.062808],[10.498382,46.062884],[10.498424,46.062883],[10.498437,46.062922],[10.498465,46.062941],[10.498455,46.062986],[10.498532,46.063026],[10.498583,46.063053],[10.49867,46.063147],[10.498816,46.063187],[10.499006,46.063178],[10.499208,46.06313],[10.499288,46.063063],[10.4994,46.063038],[10.499419,46.06298],[10.499621,46.062841],[10.499823,46.062824],[10.499888,46.062861],[10.500027,46.062897],[10.500134,46.062886],[10.500163,46.062852],[10.500236,46.062835],[10.500409,46.062693],[10.500399,46.062592],[10.500466,46.062489],[10.500487,46.062421],[10.500523,46.062344],[10.500644,46.06225],[10.500716,46.062023],[10.500846,46.06187],[10.501094,46.061636],[10.501333,46.061474],[10.501432,46.061377]]},"properties":{"id":"ff74a15b-d1e8-44eb-8222-a3603c4601cc","cls":"path","osm":["w717852008@4"],"conn":[["a9d90cf8-dc38-4da4-8562-d53ea6ff3889",0.0],["7392affb-e59c-4f77-8d57-5bb0d9289c26",1.0]]}}]}